id_reclamacao,id_data,id_operadora,id_uf,id_tipo,status,sigla_servico,qtd
1,401,1,25,9,Pendente,SCM,1
2,602,2,25,7,Respondida,SCM,1
3,298,3,17,4,Pendente,SCM,1
4,329,4,25,34,Em Análise,SCM,1
5,487,4,5,2,Pendente,SCM,1
6,628,1,9,2,Respondida,SCM,1
7,281,4,14,35,Pendente,SCM,1
8,428,1,5,4,Respondida,SCM,1
9,557,5,25,7,Respondida,SCM,1
10,609,1,25,2,Respondida,SCM,1
11,258,4,19,35,Em Análise,SCM,1
12,114,4,20,4,Respondida,SCM,1
13,711,4,6,35,Em Análise,SCM,1
14,343,4,19,4,Pendente,SCM,1
15,179,4,20,4,Em Análise,SCM,1
16,387,5,24,35,Respondida,SCM,1
17,482,4,21,2,Respondida,SCM,1
18,198,1,20,4,Respondida,SCM,1
19,532,2,4,11,Respondida,SCM,1
20,700,1,25,7,Respondida,SCM,1
21,461,5,19,4,Respondida,SCM,1
22,669,5,25,12,Em Análise,SCM,1
23,405,4,6,4,Respondida,SCM,1
24,56,1,22,4,Respondida,SCM,1
25,295,4,14,7,Respondida,SCM,1
26,279,5,25,35,Pendente,SCM,1
27,386,1,6,6,Respondida,SCM,1
28,469,2,21,35,Respondida,SCM,1
29,48,4,10,4,Respondida,SCM,1
30,71,4,10,9,Respondida,SCM,1
31,397,1,19,9,Respondida,SCM,1
32,434,5,23,4,Respondida,SCM,1
33,287,4,5,7,Em Análise,SCM,1
34,462,2,4,3,Respondida,SCM,1
35,680,4,16,4,Pendente,SCM,1
36,689,2,13,16,Respondida,SCM,1
37,667,1,25,9,Respondida,SCM,1
38,463,5,19,4,Respondida,SCM,1
39,137,6,5,35,Respondida,SCM,1
40,212,5,17,9,Pendente,SCM,1
41,632,4,14,34,Respondida,SCM,1
42,564,1,19,7,Respondida,SCM,1
43,435,4,13,4,Respondida,SCM,1
44,285,1,1,4,Em Análise,SCM,1
45,577,4,13,9,Respondida,SCM,1
46,35,2,11,9,Respondida,SCM,1
47,344,4,25,35,Pendente,SCM,1
48,337,1,27,7,Respondida,SCM,1
49,490,4,17,12,Respondida,SCM,1
50,80,5,25,35,Respondida,SCM,1
51,431,1,14,18,Respondida,SCM,1
52,503,5,19,12,Respondida,SCM,1
53,664,2,24,4,Respondida,SCM,1
54,99,1,18,35,Respondida,SCM,1
55,226,5,5,35,Respondida,SCM,1
56,72,5,25,35,Respondida,SCM,1
57,157,1,4,2,Pendente,SCM,1
58,588,1,25,9,Respondida,SCM,1
59,597,5,4,12,Respondida,SCM,1
60,175,4,5,35,Respondida,SCM,1
61,114,2,16,2,Respondida,SCM,1
62,386,1,13,9,Respondida,SCM,1
63,89,2,13,18,Respondida,SCM,1
64,436,5,19,4,Pendente,SCM,1
65,112,4,25,2,Respondida,SCM,1
66,597,1,17,35,Respondida,SCM,1
67,115,1,21,12,Respondida,SCM,1
68,39,4,1,4,Respondida,SCM,1
69,124,4,25,4,Respondida,SCM,1
70,663,4,9,35,Respondida,SCM,1
71,116,1,16,3,Respondida,SCM,1
72,63,3,21,4,Respondida,SCM,1
73,521,5,20,35,Respondida,SCM,1
74,339,3,13,12,Respondida,SCM,1
75,400,4,10,35,Respondida,SCM,1
76,139,4,10,9,Pendente,SCM,1
77,197,5,11,2,Respondida,SCM,1
78,442,4,4,4,Em Análise,SCM,1
79,338,1,16,35,Respondida,SCM,1
80,682,4,21,4,Respondida,SCM,1
81,615,4,16,4,Respondida,SCM,1
82,195,1,11,2,Respondida,SCM,1
83,690,4,24,34,Respondida,SCM,1
84,291,1,25,35,Respondida,SCM,1
85,280,5,14,7,Pendente,SCM,1
86,447,5,25,35,Respondida,SCM,1
87,96,4,19,9,Respondida,SCM,1
88,389,2,2,4,Em Análise,SCM,1
89,380,1,16,35,Respondida,SCM,1
90,465,5,25,4,Respondida,SCM,1
91,531,4,5,4,Pendente,SCM,1
92,626,4,22,7,Respondida,SCM,1
93,582,4,15,4,Respondida,SCM,1
94,534,2,26,35,Em Análise,SCM,1
95,455,2,21,2,Respondida,SCM,1
96,247,1,6,35,Pendente,SCM,1
97,442,1,5,12,Respondida,SCM,1
98,161,5,19,4,Respondida,SCM,1
99,656,4,25,35,Respondida,SCM,1
100,402,4,19,9,Respondida,SCM,1
101,631,4,17,35,Pendente,SCM,1
102,457,2,13,7,Respondida,SCM,1
103,157,5,10,35,Respondida,SCM,1
104,540,5,19,2,Respondida,SCM,1
105,1,2,13,34,Respondida,SCM,1
106,630,4,6,9,Respondida,SCM,1
107,11,1,27,9,Respondida,SCM,1
108,158,4,7,9,Pendente,SCM,1
109,77,4,25,4,Respondida,SCM,1
110,687,5,5,35,Pendente,SCM,1
111,155,3,13,7,Pendente,SCM,1
112,302,1,24,2,Respondida,SCM,1
113,496,1,24,35,Respondida,SCM,1
114,188,5,19,35,Respondida,SCM,1
115,65,4,5,35,Respondida,SCM,1
116,349,1,5,35,Pendente,SCM,1
117,703,1,4,35,Respondida,SCM,1
118,40,4,17,35,Respondida,SCM,1
119,458,2,16,35,Pendente,SCM,1
120,68,2,25,29,Respondida,SCM,1
121,46,5,19,35,Respondida,SCM,1
122,65,1,16,35,Respondida,SCM,1
123,19,4,19,2,Respondida,SCM,1
124,231,2,7,4,Respondida,SCM,1
125,160,1,13,2,Respondida,SCM,1
126,573,1,22,2,Em Análise,SCM,1
127,462,6,5,35,Em Análise,SCM,1
128,448,2,11,9,Respondida,SCM,1
129,405,5,4,35,Em Análise,SCM,1
130,531,5,10,9,Respondida,SCM,1
131,205,2,17,4,Respondida,SCM,1
132,73,4,19,4,Respondida,SCM,1
133,589,1,12,9,Respondida,SCM,1
134,193,4,21,4,Respondida,SCM,1
135,543,1,21,2,Respondida,SCM,1
136,175,5,25,4,Respondida,SCM,1
137,369,5,14,35,Pendente,SCM,1
138,423,5,25,35,Respondida,SCM,1
139,192,1,13,9,Respondida,SCM,1
140,291,1,16,9,Respondida,SCM,1
141,571,4,27,35,Respondida,SCM,1
142,558,4,3,35,Respondida,SCM,1
143,203,4,24,35,Respondida,SCM,1
144,333,4,5,29,Respondida,SCM,1
145,532,6,25,7,Pendente,SCM,1
146,175,5,5,9,Pendente,SCM,1
147,340,4,21,4,Pendente,SCM,1
148,4,4,24,35,Respondida,SCM,1
149,556,1,18,35,Pendente,SCM,1
150,641,4,19,35,Respondida,SCM,1
151,428,1,25,7,Pendente,SCM,1
152,26,5,23,4,Respondida,SCM,1
153,711,5,13,35,Respondida,SCM,1
154,636,1,6,34,Respondida,SCM,1
155,208,1,5,20,Em Análise,SCM,1
156,96,4,13,35,Pendente,SCM,1
157,651,4,25,2,Respondida,SCM,1
158,577,4,9,35,Respondida,SCM,1
159,118,4,19,2,Respondida,SCM,1
160,235,4,25,35,Respondida,SCM,1
161,346,1,13,4,Em Análise,SCM,1
162,93,1,9,35,Respondida,SCM,1
163,81,4,25,35,Respondida,SCM,1
164,316,4,21,35,Pendente,SCM,1
165,258,4,25,35,Respondida,SCM,1
166,499,2,14,4,Respondida,SCM,1
167,329,2,19,9,Respondida,SCM,1
168,512,5,9,35,Pendente,SCM,1
169,476,4,25,10,Respondida,SCM,1
170,727,1,19,4,Respondida,SCM,1
171,678,4,7,4,Em Análise,SCM,1
172,478,4,25,2,Respondida,SCM,1
173,454,2,5,29,Respondida,SCM,1
174,559,4,22,35,Respondida,SCM,1
175,317,2,25,35,Em Análise,SCM,1
176,332,1,1,35,Respondida,SCM,1
177,36,1,13,9,Respondida,SCM,1
178,44,4,8,35,Respondida,SCM,1
179,235,4,21,4,Respondida,SCM,1
180,641,4,16,35,Respondida,SCM,1
181,345,2,25,35,Respondida,SCM,1
182,74,2,5,9,Pendente,SCM,1
183,590,5,5,12,Pendente,SCM,1
184,245,4,19,9,Respondida,SCM,1
185,152,1,24,12,Respondida,SCM,1
186,105,5,12,7,Respondida,SCM,1
187,482,4,13,2,Pendente,SCM,1
188,570,4,22,7,Respondida,SCM,1
189,558,4,14,2,Respondida,SCM,1
190,470,1,18,12,Respondida,SCM,1
191,558,5,25,4,Respondida,SCM,1
192,463,1,24,35,Respondida,SCM,1
193,597,5,25,7,Pendente,SCM,1
194,116,4,13,2,Em Análise,SCM,1
195,201,1,19,4,Pendente,SCM,1
196,461,4,25,35,Respondida,SCM,1
197,442,2,4,2,Respondida,SCM,1
198,17,2,6,12,Respondida,SCM,1
199,199,1,25,12,Respondida,SCM,1
200,139,1,8,4,Pendente,SCM,1
201,231,5,5,35,Respondida,SCM,1
202,564,4,23,35,Respondida,SCM,1
203,710,5,11,35,Em Análise,SCM,1
204,678,4,19,4,Respondida,SCM,1
205,44,1,5,18,Respondida,SCM,1
206,378,2,24,35,Respondida,SCM,1
207,443,1,17,2,Respondida,SCM,1
208,212,1,19,35,Respondida,SCM,1
209,26,4,25,4,Respondida,SCM,1
210,542,4,25,2,Respondida,SCM,1
211,11,4,21,4,Em Análise,SCM,1
212,318,4,25,4,Respondida,SCM,1
213,623,1,19,12,Respondida,SCM,1
214,45,4,25,7,Respondida,SCM,1
215,456,5,24,4,Em Análise,SCM,1
216,255,5,22,4,Respondida,SCM,1
217,491,4,5,35,Em Análise,SCM,1
218,586,4,19,2,Respondida,SCM,1
219,9,5,21,35,Respondida,SCM,1
220,690,4,20,4,Pendente,SCM,1
221,556,1,25,9,Respondida,SCM,1
222,203,4,19,35,Respondida,SCM,1
223,410,4,25,35,Respondida,SCM,1
224,348,1,25,4,Respondida,SCM,1
225,586,5,13,35,Respondida,SCM,1
226,473,4,17,4,Respondida,SCM,1
227,141,1,21,35,Pendente,SCM,1
228,16,5,14,9,Respondida,SCM,1
229,587,4,6,4,Respondida,SCM,1
230,681,1,6,34,Pendente,SCM,1
231,575,4,10,35,Respondida,SCM,1
232,272,1,25,9,Respondida,SCM,1
233,270,1,15,20,Respondida,SCM,1
234,33,2,16,34,Respondida,SCM,1
235,62,1,16,4,Pendente,SCM,1
236,1,4,7,35,Pendente,SCM,1
237,124,4,19,35,Respondida,SCM,1
238,304,4,13,35,Pendente,SCM,1
239,247,1,2,4,Em Análise,SCM,1
240,247,1,5,35,Pendente,SCM,1
241,472,2,25,9,Pendente,SCM,1
242,222,4,25,35,Respondida,SCM,1
243,191,2,19,9,Em Análise,SCM,1
244,594,5,16,35,Respondida,SCM,1
245,21,5,4,35,Respondida,SCM,1
246,336,1,25,20,Respondida,SCM,1
247,268,1,6,12,Respondida,SCM,1
248,431,1,21,35,Em Análise,SCM,1
249,300,4,16,29,Respondida,SCM,1
250,31,4,25,7,Respondida,SCM,1
251,613,4,16,4,Em Análise,SCM,1
252,268,5,21,35,Respondida,SCM,1
253,1,5,13,35,Respondida,SCM,1
254,194,2,25,35,Em Análise,SCM,1
255,696,1,19,12,Respondida,SCM,1
256,588,5,13,7,Respondida,SCM,1
257,226,4,16,35,Respondida,SCM,1
258,181,4,19,2,Em Análise,SCM,1
259,533,1,25,35,Respondida,SCM,1
260,276,1,6,35,Em Análise,SCM,1
261,704,5,25,20,Em Análise,SCM,1
262,523,5,7,2,Respondida,SCM,1
263,595,1,14,4,Em Análise,SCM,1
264,618,5,10,4,Respondida,SCM,1
265,570,4,13,35,Pendente,SCM,1
266,244,4,5,4,Em Análise,SCM,1
267,391,1,24,9,Em Análise,SCM,1
268,697,4,21,35,Respondida,SCM,1
269,605,1,17,2,Respondida,SCM,1
270,729,5,20,6,Em Análise,SCM,1
271,17,2,16,35,Pendente,SCM,1
272,683,5,16,35,Pendente,SCM,1
273,414,1,8,7,Pendente,SCM,1
274,357,1,14,9,Pendente,SCM,1
275,2,5,14,35,Respondida,SCM,1
276,110,1,9,12,Respondida,SCM,1
277,177,5,24,35,Respondida,SCM,1
278,522,1,24,4,Respondida,SCM,1
279,66,1,17,7,Pendente,SCM,1
280,368,4,23,7,Respondida,SCM,1
281,65,4,25,2,Respondida,SCM,1
282,501,2,16,4,Respondida,SCM,1
283,718,1,5,26,Respondida,SCM,1
284,31,1,10,35,Pendente,SCM,1
285,76,4,17,35,Respondida,SCM,1
286,619,5,25,4,Respondida,SCM,1
287,613,4,19,2,Respondida,SCM,1
288,142,6,15,9,Respondida,SCM,1
289,663,1,5,4,Respondida,SCM,1
290,646,1,9,4,Respondida,SCM,1
291,378,2,25,4,Pendente,SCM,1
292,106,1,11,35,Pendente,SCM,1
293,215,1,26,34,Respondida,SCM,1
294,273,1,8,2,Respondida,SCM,1
295,385,4,25,2,Pendente,SCM,1
296,460,2,19,35,Respondida,SCM,1
297,284,4,13,9,Pendente,SCM,1
298,594,1,20,35,Pendente,SCM,1
299,106,5,19,35,Respondida,SCM,1
300,450,4,14,35,Respondida,SCM,1
301,242,4,16,7,Respondida,SCM,1
302,153,4,25,2,Respondida,SCM,1
303,308,1,16,35,Respondida,SCM,1
304,452,5,18,4,Em Análise,SCM,1
305,425,1,10,2,Respondida,SCM,1
306,144,1,12,7,Respondida,SCM,1
307,545,4,25,2,Respondida,SCM,1
308,629,3,18,35,Pendente,SCM,1
309,153,4,9,9,Respondida,SCM,1
310,41,5,25,4,Respondida,SCM,1
311,607,1,25,4,Respondida,SCM,1
312,238,4,19,9,Respondida,SCM,1
313,401,4,13,35,Em Análise,SCM,1
314,601,4,16,2,Respondida,SCM,1
315,237,1,25,4,Respondida,SCM,1
316,728,4,9,4,Em Análise,SCM,1
317,363,5,6,35,Pendente,SCM,1
318,53,4,10,9,Respondida,SCM,1
319,317,1,22,35,Respondida,SCM,1
320,12,4,6,4,Respondida,SCM,1
321,547,5,25,35,Respondida,SCM,1
322,67,4,14,4,Respondida,SCM,1
323,44,4,13,4,Respondida,SCM,1
324,617,4,21,4,Respondida,SCM,1
325,614,1,13,4,Respondida,SCM,1
326,70,5,19,9,Respondida,SCM,1
327,384,1,19,9,Em Análise,SCM,1
328,470,5,19,35,Respondida,SCM,1
329,304,4,25,4,Respondida,SCM,1
330,61,2,13,9,Respondida,SCM,1
331,354,4,5,2,Em Análise,SCM,1
332,3,1,5,7,Respondida,SCM,1
333,715,5,13,35,Respondida,SCM,1
334,439,4,6,35,Pendente,SCM,1
335,681,1,17,4,Respondida,SCM,1
336,386,4,19,4,Respondida,SCM,1
337,188,4,13,35,Respondida,SCM,1
338,531,5,27,9,Respondida,SCM,1
339,128,4,15,7,Respondida,SCM,1
340,305,1,14,2,Respondida,SCM,1
341,714,4,16,9,Pendente,SCM,1
342,384,1,25,29,Em Análise,SCM,1
343,464,4,13,9,Respondida,SCM,1
344,486,4,9,35,Respondida,SCM,1
345,533,1,25,4,Pendente,SCM,1
346,238,1,5,35,Respondida,SCM,1
347,480,4,19,2,Pendente,SCM,1
348,511,2,25,2,Respondida,SCM,1
349,100,4,19,9,Respondida,SCM,1
350,715,2,16,4,Respondida,SCM,1
351,538,4,17,4,Respondida,SCM,1
352,661,4,16,12,Em Análise,SCM,1
353,161,4,18,9,Em Análise,SCM,1
354,279,4,4,35,Respondida,SCM,1
355,424,2,25,35,Pendente,SCM,1
356,701,4,13,4,Respondida,SCM,1
357,605,6,8,4,Respondida,SCM,1
358,696,1,18,35,Respondida,SCM,1
359,653,5,25,2,Em Análise,SCM,1
360,296,4,25,35,Respondida,SCM,1
361,576,5,5,9,Respondida,SCM,1
362,283,4,6,4,Respondida,SCM,1
363,616,1,6,9,Respondida,SCM,1
364,554,1,25,4,Respondida,SCM,1
365,412,1,8,35,Respondida,SCM,1
366,716,4,23,9,Pendente,SCM,1
367,344,1,13,9,Respondida,SCM,1
368,326,4,25,9,Respondida,SCM,1
369,14,4,7,4,Respondida,SCM,1
370,552,1,19,26,Respondida,SCM,1
371,351,5,19,35,Respondida,SCM,1
372,369,4,19,7,Respondida,SCM,1
373,511,1,17,35,Respondida,SCM,1
374,668,4,21,29,Respondida,SCM,1
375,650,4,14,9,Respondida,SCM,1
376,446,4,25,35,Pendente,SCM,1
377,508,1,13,9,Respondida,SCM,1
378,134,1,19,4,Pendente,SCM,1
379,370,4,25,7,Respondida,SCM,1
380,595,1,16,2,Respondida,SCM,1
381,546,1,5,29,Respondida,SCM,1
382,729,1,13,4,Pendente,SCM,1
383,111,1,15,12,Respondida,SCM,1
384,461,1,9,9,Em Análise,SCM,1
385,669,4,25,4,Respondida,SCM,1
386,368,4,21,34,Respondida,SCM,1
387,583,1,17,35,Respondida,SCM,1
388,326,2,13,35,Respondida,SCM,1
389,376,4,15,4,Pendente,SCM,1
390,628,4,19,9,Respondida,SCM,1
391,548,4,24,2,Respondida,SCM,1
392,717,5,5,2,Respondida,SCM,1
393,441,1,17,9,Respondida,SCM,1
394,377,4,18,9,Pendente,SCM,1
395,592,1,25,22,Em Análise,SCM,1
396,439,4,7,7,Respondida,SCM,1
397,696,4,16,2,Respondida,SCM,1
398,438,1,10,4,Pendente,SCM,1
399,119,2,21,9,Respondida,SCM,1
400,369,1,17,35,Respondida,SCM,1
401,461,5,18,7,Respondida,SCM,1
402,14,4,5,9,Respondida,SCM,1
403,392,5,13,35,Respondida,SCM,1
404,544,4,10,35,Respondida,SCM,1
405,575,4,25,35,Respondida,SCM,1
406,334,4,20,35,Respondida,SCM,1
407,218,5,13,4,Respondida,SCM,1
408,331,4,5,2,Em Análise,SCM,1
409,668,1,17,35,Respondida,SCM,1
410,18,2,12,35,Respondida,SCM,1
411,552,1,25,4,Respondida,SCM,1
412,117,1,10,29,Respondida,SCM,1
413,285,1,4,9,Respondida,SCM,1
414,82,5,25,35,Respondida,SCM,1
415,100,3,21,35,Respondida,SCM,1
416,72,4,3,35,Respondida,SCM,1
417,729,1,17,35,Em Análise,SCM,1
418,449,1,26,20,Pendente,SCM,1
419,627,4,5,2,Respondida,SCM,1
420,685,4,7,26,Pendente,SCM,1
421,459,4,21,35,Pendente,SCM,1
422,241,1,12,9,Respondida,SCM,1
423,533,4,13,4,Em Análise,SCM,1
424,501,2,4,4,Respondida,SCM,1
425,396,1,19,35,Respondida,SCM,1
426,173,1,16,35,Respondida,SCM,1
427,513,4,5,12,Respondida,SCM,1
428,240,1,5,35,Respondida,SCM,1
429,374,4,18,35,Respondida,SCM,1
430,727,2,4,26,Respondida,SCM,1
431,286,1,19,35,Pendente,SCM,1
432,161,4,7,4,Respondida,SCM,1
433,531,4,25,35,Respondida,SCM,1
434,369,2,25,35,Pendente,SCM,1
435,705,1,26,4,Respondida,SCM,1
436,678,4,16,6,Respondida,SCM,1
437,348,4,6,7,Respondida,SCM,1
438,419,1,13,4,Respondida,SCM,1
439,63,1,14,35,Respondida,SCM,1
440,182,1,5,4,Respondida,SCM,1
441,16,2,19,4,Respondida,SCM,1
442,718,4,25,9,Respondida,SCM,1
443,207,4,19,35,Em Análise,SCM,1
444,628,5,19,4,Pendente,SCM,1
445,76,4,13,9,Respondida,SCM,1
446,69,4,13,4,Respondida,SCM,1
447,458,2,26,9,Respondida,SCM,1
448,102,4,19,9,Respondida,SCM,1
449,604,4,25,4,Respondida,SCM,1
450,444,5,25,35,Respondida,SCM,1
451,249,6,7,35,Respondida,SCM,1
452,653,6,17,9,Respondida,SCM,1
453,331,5,7,4,Respondida,SCM,1
454,677,2,13,35,Respondida,SCM,1
455,94,2,24,29,Respondida,SCM,1
456,430,4,13,7,Respondida,SCM,1
457,658,5,17,4,Respondida,SCM,1
458,275,5,25,35,Respondida,SCM,1
459,660,4,25,9,Respondida,SCM,1
460,503,5,19,35,Respondida,SCM,1
461,643,1,14,2,Respondida,SCM,1
462,243,1,16,6,Pendente,SCM,1
463,72,1,4,4,Em Análise,SCM,1
464,301,4,5,2,Respondida,SCM,1
465,678,4,10,3,Respondida,SCM,1
466,598,1,5,9,Respondida,SCM,1
467,256,4,25,4,Respondida,SCM,1
468,682,4,5,20,Respondida,SCM,1
469,397,4,4,9,Respondida,SCM,1
470,517,4,25,7,Respondida,SCM,1
471,403,4,14,26,Respondida,SCM,1
472,364,5,25,4,Respondida,SCM,1
473,11,4,23,12,Respondida,SCM,1
474,478,4,25,2,Respondida,SCM,1
475,398,4,9,35,Respondida,SCM,1
476,475,4,25,35,Respondida,SCM,1
477,195,4,13,35,Respondida,SCM,1
478,353,2,25,9,Respondida,SCM,1
479,190,4,17,12,Respondida,SCM,1
480,152,4,13,35,Respondida,SCM,1
481,580,1,23,35,Respondida,SCM,1
482,605,4,25,35,Respondida,SCM,1
483,214,4,13,35,Pendente,SCM,1
484,116,4,14,34,Respondida,SCM,1
485,647,4,25,35,Em Análise,SCM,1
486,579,4,5,35,Pendente,SCM,1
487,478,1,4,2,Respondida,SCM,1
488,161,1,19,35,Respondida,SCM,1
489,612,4,19,4,Respondida,SCM,1
490,551,2,2,29,Em Análise,SCM,1
491,312,4,25,4,Respondida,SCM,1
492,351,1,25,35,Respondida,SCM,1
493,544,1,25,4,Respondida,SCM,1
494,51,1,25,35,Respondida,SCM,1
495,730,4,21,7,Respondida,SCM,1
496,375,4,5,34,Respondida,SCM,1
497,652,4,14,4,Pendente,SCM,1
498,242,1,13,35,Respondida,SCM,1
499,400,4,25,18,Respondida,SCM,1
500,606,1,15,9,Respondida,SCM,1
501,616,5,14,7,Pendente,SCM,1
502,138,4,14,35,Pendente,SCM,1
503,108,5,17,2,Respondida,SCM,1
504,100,4,25,35,Respondida,SCM,1
505,137,5,10,35,Respondida,SCM,1
506,410,1,25,4,Respondida,SCM,1
507,76,4,25,4,Respondida,SCM,1
508,337,4,19,35,Respondida,SCM,1
509,494,4,19,35,Respondida,SCM,1
510,189,5,25,7,Respondida,SCM,1
511,517,4,22,2,Respondida,SCM,1
512,132,4,25,4,Respondida,SCM,1
513,400,4,19,35,Pendente,SCM,1
514,440,5,24,35,Respondida,SCM,1
515,216,4,25,4,Respondida,SCM,1
516,649,4,25,4,Respondida,SCM,1
517,251,1,15,4,Respondida,SCM,1
518,429,3,24,4,Respondida,SCM,1
519,540,1,5,35,Pendente,SCM,1
520,240,4,5,35,Respondida,SCM,1
521,643,4,5,35,Pendente,SCM,1
522,274,1,25,35,Respondida,SCM,1
523,594,4,6,29,Pendente,SCM,1
524,620,4,15,9,Respondida,SCM,1
525,520,2,11,35,Pendente,SCM,1
526,78,2,6,2,Respondida,SCM,1
527,154,3,11,2,Em Análise,SCM,1
528,391,1,10,2,Respondida,SCM,1
529,61,1,25,9,Pendente,SCM,1
530,392,1,5,35,Pendente,SCM,1
531,692,1,13,35,Respondida,SCM,1
532,474,4,5,9,Em Análise,SCM,1
533,464,4,15,4,Respondida,SCM,1
534,361,1,25,2,Respondida,SCM,1
535,152,5,23,9,Em Análise,SCM,1
536,407,4,5,26,Respondida,SCM,1
537,4,4,25,7,Pendente,SCM,1
538,513,4,25,9,Respondida,SCM,1
539,534,1,16,2,Em Análise,SCM,1
540,721,2,5,4,Respondida,SCM,1
541,418,4,19,29,Pendente,SCM,1
542,428,5,3,35,Respondida,SCM,1
543,576,2,21,2,Respondida,SCM,1
544,202,4,8,4,Respondida,SCM,1
545,700,5,18,4,Pendente,SCM,1
546,294,4,25,4,Respondida,SCM,1
547,478,5,6,2,Respondida,SCM,1
548,451,5,5,35,Respondida,SCM,1
549,193,1,14,2,Em Análise,SCM,1
550,452,5,11,35,Pendente,SCM,1
551,649,1,13,35,Respondida,SCM,1
552,508,2,4,4,Respondida,SCM,1
553,245,1,10,2,Respondida,SCM,1
554,471,1,16,35,Em Análise,SCM,1
555,326,1,7,4,Respondida,SCM,1
556,543,5,5,35,Respondida,SCM,1
557,546,1,5,2,Pendente,SCM,1
558,700,1,19,35,Pendente,SCM,1
559,470,5,25,35,Respondida,SCM,1
560,219,5,27,9,Pendente,SCM,1
561,565,4,25,35,Pendente,SCM,1
562,698,4,25,29,Em Análise,SCM,1
563,522,5,6,4,Em Análise,SCM,1
564,380,4,11,35,Respondida,SCM,1
565,711,4,16,9,Em Análise,SCM,1
566,37,4,2,4,Pendente,SCM,1
567,172,4,19,35,Respondida,SCM,1
568,669,4,13,4,Respondida,SCM,1
569,649,4,13,35,Pendente,SCM,1
570,388,4,16,2,Respondida,SCM,1
571,462,1,16,35,Respondida,SCM,1
572,605,4,21,35,Respondida,SCM,1
573,269,1,25,7,Pendente,SCM,1
574,290,1,11,4,Respondida,SCM,1
575,5,2,25,35,Respondida,SCM,1
576,226,4,26,9,Respondida,SCM,1
577,187,4,25,7,Respondida,SCM,1
578,708,5,16,9,Respondida,SCM,1
579,32,4,14,35,Respondida,SCM,1
580,81,2,24,2,Respondida,SCM,1
581,528,4,13,20,Respondida,SCM,1
582,247,4,8,4,Respondida,SCM,1
583,623,4,7,12,Respondida,SCM,1
584,258,4,12,4,Respondida,SCM,1
585,596,5,25,4,Respondida,SCM,1
586,608,1,13,26,Respondida,SCM,1
587,626,5,14,2,Respondida,SCM,1
588,180,2,13,4,Pendente,SCM,1
589,173,4,25,6,Em Análise,SCM,1
590,7,4,14,35,Respondida,SCM,1
591,430,6,9,2,Respondida,SCM,1
592,663,4,25,2,Respondida,SCM,1
593,127,4,2,35,Respondida,SCM,1
594,696,2,19,35,Pendente,SCM,1
595,700,4,20,29,Respondida,SCM,1
596,634,1,9,12,Respondida,SCM,1
597,594,5,21,35,Em Análise,SCM,1
598,393,4,25,10,Respondida,SCM,1
599,554,5,21,9,Pendente,SCM,1
600,292,4,25,35,Respondida,SCM,1
601,540,4,23,35,Pendente,SCM,1
602,339,1,13,35,Respondida,SCM,1
603,593,1,8,12,Respondida,SCM,1
604,81,5,5,4,Respondida,SCM,1
605,294,4,9,4,Respondida,SCM,1
606,721,5,17,7,Pendente,SCM,1
607,121,4,11,16,Respondida,SCM,1
608,362,1,25,35,Respondida,SCM,1
609,130,4,25,2,Respondida,SCM,1
610,166,4,24,4,Respondida,SCM,1
611,26,5,13,20,Pendente,SCM,1
612,83,1,7,9,Respondida,SCM,1
613,561,1,5,12,Respondida,SCM,1
614,220,1,8,35,Respondida,SCM,1
615,255,4,5,9,Pendente,SCM,1
616,508,2,16,2,Respondida,SCM,1
617,598,1,13,9,Respondida,SCM,1
618,46,1,21,7,Respondida,SCM,1
619,81,4,21,35,Em Análise,SCM,1
620,687,5,19,4,Respondida,SCM,1
621,377,4,19,7,Em Análise,SCM,1
622,629,1,19,35,Respondida,SCM,1
623,517,4,13,12,Respondida,SCM,1
624,297,5,13,35,Respondida,SCM,1
625,464,5,25,35,Respondida,SCM,1
626,532,5,9,35,Respondida,SCM,1
627,106,4,19,12,Em Análise,SCM,1
628,478,2,18,35,Respondida,SCM,1
629,60,5,19,2,Respondida,SCM,1
630,729,4,21,29,Respondida,SCM,1
631,380,5,19,2,Em Análise,SCM,1
632,639,5,5,35,Pendente,SCM,1
633,682,2,1,4,Respondida,SCM,1
634,640,4,4,9,Respondida,SCM,1
635,163,4,5,7,Respondida,SCM,1
636,346,1,18,35,Em Análise,SCM,1
637,73,2,21,4,Respondida,SCM,1
638,533,1,20,35,Respondida,SCM,1
639,104,5,25,35,Respondida,SCM,1
640,728,4,4,7,Respondida,SCM,1
641,509,1,5,17,Respondida,SCM,1
642,574,5,23,7,Respondida,SCM,1
643,701,5,17,4,Respondida,SCM,1
644,141,2,25,4,Respondida,SCM,1
645,662,1,25,35,Em Análise,SCM,1
646,29,4,25,35,Respondida,SCM,1
647,660,4,13,2,Pendente,SCM,1
648,637,4,7,9,Respondida,SCM,1
649,130,4,5,35,Respondida,SCM,1
650,226,4,24,35,Respondida,SCM,1
651,701,5,12,35,Respondida,SCM,1
652,280,4,17,4,Respondida,SCM,1
653,100,1,12,7,Respondida,SCM,1
654,511,5,9,35,Respondida,SCM,1
655,602,2,25,35,Respondida,SCM,1
656,560,5,25,12,Respondida,SCM,1
657,59,1,19,35,Respondida,SCM,1
658,550,2,6,9,Respondida,SCM,1
659,498,4,5,4,Pendente,SCM,1
660,713,5,25,12,Em Análise,SCM,1
661,541,4,13,4,Respondida,SCM,1
662,328,1,25,4,Respondida,SCM,1
663,17,3,25,4,Respondida,SCM,1
664,669,5,25,9,Respondida,SCM,1
665,428,5,25,34,Respondida,SCM,1
666,236,4,6,35,Pendente,SCM,1
667,204,5,16,4,Respondida,SCM,1
668,210,4,19,9,Respondida,SCM,1
669,668,6,13,35,Respondida,SCM,1
670,251,5,19,4,Respondida,SCM,1
671,92,5,25,7,Respondida,SCM,1
672,429,5,16,4,Respondida,SCM,1
673,404,1,5,35,Em Análise,SCM,1
674,558,5,16,4,Respondida,SCM,1
675,655,4,19,35,Respondida,SCM,1
676,267,1,22,9,Em Análise,SCM,1
677,291,5,5,12,Pendente,SCM,1
678,326,4,19,9,Pendente,SCM,1
679,3,2,17,2,Respondida,SCM,1
680,727,4,14,34,Respondida,SCM,1
681,322,4,11,2,Pendente,SCM,1
682,587,2,16,35,Respondida,SCM,1
683,34,5,17,9,Pendente,SCM,1
684,470,1,13,4,Respondida,SCM,1
685,538,4,19,35,Respondida,SCM,1
686,452,3,14,35,Respondida,SCM,1
687,373,4,18,35,Pendente,SCM,1
688,157,4,19,35,Pendente,SCM,1
689,3,5,14,35,Pendente,SCM,1
690,188,4,19,35,Respondida,SCM,1
691,134,1,22,35,Pendente,SCM,1
692,451,1,9,35,Pendente,SCM,1
693,187,4,14,24,Respondida,SCM,1
694,516,5,25,35,Pendente,SCM,1
695,156,1,25,29,Pendente,SCM,1
696,272,1,5,35,Em Análise,SCM,1
697,298,2,7,35,Respondida,SCM,1
698,684,1,6,35,Respondida,SCM,1
699,278,4,12,7,Respondida,SCM,1
700,11,2,17,35,Respondida,SCM,1
701,318,1,11,29,Respondida,SCM,1
702,73,4,5,35,Pendente,SCM,1
703,204,4,13,9,Respondida,SCM,1
704,307,1,5,12,Respondida,SCM,1
705,134,2,15,2,Respondida,SCM,1
706,472,4,19,9,Pendente,SCM,1
707,27,4,10,35,Respondida,SCM,1
708,638,1,25,2,Em Análise,SCM,1
709,574,5,7,34,Respondida,SCM,1
710,625,5,26,2,Respondida,SCM,1
711,581,4,19,9,Pendente,SCM,1
712,470,1,25,4,Respondida,SCM,1
713,414,4,5,34,Respondida,SCM,1
714,38,4,25,9,Respondida,SCM,1
715,315,4,10,4,Respondida,SCM,1
716,466,5,11,8,Respondida,SCM,1
717,506,2,13,29,Respondida,SCM,1
718,365,4,18,7,Respondida,SCM,1
719,314,1,13,35,Respondida,SCM,1
720,562,1,19,35,Respondida,SCM,1
721,693,1,25,9,Pendente,SCM,1
722,125,5,25,9,Em Análise,SCM,1
723,657,4,16,9,Em Análise,SCM,1
724,239,4,16,9,Respondida,SCM,1
725,536,1,13,4,Respondida,SCM,1
726,68,5,11,12,Respondida,SCM,1
727,283,4,2,35,Respondida,SCM,1
728,60,4,14,4,Respondida,SCM,1
729,332,5,19,35,Respondida,SCM,1
730,429,1,19,12,Respondida,SCM,1
731,194,5,5,9,Respondida,SCM,1
732,51,4,25,7,Respondida,SCM,1
733,13,4,14,9,Respondida,SCM,1
734,99,4,27,4,Respondida,SCM,1
735,642,1,25,22,Respondida,SCM,1
736,665,4,12,34,Respondida,SCM,1
737,634,4,9,35,Em Análise,SCM,1
738,411,4,7,6,Respondida,SCM,1
739,9,4,25,35,Pendente,SCM,1
740,696,2,8,35,Respondida,SCM,1
741,235,1,16,4,Respondida,SCM,1
742,343,4,25,10,Respondida,SCM,1
743,656,1,21,24,Pendente,SCM,1
744,127,1,21,35,Em Análise,SCM,1
745,506,4,19,9,Em Análise,SCM,1
746,144,1,20,2,Respondida,SCM,1
747,309,1,5,35,Respondida,SCM,1
748,165,4,25,9,Respondida,SCM,1
749,592,2,12,2,Pendente,SCM,1
750,727,4,25,2,Em Análise,SCM,1
751,478,1,19,12,Respondida,SCM,1
752,697,4,6,35,Respondida,SCM,1
753,229,4,16,29,Em Análise,SCM,1
754,424,1,19,9,Respondida,SCM,1
755,396,4,2,35,Respondida,SCM,1
756,571,4,5,9,Em Análise,SCM,1
757,655,4,25,35,Respondida,SCM,1
758,590,4,15,20,Respondida,SCM,1
759,314,6,13,35,Respondida,SCM,1
760,336,5,8,35,Respondida,SCM,1
761,460,5,5,4,Pendente,SCM,1
762,401,4,19,7,Respondida,SCM,1
763,213,4,25,35,Respondida,SCM,1
764,538,1,20,4,Respondida,SCM,1
765,57,4,19,4,Pendente,SCM,1
766,573,1,25,16,Respondida,SCM,1
767,331,4,6,35,Respondida,SCM,1
768,314,4,14,35,Respondida,SCM,1
769,550,1,19,2,Pendente,SCM,1
770,70,4,12,7,Respondida,SCM,1
771,228,4,16,35,Respondida,SCM,1
772,570,2,13,35,Pendente,SCM,1
773,716,4,12,35,Respondida,SCM,1
774,226,1,25,35,Em Análise,SCM,1
775,604,4,25,9,Pendente,SCM,1
776,258,4,25,35,Respondida,SCM,1
777,502,1,25,35,Respondida,SCM,1
778,432,4,10,34,Em Análise,SCM,1
779,156,4,13,4,Respondida,SCM,1
780,92,4,25,35,Respondida,SCM,1
781,242,1,24,12,Respondida,SCM,1
782,63,1,7,2,Respondida,SCM,1
783,147,5,25,4,Respondida,SCM,1
784,291,5,13,29,Respondida,SCM,1
785,83,4,8,4,Respondida,SCM,1
786,185,5,25,35,Respondida,SCM,1
787,565,4,13,4,Respondida,SCM,1
788,581,4,1,2,Pendente,SCM,1
789,673,6,5,2,Respondida,SCM,1
790,600,4,25,35,Respondida,SCM,1
791,623,1,24,4,Respondida,SCM,1
792,691,1,27,35,Respondida,SCM,1
793,397,4,5,4,Respondida,SCM,1
794,56,2,25,4,Pendente,SCM,1
795,468,4,17,35,Respondida,SCM,1
796,605,5,19,35,Respondida,SCM,1
797,264,4,18,2,Respondida,SCM,1
798,111,5,25,7,Respondida,SCM,1
799,430,3,19,7,Em Análise,SCM,1
800,697,1,19,4,Respondida,SCM,1
801,79,1,24,4,Respondida,SCM,1
802,652,1,4,9,Respondida,SCM,1
803,709,5,13,35,Respondida,SCM,1
804,686,4,8,4,Respondida,SCM,1
805,244,2,6,9,Respondida,SCM,1
806,399,2,13,9,Respondida,SCM,1
807,387,2,6,34,Respondida,SCM,1
808,712,1,19,29,Respondida,SCM,1
809,658,4,25,35,Em Análise,SCM,1
810,239,4,16,4,Respondida,SCM,1
811,235,2,6,35,Respondida,SCM,1
812,30,3,6,9,Respondida,SCM,1
813,439,4,5,35,Pendente,SCM,1
814,408,5,9,35,Respondida,SCM,1
815,88,4,5,7,Respondida,SCM,1
816,673,1,17,9,Respondida,SCM,1
817,467,1,13,34,Respondida,SCM,1
818,418,5,6,4,Respondida,SCM,1
819,319,4,25,34,Respondida,SCM,1
820,383,1,19,35,Respondida,SCM,1
821,510,5,25,7,Pendente,SCM,1
822,104,4,6,4,Pendente,SCM,1
823,429,5,19,35,Respondida,SCM,1
824,142,1,24,9,Respondida,SCM,1
825,545,4,21,12,Respondida,SCM,1
826,628,2,10,4,Respondida,SCM,1
827,558,4,25,4,Pendente,SCM,1
828,537,1,19,9,Respondida,SCM,1
829,232,4,25,2,Respondida,SCM,1
830,145,5,16,4,Respondida,SCM,1
831,172,4,19,35,Pendente,SCM,1
832,516,1,24,8,Respondida,SCM,1
833,295,5,15,9,Respondida,SCM,1
834,206,4,6,4,Respondida,SCM,1
835,527,2,25,4,Pendente,SCM,1
836,649,4,9,9,Respondida,SCM,1
837,459,5,10,35,Respondida,SCM,1
838,714,1,16,9,Respondida,SCM,1
839,261,5,13,35,Respondida,SCM,1
840,182,1,2,35,Respondida,SCM,1
841,466,4,6,12,Respondida,SCM,1
842,50,5,17,9,Pendente,SCM,1
843,86,4,25,35,Respondida,SCM,1
844,299,5,16,12,Respondida,SCM,1
845,506,4,13,9,Respondida,SCM,1
846,405,4,5,4,Pendente,SCM,1
847,624,1,25,9,Respondida,SCM,1
848,721,4,7,4,Pendente,SCM,1
849,209,1,25,9,Respondida,SCM,1
850,356,4,12,4,Respondida,SCM,1
851,157,4,8,35,Respondida,SCM,1
852,239,4,13,9,Respondida,SCM,1
853,701,4,16,2,Respondida,SCM,1
854,106,5,13,35,Respondida,SCM,1
855,342,4,25,35,Respondida,SCM,1
856,298,4,25,35,Respondida,SCM,1
857,366,4,26,12,Respondida,SCM,1
858,300,1,21,35,Respondida,SCM,1
859,127,1,19,7,Respondida,SCM,1
860,474,1,17,10,Respondida,SCM,1
861,634,4,6,4,Respondida,SCM,1
862,679,4,23,2,Respondida,SCM,1
863,407,4,25,9,Pendente,SCM,1
864,301,4,21,9,Pendente,SCM,1
865,90,1,19,35,Em Análise,SCM,1
866,573,4,13,4,Respondida,SCM,1
867,622,2,7,35,Respondida,SCM,1
868,99,4,16,9,Respondida,SCM,1
869,174,1,21,2,Pendente,SCM,1
870,586,2,13,4,Respondida,SCM,1
871,238,4,13,12,Em Análise,SCM,1
872,57,4,19,12,Pendente,SCM,1
873,654,5,9,4,Respondida,SCM,1
874,239,5,25,2,Em Análise,SCM,1
875,266,4,25,4,Respondida,SCM,1
876,161,4,13,29,Respondida,SCM,1
877,507,1,9,2,Respondida,SCM,1
878,237,1,20,7,Respondida,SCM,1
879,69,5,13,4,Em Análise,SCM,1
880,34,2,18,35,Em Análise,SCM,1
881,497,1,25,7,Pendente,SCM,1
882,277,4,21,2,Respondida,SCM,1
883,161,5,21,35,Respondida,SCM,1
884,132,5,25,35,Respondida,SCM,1
885,603,4,21,7,Respondida,SCM,1
886,439,2,4,35,Respondida,SCM,1
887,533,1,16,4,Respondida,SCM,1
888,285,4,17,35,Respondida,SCM,1
889,493,1,13,9,Respondida,SCM,1
890,209,1,3,12,Respondida,SCM,1
891,267,5,2,35,Respondida,SCM,1
892,543,4,19,4,Respondida,SCM,1
893,446,4,25,35,Respondida,SCM,1
894,287,4,25,2,Respondida,SCM,1
895,484,5,25,29,Respondida,SCM,1
896,507,4,17,9,Em Análise,SCM,1
897,433,1,5,35,Em Análise,SCM,1
898,572,5,19,9,Respondida,SCM,1
899,23,4,6,7,Em Análise,SCM,1
900,523,1,19,35,Respondida,SCM,1
901,175,4,25,2,Respondida,SCM,1
902,301,4,21,4,Respondida,SCM,1
903,440,5,21,7,Respondida,SCM,1
904,189,1,21,20,Respondida,SCM,1
905,157,4,19,35,Respondida,SCM,1
906,425,4,10,9,Respondida,SCM,1
907,145,1,19,35,Respondida,SCM,1
908,565,2,11,4,Pendente,SCM,1
909,676,4,25,35,Respondida,SCM,1
910,94,4,25,35,Respondida,SCM,1
911,405,3,25,9,Respondida,SCM,1
912,61,2,16,2,Em Análise,SCM,1
913,526,5,16,35,Respondida,SCM,1
914,380,4,19,24,Respondida,SCM,1
915,211,4,10,7,Respondida,SCM,1
916,102,4,19,35,Em Análise,SCM,1
917,657,4,16,9,Em Análise,SCM,1
918,331,4,24,2,Pendente,SCM,1
919,383,5,17,4,Respondida,SCM,1
920,537,4,10,4,Respondida,SCM,1
921,313,5,14,7,Pendente,SCM,1
922,169,4,25,35,Respondida,SCM,1
923,334,2,5,4,Respondida,SCM,1
924,157,5,5,9,Respondida,SCM,1
925,430,4,21,35,Respondida,SCM,1
926,41,5,25,4,Respondida,SCM,1
927,101,5,19,35,Respondida,SCM,1
928,523,5,5,35,Respondida,SCM,1
929,463,4,24,9,Respondida,SCM,1
930,494,4,19,12,Pendente,SCM,1
931,170,2,21,9,Respondida,SCM,1
932,12,2,14,4,Respondida,SCM,1
933,108,4,15,4,Respondida,SCM,1
934,275,5,8,4,Respondida,SCM,1
935,426,2,6,35,Respondida,SCM,1
936,723,4,3,12,Pendente,SCM,1
937,14,1,25,2,Respondida,SCM,1
938,716,1,6,2,Em Análise,SCM,1
939,233,1,9,35,Pendente,SCM,1
940,54,4,13,7,Respondida,SCM,1
941,57,1,22,9,Respondida,SCM,1
942,709,1,23,35,Respondida,SCM,1
943,403,4,6,9,Respondida,SCM,1
944,180,4,25,9,Respondida,SCM,1
945,393,4,5,9,Respondida,SCM,1
946,544,1,15,4,Respondida,SCM,1
947,349,4,19,35,Respondida,SCM,1
948,373,1,21,29,Respondida,SCM,1
949,73,4,5,7,Em Análise,SCM,1
950,390,5,6,4,Respondida,SCM,1
951,351,1,25,35,Em Análise,SCM,1
952,268,1,19,9,Pendente,SCM,1
953,444,2,16,12,Respondida,SCM,1
954,20,1,25,4,Pendente,SCM,1
955,274,5,15,35,Em Análise,SCM,1
956,311,4,15,35,Respondida,SCM,1
957,310,4,24,9,Respondida,SCM,1
958,166,5,10,7,Respondida,SCM,1
959,717,4,15,2,Respondida,SCM,1
960,658,2,8,12,Respondida,SCM,1
961,512,4,21,35,Respondida,SCM,1
962,518,2,25,4,Pendente,SCM,1
963,224,1,13,12,Respondida,SCM,1
964,239,4,21,35,Respondida,SCM,1
965,609,4,14,7,Respondida,SCM,1
966,324,4,7,26,Respondida,SCM,1
967,551,4,25,4,Respondida,SCM,1
968,293,5,21,35,Respondida,SCM,1
969,582,1,6,35,Respondida,SCM,1
970,173,5,13,9,Respondida,SCM,1
971,617,4,14,35,Em Análise,SCM,1
972,148,1,9,35,Pendente,SCM,1
973,553,2,25,35,Respondida,SCM,1
974,656,3,14,35,Pendente,SCM,1
975,275,5,25,7,Em Análise,SCM,1
976,90,4,24,35,Pendente,SCM,1
977,408,5,25,29,Em Análise,SCM,1
978,711,2,6,35,Respondida,SCM,1
979,100,1,10,35,Respondida,SCM,1
980,7,5,5,9,Pendente,SCM,1
981,506,4,12,35,Pendente,SCM,1
982,463,3,25,12,Respondida,SCM,1
983,366,1,5,9,Respondida,SCM,1
984,704,5,11,7,Pendente,SCM,1
985,324,5,25,18,Em Análise,SCM,1
986,269,4,15,4,Respondida,SCM,1
987,232,4,14,34,Respondida,SCM,1
988,614,4,16,29,Respondida,SCM,1
989,705,4,25,35,Respondida,SCM,1
990,141,4,16,9,Respondida,SCM,1
991,392,2,13,9,Pendente,SCM,1
992,506,4,18,2,Respondida,SCM,1
993,587,4,16,9,Respondida,SCM,1
994,91,4,25,9,Respondida,SCM,1
995,626,4,24,35,Respondida,SCM,1
996,431,4,16,7,Em Análise,SCM,1
997,193,4,5,35,Respondida,SCM,1
998,328,4,5,7,Respondida,SCM,1
999,729,5,19,4,Em Análise,SCM,1
1000,693,4,25,4,Respondida,SCM,1
1001,320,1,26,9,Respondida,SCM,1
1002,470,2,25,4,Respondida,SCM,1
1003,714,5,10,9,Respondida,SCM,1
1004,59,5,21,35,Pendente,SCM,1
1005,187,6,19,4,Respondida,SCM,1
1006,457,4,4,4,Respondida,SCM,1
1007,230,2,16,4,Respondida,SCM,1
1008,434,4,25,12,Respondida,SCM,1
1009,628,4,13,4,Respondida,SCM,1
1010,394,4,13,35,Em Análise,SCM,1
1011,60,4,17,6,Respondida,SCM,1
1012,1,3,5,35,Pendente,SCM,1
1013,630,4,20,35,Respondida,SCM,1
1014,343,1,19,4,Pendente,SCM,1
1015,583,4,12,9,Respondida,SCM,1
1016,469,4,25,9,Respondida,SCM,1
1017,567,5,19,35,Pendente,SCM,1
1018,535,1,25,7,Respondida,SCM,1
1019,728,4,5,2,Pendente,SCM,1
1020,664,4,19,4,Pendente,SCM,1
1021,263,4,25,35,Respondida,SCM,1
1022,543,5,25,29,Respondida,SCM,1
1023,107,4,24,4,Respondida,SCM,1
1024,724,4,6,9,Respondida,SCM,1
1025,245,1,19,35,Respondida,SCM,1
1026,703,5,5,35,Respondida,SCM,1
1027,611,4,25,18,Respondida,SCM,1
1028,719,4,17,35,Respondida,SCM,1
1029,354,4,5,4,Pendente,SCM,1
1030,443,5,19,4,Pendente,SCM,1
1031,91,1,10,4,Respondida,SCM,1
1032,139,5,25,35,Respondida,SCM,1
1033,252,4,6,16,Pendente,SCM,1
1034,460,4,25,35,Respondida,SCM,1
1035,324,4,11,9,Respondida,SCM,1
1036,143,4,21,35,Respondida,SCM,1
1037,610,1,13,2,Respondida,SCM,1
1038,583,5,25,9,Pendente,SCM,1
1039,595,4,24,35,Respondida,SCM,1
1040,480,1,16,9,Respondida,SCM,1
1041,198,4,12,4,Respondida,SCM,1
1042,544,1,27,9,Respondida,SCM,1
1043,548,4,21,10,Respondida,SCM,1
1044,353,5,24,4,Em Análise,SCM,1
1045,717,4,25,35,Respondida,SCM,1
1046,529,1,10,7,Respondida,SCM,1
1047,59,5,21,35,Respondida,SCM,1
1048,487,4,24,9,Pendente,SCM,1
1049,43,5,16,7,Em Análise,SCM,1
1050,725,1,7,4,Em Análise,SCM,1
1051,24,4,7,35,Pendente,SCM,1
1052,33,4,6,2,Respondida,SCM,1
1053,709,4,25,4,Respondida,SCM,1
1054,482,2,7,35,Respondida,SCM,1
1055,152,4,21,2,Respondida,SCM,1
1056,721,2,19,7,Respondida,SCM,1
1057,207,5,13,35,Respondida,SCM,1
1058,290,1,19,9,Respondida,SCM,1
1059,201,4,19,4,Pendente,SCM,1
1060,249,1,19,9,Pendente,SCM,1
1061,91,4,9,7,Pendente,SCM,1
1062,408,4,16,2,Respondida,SCM,1
1063,255,1,14,4,Respondida,SCM,1
1064,34,2,5,35,Respondida,SCM,1
1065,341,1,13,35,Respondida,SCM,1
1066,354,2,25,35,Respondida,SCM,1
1067,384,4,19,4,Respondida,SCM,1
1068,495,4,21,4,Em Análise,SCM,1
1069,517,4,19,35,Respondida,SCM,1
1070,599,4,15,35,Respondida,SCM,1
1071,581,2,20,35,Respondida,SCM,1
1072,729,5,27,35,Respondida,SCM,1
1073,165,4,13,9,Respondida,SCM,1
1074,424,5,19,29,Respondida,SCM,1
1075,146,1,19,35,Em Análise,SCM,1
1076,620,1,4,4,Respondida,SCM,1
1077,434,2,25,4,Respondida,SCM,1
1078,574,5,25,4,Pendente,SCM,1
1079,354,1,14,12,Respondida,SCM,1
1080,104,5,16,35,Respondida,SCM,1
1081,52,1,25,12,Respondida,SCM,1
1082,52,1,25,12,Em Análise,SCM,1
1083,408,1,19,35,Em Análise,SCM,1
1084,303,4,9,35,Respondida,SCM,1
1085,115,3,5,10,Respondida,SCM,1
1086,477,1,8,4,Respondida,SCM,1
1087,327,5,8,12,Respondida,SCM,1
1088,640,4,8,9,Respondida,SCM,1
1089,145,1,25,35,Respondida,SCM,1
1090,672,5,14,9,Respondida,SCM,1
1091,510,5,21,9,Pendente,SCM,1
1092,301,4,25,2,Respondida,SCM,1
1093,622,2,9,12,Respondida,SCM,1
1094,335,1,4,35,Respondida,SCM,1
1095,6,1,25,9,Respondida,SCM,1
1096,247,4,13,2,Respondida,SCM,1
1097,523,4,25,35,Respondida,SCM,1
1098,622,1,10,4,Respondida,SCM,1
1099,591,4,10,9,Respondida,SCM,1
1100,494,5,25,4,Respondida,SCM,1
1101,94,4,17,4,Respondida,SCM,1
1102,657,1,23,35,Respondida,SCM,1
1103,719,5,6,35,Respondida,SCM,1
1104,265,1,5,35,Pendente,SCM,1
1105,524,2,7,2,Pendente,SCM,1
1106,602,1,24,12,Pendente,SCM,1
1107,126,5,16,35,Respondida,SCM,1
1108,171,4,16,4,Pendente,SCM,1
1109,701,1,11,35,Pendente,SCM,1
1110,612,1,21,4,Respondida,SCM,1
1111,342,4,25,35,Respondida,SCM,1
1112,651,1,5,4,Respondida,SCM,1
1113,380,4,19,4,Respondida,SCM,1
1114,631,4,7,4,Respondida,SCM,1
1115,232,4,5,4,Em Análise,SCM,1
1116,111,4,25,9,Pendente,SCM,1
1117,436,4,4,9,Em Análise,SCM,1
1118,335,4,15,35,Respondida,SCM,1
1119,45,4,19,35,Pendente,SCM,1
1120,49,4,17,9,Respondida,SCM,1
1121,520,3,15,7,Respondida,SCM,1
1122,307,1,16,9,Respondida,SCM,1
1123,374,1,10,35,Respondida,SCM,1
1124,112,6,25,9,Pendente,SCM,1
1125,406,4,25,4,Respondida,SCM,1
1126,97,5,13,4,Em Análise,SCM,1
1127,223,5,15,4,Respondida,SCM,1
1128,167,4,13,35,Respondida,SCM,1
1129,667,4,19,4,Em Análise,SCM,1
1130,141,1,4,9,Respondida,SCM,1
1131,709,1,13,2,Em Análise,SCM,1
1132,718,4,16,4,Pendente,SCM,1
1133,200,2,7,9,Respondida,SCM,1
1134,495,1,2,35,Em Análise,SCM,1
1135,92,1,12,35,Respondida,SCM,1
1136,180,5,15,35,Respondida,SCM,1
1137,34,5,19,4,Respondida,SCM,1
1138,413,1,26,9,Pendente,SCM,1
1139,309,4,4,35,Respondida,SCM,1
1140,666,3,2,2,Respondida,SCM,1
1141,450,1,5,4,Respondida,SCM,1
1142,347,4,8,12,Respondida,SCM,1
1143,451,5,12,2,Respondida,SCM,1
1144,719,1,21,35,Pendente,SCM,1
1145,406,4,25,4,Respondida,SCM,1
1146,265,4,25,9,Em Análise,SCM,1
1147,409,4,19,35,Respondida,SCM,1
1148,55,4,19,4,Respondida,SCM,1
1149,113,2,25,12,Respondida,SCM,1
1150,431,5,17,4,Em Análise,SCM,1
1151,628,4,2,35,Em Análise,SCM,1
1152,124,4,17,9,Respondida,SCM,1
1153,664,4,25,4,Respondida,SCM,1
1154,618,4,25,4,Respondida,SCM,1
1155,38,4,14,12,Respondida,SCM,1
1156,292,2,25,9,Respondida,SCM,1
1157,309,1,17,7,Respondida,SCM,1
1158,253,3,21,29,Respondida,SCM,1
1159,706,4,19,35,Pendente,SCM,1
1160,375,2,5,9,Pendente,SCM,1
1161,430,4,12,35,Em Análise,SCM,1
1162,553,4,13,4,Respondida,SCM,1
1163,455,4,5,35,Respondida,SCM,1
1164,149,4,25,12,Respondida,SCM,1
1165,522,5,19,35,Pendente,SCM,1
1166,139,4,25,35,Respondida,SCM,1
1167,350,4,14,4,Respondida,SCM,1
1168,199,1,8,26,Respondida,SCM,1
1169,632,4,19,12,Pendente,SCM,1
1170,616,1,9,35,Respondida,SCM,1
1171,686,4,10,35,Respondida,SCM,1
1172,486,4,8,35,Respondida,SCM,1
1173,721,2,25,4,Respondida,SCM,1
1174,657,4,25,35,Respondida,SCM,1
1175,555,1,20,35,Em Análise,SCM,1
1176,177,4,11,4,Em Análise,SCM,1
1177,590,1,25,35,Respondida,SCM,1
1178,159,1,19,35,Respondida,SCM,1
1179,110,5,11,35,Respondida,SCM,1
1180,422,5,14,7,Respondida,SCM,1
1181,68,5,19,9,Respondida,SCM,1
1182,495,2,16,4,Respondida,SCM,1
1183,34,1,17,4,Respondida,SCM,1
1184,448,4,16,4,Pendente,SCM,1
1185,38,1,5,2,Respondida,SCM,1
1186,217,1,19,35,Pendente,SCM,1
1187,141,4,25,12,Pendente,SCM,1
1188,236,3,10,9,Respondida,SCM,1
1189,182,5,25,35,Respondida,SCM,1
1190,701,6,16,26,Em Análise,SCM,1
1191,592,1,25,4,Pendente,SCM,1
1192,116,1,25,7,Respondida,SCM,1
1193,81,1,27,2,Pendente,SCM,1
1194,569,4,19,35,Respondida,SCM,1
1195,17,4,25,9,Respondida,SCM,1
1196,95,1,11,20,Respondida,SCM,1
1197,379,2,25,9,Respondida,SCM,1
1198,68,4,13,29,Respondida,SCM,1
1199,689,4,10,9,Respondida,SCM,1
1200,668,1,21,35,Respondida,SCM,1
1201,697,5,25,7,Respondida,SCM,1
1202,384,5,16,7,Respondida,SCM,1
1203,155,1,25,9,Pendente,SCM,1
1204,146,1,19,4,Respondida,SCM,1
1205,198,1,25,7,Respondida,SCM,1
1206,538,4,27,4,Respondida,SCM,1
1207,128,1,25,35,Pendente,SCM,1
1208,621,1,14,35,Respondida,SCM,1
1209,223,1,8,4,Respondida,SCM,1
1210,56,1,17,4,Respondida,SCM,1
1211,143,4,16,12,Respondida,SCM,1
1212,7,4,25,7,Pendente,SCM,1
1213,609,2,13,35,Respondida,SCM,1
1214,320,1,25,10,Respondida,SCM,1
1215,228,4,17,35,Respondida,SCM,1
1216,292,1,14,4,Respondida,SCM,1
1217,660,1,3,35,Respondida,SCM,1
1218,375,4,24,35,Respondida,SCM,1
1219,709,4,18,35,Respondida,SCM,1
1220,689,6,17,4,Respondida,SCM,1
1221,264,5,17,35,Pendente,SCM,1
1222,255,4,13,35,Respondida,SCM,1
1223,369,5,16,35,Respondida,SCM,1
1224,221,1,20,12,Respondida,SCM,1
1225,622,4,19,35,Pendente,SCM,1
1226,281,1,5,12,Pendente,SCM,1
1227,271,1,21,9,Em Análise,SCM,1
1228,704,1,19,9,Respondida,SCM,1
1229,384,4,5,2,Respondida,SCM,1
1230,74,5,25,4,Respondida,SCM,1
1231,319,3,25,2,Respondida,SCM,1
1232,289,4,13,7,Pendente,SCM,1
1233,372,4,24,9,Respondida,SCM,1
1234,446,1,25,7,Pendente,SCM,1
1235,100,5,21,35,Respondida,SCM,1
1236,503,4,25,2,Em Análise,SCM,1
1237,280,4,22,35,Respondida,SCM,1
1238,676,4,14,35,Respondida,SCM,1
1239,160,2,21,35,Respondida,SCM,1
1240,664,2,21,4,Respondida,SCM,1
1241,493,5,20,35,Em Análise,SCM,1
1242,345,2,21,4,Respondida,SCM,1
1243,385,2,13,35,Respondida,SCM,1
1244,209,1,10,35,Respondida,SCM,1
1245,622,2,16,12,Respondida,SCM,1
1246,132,4,19,9,Respondida,SCM,1
1247,35,4,13,26,Respondida,SCM,1
1248,443,4,9,4,Em Análise,SCM,1
1249,618,5,19,35,Em Análise,SCM,1
1250,362,4,19,4,Respondida,SCM,1
1251,474,5,25,9,Respondida,SCM,1
1252,125,5,21,9,Respondida,SCM,1
1253,655,4,25,4,Em Análise,SCM,1
1254,19,4,10,4,Respondida,SCM,1
1255,51,5,21,2,Pendente,SCM,1
1256,522,4,20,35,Respondida,SCM,1
1257,503,4,25,35,Respondida,SCM,1
1258,2,5,5,35,Respondida,SCM,1
1259,216,2,7,4,Respondida,SCM,1
1260,106,4,19,7,Respondida,SCM,1
1261,181,1,18,35,Respondida,SCM,1
1262,176,1,25,4,Pendente,SCM,1
1263,215,4,5,9,Respondida,SCM,1
1264,628,4,11,9,Pendente,SCM,1
1265,523,4,19,35,Respondida,SCM,1
1266,354,5,25,9,Respondida,SCM,1
1267,209,3,8,28,Respondida,SCM,1
1268,487,5,25,7,Respondida,SCM,1
1269,148,4,5,35,Respondida,SCM,1
1270,74,5,16,35,Respondida,SCM,1
1271,630,4,25,9,Respondida,SCM,1
1272,459,5,21,4,Respondida,SCM,1
1273,613,1,11,4,Respondida,SCM,1
1274,161,5,25,4,Respondida,SCM,1
1275,254,4,5,2,Em Análise,SCM,1
1276,247,4,25,29,Respondida,SCM,1
1277,99,5,21,9,Pendente,SCM,1
1278,183,4,9,35,Respondida,SCM,1
1279,673,1,13,9,Pendente,SCM,1
1280,692,5,19,9,Em Análise,SCM,1
1281,372,1,15,4,Respondida,SCM,1
1282,193,4,17,35,Pendente,SCM,1
1283,304,5,9,35,Pendente,SCM,1
1284,642,4,19,8,Respondida,SCM,1
1285,357,4,21,12,Respondida,SCM,1
1286,436,5,19,35,Respondida,SCM,1
1287,539,4,25,4,Respondida,SCM,1
1288,356,4,24,4,Respondida,SCM,1
1289,108,5,7,35,Respondida,SCM,1
1290,22,4,13,2,Respondida,SCM,1
1291,563,1,24,4,Respondida,SCM,1
1292,156,1,26,4,Respondida,SCM,1
1293,444,2,26,4,Respondida,SCM,1
1294,220,2,21,2,Respondida,SCM,1
1295,516,1,20,4,Respondida,SCM,1
1296,329,1,25,9,Respondida,SCM,1
1297,266,5,25,4,Pendente,SCM,1
1298,284,4,16,2,Respondida,SCM,1
1299,370,5,25,9,Pendente,SCM,1
1300,482,5,25,2,Respondida,SCM,1
1301,286,4,9,7,Em Análise,SCM,1
1302,164,4,19,7,Respondida,SCM,1
1303,271,4,19,12,Respondida,SCM,1
1304,671,1,9,2,Respondida,SCM,1
1305,298,1,25,9,Respondida,SCM,1
1306,668,3,17,9,Respondida,SCM,1
1307,330,4,6,35,Respondida,SCM,1
1308,106,4,25,4,Respondida,SCM,1
1309,605,1,21,9,Respondida,SCM,1
1310,4,1,16,7,Pendente,SCM,1
1311,430,4,15,35,Respondida,SCM,1
1312,45,2,5,35,Respondida,SCM,1
1313,467,4,5,35,Respondida,SCM,1
1314,45,1,13,4,Respondida,SCM,1
1315,523,4,5,4,Em Análise,SCM,1
1316,500,2,25,4,Respondida,SCM,1
1317,306,1,21,2,Pendente,SCM,1
1318,245,5,25,35,Em Análise,SCM,1
1319,455,5,6,35,Respondida,SCM,1
1320,233,1,17,9,Em Análise,SCM,1
1321,400,4,5,9,Respondida,SCM,1
1322,51,4,25,29,Pendente,SCM,1
1323,220,1,19,35,Respondida,SCM,1
1324,486,1,17,9,Pendente,SCM,1
1325,361,5,25,4,Respondida,SCM,1
1326,236,5,13,9,Respondida,SCM,1
1327,722,5,25,7,Em Análise,SCM,1
1328,41,4,21,7,Respondida,SCM,1
1329,436,1,20,35,Respondida,SCM,1
1330,625,4,25,35,Pendente,SCM,1
1331,86,1,19,4,Em Análise,SCM,1
1332,246,5,25,4,Respondida,SCM,1
1333,146,5,21,2,Respondida,SCM,1
1334,238,4,8,9,Respondida,SCM,1
1335,4,4,19,12,Em Análise,SCM,1
1336,555,6,8,7,Respondida,SCM,1
1337,44,1,14,9,Respondida,SCM,1
1338,136,2,13,35,Respondida,SCM,1
1339,139,1,19,12,Pendente,SCM,1
1340,86,4,24,7,Respondida,SCM,1
1341,313,5,5,35,Respondida,SCM,1
1342,445,4,9,34,Respondida,SCM,1
1343,14,2,25,7,Respondida,SCM,1
1344,83,4,17,7,Pendente,SCM,1
1345,104,1,6,35,Pendente,SCM,1
1346,474,2,6,4,Respondida,SCM,1
1347,713,5,24,9,Respondida,SCM,1
1348,232,4,15,4,Respondida,SCM,1
1349,91,1,5,9,Respondida,SCM,1
1350,293,3,9,2,Pendente,SCM,1
1351,687,4,5,4,Respondida,SCM,1
1352,217,4,25,29,Respondida,SCM,1
1353,575,5,13,35,Respondida,SCM,1
1354,511,4,13,35,Em Análise,SCM,1
1355,193,4,21,29,Respondida,SCM,1
1356,462,2,5,35,Respondida,SCM,1
1357,577,2,25,12,Respondida,SCM,1
1358,208,1,25,35,Respondida,SCM,1
1359,170,4,5,2,Respondida,SCM,1
1360,455,1,13,9,Respondida,SCM,1
1361,368,1,19,2,Respondida,SCM,1
1362,397,4,7,2,Respondida,SCM,1
1363,48,5,25,35,Respondida,SCM,1
1364,272,4,8,35,Respondida,SCM,1
1365,218,1,12,35,Respondida,SCM,1
1366,362,5,5,35,Respondida,SCM,1
1367,390,2,20,4,Respondida,SCM,1
1368,452,1,19,35,Respondida,SCM,1
1369,166,1,19,9,Respondida,SCM,1
1370,479,5,16,4,Respondida,SCM,1
1371,514,5,13,35,Pendente,SCM,1
1372,171,5,21,29,Em Análise,SCM,1
1373,239,4,17,4,Respondida,SCM,1
1374,700,4,24,35,Respondida,SCM,1
1375,386,1,17,9,Respondida,SCM,1
1376,228,5,13,20,Respondida,SCM,1
1377,153,4,13,2,Respondida,SCM,1
1378,437,4,25,35,Respondida,SCM,1
1379,283,5,13,29,Respondida,SCM,1
1380,499,4,25,7,Respondida,SCM,1
1381,530,5,19,35,Respondida,SCM,1
1382,158,4,25,12,Respondida,SCM,1
1383,25,2,25,7,Em Análise,SCM,1
1384,303,5,13,9,Em Análise,SCM,1
1385,413,4,25,2,Respondida,SCM,1
1386,167,4,19,35,Respondida,SCM,1
1387,623,1,13,2,Pendente,SCM,1
1388,87,1,21,9,Respondida,SCM,1
1389,94,2,19,2,Em Análise,SCM,1
1390,138,5,19,4,Pendente,SCM,1
1391,500,5,25,7,Respondida,SCM,1
1392,47,1,25,9,Respondida,SCM,1
1393,631,4,20,2,Respondida,SCM,1
1394,628,1,17,2,Pendente,SCM,1
1395,297,5,25,29,Respondida,SCM,1
1396,363,4,25,9,Pendente,SCM,1
1397,624,4,18,9,Pendente,SCM,1
1398,196,3,14,29,Em Análise,SCM,1
1399,531,1,19,17,Respondida,SCM,1
1400,5,4,25,9,Respondida,SCM,1
1401,365,1,19,35,Respondida,SCM,1
1402,478,5,20,35,Respondida,SCM,1
1403,280,4,24,4,Em Análise,SCM,1
1404,608,4,10,35,Pendente,SCM,1
1405,202,4,16,9,Respondida,SCM,1
1406,347,1,19,4,Respondida,SCM,1
1407,501,5,25,12,Respondida,SCM,1
1408,401,4,16,9,Pendente,SCM,1
1409,140,5,16,2,Respondida,SCM,1
1410,639,5,5,35,Respondida,SCM,1
1411,360,2,5,35,Respondida,SCM,1
1412,705,4,14,7,Respondida,SCM,1
1413,608,4,25,35,Em Análise,SCM,1
1414,682,4,12,20,Respondida,SCM,1
1415,29,1,12,2,Pendente,SCM,1
1416,60,4,18,35,Respondida,SCM,1
1417,281,4,17,4,Pendente,SCM,1
1418,444,4,25,24,Respondida,SCM,1
1419,239,4,14,35,Pendente,SCM,1
1420,364,4,13,35,Respondida,SCM,1
1421,204,5,20,35,Pendente,SCM,1
1422,172,5,25,2,Pendente,SCM,1
1423,176,1,13,4,Respondida,SCM,1
1424,382,1,25,9,Respondida,SCM,1
1425,612,1,25,9,Respondida,SCM,1
1426,392,5,2,4,Respondida,SCM,1
1427,98,2,4,35,Respondida,SCM,1
1428,353,5,25,9,Respondida,SCM,1
1429,616,4,14,12,Pendente,SCM,1
1430,254,5,26,12,Respondida,SCM,1
1431,63,5,25,9,Respondida,SCM,1
1432,42,5,21,35,Em Análise,SCM,1
1433,413,1,20,12,Pendente,SCM,1
1434,400,4,5,35,Pendente,SCM,1
1435,68,4,13,35,Respondida,SCM,1
1436,248,4,15,20,Respondida,SCM,1
1437,298,2,14,35,Respondida,SCM,1
1438,638,4,25,12,Respondida,SCM,1
1439,168,2,25,2,Respondida,SCM,1
1440,653,4,25,9,Respondida,SCM,1
1441,630,4,19,9,Em Análise,SCM,1
1442,519,4,25,9,Respondida,SCM,1
1443,424,5,25,9,Respondida,SCM,1
1444,121,4,25,9,Respondida,SCM,1
1445,143,1,6,2,Pendente,SCM,1
1446,404,5,25,4,Respondida,SCM,1
1447,688,5,21,9,Respondida,SCM,1
1448,5,2,9,35,Respondida,SCM,1
1449,42,4,25,3,Pendente,SCM,1
1450,158,2,13,4,Respondida,SCM,1
1451,470,4,25,35,Respondida,SCM,1
1452,555,1,20,4,Respondida,SCM,1
1453,519,4,25,35,Pendente,SCM,1
1454,668,4,11,7,Respondida,SCM,1
1455,528,1,14,35,Pendente,SCM,1
1456,255,4,20,6,Respondida,SCM,1
1457,142,4,25,9,Respondida,SCM,1
1458,94,1,21,35,Respondida,SCM,1
1459,398,2,25,4,Em Análise,SCM,1
1460,409,4,15,9,Pendente,SCM,1
1461,513,1,10,29,Respondida,SCM,1
1462,262,4,4,6,Respondida,SCM,1
1463,3,5,14,4,Respondida,SCM,1
1464,620,5,16,9,Respondida,SCM,1
1465,495,4,14,35,Pendente,SCM,1
1466,412,2,1,20,Pendente,SCM,1
1467,374,2,6,7,Em Análise,SCM,1
1468,333,1,25,9,Pendente,SCM,1
1469,205,1,19,9,Respondida,SCM,1
1470,491,1,19,9,Respondida,SCM,1
1471,47,5,10,35,Respondida,SCM,1
1472,523,5,12,12,Pendente,SCM,1
1473,683,4,5,9,Respondida,SCM,1
1474,309,2,22,4,Respondida,SCM,1
1475,69,5,10,4,Respondida,SCM,1
1476,54,4,25,9,Pendente,SCM,1
1477,635,5,25,12,Respondida,SCM,1
1478,438,4,25,9,Respondida,SCM,1
1479,521,4,8,4,Respondida,SCM,1
1480,28,1,25,4,Respondida,SCM,1
1481,719,4,25,35,Respondida,SCM,1
1482,3,4,24,9,Respondida,SCM,1
1483,159,4,19,35,Pendente,SCM,1
1484,234,4,25,35,Pendente,SCM,1
1485,674,4,19,35,Respondida,SCM,1
1486,155,4,13,2,Respondida,SCM,1
1487,446,4,5,4,Em Análise,SCM,1
1488,299,4,25,4,Respondida,SCM,1
1489,633,4,17,29,Respondida,SCM,1
1490,169,1,21,35,Respondida,SCM,1
1491,145,1,25,26,Respondida,SCM,1
1492,57,1,5,4,Respondida,SCM,1
1493,326,2,25,2,Respondida,SCM,1
1494,549,2,5,35,Em Análise,SCM,1
1495,23,4,14,9,Pendente,SCM,1
1496,523,4,10,35,Pendente,SCM,1
1497,442,5,25,35,Respondida,SCM,1
1498,419,1,17,12,Respondida,SCM,1
1499,47,4,5,2,Respondida,SCM,1
1500,356,4,1,2,Respondida,SCM,1
1501,104,1,25,35,Pendente,SCM,1
1502,690,5,24,9,Em Análise,SCM,1
1503,183,4,13,29,Respondida,SCM,1
1504,77,4,25,4,Respondida,SCM,1
1505,64,3,13,26,Pendente,SCM,1
1506,713,1,5,4,Pendente,SCM,1
1507,340,6,19,9,Em Análise,SCM,1
1508,549,5,10,35,Respondida,SCM,1
1509,456,5,19,4,Pendente,SCM,1
1510,360,1,19,35,Respondida,SCM,1
1511,135,2,8,26,Pendente,SCM,1
1512,546,1,5,7,Respondida,SCM,1
1513,279,4,9,4,Respondida,SCM,1
1514,421,2,16,2,Respondida,SCM,1
1515,292,4,5,9,Em Análise,SCM,1
1516,382,1,25,35,Respondida,SCM,1
1517,448,2,5,2,Pendente,SCM,1
1518,516,4,25,35,Pendente,SCM,1
1519,551,1,5,7,Respondida,SCM,1
1520,571,4,5,35,Respondida,SCM,1
1521,412,4,19,9,Pendente,SCM,1
1522,526,4,16,2,Pendente,SCM,1
1523,351,2,7,18,Respondida,SCM,1
1524,19,4,6,2,Respondida,SCM,1
1525,700,4,19,10,Respondida,SCM,1
1526,420,4,13,4,Respondida,SCM,1
1527,236,1,9,2,Pendente,SCM,1
1528,16,1,17,7,Pendente,SCM,1
1529,663,5,2,4,Em Análise,SCM,1
1530,177,1,10,35,Em Análise,SCM,1
1531,334,2,19,9,Pendente,SCM,1
1532,552,4,6,4,Respondida,SCM,1
1533,356,4,2,12,Em Análise,SCM,1
1534,532,1,5,35,Respondida,SCM,1
1535,272,4,25,4,Respondida,SCM,1
1536,299,5,5,35,Respondida,SCM,1
1537,421,4,24,2,Respondida,SCM,1
1538,650,4,9,12,Pendente,SCM,1
1539,657,4,13,2,Respondida,SCM,1
1540,564,2,13,35,Respondida,SCM,1
1541,480,1,25,2,Pendente,SCM,1
1542,221,4,12,35,Respondida,SCM,1
1543,635,4,21,9,Respondida,SCM,1
1544,266,1,25,35,Pendente,SCM,1
1545,181,4,8,20,Respondida,SCM,1
1546,417,4,25,4,Pendente,SCM,1
1547,340,1,25,35,Pendente,SCM,1
1548,486,1,13,4,Respondida,SCM,1
1549,719,2,13,35,Respondida,SCM,1
1550,281,4,19,7,Respondida,SCM,1
1551,394,4,25,9,Em Análise,SCM,1
1552,723,4,25,4,Respondida,SCM,1
1553,221,4,25,4,Em Análise,SCM,1
1554,261,1,19,4,Respondida,SCM,1
1555,540,5,25,12,Respondida,SCM,1
1556,28,4,25,2,Respondida,SCM,1
1557,10,4,6,29,Pendente,SCM,1
1558,675,2,25,35,Respondida,SCM,1
1559,44,1,5,2,Respondida,SCM,1
1560,190,2,22,4,Pendente,SCM,1
1561,21,1,6,35,Respondida,SCM,1
1562,248,5,10,4,Respondida,SCM,1
1563,312,1,11,4,Respondida,SCM,1
1564,252,5,13,35,Respondida,SCM,1
1565,242,4,5,35,Respondida,SCM,1
1566,258,4,10,9,Em Análise,SCM,1
1567,456,1,19,9,Respondida,SCM,1
1568,605,4,16,35,Respondida,SCM,1
1569,451,1,5,4,Respondida,SCM,1
1570,32,5,24,12,Respondida,SCM,1
1571,664,2,21,35,Respondida,SCM,1
1572,595,1,25,9,Pendente,SCM,1
1573,113,1,14,9,Pendente,SCM,1
1574,202,5,20,9,Respondida,SCM,1
1575,525,1,16,7,Em Análise,SCM,1
1576,101,5,21,7,Pendente,SCM,1
1577,525,1,5,35,Respondida,SCM,1
1578,398,5,9,9,Em Análise,SCM,1
1579,518,5,13,35,Em Análise,SCM,1
1580,377,5,27,4,Respondida,SCM,1
1581,496,1,8,35,Respondida,SCM,1
1582,453,5,6,2,Respondida,SCM,1
1583,195,1,25,35,Respondida,SCM,1
1584,363,5,19,9,Respondida,SCM,1
1585,647,1,25,35,Em Análise,SCM,1
1586,88,4,7,29,Respondida,SCM,1
1587,406,5,16,29,Respondida,SCM,1
1588,658,4,19,9,Respondida,SCM,1
1589,184,2,19,9,Em Análise,SCM,1
1590,399,4,25,35,Respondida,SCM,1
1591,283,2,19,2,Respondida,SCM,1
1592,110,1,19,35,Respondida,SCM,1
1593,667,5,13,4,Pendente,SCM,1
1594,684,4,25,9,Respondida,SCM,1
1595,222,2,13,2,Pendente,SCM,1
1596,568,4,8,9,Em Análise,SCM,1
1597,91,4,25,7,Respondida,SCM,1
1598,328,5,25,2,Pendente,SCM,1
1599,460,1,5,9,Respondida,SCM,1
1600,235,5,8,35,Em Análise,SCM,1
1601,180,4,14,35,Respondida,SCM,1
1602,586,4,6,35,Em Análise,SCM,1
1603,544,1,13,2,Respondida,SCM,1
1604,578,5,19,8,Pendente,SCM,1
1605,116,1,5,4,Pendente,SCM,1
1606,145,4,8,2,Respondida,SCM,1
1607,406,2,11,12,Respondida,SCM,1
1608,639,5,25,35,Respondida,SCM,1
1609,476,5,13,35,Respondida,SCM,1
1610,35,2,6,35,Respondida,SCM,1
1611,580,4,19,35,Respondida,SCM,1
1612,252,4,14,4,Respondida,SCM,1
1613,236,4,25,35,Respondida,SCM,1
1614,668,4,16,35,Em Análise,SCM,1
1615,149,3,5,35,Respondida,SCM,1
1616,422,1,11,35,Pendente,SCM,1
1617,152,4,25,35,Pendente,SCM,1
1618,8,1,25,2,Respondida,SCM,1
1619,220,4,16,4,Respondida,SCM,1
1620,290,2,13,35,Em Análise,SCM,1
1621,201,5,14,35,Respondida,SCM,1
1622,547,5,19,35,Pendente,SCM,1
1623,461,4,3,7,Respondida,SCM,1
1624,256,4,10,35,Pendente,SCM,1
1625,141,4,24,35,Respondida,SCM,1
1626,623,1,18,4,Pendente,SCM,1
1627,652,4,9,4,Respondida,SCM,1
1628,610,4,25,7,Respondida,SCM,1
1629,187,4,13,9,Respondida,SCM,1
1630,47,4,17,35,Respondida,SCM,1
1631,60,6,6,2,Respondida,SCM,1
1632,539,1,17,2,Pendente,SCM,1
1633,486,4,21,2,Pendente,SCM,1
1634,147,4,4,9,Respondida,SCM,1
1635,353,1,17,35,Respondida,SCM,1
1636,566,1,19,35,Respondida,SCM,1
1637,338,5,25,9,Pendente,SCM,1
1638,19,4,19,35,Respondida,SCM,1
1639,26,2,25,12,Respondida,SCM,1
1640,586,4,13,35,Respondida,SCM,1
1641,512,1,19,9,Respondida,SCM,1
1642,74,2,19,4,Respondida,SCM,1
1643,181,2,21,35,Em Análise,SCM,1
1644,390,4,19,4,Pendente,SCM,1
1645,58,5,13,4,Pendente,SCM,1
1646,429,1,5,4,Pendente,SCM,1
1647,234,4,18,29,Em Análise,SCM,1
1648,332,1,22,9,Respondida,SCM,1
1649,45,4,6,35,Respondida,SCM,1
1650,367,5,24,2,Respondida,SCM,1
1651,4,5,6,2,Respondida,SCM,1
1652,212,4,9,9,Pendente,SCM,1
1653,307,4,7,7,Respondida,SCM,1
1654,295,5,9,35,Respondida,SCM,1
1655,408,1,12,35,Em Análise,SCM,1
1656,162,1,14,7,Respondida,SCM,1
1657,134,1,8,4,Respondida,SCM,1
1658,692,5,14,2,Respondida,SCM,1
1659,228,4,5,7,Respondida,SCM,1
1660,281,1,13,35,Respondida,SCM,1
1661,479,4,9,35,Pendente,SCM,1
1662,674,1,16,12,Respondida,SCM,1
1663,34,4,14,4,Respondida,SCM,1
1664,337,2,13,35,Respondida,SCM,1
1665,345,3,19,34,Respondida,SCM,1
1666,553,1,13,2,Respondida,SCM,1
1667,505,4,8,35,Em Análise,SCM,1
1668,251,4,15,9,Respondida,SCM,1
1669,424,1,25,4,Respondida,SCM,1
1670,168,4,10,12,Respondida,SCM,1
1671,52,1,21,35,Respondida,SCM,1
1672,636,5,14,2,Pendente,SCM,1
1673,563,4,25,35,Respondida,SCM,1
1674,468,4,24,4,Respondida,SCM,1
1675,429,2,21,7,Respondida,SCM,1
1676,229,2,13,4,Respondida,SCM,1
1677,212,5,21,9,Respondida,SCM,1
1678,639,5,25,29,Respondida,SCM,1
1679,581,5,13,9,Respondida,SCM,1
1680,561,4,5,35,Respondida,SCM,1
1681,168,4,25,35,Respondida,SCM,1
1682,43,5,13,12,Respondida,SCM,1
1683,343,2,25,35,Respondida,SCM,1
1684,484,4,5,2,Respondida,SCM,1
1685,97,5,9,4,Respondida,SCM,1
1686,124,4,21,9,Respondida,SCM,1
1687,268,6,16,29,Respondida,SCM,1
1688,551,4,25,7,Respondida,SCM,1
1689,21,4,25,9,Respondida,SCM,1
1690,83,2,25,35,Em Análise,SCM,1
1691,408,4,19,2,Respondida,SCM,1
1692,301,4,19,9,Respondida,SCM,1
1693,124,2,17,10,Respondida,SCM,1
1694,699,1,25,9,Respondida,SCM,1
1695,667,1,21,2,Respondida,SCM,1
1696,585,5,19,7,Respondida,SCM,1
1697,56,4,5,4,Pendente,SCM,1
1698,711,5,25,4,Pendente,SCM,1
1699,182,4,25,12,Respondida,SCM,1
1700,304,2,6,4,Respondida,SCM,1
1701,607,4,13,7,Pendente,SCM,1
1702,695,4,12,2,Respondida,SCM,1
1703,233,1,17,35,Respondida,SCM,1
1704,347,1,6,35,Respondida,SCM,1
1705,223,4,16,2,Em Análise,SCM,1
1706,639,4,19,35,Respondida,SCM,1
1707,528,3,24,4,Pendente,SCM,1
1708,69,4,19,4,Respondida,SCM,1
1709,630,4,12,35,Respondida,SCM,1
1710,606,1,25,29,Respondida,SCM,1
1711,502,4,5,12,Respondida,SCM,1
1712,95,4,4,35,Pendente,SCM,1
1713,299,1,25,9,Respondida,SCM,1
1714,512,6,19,2,Respondida,SCM,1
1715,61,1,6,35,Respondida,SCM,1
1716,406,1,16,2,Pendente,SCM,1
1717,272,4,20,17,Respondida,SCM,1
1718,254,4,5,4,Pendente,SCM,1
1719,501,2,19,2,Respondida,SCM,1
1720,720,1,6,4,Respondida,SCM,1
1721,679,4,14,9,Respondida,SCM,1
1722,555,4,25,4,Respondida,SCM,1
1723,527,1,19,35,Respondida,SCM,1
1724,208,4,16,2,Em Análise,SCM,1
1725,584,4,20,12,Pendente,SCM,1
1726,648,4,19,35,Respondida,SCM,1
1727,636,5,13,2,Respondida,SCM,1
1728,597,5,25,9,Respondida,SCM,1
1729,96,1,25,4,Respondida,SCM,1
1730,536,4,21,9,Respondida,SCM,1
1731,159,2,6,35,Respondida,SCM,1
1732,503,4,7,35,Respondida,SCM,1
1733,436,1,25,35,Respondida,SCM,1
1734,393,4,5,4,Respondida,SCM,1
1735,705,5,11,6,Em Análise,SCM,1
1736,411,4,19,2,Respondida,SCM,1
1737,322,4,21,35,Pendente,SCM,1
1738,667,4,3,35,Respondida,SCM,1
1739,409,2,16,35,Respondida,SCM,1
1740,579,3,10,17,Pendente,SCM,1
1741,608,1,5,9,Respondida,SCM,1
1742,184,4,17,4,Em Análise,SCM,1
1743,189,4,4,35,Respondida,SCM,1
1744,694,1,2,35,Pendente,SCM,1
1745,127,1,11,35,Respondida,SCM,1
1746,326,4,6,9,Em Análise,SCM,1
1747,130,2,19,10,Respondida,SCM,1
1748,102,2,13,35,Respondida,SCM,1
1749,371,5,5,18,Pendente,SCM,1
1750,527,5,19,7,Respondida,SCM,1
1751,99,2,13,9,Respondida,SCM,1
1752,304,4,17,7,Respondida,SCM,1
1753,162,5,16,35,Respondida,SCM,1
1754,437,4,12,12,Respondida,SCM,1
1755,138,1,6,12,Respondida,SCM,1
1756,376,2,25,4,Respondida,SCM,1
1757,565,4,14,4,Pendente,SCM,1
1758,44,2,18,4,Respondida,SCM,1
1759,253,4,25,2,Respondida,SCM,1
1760,674,4,26,35,Respondida,SCM,1
1761,118,4,25,4,Respondida,SCM,1
1762,342,4,13,35,Respondida,SCM,1
1763,701,2,25,4,Respondida,SCM,1
1764,302,4,16,7,Respondida,SCM,1
1765,250,4,9,35,Respondida,SCM,1
1766,515,4,20,35,Em Análise,SCM,1
1767,581,1,25,35,Respondida,SCM,1
1768,69,4,20,4,Respondida,SCM,1
1769,572,1,22,9,Respondida,SCM,1
1770,30,2,19,35,Respondida,SCM,1
1771,210,2,21,35,Respondida,SCM,1
1772,271,1,19,35,Respondida,SCM,1
1773,150,6,25,6,Respondida,SCM,1
1774,281,4,15,4,Respondida,SCM,1
1775,216,2,11,12,Respondida,SCM,1
1776,393,4,25,4,Respondida,SCM,1
1777,562,4,21,2,Respondida,SCM,1
1778,138,4,12,4,Pendente,SCM,1
1779,379,1,15,7,Respondida,SCM,1
1780,339,4,19,9,Respondida,SCM,1
1781,375,5,5,9,Em Análise,SCM,1
1782,602,1,25,12,Respondida,SCM,1
1783,547,4,25,2,Respondida,SCM,1
1784,15,1,25,35,Respondida,SCM,1
1785,367,4,17,35,Respondida,SCM,1
1786,478,5,21,35,Respondida,SCM,1
1787,579,4,5,4,Respondida,SCM,1
1788,62,4,19,35,Em Análise,SCM,1
1789,411,4,5,4,Respondida,SCM,1
1790,367,4,25,2,Em Análise,SCM,1
1791,244,1,16,26,Respondida,SCM,1
1792,494,4,13,34,Respondida,SCM,1
1793,618,1,16,35,Respondida,SCM,1
1794,646,1,15,4,Respondida,SCM,1
1795,310,5,24,4,Em Análise,SCM,1
1796,711,2,21,35,Respondida,SCM,1
1797,528,5,9,7,Pendente,SCM,1
1798,259,4,2,29,Respondida,SCM,1
1799,441,4,9,9,Respondida,SCM,1
1800,264,6,9,35,Respondida,SCM,1
1801,444,4,10,4,Respondida,SCM,1
1802,654,4,15,9,Pendente,SCM,1
1803,567,4,6,29,Respondida,SCM,1
1804,40,4,25,4,Respondida,SCM,1
1805,536,4,9,35,Respondida,SCM,1
1806,596,4,9,35,Respondida,SCM,1
1807,341,3,25,2,Respondida,SCM,1
1808,146,4,25,4,Respondida,SCM,1
1809,596,2,14,9,Respondida,SCM,1
1810,329,1,6,7,Respondida,SCM,1
1811,123,4,17,12,Pendente,SCM,1
1812,508,2,14,2,Pendente,SCM,1
1813,233,4,19,35,Respondida,SCM,1
1814,211,4,19,9,Respondida,SCM,1
1815,301,5,16,35,Pendente,SCM,1
1816,331,4,21,4,Respondida,SCM,1
1817,268,4,25,9,Em Análise,SCM,1
1818,37,5,25,2,Respondida,SCM,1
1819,621,2,5,12,Respondida,SCM,1
1820,370,4,11,35,Respondida,SCM,1
1821,370,4,13,9,Pendente,SCM,1
1822,598,1,25,2,Respondida,SCM,1
1823,42,4,19,4,Respondida,SCM,1
1824,286,4,8,9,Em Análise,SCM,1
1825,283,4,17,29,Em Análise,SCM,1
1826,155,1,5,35,Respondida,SCM,1
1827,256,5,16,10,Respondida,SCM,1
1828,538,4,25,35,Respondida,SCM,1
1829,666,2,6,9,Respondida,SCM,1
1830,37,5,4,35,Respondida,SCM,1
1831,479,1,17,9,Pendente,SCM,1
1832,418,4,25,4,Respondida,SCM,1
1833,591,4,5,26,Respondida,SCM,1
1834,290,1,16,2,Respondida,SCM,1
1835,647,4,7,4,Respondida,SCM,1
1836,539,2,5,4,Pendente,SCM,1
1837,256,2,24,7,Respondida,SCM,1
1838,285,4,13,2,Pendente,SCM,1
1839,125,1,17,7,Em Análise,SCM,1
1840,228,2,19,35,Respondida,SCM,1
1841,144,4,26,4,Pendente,SCM,1
1842,489,4,17,35,Pendente,SCM,1
1843,322,1,10,9,Respondida,SCM,1
1844,683,5,7,35,Respondida,SCM,1
1845,147,5,21,12,Respondida,SCM,1
1846,497,5,26,4,Em Análise,SCM,1
1847,277,1,13,35,Respondida,SCM,1
1848,240,4,16,9,Respondida,SCM,1
1849,281,3,2,35,Pendente,SCM,1
1850,399,5,21,9,Pendente,SCM,1
1851,268,1,14,18,Em Análise,SCM,1
1852,408,4,25,4,Em Análise,SCM,1
1853,600,5,13,35,Respondida,SCM,1
1854,256,5,25,12,Respondida,SCM,1
1855,112,4,10,35,Respondida,SCM,1
1856,630,4,13,9,Respondida,SCM,1
1857,555,2,21,4,Pendente,SCM,1
1858,566,1,17,4,Respondida,SCM,1
1859,77,2,19,7,Em Análise,SCM,1
1860,434,5,15,26,Respondida,SCM,1
1861,151,1,5,35,Respondida,SCM,1
1862,74,5,6,35,Pendente,SCM,1
1863,194,1,25,35,Respondida,SCM,1
1864,638,4,11,35,Respondida,SCM,1
1865,550,4,13,2,Pendente,SCM,1
1866,69,4,17,4,Respondida,SCM,1
1867,424,4,25,7,Respondida,SCM,1
1868,163,4,16,2,Respondida,SCM,1
1869,398,1,25,4,Respondida,SCM,1
1870,566,4,10,9,Respondida,SCM,1
1871,680,4,25,4,Respondida,SCM,1
1872,443,4,13,9,Respondida,SCM,1
1873,703,1,26,16,Pendente,SCM,1
1874,1,5,25,4,Respondida,SCM,1
1875,684,4,21,35,Respondida,SCM,1
1876,367,6,16,9,Respondida,SCM,1
1877,226,4,19,2,Respondida,SCM,1
1878,675,4,14,4,Respondida,SCM,1
1879,354,4,19,35,Respondida,SCM,1
1880,562,4,25,9,Respondida,SCM,1
1881,49,4,19,9,Respondida,SCM,1
1882,698,3,13,9,Respondida,SCM,1
1883,578,5,27,35,Respondida,SCM,1
1884,718,5,21,7,Respondida,SCM,1
1885,341,5,16,35,Respondida,SCM,1
1886,111,4,17,12,Pendente,SCM,1
1887,522,2,13,35,Respondida,SCM,1
1888,537,1,21,2,Respondida,SCM,1
1889,652,5,12,7,Respondida,SCM,1
1890,182,5,9,2,Pendente,SCM,1
1891,577,4,14,9,Pendente,SCM,1
1892,4,6,17,7,Em Análise,SCM,1
1893,67,4,21,9,Respondida,SCM,1
1894,25,1,19,7,Pendente,SCM,1
1895,654,5,16,9,Respondida,SCM,1
1896,423,1,21,35,Respondida,SCM,1
1897,117,1,14,9,Em Análise,SCM,1
1898,190,1,25,7,Respondida,SCM,1
1899,221,5,25,35,Respondida,SCM,1
1900,359,5,19,35,Respondida,SCM,1
1901,682,5,25,35,Respondida,SCM,1
1902,571,4,27,2,Respondida,SCM,1
1903,48,4,14,35,Respondida,SCM,1
1904,119,1,6,4,Respondida,SCM,1
1905,130,1,19,4,Respondida,SCM,1
1906,383,2,10,7,Em Análise,SCM,1
1907,246,5,8,9,Pendente,SCM,1
1908,719,2,6,18,Respondida,SCM,1
1909,542,4,8,2,Respondida,SCM,1
1910,140,1,2,35,Respondida,SCM,1
1911,700,1,25,35,Respondida,SCM,1
1912,141,3,13,4,Respondida,SCM,1
1913,216,1,16,4,Respondida,SCM,1
1914,144,1,8,2,Respondida,SCM,1
1915,373,4,24,9,Pendente,SCM,1
1916,457,1,19,9,Em Análise,SCM,1
1917,459,4,18,35,Respondida,SCM,1
1918,22,2,21,34,Em Análise,SCM,1
1919,313,5,19,26,Respondida,SCM,1
1920,36,4,17,7,Respondida,SCM,1
1921,553,1,8,35,Pendente,SCM,1
1922,253,4,19,4,Pendente,SCM,1
1923,347,4,25,2,Respondida,SCM,1
1924,383,1,19,29,Pendente,SCM,1
1925,181,4,6,35,Respondida,SCM,1
1926,664,1,5,4,Respondida,SCM,1
1927,412,4,19,4,Respondida,SCM,1
1928,440,4,19,4,Respondida,SCM,1
1929,401,4,17,35,Respondida,SCM,1
1930,392,4,24,35,Em Análise,SCM,1
1931,281,1,19,35,Respondida,SCM,1
1932,121,4,4,35,Respondida,SCM,1
1933,114,3,19,4,Respondida,SCM,1
1934,522,4,14,7,Respondida,SCM,1
1935,473,5,17,9,Respondida,SCM,1
1936,133,1,25,9,Respondida,SCM,1
1937,520,1,25,35,Respondida,SCM,1
1938,523,1,13,7,Respondida,SCM,1
1939,51,2,14,4,Respondida,SCM,1
1940,639,4,25,35,Respondida,SCM,1
1941,577,2,19,35,Pendente,SCM,1
1942,57,4,25,9,Pendente,SCM,1
1943,525,4,25,7,Respondida,SCM,1
1944,226,4,25,35,Respondida,SCM,1
1945,198,4,5,4,Respondida,SCM,1
1946,283,4,4,2,Respondida,SCM,1
1947,434,1,8,9,Respondida,SCM,1
1948,205,5,2,35,Pendente,SCM,1
1949,8,4,6,9,Respondida,SCM,1
1950,63,2,19,7,Em Análise,SCM,1
1951,50,1,25,4,Respondida,SCM,1
1952,54,2,5,35,Pendente,SCM,1
1953,112,1,25,4,Em Análise,SCM,1
1954,451,2,9,35,Pendente,SCM,1
1955,42,1,16,4,Respondida,SCM,1
1956,165,4,25,4,Respondida,SCM,1
1957,237,4,21,35,Respondida,SCM,1
1958,651,4,21,7,Em Análise,SCM,1
1959,520,4,7,2,Em Análise,SCM,1
1960,138,4,2,4,Respondida,SCM,1
1961,256,1,10,4,Respondida,SCM,1
1962,482,1,9,4,Respondida,SCM,1
1963,95,2,25,35,Respondida,SCM,1
1964,367,2,16,35,Em Análise,SCM,1
1965,141,4,5,35,Respondida,SCM,1
1966,101,1,25,35,Respondida,SCM,1
1967,279,2,13,9,Pendente,SCM,1
1968,471,2,13,9,Respondida,SCM,1
1969,112,1,20,9,Respondida,SCM,1
1970,262,4,21,4,Respondida,SCM,1
1971,480,4,16,9,Respondida,SCM,1
1972,522,5,19,4,Em Análise,SCM,1
1973,59,1,25,35,Respondida,SCM,1
1974,512,4,7,9,Respondida,SCM,1
1975,234,4,25,2,Respondida,SCM,1
1976,363,1,21,12,Respondida,SCM,1
1977,84,2,27,35,Respondida,SCM,1
1978,261,4,21,9,Respondida,SCM,1
1979,714,3,24,9,Pendente,SCM,1
1980,710,4,8,2,Respondida,SCM,1
1981,653,5,25,35,Respondida,SCM,1
1982,299,1,25,9,Respondida,SCM,1
1983,726,5,21,35,Pendente,SCM,1
1984,592,5,5,35,Respondida,SCM,1
1985,148,4,21,4,Respondida,SCM,1
1986,597,1,25,35,Respondida,SCM,1
1987,491,1,9,35,Respondida,SCM,1
1988,350,5,25,29,Respondida,SCM,1
1989,471,1,16,4,Respondida,SCM,1
1990,202,1,21,35,Respondida,SCM,1
1991,712,4,11,35,Respondida,SCM,1
1992,63,1,19,35,Respondida,SCM,1
1993,312,1,14,4,Respondida,SCM,1
1994,690,4,25,2,Respondida,SCM,1
1995,83,1,17,9,Respondida,SCM,1
1996,510,4,24,9,Respondida,SCM,1
1997,396,1,19,9,Em Análise,SCM,1
1998,610,4,24,4,Respondida,SCM,1
1999,683,2,21,2,Em Análise,SCM,1
2000,235,4,25,7,Respondida,SCM,1
2001,398,4,19,7,Respondida,SCM,1
2002,681,5,5,12,Respondida,SCM,1
2003,659,5,25,4,Respondida,SCM,1
2004,264,4,17,7,Respondida,SCM,1
2005,231,4,14,4,Respondida,SCM,1
2006,439,4,13,35,Respondida,SCM,1
2007,5,5,10,9,Em Análise,SCM,1
2008,134,4,13,7,Pendente,SCM,1
2009,657,4,1,6,Respondida,SCM,1
2010,480,1,4,3,Respondida,SCM,1
2011,384,5,15,35,Respondida,SCM,1
2012,477,5,5,4,Respondida,SCM,1
2013,366,4,6,35,Respondida,SCM,1
2014,49,2,25,3,Respondida,SCM,1
2015,199,5,10,9,Respondida,SCM,1
2016,691,4,25,4,Respondida,SCM,1
2017,374,5,8,9,Respondida,SCM,1
2018,357,1,16,9,Respondida,SCM,1
2019,436,5,25,35,Respondida,SCM,1
2020,340,1,19,4,Pendente,SCM,1
2021,51,2,25,35,Respondida,SCM,1
2022,67,6,25,35,Respondida,SCM,1
2023,423,1,19,4,Respondida,SCM,1
2024,102,2,5,2,Em Análise,SCM,1
2025,524,4,19,4,Respondida,SCM,1
2026,702,4,14,4,Respondida,SCM,1
2027,316,3,26,9,Respondida,SCM,1
2028,421,4,22,29,Respondida,SCM,1
2029,674,4,19,35,Respondida,SCM,1
2030,506,4,14,4,Respondida,SCM,1
2031,722,1,21,4,Respondida,SCM,1
2032,164,5,25,4,Respondida,SCM,1
2033,587,5,10,9,Respondida,SCM,1
2034,454,4,20,4,Respondida,SCM,1
2035,108,4,25,35,Respondida,SCM,1
2036,453,1,25,35,Respondida,SCM,1
2037,489,4,19,35,Respondida,SCM,1
2038,411,1,25,35,Respondida,SCM,1
2039,508,1,2,7,Respondida,SCM,1
2040,445,4,25,29,Em Análise,SCM,1
2041,586,1,25,7,Em Análise,SCM,1
2042,380,4,19,35,Respondida,SCM,1
2043,363,2,19,35,Respondida,SCM,1
2044,561,4,19,4,Respondida,SCM,1
2045,457,2,19,4,Em Análise,SCM,1
2046,268,1,25,35,Pendente,SCM,1
2047,52,5,8,35,Respondida,SCM,1
2048,243,2,19,12,Em Análise,SCM,1
2049,89,3,16,9,Em Análise,SCM,1
2050,191,4,16,12,Pendente,SCM,1
2051,516,4,5,4,Em Análise,SCM,1
2052,45,5,20,12,Respondida,SCM,1
2053,317,5,25,7,Respondida,SCM,1
2054,325,5,11,2,Respondida,SCM,1
2055,35,6,21,35,Respondida,SCM,1
2056,226,5,19,35,Respondida,SCM,1
2057,433,5,26,7,Em Análise,SCM,1
2058,701,1,18,35,Em Análise,SCM,1
2059,717,5,10,4,Pendente,SCM,1
2060,290,4,19,35,Em Análise,SCM,1
2061,387,5,25,2,Respondida,SCM,1
2062,113,5,8,35,Respondida,SCM,1
2063,722,5,17,35,Pendente,SCM,1
2064,509,4,16,9,Respondida,SCM,1
2065,106,4,19,9,Respondida,SCM,1
2066,478,2,5,35,Respondida,SCM,1
2067,153,4,19,7,Respondida,SCM,1
2068,454,1,17,4,Respondida,SCM,1
2069,684,4,6,4,Pendente,SCM,1
2070,707,1,19,7,Respondida,SCM,1
2071,194,4,7,2,Pendente,SCM,1
2072,473,1,19,9,Pendente,SCM,1
2073,12,4,9,4,Respondida,SCM,1
2074,664,4,13,4,Respondida,SCM,1
2075,724,4,25,9,Pendente,SCM,1
2076,46,1,13,9,Em Análise,SCM,1
2077,499,4,10,35,Pendente,SCM,1
2078,423,4,9,4,Pendente,SCM,1
2079,566,4,19,35,Respondida,SCM,1
2080,210,1,17,35,Em Análise,SCM,1
2081,534,2,5,12,Respondida,SCM,1
2082,222,1,19,9,Respondida,SCM,1
2083,726,2,11,35,Respondida,SCM,1
2084,425,1,13,35,Respondida,SCM,1
2085,321,2,18,35,Em Análise,SCM,1
2086,157,5,16,35,Respondida,SCM,1
2087,552,5,19,35,Respondida,SCM,1
2088,657,4,19,9,Respondida,SCM,1
2089,113,4,16,22,Em Análise,SCM,1
2090,307,2,2,2,Respondida,SCM,1
2091,89,4,5,9,Respondida,SCM,1
2092,482,4,16,4,Respondida,SCM,1
2093,369,4,13,9,Em Análise,SCM,1
2094,451,2,19,34,Pendente,SCM,1
2095,590,5,25,4,Respondida,SCM,1
2096,154,4,25,9,Respondida,SCM,1
2097,289,4,13,9,Respondida,SCM,1
2098,497,5,5,2,Em Análise,SCM,1
2099,317,5,4,4,Respondida,SCM,1
2100,78,4,10,35,Pendente,SCM,1
2101,16,5,16,29,Respondida,SCM,1
2102,354,1,9,9,Respondida,SCM,1
2103,114,2,15,35,Respondida,SCM,1
2104,584,5,21,35,Respondida,SCM,1
2105,546,4,16,10,Respondida,SCM,1
2106,588,4,19,35,Pendente,SCM,1
2107,25,1,25,35,Respondida,SCM,1
2108,23,4,10,9,Pendente,SCM,1
2109,494,1,17,9,Respondida,SCM,1
2110,666,1,20,35,Respondida,SCM,1
2111,192,4,24,29,Pendente,SCM,1
2112,140,1,20,9,Em Análise,SCM,1
2113,479,1,4,35,Respondida,SCM,1
2114,618,4,27,4,Respondida,SCM,1
2115,303,5,19,34,Respondida,SCM,1
2116,691,5,10,35,Respondida,SCM,1
2117,379,5,14,35,Respondida,SCM,1
2118,341,1,17,35,Respondida,SCM,1
2119,689,5,22,35,Respondida,SCM,1
2120,295,5,20,4,Respondida,SCM,1
2121,519,1,25,26,Respondida,SCM,1
2122,100,4,23,35,Respondida,SCM,1
2123,29,1,25,7,Respondida,SCM,1
2124,12,4,15,10,Em Análise,SCM,1
2125,412,5,16,3,Respondida,SCM,1
2126,231,3,19,35,Respondida,SCM,1
2127,492,5,10,9,Pendente,SCM,1
2128,614,1,21,35,Respondida,SCM,1
2129,394,1,10,12,Respondida,SCM,1
2130,718,5,6,2,Respondida,SCM,1
2131,141,5,6,35,Respondida,SCM,1
2132,317,5,25,4,Respondida,SCM,1
2133,465,5,21,2,Respondida,SCM,1
2134,32,4,1,12,Respondida,SCM,1
2135,654,5,17,35,Respondida,SCM,1
2136,356,1,25,4,Respondida,SCM,1
2137,230,1,25,35,Respondida,SCM,1
2138,366,2,17,35,Respondida,SCM,1
2139,125,5,19,2,Respondida,SCM,1
2140,606,4,19,9,Pendente,SCM,1
2141,291,4,5,9,Respondida,SCM,1
2142,516,1,19,29,Respondida,SCM,1
2143,76,4,24,9,Respondida,SCM,1
2144,288,4,25,2,Em Análise,SCM,1
2145,449,4,19,9,Respondida,SCM,1
2146,145,5,25,2,Respondida,SCM,1
2147,41,4,1,2,Respondida,SCM,1
2148,673,4,25,35,Respondida,SCM,1
2149,307,4,25,7,Pendente,SCM,1
2150,470,1,25,9,Respondida,SCM,1
2151,679,6,25,4,Pendente,SCM,1
2152,641,6,21,4,Em Análise,SCM,1
2153,178,1,25,7,Respondida,SCM,1
2154,339,4,14,9,Respondida,SCM,1
2155,480,1,4,4,Respondida,SCM,1
2156,596,4,19,10,Respondida,SCM,1
2157,580,1,17,9,Respondida,SCM,1
2158,211,4,4,35,Pendente,SCM,1
2159,721,4,25,35,Respondida,SCM,1
2160,699,1,9,26,Em Análise,SCM,1
2161,592,2,10,35,Em Análise,SCM,1
2162,577,1,25,9,Pendente,SCM,1
2163,124,1,21,9,Pendente,SCM,1
2164,448,1,16,35,Respondida,SCM,1
2165,37,2,25,9,Respondida,SCM,1
2166,29,2,17,7,Pendente,SCM,1
2167,57,5,5,12,Em Análise,SCM,1
2168,729,4,9,2,Respondida,SCM,1
2169,115,4,17,35,Respondida,SCM,1
2170,140,4,11,4,Pendente,SCM,1
2171,492,5,25,4,Pendente,SCM,1
2172,560,5,17,9,Respondida,SCM,1
2173,499,1,25,35,Respondida,SCM,1
2174,98,6,21,35,Respondida,SCM,1
2175,606,5,25,7,Respondida,SCM,1
2176,588,2,21,35,Respondida,SCM,1
2177,187,1,19,35,Respondida,SCM,1
2178,315,3,4,35,Respondida,SCM,1
2179,371,4,25,9,Respondida,SCM,1
2180,240,1,16,4,Respondida,SCM,1
2181,605,1,13,9,Respondida,SCM,1
2182,440,4,16,4,Respondida,SCM,1
2183,154,4,10,4,Respondida,SCM,1
2184,651,1,17,26,Respondida,SCM,1
2185,668,2,5,9,Respondida,SCM,1
2186,494,4,19,9,Respondida,SCM,1
2187,367,1,25,35,Respondida,SCM,1
2188,208,1,6,2,Respondida,SCM,1
2189,182,1,17,4,Respondida,SCM,1
2190,536,5,5,4,Pendente,SCM,1
2191,303,1,13,35,Pendente,SCM,1
2192,296,5,25,35,Respondida,SCM,1
2193,664,1,19,2,Respondida,SCM,1
2194,289,4,17,4,Respondida,SCM,1
2195,556,4,19,10,Respondida,SCM,1
2196,227,1,16,2,Respondida,SCM,1
2197,388,5,11,4,Respondida,SCM,1
2198,336,5,4,4,Respondida,SCM,1
2199,196,4,9,35,Em Análise,SCM,1
2200,729,1,13,9,Respondida,SCM,1
2201,254,4,26,35,Pendente,SCM,1
2202,691,1,12,9,Respondida,SCM,1
2203,4,1,5,7,Respondida,SCM,1
2204,636,4,24,9,Em Análise,SCM,1
2205,613,4,8,2,Em Análise,SCM,1
2206,590,4,10,7,Respondida,SCM,1
2207,518,5,17,4,Respondida,SCM,1
2208,503,4,19,9,Respondida,SCM,1
2209,492,2,8,9,Pendente,SCM,1
2210,81,4,12,2,Respondida,SCM,1
2211,607,4,25,9,Respondida,SCM,1
2212,542,4,8,4,Respondida,SCM,1
2213,472,4,19,35,Pendente,SCM,1
2214,317,5,21,26,Pendente,SCM,1
2215,299,4,19,35,Respondida,SCM,1
2216,143,1,4,35,Em Análise,SCM,1
2217,108,2,13,7,Respondida,SCM,1
2218,495,4,17,4,Pendente,SCM,1
2219,413,6,13,35,Pendente,SCM,1
2220,75,1,6,2,Respondida,SCM,1
2221,166,4,25,2,Em Análise,SCM,1
2222,659,4,12,2,Respondida,SCM,1
2223,394,1,25,35,Pendente,SCM,1
2224,497,1,17,2,Respondida,SCM,1
2225,17,5,16,4,Respondida,SCM,1
2226,11,2,2,2,Respondida,SCM,1
2227,695,4,13,9,Em Análise,SCM,1
2228,356,4,25,4,Respondida,SCM,1
2229,382,4,16,35,Respondida,SCM,1
2230,46,4,25,35,Respondida,SCM,1
2231,10,1,16,35,Respondida,SCM,1
2232,494,2,21,2,Respondida,SCM,1
2233,182,5,13,7,Respondida,SCM,1
2234,308,5,25,4,Pendente,SCM,1
2235,588,5,25,35,Respondida,SCM,1
2236,642,4,13,35,Em Análise,SCM,1
2237,522,4,25,2,Respondida,SCM,1
2238,590,4,5,4,Pendente,SCM,1
2239,171,1,25,35,Respondida,SCM,1
2240,581,1,21,29,Respondida,SCM,1
2241,97,5,13,35,Respondida,SCM,1
2242,468,1,25,35,Respondida,SCM,1
2243,346,1,1,2,Respondida,SCM,1
2244,208,5,9,7,Respondida,SCM,1
2245,596,4,25,12,Respondida,SCM,1
2246,461,4,13,35,Respondida,SCM,1
2247,198,5,25,2,Respondida,SCM,1
2248,362,5,25,29,Respondida,SCM,1
2249,241,1,13,35,Respondida,SCM,1
2250,422,2,25,35,Respondida,SCM,1
2251,272,3,13,7,Respondida,SCM,1
2252,94,2,5,29,Respondida,SCM,1
2253,611,5,25,35,Respondida,SCM,1
2254,622,1,20,6,Respondida,SCM,1
2255,700,1,19,35,Respondida,SCM,1
2256,225,4,25,35,Respondida,SCM,1
2257,636,2,5,3,Em Análise,SCM,1
2258,729,1,23,4,Respondida,SCM,1
2259,521,4,19,9,Respondida,SCM,1
2260,344,4,25,35,Pendente,SCM,1
2261,7,5,26,4,Respondida,SCM,1
2262,321,1,13,12,Respondida,SCM,1
2263,125,4,24,7,Em Análise,SCM,1
2264,145,2,5,35,Pendente,SCM,1
2265,248,5,24,9,Respondida,SCM,1
2266,98,4,25,4,Respondida,SCM,1
2267,338,4,21,7,Respondida,SCM,1
2268,696,5,14,35,Respondida,SCM,1
2269,702,1,8,2,Respondida,SCM,1
2270,720,4,12,35,Respondida,SCM,1
2271,669,1,25,35,Pendente,SCM,1
2272,405,4,5,12,Respondida,SCM,1
2273,650,4,15,9,Respondida,SCM,1
2274,491,4,25,34,Respondida,SCM,1
2275,424,1,10,9,Pendente,SCM,1
2276,371,4,4,9,Respondida,SCM,1
2277,693,4,12,4,Respondida,SCM,1
2278,549,4,5,2,Respondida,SCM,1
2279,92,4,3,9,Em Análise,SCM,1
2280,278,1,10,8,Respondida,SCM,1
2281,433,1,16,2,Respondida,SCM,1
2282,166,5,20,4,Pendente,SCM,1
2283,430,2,9,35,Em Análise,SCM,1
2284,343,4,22,4,Respondida,SCM,1
2285,501,4,6,12,Respondida,SCM,1
2286,550,1,13,7,Respondida,SCM,1
2287,713,4,25,35,Pendente,SCM,1
2288,199,1,10,35,Respondida,SCM,1
2289,248,4,19,35,Respondida,SCM,1
2290,549,5,20,18,Respondida,SCM,1
2291,459,4,25,35,Respondida,SCM,1
2292,107,4,19,35,Pendente,SCM,1
2293,339,5,13,35,Respondida,SCM,1
2294,480,4,6,35,Respondida,SCM,1
2295,472,4,1,9,Respondida,SCM,1
2296,209,1,25,2,Respondida,SCM,1
2297,381,4,25,12,Respondida,SCM,1
2298,327,1,13,35,Respondida,SCM,1
2299,382,5,25,17,Respondida,SCM,1
2300,248,5,19,7,Pendente,SCM,1
2301,443,1,19,4,Respondida,SCM,1
2302,362,1,25,35,Pendente,SCM,1
2303,107,4,25,35,Respondida,SCM,1
2304,605,5,19,35,Respondida,SCM,1
2305,38,2,26,4,Pendente,SCM,1
2306,688,5,6,4,Pendente,SCM,1
2307,334,2,6,12,Em Análise,SCM,1
2308,316,5,9,35,Respondida,SCM,1
2309,571,4,9,35,Respondida,SCM,1
2310,238,1,2,9,Pendente,SCM,1
2311,564,4,25,4,Respondida,SCM,1
2312,441,1,4,4,Respondida,SCM,1
2313,215,4,13,35,Em Análise,SCM,1
2314,667,4,25,4,Em Análise,SCM,1
2315,549,5,15,9,Respondida,SCM,1
2316,572,1,8,4,Respondida,SCM,1
2317,233,5,25,35,Pendente,SCM,1
2318,312,1,25,35,Pendente,SCM,1
2319,652,4,8,35,Pendente,SCM,1
2320,334,4,21,35,Respondida,SCM,1
2321,169,2,21,7,Respondida,SCM,1
2322,145,4,17,12,Respondida,SCM,1
2323,596,4,13,35,Pendente,SCM,1
2324,565,5,13,7,Respondida,SCM,1
2325,415,5,16,4,Respondida,SCM,1
2326,417,1,4,12,Respondida,SCM,1
2327,351,1,8,35,Pendente,SCM,1
2328,492,3,25,35,Respondida,SCM,1
2329,170,4,5,9,Respondida,SCM,1
2330,21,1,14,2,Pendente,SCM,1
2331,395,1,25,12,Respondida,SCM,1
2332,653,1,25,7,Respondida,SCM,1
2333,664,2,6,4,Respondida,SCM,1
2334,494,1,27,4,Respondida,SCM,1
2335,476,4,16,9,Respondida,SCM,1
2336,424,4,16,9,Respondida,SCM,1
2337,199,4,6,4,Respondida,SCM,1
2338,555,5,21,35,Pendente,SCM,1
2339,457,4,19,9,Respondida,SCM,1
2340,604,4,17,35,Respondida,SCM,1
2341,273,4,7,9,Em Análise,SCM,1
2342,369,5,5,4,Pendente,SCM,1
2343,609,5,16,9,Pendente,SCM,1
2344,669,5,6,4,Respondida,SCM,1
2345,210,1,25,4,Respondida,SCM,1
2346,688,1,25,6,Respondida,SCM,1
2347,63,4,25,4,Pendente,SCM,1
2348,295,4,17,18,Respondida,SCM,1
2349,263,2,21,35,Respondida,SCM,1
2350,568,4,21,35,Pendente,SCM,1
2351,678,4,25,9,Respondida,SCM,1
2352,642,2,16,9,Em Análise,SCM,1
2353,408,4,19,9,Pendente,SCM,1
2354,265,1,15,35,Respondida,SCM,1
2355,719,4,5,7,Respondida,SCM,1
2356,516,5,20,2,Pendente,SCM,1
2357,603,1,25,9,Respondida,SCM,1
2358,661,2,9,35,Respondida,SCM,1
2359,568,5,21,9,Respondida,SCM,1
2360,670,5,13,9,Respondida,SCM,1
2361,170,5,25,9,Pendente,SCM,1
2362,613,5,13,35,Respondida,SCM,1
2363,168,1,19,35,Respondida,SCM,1
2364,730,1,11,4,Respondida,SCM,1
2365,29,5,9,9,Respondida,SCM,1
2366,362,4,17,35,Respondida,SCM,1
2367,37,2,13,7,Respondida,SCM,1
2368,665,4,19,9,Respondida,SCM,1
2369,588,4,25,9,Respondida,SCM,1
2370,245,4,19,35,Pendente,SCM,1
2371,712,5,19,35,Respondida,SCM,1
2372,561,1,13,9,Respondida,SCM,1
2373,293,1,19,35,Em Análise,SCM,1
2374,439,4,14,4,Respondida,SCM,1
2375,63,1,25,4,Pendente,SCM,1
2376,5,5,16,7,Pendente,SCM,1
2377,681,4,13,2,Pendente,SCM,1
2378,222,1,15,9,Respondida,SCM,1
2379,417,4,14,4,Respondida,SCM,1
2380,536,4,5,2,Respondida,SCM,1
2381,396,1,25,35,Respondida,SCM,1
2382,144,1,2,35,Em Análise,SCM,1
2383,208,2,25,7,Pendente,SCM,1
2384,302,5,13,4,Respondida,SCM,1
2385,360,4,21,35,Pendente,SCM,1
2386,273,4,14,35,Em Análise,SCM,1
2387,179,1,21,35,Respondida,SCM,1
2388,382,1,9,2,Respondida,SCM,1
2389,472,4,25,7,Respondida,SCM,1
2390,425,4,14,35,Pendente,SCM,1
2391,445,1,20,28,Respondida,SCM,1
2392,128,4,21,4,Respondida,SCM,1
2393,172,5,16,34,Pendente,SCM,1
2394,397,1,16,35,Respondida,SCM,1
2395,609,4,17,4,Respondida,SCM,1
2396,254,4,6,9,Respondida,SCM,1
2397,712,4,14,2,Respondida,SCM,1
2398,92,4,25,12,Respondida,SCM,1
2399,503,4,14,16,Respondida,SCM,1
2400,701,6,25,2,Pendente,SCM,1
2401,628,4,25,35,Respondida,SCM,1
2402,478,4,13,35,Respondida,SCM,1
2403,103,4,7,4,Respondida,SCM,1
2404,542,5,13,2,Respondida,SCM,1
2405,70,4,19,9,Em Análise,SCM,1
2406,339,4,13,35,Pendente,SCM,1
2407,304,2,19,35,Pendente,SCM,1
2408,355,4,16,35,Respondida,SCM,1
2409,361,4,21,35,Respondida,SCM,1
2410,670,5,19,35,Respondida,SCM,1
2411,463,4,5,35,Pendente,SCM,1
2412,379,4,9,9,Respondida,SCM,1
2413,410,4,21,35,Respondida,SCM,1
2414,581,2,27,9,Respondida,SCM,1
2415,229,4,16,35,Respondida,SCM,1
2416,31,4,13,29,Respondida,SCM,1
2417,217,4,18,35,Em Análise,SCM,1
2418,232,2,19,9,Respondida,SCM,1
2419,653,5,18,35,Em Análise,SCM,1
2420,468,4,25,4,Respondida,SCM,1
2421,685,4,21,35,Respondida,SCM,1
2422,150,5,17,35,Pendente,SCM,1
2423,546,5,8,7,Em Análise,SCM,1
2424,229,4,24,4,Pendente,SCM,1
2425,440,2,6,7,Em Análise,SCM,1
2426,729,4,19,35,Pendente,SCM,1
2427,320,3,5,35,Respondida,SCM,1
2428,523,1,19,2,Respondida,SCM,1
2429,310,1,17,9,Respondida,SCM,1
2430,638,4,25,4,Pendente,SCM,1
2431,550,4,8,9,Respondida,SCM,1
2432,617,1,13,9,Respondida,SCM,1
2433,324,5,25,35,Respondida,SCM,1
2434,612,1,5,7,Em Análise,SCM,1
2435,269,5,25,16,Respondida,SCM,1
2436,23,2,26,4,Respondida,SCM,1
2437,406,1,13,4,Respondida,SCM,1
2438,57,4,25,35,Pendente,SCM,1
2439,221,5,5,2,Em Análise,SCM,1
2440,514,4,25,35,Respondida,SCM,1
2441,306,2,15,9,Pendente,SCM,1
2442,689,4,13,35,Respondida,SCM,1
2443,623,5,24,4,Respondida,SCM,1
2444,642,5,13,29,Respondida,SCM,1
2445,666,5,1,7,Respondida,SCM,1
2446,532,4,5,35,Respondida,SCM,1
2447,358,5,11,35,Respondida,SCM,1
2448,666,3,25,4,Pendente,SCM,1
2449,56,4,19,35,Respondida,SCM,1
2450,120,4,25,4,Em Análise,SCM,1
2451,259,4,8,9,Respondida,SCM,1
2452,262,4,5,7,Respondida,SCM,1
2453,593,1,13,12,Respondida,SCM,1
2454,10,5,6,4,Respondida,SCM,1
2455,375,5,10,7,Em Análise,SCM,1
2456,448,4,25,4,Respondida,SCM,1
2457,213,1,20,35,Pendente,SCM,1
2458,233,4,20,4,Pendente,SCM,1
2459,228,4,19,26,Em Análise,SCM,1
2460,446,5,4,35,Respondida,SCM,1
2461,78,4,17,9,Respondida,SCM,1
2462,613,4,17,35,Respondida,SCM,1
2463,119,4,6,35,Respondida,SCM,1
2464,626,5,5,4,Respondida,SCM,1
2465,219,5,21,4,Respondida,SCM,1
2466,96,4,16,9,Respondida,SCM,1
2467,283,1,25,35,Respondida,SCM,1
2468,584,1,24,9,Respondida,SCM,1
2469,415,4,14,35,Pendente,SCM,1
2470,165,5,11,4,Respondida,SCM,1
2471,156,2,25,35,Pendente,SCM,1
2472,372,4,12,35,Respondida,SCM,1
2473,572,5,5,29,Respondida,SCM,1
2474,180,5,5,9,Respondida,SCM,1
2475,545,5,21,35,Respondida,SCM,1
2476,260,3,13,12,Respondida,SCM,1
2477,424,1,7,9,Respondida,SCM,1
2478,591,1,25,4,Em Análise,SCM,1
2479,74,5,25,35,Em Análise,SCM,1
2480,298,1,24,12,Respondida,SCM,1
2481,488,4,6,7,Respondida,SCM,1
2482,219,1,7,35,Respondida,SCM,1
2483,567,1,25,35,Pendente,SCM,1
2484,418,5,16,7,Em Análise,SCM,1
2485,298,4,13,2,Respondida,SCM,1
2486,435,1,6,4,Respondida,SCM,1
2487,614,4,25,4,Respondida,SCM,1
2488,689,4,14,35,Respondida,SCM,1
2489,509,5,17,4,Pendente,SCM,1
2490,92,4,9,9,Respondida,SCM,1
2491,634,4,16,35,Respondida,SCM,1
2492,563,5,20,9,Em Análise,SCM,1
2493,451,1,25,9,Em Análise,SCM,1
2494,191,1,13,4,Respondida,SCM,1
2495,228,5,17,9,Respondida,SCM,1
2496,507,6,16,7,Respondida,SCM,1
2497,348,4,23,35,Pendente,SCM,1
2498,289,3,4,4,Pendente,SCM,1
2499,148,5,4,4,Respondida,SCM,1
2500,730,4,5,4,Respondida,SCM,1
2501,488,1,16,12,Respondida,SCM,1
2502,145,4,6,2,Pendente,SCM,1
2503,597,2,25,35,Respondida,SCM,1
2504,582,4,14,7,Pendente,SCM,1
2505,196,5,25,35,Respondida,SCM,1
2506,343,4,19,35,Respondida,SCM,1
2507,342,5,5,35,Respondida,SCM,1
2508,7,2,13,35,Respondida,SCM,1
2509,725,5,16,4,Respondida,SCM,1
2510,110,2,25,4,Respondida,SCM,1
2511,675,5,5,2,Respondida,SCM,1
2512,564,1,13,4,Respondida,SCM,1
2513,558,3,8,9,Respondida,SCM,1
2514,346,4,19,2,Respondida,SCM,1
2515,62,5,19,4,Respondida,SCM,1
2516,271,5,20,9,Pendente,SCM,1
2517,540,4,18,4,Respondida,SCM,1
2518,19,5,17,12,Respondida,SCM,1
2519,716,2,5,4,Respondida,SCM,1
2520,175,4,21,2,Respondida,SCM,1
2521,435,2,25,4,Respondida,SCM,1
2522,464,4,13,4,Pendente,SCM,1
2523,188,4,6,35,Respondida,SCM,1
2524,275,4,13,9,Respondida,SCM,1
2525,177,1,16,4,Respondida,SCM,1
2526,61,4,27,35,Em Análise,SCM,1
2527,169,1,10,4,Respondida,SCM,1
2528,21,4,8,35,Respondida,SCM,1
2529,437,4,8,35,Respondida,SCM,1
2530,175,1,13,17,Respondida,SCM,1
2531,358,1,14,29,Respondida,SCM,1
2532,118,4,21,4,Respondida,SCM,1
2533,445,5,10,34,Respondida,SCM,1
2534,267,4,20,2,Respondida,SCM,1
2535,160,1,25,7,Respondida,SCM,1
2536,500,5,11,35,Pendente,SCM,1
2537,164,2,13,9,Respondida,SCM,1
2538,623,4,13,35,Respondida,SCM,1
2539,565,5,1,9,Pendente,SCM,1
2540,541,4,13,21,Respondida,SCM,1
2541,90,1,19,35,Em Análise,SCM,1
2542,381,2,16,11,Respondida,SCM,1
2543,606,4,15,29,Pendente,SCM,1
2544,582,5,12,26,Respondida,SCM,1
2545,525,5,9,4,Respondida,SCM,1
2546,387,1,22,35,Em Análise,SCM,1
2547,730,1,15,4,Respondida,SCM,1
2548,683,1,20,4,Respondida,SCM,1
2549,638,5,6,12,Respondida,SCM,1
2550,104,4,25,35,Respondida,SCM,1
2551,294,3,19,16,Pendente,SCM,1
2552,279,1,19,35,Respondida,SCM,1
2553,692,4,5,9,Respondida,SCM,1
2554,541,1,16,4,Respondida,SCM,1
2555,430,4,14,4,Respondida,SCM,1
2556,500,2,9,35,Respondida,SCM,1
2557,486,5,25,4,Respondida,SCM,1
2558,390,2,5,35,Pendente,SCM,1
2559,473,1,21,9,Respondida,SCM,1
2560,223,1,19,35,Pendente,SCM,1
2561,272,4,5,9,Pendente,SCM,1
2562,599,5,13,35,Respondida,SCM,1
2563,680,1,25,4,Pendente,SCM,1
2564,522,4,25,4,Em Análise,SCM,1
2565,119,5,12,9,Pendente,SCM,1
2566,294,4,26,12,Respondida,SCM,1
2567,365,4,9,35,Pendente,SCM,1
2568,304,4,17,12,Respondida,SCM,1
2569,220,4,21,2,Pendente,SCM,1
2570,236,4,6,7,Respondida,SCM,1
2571,275,4,13,4,Respondida,SCM,1
2572,718,1,5,35,Respondida,SCM,1
2573,535,4,6,16,Respondida,SCM,1
2574,441,5,24,35,Pendente,SCM,1
2575,60,4,13,35,Respondida,SCM,1
2576,177,1,5,35,Em Análise,SCM,1
2577,558,1,3,35,Respondida,SCM,1
2578,144,4,19,2,Respondida,SCM,1
2579,16,1,8,9,Respondida,SCM,1
2580,64,4,18,35,Em Análise,SCM,1
2581,78,4,16,9,Respondida,SCM,1
2582,533,4,8,9,Pendente,SCM,1
2583,453,4,25,4,Respondida,SCM,1
2584,355,1,25,7,Pendente,SCM,1
2585,440,1,17,35,Pendente,SCM,1
2586,136,4,18,2,Respondida,SCM,1
2587,394,4,17,9,Respondida,SCM,1
2588,42,1,25,7,Em Análise,SCM,1
2589,245,1,25,7,Pendente,SCM,1
2590,645,1,13,9,Respondida,SCM,1
2591,467,4,19,35,Respondida,SCM,1
2592,706,2,14,9,Respondida,SCM,1
2593,300,4,21,2,Respondida,SCM,1
2594,722,4,16,4,Em Análise,SCM,1
2595,538,4,5,2,Respondida,SCM,1
2596,155,4,24,35,Pendente,SCM,1
2597,691,4,24,35,Respondida,SCM,1
2598,545,2,19,4,Respondida,SCM,1
2599,7,5,20,12,Respondida,SCM,1
2600,190,5,17,4,Pendente,SCM,1
2601,473,4,24,2,Respondida,SCM,1
2602,284,6,9,7,Respondida,SCM,1
2603,375,5,25,2,Respondida,SCM,1
2604,698,1,19,35,Em Análise,SCM,1
2605,188,4,14,35,Respondida,SCM,1
2606,401,1,13,4,Respondida,SCM,1
2607,641,4,19,18,Respondida,SCM,1
2608,198,4,5,35,Respondida,SCM,1
2609,593,4,14,2,Respondida,SCM,1
2610,127,2,25,2,Pendente,SCM,1
2611,634,4,17,9,Respondida,SCM,1
2612,436,1,25,4,Respondida,SCM,1
2613,146,4,25,9,Respondida,SCM,1
2614,103,1,25,35,Pendente,SCM,1
2615,248,4,19,35,Pendente,SCM,1
2616,618,4,11,4,Respondida,SCM,1
2617,59,1,5,35,Em Análise,SCM,1
2618,334,2,13,9,Respondida,SCM,1
2619,370,1,12,34,Respondida,SCM,1
2620,356,1,14,2,Pendente,SCM,1
2621,500,1,24,4,Respondida,SCM,1
2622,725,4,25,35,Em Análise,SCM,1
2623,605,5,25,10,Em Análise,SCM,1
2624,542,4,14,12,Respondida,SCM,1
2625,166,4,18,34,Respondida,SCM,1
2626,684,1,16,4,Pendente,SCM,1
2627,246,5,19,35,Respondida,SCM,1
2628,165,4,25,35,Pendente,SCM,1
2629,545,4,5,12,Respondida,SCM,1
2630,544,4,10,35,Respondida,SCM,1
2631,442,5,5,35,Respondida,SCM,1
2632,602,5,20,12,Respondida,SCM,1
2633,557,1,5,29,Respondida,SCM,1
2634,497,1,19,35,Pendente,SCM,1
2635,11,4,6,12,Respondida,SCM,1
2636,513,5,7,35,Respondida,SCM,1
2637,544,4,5,35,Em Análise,SCM,1
2638,571,4,25,9,Respondida,SCM,1
2639,546,1,25,35,Pendente,SCM,1
2640,360,4,25,2,Pendente,SCM,1
2641,634,4,13,4,Respondida,SCM,1
2642,472,4,13,2,Respondida,SCM,1
2643,705,5,10,35,Em Análise,SCM,1
2644,408,1,10,12,Respondida,SCM,1
2645,403,4,16,12,Respondida,SCM,1
2646,286,4,17,35,Respondida,SCM,1
2647,105,4,21,2,Pendente,SCM,1
2648,521,5,10,35,Respondida,SCM,1
2649,421,5,19,17,Respondida,SCM,1
2650,267,4,12,9,Respondida,SCM,1
2651,643,1,19,35,Pendente,SCM,1
2652,49,1,21,35,Pendente,SCM,1
2653,599,4,25,2,Pendente,SCM,1
2654,707,1,25,35,Respondida,SCM,1
2655,51,5,25,12,Respondida,SCM,1
2656,532,1,25,9,Pendente,SCM,1
2657,689,5,16,9,Respondida,SCM,1
2658,497,1,21,35,Pendente,SCM,1
2659,628,4,6,2,Respondida,SCM,1
2660,646,4,22,35,Respondida,SCM,1
2661,178,1,19,4,Pendente,SCM,1
2662,31,5,19,10,Respondida,SCM,1
2663,253,4,9,7,Respondida,SCM,1
2664,251,4,11,9,Respondida,SCM,1
2665,105,1,25,34,Respondida,SCM,1
2666,318,5,1,2,Pendente,SCM,1
2667,576,5,5,35,Respondida,SCM,1
2668,357,4,4,35,Respondida,SCM,1
2669,119,5,20,35,Respondida,SCM,1
2670,334,4,14,12,Pendente,SCM,1
2671,335,4,15,4,Respondida,SCM,1
2672,18,1,25,2,Respondida,SCM,1
2673,510,5,10,35,Respondida,SCM,1
2674,57,4,25,7,Respondida,SCM,1
2675,615,5,2,4,Respondida,SCM,1
2676,428,1,25,9,Respondida,SCM,1
2677,100,1,11,9,Respondida,SCM,1
2678,376,1,25,7,Respondida,SCM,1
2679,702,4,4,35,Respondida,SCM,1
2680,358,4,21,4,Respondida,SCM,1
2681,497,4,21,35,Respondida,SCM,1
2682,42,1,24,9,Pendente,SCM,1
2683,330,1,11,9,Em Análise,SCM,1
2684,45,4,16,4,Respondida,SCM,1
2685,126,1,5,35,Pendente,SCM,1
2686,643,4,21,9,Em Análise,SCM,1
2687,614,1,25,7,Respondida,SCM,1
2688,469,1,12,4,Respondida,SCM,1
2689,214,2,16,12,Respondida,SCM,1
2690,481,4,5,9,Respondida,SCM,1
2691,159,4,25,9,Respondida,SCM,1
2692,83,6,5,7,Respondida,SCM,1
2693,301,1,16,9,Respondida,SCM,1
2694,32,1,19,7,Pendente,SCM,1
2695,568,4,17,4,Respondida,SCM,1
2696,104,4,16,9,Pendente,SCM,1
2697,517,5,13,35,Pendente,SCM,1
2698,265,1,19,4,Respondida,SCM,1
2699,123,5,12,9,Respondida,SCM,1
2700,309,1,14,4,Respondida,SCM,1
2701,226,4,25,7,Pendente,SCM,1
2702,485,1,19,35,Respondida,SCM,1
2703,676,4,17,9,Pendente,SCM,1
2704,372,5,19,29,Respondida,SCM,1
2705,28,4,21,4,Respondida,SCM,1
2706,138,4,19,2,Pendente,SCM,1
2707,24,4,16,4,Em Análise,SCM,1
2708,250,4,25,9,Respondida,SCM,1
2709,233,4,25,4,Pendente,SCM,1
2710,89,4,10,35,Respondida,SCM,1
2711,545,4,18,11,Respondida,SCM,1
2712,685,4,13,9,Respondida,SCM,1
2713,382,1,24,4,Em Análise,SCM,1
2714,451,4,13,4,Respondida,SCM,1
2715,592,1,16,7,Respondida,SCM,1
2716,606,4,26,10,Respondida,SCM,1
2717,420,4,15,35,Respondida,SCM,1
2718,107,4,25,35,Em Análise,SCM,1
2719,519,4,9,6,Respondida,SCM,1
2720,697,1,24,7,Respondida,SCM,1
2721,353,4,13,4,Respondida,SCM,1
2722,679,1,24,4,Respondida,SCM,1
2723,480,2,5,2,Respondida,SCM,1
2724,320,1,6,35,Pendente,SCM,1
2725,68,5,21,2,Respondida,SCM,1
2726,295,4,5,35,Em Análise,SCM,1
2727,377,1,5,4,Respondida,SCM,1
2728,715,1,17,35,Pendente,SCM,1
2729,282,1,9,9,Respondida,SCM,1
2730,718,4,17,4,Respondida,SCM,1
2731,621,4,10,7,Respondida,SCM,1
2732,500,1,25,9,Respondida,SCM,1
2733,513,1,16,35,Respondida,SCM,1
2734,328,4,6,35,Pendente,SCM,1
2735,255,5,21,9,Respondida,SCM,1
2736,268,1,13,35,Respondida,SCM,1
2737,655,4,16,12,Respondida,SCM,1
2738,509,2,19,34,Respondida,SCM,1
2739,724,4,6,35,Respondida,SCM,1
2740,216,5,13,2,Pendente,SCM,1
2741,323,2,19,4,Respondida,SCM,1
2742,573,5,25,35,Respondida,SCM,1
2743,100,1,25,9,Respondida,SCM,1
2744,120,3,10,35,Pendente,SCM,1
2745,52,5,25,9,Pendente,SCM,1
2746,593,4,5,2,Respondida,SCM,1
2747,667,1,19,4,Pendente,SCM,1
2748,135,4,19,2,Respondida,SCM,1
2749,543,4,19,9,Respondida,SCM,1
2750,391,4,17,35,Respondida,SCM,1
2751,699,2,7,35,Respondida,SCM,1
2752,453,1,5,9,Respondida,SCM,1
2753,407,5,5,9,Respondida,SCM,1
2754,220,1,10,9,Em Análise,SCM,1
2755,589,1,21,4,Respondida,SCM,1
2756,500,1,25,7,Respondida,SCM,1
2757,620,1,25,35,Respondida,SCM,1
2758,602,5,25,4,Pendente,SCM,1
2759,374,5,17,2,Em Análise,SCM,1
2760,434,5,21,9,Respondida,SCM,1
2761,209,5,16,35,Respondida,SCM,1
2762,391,4,13,9,Pendente,SCM,1
2763,287,4,9,29,Respondida,SCM,1
2764,683,4,19,35,Pendente,SCM,1
2765,512,1,13,35,Respondida,SCM,1
2766,436,4,10,9,Respondida,SCM,1
2767,286,4,17,9,Respondida,SCM,1
2768,161,5,24,9,Respondida,SCM,1
2769,514,1,21,7,Respondida,SCM,1
2770,679,4,4,9,Respondida,SCM,1
2771,432,4,7,35,Em Análise,SCM,1
2772,384,4,16,35,Respondida,SCM,1
2773,348,1,2,2,Em Análise,SCM,1
2774,701,4,12,7,Pendente,SCM,1
2775,117,5,21,35,Respondida,SCM,1
2776,124,4,16,35,Respondida,SCM,1
2777,1,4,21,35,Respondida,SCM,1
2778,710,4,25,7,Respondida,SCM,1
2779,88,1,25,4,Em Análise,SCM,1
2780,723,1,25,35,Respondida,SCM,1
2781,288,2,27,4,Pendente,SCM,1
2782,166,2,16,12,Respondida,SCM,1
2783,35,1,25,35,Respondida,SCM,1
2784,55,4,19,35,Respondida,SCM,1
2785,376,5,25,35,Respondida,SCM,1
2786,661,5,25,12,Respondida,SCM,1
2787,36,4,19,4,Respondida,SCM,1
2788,221,4,21,29,Respondida,SCM,1
2789,41,1,16,4,Em Análise,SCM,1
2790,40,4,7,18,Em Análise,SCM,1
2791,19,4,22,35,Respondida,SCM,1
2792,69,2,13,9,Respondida,SCM,1
2793,592,1,15,9,Respondida,SCM,1
2794,453,4,7,35,Respondida,SCM,1
2795,276,4,25,35,Pendente,SCM,1
2796,84,2,16,29,Em Análise,SCM,1
2797,241,5,8,35,Respondida,SCM,1
2798,257,4,2,12,Respondida,SCM,1
2799,590,1,10,2,Respondida,SCM,1
2800,707,1,6,10,Em Análise,SCM,1
2801,490,4,25,9,Em Análise,SCM,1
2802,109,5,25,2,Respondida,SCM,1
2803,368,4,27,35,Respondida,SCM,1
2804,149,5,19,6,Pendente,SCM,1
2805,696,5,20,35,Respondida,SCM,1
2806,33,6,19,9,Pendente,SCM,1
2807,668,4,25,12,Pendente,SCM,1
2808,465,6,19,35,Respondida,SCM,1
2809,355,4,19,9,Respondida,SCM,1
2810,458,3,10,4,Respondida,SCM,1
2811,418,4,1,9,Respondida,SCM,1
2812,602,1,11,9,Respondida,SCM,1
2813,179,4,5,9,Respondida,SCM,1
2814,368,4,11,9,Respondida,SCM,1
2815,633,5,1,2,Respondida,SCM,1
2816,445,4,5,35,Respondida,SCM,1
2817,109,5,25,35,Respondida,SCM,1
2818,224,1,17,35,Respondida,SCM,1
2819,684,1,25,35,Respondida,SCM,1
2820,650,6,10,18,Respondida,SCM,1
2821,121,4,12,12,Respondida,SCM,1
2822,428,5,13,4,Respondida,SCM,1
2823,550,2,19,35,Respondida,SCM,1
2824,652,5,16,2,Respondida,SCM,1
2825,437,2,17,9,Pendente,SCM,1
2826,598,1,10,4,Respondida,SCM,1
2827,419,5,22,4,Respondida,SCM,1
2828,93,1,25,4,Respondida,SCM,1
2829,144,1,19,9,Respondida,SCM,1
2830,82,1,25,35,Respondida,SCM,1
2831,301,1,24,2,Pendente,SCM,1
2832,625,5,16,9,Respondida,SCM,1
2833,311,4,1,16,Respondida,SCM,1
2834,611,4,11,35,Pendente,SCM,1
2835,592,2,13,7,Pendente,SCM,1
2836,516,4,14,7,Em Análise,SCM,1
2837,347,4,19,9,Pendente,SCM,1
2838,496,1,8,35,Respondida,SCM,1
2839,637,1,24,4,Respondida,SCM,1
2840,189,2,24,35,Pendente,SCM,1
2841,119,5,5,12,Respondida,SCM,1
2842,104,1,25,4,Respondida,SCM,1
2843,707,1,16,2,Pendente,SCM,1
2844,700,5,9,35,Pendente,SCM,1
2845,712,4,11,35,Respondida,SCM,1
2846,31,4,5,35,Em Análise,SCM,1
2847,44,1,2,4,Respondida,SCM,1
2848,7,5,21,26,Respondida,SCM,1
2849,683,6,13,9,Respondida,SCM,1
2850,569,4,21,9,Respondida,SCM,1
2851,517,4,19,12,Respondida,SCM,1
2852,680,5,19,35,Respondida,SCM,1
2853,385,4,25,35,Respondida,SCM,1
2854,110,1,5,35,Respondida,SCM,1
2855,610,5,5,29,Respondida,SCM,1
2856,562,3,6,9,Respondida,SCM,1
2857,595,4,25,2,Respondida,SCM,1
2858,422,5,21,7,Pendente,SCM,1
2859,446,4,13,9,Respondida,SCM,1
2860,499,1,13,35,Respondida,SCM,1
2861,363,1,25,2,Respondida,SCM,1
2862,464,4,1,2,Respondida,SCM,1
2863,646,2,14,35,Respondida,SCM,1
2864,596,5,24,18,Respondida,SCM,1
2865,337,4,16,26,Respondida,SCM,1
2866,213,1,19,4,Em Análise,SCM,1
2867,246,1,9,35,Respondida,SCM,1
2868,687,2,9,7,Pendente,SCM,1
2869,456,4,5,29,Respondida,SCM,1
2870,513,3,14,7,Respondida,SCM,1
2871,511,4,5,9,Respondida,SCM,1
2872,243,4,14,9,Respondida,SCM,1
2873,21,4,19,35,Respondida,SCM,1
2874,200,5,14,9,Respondida,SCM,1
2875,398,2,13,2,Respondida,SCM,1
2876,563,4,16,35,Respondida,SCM,1
2877,214,2,12,35,Respondida,SCM,1
2878,97,4,9,7,Respondida,SCM,1
2879,265,5,17,35,Respondida,SCM,1
2880,457,4,25,9,Respondida,SCM,1
2881,594,4,5,35,Respondida,SCM,1
2882,418,2,25,9,Respondida,SCM,1
2883,295,4,6,35,Respondida,SCM,1
2884,183,2,25,29,Respondida,SCM,1
2885,650,4,3,2,Respondida,SCM,1
2886,407,4,4,4,Respondida,SCM,1
2887,75,4,21,4,Respondida,SCM,1
2888,461,1,12,4,Respondida,SCM,1
2889,296,1,27,4,Respondida,SCM,1
2890,382,2,21,2,Respondida,SCM,1
2891,308,3,25,2,Em Análise,SCM,1
2892,183,5,16,35,Em Análise,SCM,1
2893,511,1,13,4,Respondida,SCM,1
2894,414,4,16,35,Pendente,SCM,1
2895,558,2,9,4,Em Análise,SCM,1
2896,10,1,25,4,Respondida,SCM,1
2897,244,5,24,35,Respondida,SCM,1
2898,524,1,12,9,Respondida,SCM,1
2899,102,5,25,9,Respondida,SCM,1
2900,222,1,5,7,Pendente,SCM,1
2901,407,5,13,9,Respondida,SCM,1
2902,564,5,13,4,Respondida,SCM,1
2903,262,4,25,26,Respondida,SCM,1
2904,724,2,5,35,Respondida,SCM,1
2905,25,4,25,35,Respondida,SCM,1
2906,309,5,25,2,Respondida,SCM,1
2907,99,5,25,35,Em Análise,SCM,1
2908,670,4,24,7,Respondida,SCM,1
2909,112,4,5,35,Respondida,SCM,1
2910,2,4,16,2,Respondida,SCM,1
2911,375,3,25,26,Respondida,SCM,1
2912,58,2,13,2,Respondida,SCM,1
2913,19,5,10,9,Em Análise,SCM,1
2914,107,4,25,9,Respondida,SCM,1
2915,418,5,19,12,Respondida,SCM,1
2916,393,5,19,4,Respondida,SCM,1
2917,77,1,8,9,Respondida,SCM,1
2918,394,4,9,35,Respondida,SCM,1
2919,532,4,13,12,Respondida,SCM,1
2920,619,6,27,35,Pendente,SCM,1
2921,110,4,12,4,Em Análise,SCM,1
2922,460,1,24,9,Respondida,SCM,1
2923,313,4,5,16,Respondida,SCM,1
2924,487,4,23,9,Pendente,SCM,1
2925,569,1,19,12,Respondida,SCM,1
2926,619,1,25,35,Respondida,SCM,1
2927,560,1,14,35,Respondida,SCM,1
2928,392,4,13,9,Respondida,SCM,1
2929,665,4,13,4,Pendente,SCM,1
2930,722,2,19,9,Respondida,SCM,1
2931,461,4,10,35,Respondida,SCM,1
2932,614,1,25,4,Respondida,SCM,1
2933,342,4,24,9,Pendente,SCM,1
2934,8,1,16,35,Respondida,SCM,1
2935,591,4,20,35,Respondida,SCM,1
2936,228,1,25,12,Em Análise,SCM,1
2937,283,2,8,35,Respondida,SCM,1
2938,78,4,19,9,Pendente,SCM,1
2939,529,4,24,35,Pendente,SCM,1
2940,389,4,25,35,Pendente,SCM,1
2941,115,3,27,9,Respondida,SCM,1
2942,136,4,24,35,Respondida,SCM,1
2943,256,2,11,4,Respondida,SCM,1
2944,47,4,21,12,Em Análise,SCM,1
2945,110,4,20,35,Respondida,SCM,1
2946,613,4,26,8,Respondida,SCM,1
2947,684,5,25,4,Respondida,SCM,1
2948,563,4,19,4,Pendente,SCM,1
2949,149,4,25,20,Respondida,SCM,1
2950,717,2,5,7,Respondida,SCM,1
2951,123,1,10,35,Pendente,SCM,1
2952,43,4,25,16,Pendente,SCM,1
2953,699,2,8,35,Respondida,SCM,1
2954,403,4,13,4,Em Análise,SCM,1
2955,285,1,16,2,Em Análise,SCM,1
2956,12,6,21,35,Respondida,SCM,1
2957,397,4,14,35,Respondida,SCM,1
2958,370,5,19,9,Respondida,SCM,1
2959,167,2,6,7,Respondida,SCM,1
2960,239,1,2,29,Em Análise,SCM,1
2961,34,2,19,26,Pendente,SCM,1
2962,161,1,14,9,Respondida,SCM,1
2963,45,1,25,9,Respondida,SCM,1
2964,177,1,25,4,Respondida,SCM,1
2965,368,4,4,4,Respondida,SCM,1
2966,722,5,25,4,Respondida,SCM,1
2967,486,2,17,35,Respondida,SCM,1
2968,319,4,19,35,Respondida,SCM,1
2969,427,4,9,2,Respondida,SCM,1
2970,100,4,13,10,Pendente,SCM,1
2971,635,2,25,4,Respondida,SCM,1
2972,202,1,17,4,Respondida,SCM,1
2973,383,4,10,9,Em Análise,SCM,1
2974,139,2,13,35,Respondida,SCM,1
2975,705,4,13,9,Respondida,SCM,1
2976,537,1,16,2,Pendente,SCM,1
2977,592,5,19,35,Pendente,SCM,1
2978,491,4,11,4,Em Análise,SCM,1
2979,693,2,19,2,Pendente,SCM,1
2980,319,1,7,26,Pendente,SCM,1
2981,329,4,25,4,Respondida,SCM,1
2982,676,4,13,35,Pendente,SCM,1
2983,537,4,17,20,Respondida,SCM,1
2984,423,1,20,12,Respondida,SCM,1
2985,607,5,21,35,Respondida,SCM,1
2986,686,5,24,35,Respondida,SCM,1
2987,534,5,25,9,Respondida,SCM,1
2988,266,1,17,35,Respondida,SCM,1
2989,522,4,11,35,Respondida,SCM,1
2990,510,4,8,4,Respondida,SCM,1
2991,409,3,19,9,Em Análise,SCM,1
2992,348,5,6,35,Respondida,SCM,1
2993,729,4,19,9,Respondida,SCM,1
2994,203,5,14,9,Respondida,SCM,1
2995,643,5,6,35,Respondida,SCM,1
2996,541,4,6,2,Respondida,SCM,1
2997,436,4,5,2,Pendente,SCM,1
2998,277,1,13,7,Pendente,SCM,1
2999,273,3,17,34,Respondida,SCM,1
3000,117,4,21,2,Respondida,SCM,1
3001,438,5,27,35,Pendente,SCM,1
3002,452,4,25,2,Pendente,SCM,1
3003,583,4,16,9,Pendente,SCM,1
3004,597,5,22,35,Pendente,SCM,1
3005,385,4,25,4,Respondida,SCM,1
3006,677,4,7,35,Respondida,SCM,1
3007,216,5,19,35,Respondida,SCM,1
3008,402,1,14,4,Pendente,SCM,1
3009,163,4,16,4,Pendente,SCM,1
3010,365,5,25,35,Pendente,SCM,1
3011,68,4,8,35,Respondida,SCM,1
3012,321,5,25,9,Respondida,SCM,1
3013,344,4,21,35,Respondida,SCM,1
3014,588,5,25,9,Respondida,SCM,1
3015,128,5,25,17,Respondida,SCM,1
3016,446,4,14,7,Pendente,SCM,1
3017,462,4,25,2,Pendente,SCM,1
3018,340,4,25,35,Respondida,SCM,1
3019,36,1,6,35,Respondida,SCM,1
3020,81,3,25,4,Pendente,SCM,1
3021,290,4,21,35,Respondida,SCM,1
3022,715,5,17,29,Respondida,SCM,1
3023,196,4,13,7,Respondida,SCM,1
3024,251,4,17,4,Respondida,SCM,1
3025,328,4,14,35,Respondida,SCM,1
3026,147,6,25,2,Respondida,SCM,1
3027,586,1,20,35,Respondida,SCM,1
3028,487,5,13,35,Pendente,SCM,1
3029,86,1,5,9,Respondida,SCM,1
3030,280,4,19,29,Respondida,SCM,1
3031,319,4,19,35,Respondida,SCM,1
3032,682,4,25,35,Respondida,SCM,1
3033,549,1,13,35,Respondida,SCM,1
3034,301,5,24,2,Respondida,SCM,1
3035,274,4,10,4,Respondida,SCM,1
3036,699,4,25,35,Respondida,SCM,1
3037,441,4,21,34,Respondida,SCM,1
3038,42,4,14,12,Respondida,SCM,1
3039,285,4,13,2,Respondida,SCM,1
3040,709,5,21,35,Respondida,SCM,1
3041,178,5,13,9,Pendente,SCM,1
3042,99,4,15,2,Respondida,SCM,1
3043,483,4,8,35,Respondida,SCM,1
3044,228,4,10,35,Respondida,SCM,1
3045,330,1,13,4,Respondida,SCM,1
3046,634,1,13,9,Respondida,SCM,1
3047,666,4,6,4,Respondida,SCM,1
3048,292,5,19,35,Respondida,SCM,1
3049,5,1,1,35,Respondida,SCM,1
3050,37,4,17,2,Respondida,SCM,1
3051,191,5,5,4,Respondida,SCM,1
3052,234,5,20,9,Em Análise,SCM,1
3053,4,4,25,35,Pendente,SCM,1
3054,700,4,9,26,Pendente,SCM,1
3055,207,5,20,35,Pendente,SCM,1
3056,532,4,7,4,Respondida,SCM,1
3057,76,5,19,7,Respondida,SCM,1
3058,599,1,9,35,Respondida,SCM,1
3059,153,5,16,9,Respondida,SCM,1
3060,234,4,19,7,Em Análise,SCM,1
3061,599,1,21,35,Pendente,SCM,1
3062,657,4,10,29,Respondida,SCM,1
3063,694,4,25,7,Respondida,SCM,1
3064,279,5,16,35,Pendente,SCM,1
3065,730,4,17,35,Respondida,SCM,1
3066,403,4,24,35,Pendente,SCM,1
3067,453,4,4,29,Em Análise,SCM,1
3068,569,1,15,9,Respondida,SCM,1
3069,79,4,8,4,Respondida,SCM,1
3070,631,1,25,9,Pendente,SCM,1
3071,657,4,25,9,Respondida,SCM,1
3072,625,4,13,35,Respondida,SCM,1
3073,543,1,25,35,Em Análise,SCM,1
3074,560,4,13,2,Pendente,SCM,1
3075,485,5,26,35,Respondida,SCM,1
3076,515,4,19,7,Respondida,SCM,1
3077,259,4,8,4,Pendente,SCM,1
3078,397,4,13,35,Respondida,SCM,1
3079,162,1,25,35,Respondida,SCM,1
3080,55,1,13,7,Em Análise,SCM,1
3081,726,4,23,4,Em Análise,SCM,1
3082,292,5,21,4,Respondida,SCM,1
3083,340,1,11,35,Pendente,SCM,1
3084,451,5,25,35,Respondida,SCM,1
3085,204,4,19,10,Em Análise,SCM,1
3086,42,4,19,35,Respondida,SCM,1
3087,220,4,18,29,Respondida,SCM,1
3088,599,5,25,9,Em Análise,SCM,1
3089,48,4,25,16,Respondida,SCM,1
3090,16,5,25,4,Respondida,SCM,1
3091,120,4,17,4,Respondida,SCM,1
3092,564,1,25,35,Pendente,SCM,1
3093,449,1,14,35,Respondida,SCM,1
3094,330,1,25,2,Em Análise,SCM,1
3095,273,1,23,2,Respondida,SCM,1
3096,260,1,13,9,Respondida,SCM,1
3097,102,4,5,35,Respondida,SCM,1
3098,478,2,6,7,Respondida,SCM,1
3099,588,4,5,4,Pendente,SCM,1
3100,523,2,16,35,Respondida,SCM,1
3101,61,4,25,4,Respondida,SCM,1
3102,622,4,19,35,Respondida,SCM,1
3103,467,2,5,9,Respondida,SCM,1
3104,387,4,15,35,Respondida,SCM,1
3105,487,5,11,2,Respondida,SCM,1
3106,378,5,16,4,Respondida,SCM,1
3107,71,4,17,2,Respondida,SCM,1
3108,219,4,25,2,Em Análise,SCM,1
3109,651,4,12,35,Em Análise,SCM,1
3110,564,4,17,9,Respondida,SCM,1
3111,92,4,25,35,Em Análise,SCM,1
3112,563,2,19,35,Respondida,SCM,1
3113,146,1,17,7,Respondida,SCM,1
3114,34,2,25,9,Respondida,SCM,1
3115,225,1,25,9,Respondida,SCM,1
3116,192,5,17,35,Respondida,SCM,1
3117,10,4,19,9,Pendente,SCM,1
3118,181,2,25,20,Respondida,SCM,1
3119,479,6,6,2,Em Análise,SCM,1
3120,576,4,5,2,Pendente,SCM,1
3121,692,4,14,7,Respondida,SCM,1
3122,383,4,19,4,Pendente,SCM,1
3123,346,1,9,4,Pendente,SCM,1
3124,692,4,8,9,Respondida,SCM,1
3125,351,1,17,7,Respondida,SCM,1
3126,20,4,19,2,Respondida,SCM,1
3127,95,5,17,35,Respondida,SCM,1
3128,177,4,13,29,Pendente,SCM,1
3129,267,4,25,4,Respondida,SCM,1
3130,89,3,14,4,Em Análise,SCM,1
3131,93,1,17,2,Respondida,SCM,1
3132,621,1,25,7,Respondida,SCM,1
3133,211,2,19,9,Respondida,SCM,1
3134,222,1,12,4,Respondida,SCM,1
3135,239,4,26,18,Respondida,SCM,1
3136,492,2,19,9,Respondida,SCM,1
3137,320,5,20,35,Respondida,SCM,1
3138,335,4,19,26,Respondida,SCM,1
3139,523,4,10,35,Respondida,SCM,1
3140,408,4,16,35,Respondida,SCM,1
3141,531,4,20,12,Respondida,SCM,1
3142,342,5,25,2,Respondida,SCM,1
3143,62,1,9,29,Respondida,SCM,1
3144,161,5,13,4,Respondida,SCM,1
3145,191,5,24,35,Respondida,SCM,1
3146,37,4,19,7,Respondida,SCM,1
3147,386,4,25,12,Respondida,SCM,1
3148,652,2,21,12,Pendente,SCM,1
3149,186,4,25,2,Respondida,SCM,1
3150,74,4,13,4,Respondida,SCM,1
3151,559,6,19,9,Respondida,SCM,1
3152,81,4,9,9,Respondida,SCM,1
3153,365,4,21,2,Respondida,SCM,1
3154,65,5,19,12,Respondida,SCM,1
3155,645,4,14,2,Respondida,SCM,1
3156,472,4,24,4,Respondida,SCM,1
3157,311,5,13,35,Respondida,SCM,1
3158,182,2,19,35,Respondida,SCM,1
3159,316,5,17,35,Respondida,SCM,1
3160,155,4,16,4,Pendente,SCM,1
3161,158,1,13,35,Respondida,SCM,1
3162,729,4,25,29,Respondida,SCM,1
3163,720,1,13,12,Respondida,SCM,1
3164,662,1,24,9,Respondida,SCM,1
3165,630,4,5,9,Em Análise,SCM,1
3166,567,2,9,2,Respondida,SCM,1
3167,278,1,16,35,Pendente,SCM,1
3168,108,5,26,35,Respondida,SCM,1
3169,592,4,6,9,Respondida,SCM,1
3170,128,4,5,35,Pendente,SCM,1
3171,352,1,25,2,Respondida,SCM,1
3172,109,3,5,7,Respondida,SCM,1
3173,32,5,25,4,Respondida,SCM,1
3174,539,4,8,2,Respondida,SCM,1
3175,695,1,25,7,Respondida,SCM,1
3176,292,4,13,35,Respondida,SCM,1
3177,68,4,21,4,Pendente,SCM,1
3178,636,1,5,29,Respondida,SCM,1
3179,119,5,25,2,Respondida,SCM,1
3180,240,4,13,9,Respondida,SCM,1
3181,115,4,21,2,Respondida,SCM,1
3182,413,4,13,7,Respondida,SCM,1
3183,229,4,16,35,Respondida,SCM,1
3184,154,5,16,26,Pendente,SCM,1
3185,618,1,16,35,Pendente,SCM,1
3186,10,5,17,35,Respondida,SCM,1
3187,479,5,27,35,Respondida,SCM,1
3188,557,1,13,35,Respondida,SCM,1
3189,30,4,17,7,Respondida,SCM,1
3190,562,4,12,35,Respondida,SCM,1
3191,385,2,15,9,Respondida,SCM,1
3192,234,5,10,2,Respondida,SCM,1
3193,341,2,24,7,Respondida,SCM,1
3194,41,1,25,35,Respondida,SCM,1
3195,67,4,16,2,Respondida,SCM,1
3196,184,2,10,8,Respondida,SCM,1
3197,607,1,21,12,Respondida,SCM,1
3198,150,4,15,18,Em Análise,SCM,1
3199,432,4,10,2,Em Análise,SCM,1
3200,606,5,24,35,Respondida,SCM,1
3201,588,4,10,35,Respondida,SCM,1
3202,327,4,27,4,Respondida,SCM,1
3203,495,1,15,7,Pendente,SCM,1
3204,76,5,13,7,Pendente,SCM,1
3205,428,4,27,29,Respondida,SCM,1
3206,497,2,17,4,Respondida,SCM,1
3207,642,5,19,12,Respondida,SCM,1
3208,632,4,17,35,Respondida,SCM,1
3209,545,1,6,20,Respondida,SCM,1
3210,254,1,24,4,Respondida,SCM,1
3211,25,5,16,35,Respondida,SCM,1
3212,719,2,25,7,Respondida,SCM,1
3213,258,4,19,35,Respondida,SCM,1
3214,507,4,17,2,Respondida,SCM,1
3215,242,5,20,12,Respondida,SCM,1
3216,161,1,22,2,Pendente,SCM,1
3217,236,5,13,7,Em Análise,SCM,1
3218,152,5,5,4,Em Análise,SCM,1
3219,378,4,13,9,Pendente,SCM,1
3220,688,1,7,12,Respondida,SCM,1
3221,454,4,16,7,Em Análise,SCM,1
3222,226,1,14,2,Pendente,SCM,1
3223,361,1,8,4,Respondida,SCM,1
3224,189,1,13,9,Respondida,SCM,1
3225,407,1,22,2,Respondida,SCM,1
3226,302,1,16,4,Respondida,SCM,1
3227,334,4,19,4,Pendente,SCM,1
3228,109,4,11,18,Respondida,SCM,1
3229,597,5,13,9,Em Análise,SCM,1
3230,680,1,25,4,Respondida,SCM,1
3231,8,4,21,7,Respondida,SCM,1
3232,458,1,17,9,Em Análise,SCM,1
3233,331,1,25,35,Respondida,SCM,1
3234,408,6,27,9,Respondida,SCM,1
3235,471,1,27,4,Em Análise,SCM,1
3236,386,5,16,35,Respondida,SCM,1
3237,211,5,25,2,Respondida,SCM,1
3238,211,1,13,4,Respondida,SCM,1
3239,2,4,14,2,Respondida,SCM,1
3240,46,4,25,7,Respondida,SCM,1
3241,445,4,17,9,Respondida,SCM,1
3242,77,5,16,9,Respondida,SCM,1
3243,582,1,5,9,Pendente,SCM,1
3244,611,4,13,9,Pendente,SCM,1
3245,443,4,7,35,Respondida,SCM,1
3246,168,1,12,2,Pendente,SCM,1
3247,215,4,25,35,Respondida,SCM,1
3248,207,4,21,4,Em Análise,SCM,1
3249,617,5,21,4,Respondida,SCM,1
3250,366,4,25,35,Respondida,SCM,1
3251,621,5,25,35,Respondida,SCM,1
3252,364,5,13,29,Respondida,SCM,1
3253,384,4,13,35,Respondida,SCM,1
3254,556,1,13,7,Pendente,SCM,1
3255,651,1,23,35,Pendente,SCM,1
3256,114,4,25,9,Em Análise,SCM,1
3257,59,1,25,35,Respondida,SCM,1
3258,33,5,19,35,Respondida,SCM,1
3259,717,4,19,9,Respondida,SCM,1
3260,192,1,13,35,Respondida,SCM,1
3261,122,1,5,2,Respondida,SCM,1
3262,551,4,19,2,Em Análise,SCM,1
3263,124,1,14,4,Respondida,SCM,1
3264,148,5,19,35,Pendente,SCM,1
3265,575,5,25,7,Pendente,SCM,1
3266,608,1,12,35,Em Análise,SCM,1
3267,112,1,25,35,Respondida,SCM,1
3268,307,5,19,35,Respondida,SCM,1
3269,664,4,19,7,Pendente,SCM,1
3270,439,1,13,4,Respondida,SCM,1
3271,3,1,12,4,Respondida,SCM,1
3272,660,5,26,9,Respondida,SCM,1
3273,550,4,19,4,Respondida,SCM,1
3274,728,1,25,3,Respondida,SCM,1
3275,633,1,17,4,Respondida,SCM,1
3276,666,4,25,35,Pendente,SCM,1
3277,489,5,16,35,Pendente,SCM,1
3278,534,4,5,4,Respondida,SCM,1
3279,521,4,7,35,Respondida,SCM,1
3280,145,1,25,2,Respondida,SCM,1
3281,121,1,19,7,Respondida,SCM,1
3282,715,4,5,9,Pendente,SCM,1
3283,56,5,17,35,Em Análise,SCM,1
3284,323,4,10,35,Em Análise,SCM,1
3285,53,5,12,4,Em Análise,SCM,1
3286,393,4,17,9,Pendente,SCM,1
3287,262,4,13,9,Respondida,SCM,1
3288,724,4,19,4,Respondida,SCM,1
3289,661,4,10,7,Respondida,SCM,1
3290,98,4,5,35,Respondida,SCM,1
3291,697,3,16,10,Pendente,SCM,1
3292,394,4,9,12,Pendente,SCM,1
3293,460,4,8,4,Respondida,SCM,1
3294,645,4,21,29,Em Análise,SCM,1
3295,79,2,13,4,Respondida,SCM,1
3296,63,1,11,12,Pendente,SCM,1
3297,105,5,25,7,Respondida,SCM,1
3298,100,1,6,2,Respondida,SCM,1
3299,210,5,25,29,Respondida,SCM,1
3300,338,4,16,9,Em Análise,SCM,1
3301,346,4,4,4,Respondida,SCM,1
3302,463,5,8,35,Respondida,SCM,1
3303,157,1,5,35,Respondida,SCM,1
3304,163,4,7,9,Respondida,SCM,1
3305,482,4,8,4,Respondida,SCM,1
3306,542,5,17,7,Respondida,SCM,1
3307,26,5,22,4,Respondida,SCM,1
3308,489,1,19,35,Pendente,SCM,1
3309,578,2,5,35,Respondida,SCM,1
3310,619,1,13,7,Respondida,SCM,1
3311,599,1,16,4,Respondida,SCM,1
3312,446,1,13,2,Respondida,SCM,1
3313,568,4,19,10,Em Análise,SCM,1
3314,253,1,25,35,Respondida,SCM,1
3315,100,5,24,2,Respondida,SCM,1
3316,562,5,11,7,Em Análise,SCM,1
3317,433,6,25,35,Em Análise,SCM,1
3318,511,4,21,4,Respondida,SCM,1
3319,535,4,13,7,Respondida,SCM,1
3320,484,4,22,35,Respondida,SCM,1
3321,317,4,12,12,Em Análise,SCM,1
3322,430,1,8,4,Respondida,SCM,1
3323,252,3,25,35,Em Análise,SCM,1
3324,135,1,25,26,Respondida,SCM,1
3325,707,4,8,35,Respondida,SCM,1
3326,325,1,4,35,Respondida,SCM,1
3327,389,5,17,4,Respondida,SCM,1
3328,384,1,16,29,Pendente,SCM,1
3329,33,4,19,2,Em Análise,SCM,1
3330,676,4,13,7,Respondida,SCM,1
3331,38,5,19,2,Pendente,SCM,1
3332,660,4,16,35,Pendente,SCM,1
3333,63,1,25,2,Respondida,SCM,1
3334,263,2,16,35,Pendente,SCM,1
3335,393,4,25,12,Respondida,SCM,1
3336,604,5,19,7,Respondida,SCM,1
3337,494,2,27,35,Respondida,SCM,1
3338,354,2,9,4,Respondida,SCM,1
3339,471,5,21,26,Respondida,SCM,1
3340,656,4,5,9,Respondida,SCM,1
3341,292,5,5,35,Respondida,SCM,1
3342,106,4,14,9,Respondida,SCM,1
3343,400,1,25,2,Pendente,SCM,1
3344,121,4,18,12,Em Análise,SCM,1
3345,344,1,13,2,Respondida,SCM,1
3346,147,5,25,4,Respondida,SCM,1
3347,652,4,19,2,Respondida,SCM,1
3348,700,4,14,4,Pendente,SCM,1
3349,533,2,25,4,Pendente,SCM,1
3350,504,1,18,4,Respondida,SCM,1
3351,252,4,17,35,Em Análise,SCM,1
3352,28,1,8,4,Respondida,SCM,1
3353,435,4,21,35,Respondida,SCM,1
3354,609,5,14,35,Respondida,SCM,1
3355,290,1,13,4,Respondida,SCM,1
3356,351,5,17,12,Respondida,SCM,1
3357,179,2,7,35,Respondida,SCM,1
3358,34,1,21,35,Respondida,SCM,1
3359,46,4,16,9,Respondida,SCM,1
3360,454,4,5,9,Respondida,SCM,1
3361,387,4,13,4,Em Análise,SCM,1
3362,529,4,5,2,Respondida,SCM,1
3363,494,4,26,2,Respondida,SCM,1
3364,477,4,14,35,Respondida,SCM,1
3365,522,4,14,35,Respondida,SCM,1
3366,56,4,25,12,Respondida,SCM,1
3367,709,2,25,12,Respondida,SCM,1
3368,327,4,26,26,Respondida,SCM,1
3369,710,5,25,4,Respondida,SCM,1
3370,354,5,25,7,Em Análise,SCM,1
3371,574,2,24,35,Em Análise,SCM,1
3372,72,4,20,2,Respondida,SCM,1
3373,161,2,4,4,Respondida,SCM,1
3374,626,1,23,12,Em Análise,SCM,1
3375,566,4,8,9,Pendente,SCM,1
3376,289,4,25,35,Respondida,SCM,1
3377,613,5,5,4,Pendente,SCM,1
3378,649,4,14,35,Respondida,SCM,1
3379,142,4,13,4,Respondida,SCM,1
3380,29,1,8,4,Respondida,SCM,1
3381,726,2,19,35,Respondida,SCM,1
3382,420,3,19,35,Respondida,SCM,1
3383,92,4,24,35,Respondida,SCM,1
3384,24,1,10,2,Respondida,SCM,1
3385,283,4,22,9,Respondida,SCM,1
3386,96,2,13,35,Respondida,SCM,1
3387,35,1,12,9,Respondida,SCM,1
3388,492,4,19,2,Pendente,SCM,1
3389,322,4,14,35,Respondida,SCM,1
3390,691,4,12,35,Respondida,SCM,1
3391,223,5,25,4,Respondida,SCM,1
3392,74,1,16,35,Pendente,SCM,1
3393,294,6,21,35,Respondida,SCM,1
3394,433,5,6,35,Respondida,SCM,1
3395,289,2,8,34,Pendente,SCM,1
3396,346,4,13,4,Respondida,SCM,1
3397,512,4,24,35,Respondida,SCM,1
3398,128,4,24,35,Respondida,SCM,1
3399,582,4,5,35,Respondida,SCM,1
3400,224,1,19,35,Respondida,SCM,1
3401,86,1,5,4,Respondida,SCM,1
3402,453,5,25,4,Respondida,SCM,1
3403,411,4,25,18,Respondida,SCM,1
3404,5,4,13,35,Respondida,SCM,1
3405,115,4,10,2,Respondida,SCM,1
3406,630,1,15,7,Respondida,SCM,1
3407,287,2,25,18,Respondida,SCM,1
3408,672,4,13,29,Respondida,SCM,1
3409,340,5,19,2,Respondida,SCM,1
3410,100,5,19,4,Pendente,SCM,1
3411,414,4,13,35,Respondida,SCM,1
3412,669,4,12,8,Respondida,SCM,1
3413,41,4,25,9,Respondida,SCM,1
3414,269,4,25,35,Respondida,SCM,1
3415,152,4,9,35,Pendente,SCM,1
3416,187,2,25,7,Respondida,SCM,1
3417,264,4,13,35,Respondida,SCM,1
3418,473,4,4,35,Respondida,SCM,1
3419,59,5,13,7,Pendente,SCM,1
3420,469,6,25,4,Respondida,SCM,1
3421,206,4,19,4,Respondida,SCM,1
3422,4,4,21,9,Respondida,SCM,1
3423,131,5,27,35,Respondida,SCM,1
3424,302,6,15,4,Pendente,SCM,1
3425,109,1,25,26,Respondida,SCM,1
3426,556,1,14,4,Respondida,SCM,1
3427,608,1,26,2,Respondida,SCM,1
3428,104,1,13,35,Respondida,SCM,1
3429,721,1,13,4,Em Análise,SCM,1
3430,309,4,13,12,Pendente,SCM,1
3431,495,4,13,4,Pendente,SCM,1
3432,445,4,5,2,Pendente,SCM,1
3433,393,4,25,35,Respondida,SCM,1
3434,652,1,10,4,Respondida,SCM,1
3435,529,5,19,9,Respondida,SCM,1
3436,247,5,23,35,Respondida,SCM,1
3437,93,1,25,35,Respondida,SCM,1
3438,321,1,25,35,Pendente,SCM,1
3439,62,1,25,9,Respondida,SCM,1
3440,516,4,13,4,Respondida,SCM,1
3441,128,4,16,35,Pendente,SCM,1
3442,362,4,16,35,Respondida,SCM,1
3443,569,2,5,35,Respondida,SCM,1
3444,313,4,10,9,Respondida,SCM,1
3445,27,4,17,12,Respondida,SCM,1
3446,172,4,17,35,Respondida,SCM,1
3447,603,1,17,4,Respondida,SCM,1
3448,457,5,13,7,Respondida,SCM,1
3449,391,1,5,4,Pendente,SCM,1
3450,54,4,13,4,Respondida,SCM,1
3451,104,4,25,4,Respondida,SCM,1
3452,680,4,19,35,Pendente,SCM,1
3453,375,4,5,35,Respondida,SCM,1
3454,662,4,16,35,Respondida,SCM,1
3455,351,5,21,9,Respondida,SCM,1
3456,382,4,21,2,Respondida,SCM,1
3457,346,4,25,35,Pendente,SCM,1
3458,212,1,10,2,Respondida,SCM,1
3459,217,4,17,9,Respondida,SCM,1
3460,535,4,16,4,Respondida,SCM,1
3461,198,1,25,4,Respondida,SCM,1
3462,212,1,19,4,Respondida,SCM,1
3463,604,2,10,35,Em Análise,SCM,1
3464,68,4,16,29,Respondida,SCM,1
3465,314,1,25,35,Respondida,SCM,1
3466,387,1,13,9,Respondida,SCM,1
3467,565,5,25,35,Pendente,SCM,1
3468,68,4,24,29,Respondida,SCM,1
3469,610,2,13,7,Respondida,SCM,1
3470,7,1,25,4,Respondida,SCM,1
3471,517,1,13,4,Respondida,SCM,1
3472,472,1,24,9,Respondida,SCM,1
3473,325,5,16,35,Em Análise,SCM,1
3474,436,5,13,7,Respondida,SCM,1
3475,250,1,24,10,Respondida,SCM,1
3476,482,2,13,35,Respondida,SCM,1
3477,339,2,21,4,Pendente,SCM,1
3478,339,4,17,9,Respondida,SCM,1
3479,658,5,19,35,Respondida,SCM,1
3480,92,4,13,9,Respondida,SCM,1
3481,85,2,14,35,Respondida,SCM,1
3482,694,5,13,4,Pendente,SCM,1
3483,166,4,12,7,Pendente,SCM,1
3484,334,4,5,2,Em Análise,SCM,1
3485,682,4,25,35,Pendente,SCM,1
3486,303,5,5,35,Respondida,SCM,1
3487,244,4,25,35,Pendente,SCM,1
3488,651,2,26,9,Respondida,SCM,1
3489,418,1,25,4,Respondida,SCM,1
3490,79,4,13,10,Em Análise,SCM,1
3491,689,4,7,35,Pendente,SCM,1
3492,193,4,9,12,Respondida,SCM,1
3493,18,1,25,35,Respondida,SCM,1
3494,711,1,6,35,Pendente,SCM,1
3495,478,1,17,35,Respondida,SCM,1
3496,619,5,17,35,Respondida,SCM,1
3497,129,1,25,9,Respondida,SCM,1
3498,206,2,10,35,Respondida,SCM,1
3499,167,5,25,2,Respondida,SCM,1
3500,90,1,16,16,Respondida,SCM,1
3501,623,4,14,35,Respondida,SCM,1
3502,469,1,25,35,Respondida,SCM,1
3503,231,1,13,9,Respondida,SCM,1
3504,389,1,19,7,Respondida,SCM,1
3505,573,4,21,35,Em Análise,SCM,1
3506,333,4,14,35,Respondida,SCM,1
3507,63,1,17,9,Respondida,SCM,1
3508,445,5,17,2,Respondida,SCM,1
3509,555,2,19,2,Pendente,SCM,1
3510,263,4,13,9,Pendente,SCM,1
3511,507,5,19,20,Respondida,SCM,1
3512,142,3,13,35,Respondida,SCM,1
3513,493,4,25,2,Respondida,SCM,1
3514,358,5,15,4,Respondida,SCM,1
3515,422,4,15,35,Pendente,SCM,1
3516,488,4,26,20,Respondida,SCM,1
3517,498,1,13,9,Respondida,SCM,1
3518,327,5,14,7,Respondida,SCM,1
3519,433,5,25,2,Em Análise,SCM,1
3520,368,4,25,7,Pendente,SCM,1
3521,462,1,21,7,Respondida,SCM,1
3522,409,5,5,9,Respondida,SCM,1
3523,401,3,25,34,Em Análise,SCM,1
3524,236,1,25,7,Respondida,SCM,1
3525,298,4,25,2,Pendente,SCM,1
3526,158,5,16,4,Respondida,SCM,1
3527,144,4,21,35,Respondida,SCM,1
3528,703,1,6,9,Respondida,SCM,1
3529,689,4,13,4,Respondida,SCM,1
3530,457,1,4,35,Respondida,SCM,1
3531,657,1,21,35,Pendente,SCM,1
3532,728,5,21,7,Respondida,SCM,1
3533,40,5,13,12,Respondida,SCM,1
3534,244,4,2,2,Em Análise,SCM,1
3535,3,5,21,20,Respondida,SCM,1
3536,497,4,18,2,Respondida,SCM,1
3537,49,4,25,35,Em Análise,SCM,1
3538,674,5,14,35,Respondida,SCM,1
3539,623,4,16,35,Respondida,SCM,1
3540,255,5,19,35,Em Análise,SCM,1
3541,689,1,25,7,Respondida,SCM,1
3542,125,1,13,35,Respondida,SCM,1
3543,666,4,14,2,Pendente,SCM,1
3544,126,4,25,2,Respondida,SCM,1
3545,5,4,24,4,Respondida,SCM,1
3546,694,4,25,2,Respondida,SCM,1
3547,347,4,25,29,Em Análise,SCM,1
3548,475,1,16,7,Em Análise,SCM,1
3549,457,4,8,9,Respondida,SCM,1
3550,204,4,25,35,Respondida,SCM,1
3551,68,4,25,7,Respondida,SCM,1
3552,707,5,9,9,Em Análise,SCM,1
3553,171,2,17,4,Respondida,SCM,1
3554,502,1,16,7,Respondida,SCM,1
3555,682,5,17,35,Respondida,SCM,1
3556,299,2,25,9,Respondida,SCM,1
3557,681,4,19,35,Respondida,SCM,1
3558,108,2,13,29,Respondida,SCM,1
3559,643,5,16,9,Em Análise,SCM,1
3560,558,4,6,4,Respondida,SCM,1
3561,285,4,13,11,Pendente,SCM,1
3562,427,4,19,29,Pendente,SCM,1
3563,716,1,18,35,Respondida,SCM,1
3564,558,4,19,7,Respondida,SCM,1
3565,648,4,19,26,Respondida,SCM,1
3566,280,2,19,2,Respondida,SCM,1
3567,375,4,13,3,Respondida,SCM,1
3568,14,1,13,7,Respondida,SCM,1
3569,20,5,25,35,Respondida,SCM,1
3570,34,3,5,12,Respondida,SCM,1
3571,593,4,14,4,Respondida,SCM,1
3572,284,4,25,2,Respondida,SCM,1
3573,158,4,13,4,Em Análise,SCM,1
3574,352,4,19,35,Respondida,SCM,1
3575,665,1,13,35,Respondida,SCM,1
3576,274,1,2,35,Em Análise,SCM,1
3577,32,1,25,9,Respondida,SCM,1
3578,289,4,19,2,Respondida,SCM,1
3579,73,1,21,35,Em Análise,SCM,1
3580,145,4,19,35,Respondida,SCM,1
3581,77,4,16,4,Pendente,SCM,1
3582,397,1,12,4,Respondida,SCM,1
3583,445,4,2,35,Respondida,SCM,1
3584,264,5,25,21,Em Análise,SCM,1
3585,40,1,9,4,Respondida,SCM,1
3586,405,1,18,35,Respondida,SCM,1
3587,254,4,17,35,Pendente,SCM,1
3588,577,1,11,4,Respondida,SCM,1
3589,250,2,21,9,Respondida,SCM,1
3590,443,1,25,35,Em Análise,SCM,1
3591,236,5,6,35,Respondida,SCM,1
3592,503,1,9,4,Respondida,SCM,1
3593,218,4,11,35,Em Análise,SCM,1
3594,228,5,13,7,Pendente,SCM,1
3595,702,4,25,9,Respondida,SCM,1
3596,462,1,9,9,Pendente,SCM,1
3597,326,2,24,9,Pendente,SCM,1
3598,285,4,13,9,Respondida,SCM,1
3599,80,5,25,35,Em Análise,SCM,1
3600,31,2,25,35,Respondida,SCM,1
3601,387,1,19,9,Respondida,SCM,1
3602,533,4,12,9,Respondida,SCM,1
3603,694,4,13,4,Respondida,SCM,1
3604,268,2,19,35,Respondida,SCM,1
3605,511,4,25,7,Respondida,SCM,1
3606,516,5,21,9,Em Análise,SCM,1
3607,132,4,26,4,Pendente,SCM,1
3608,361,2,25,4,Respondida,SCM,1
3609,614,5,13,7,Respondida,SCM,1
3610,670,4,22,4,Pendente,SCM,1
3611,173,5,5,35,Respondida,SCM,1
3612,27,1,5,35,Respondida,SCM,1
3613,408,5,25,35,Respondida,SCM,1
3614,271,5,14,9,Respondida,SCM,1
3615,186,5,25,9,Respondida,SCM,1
3616,52,4,24,35,Respondida,SCM,1
3617,229,3,5,35,Respondida,SCM,1
3618,162,4,25,35,Respondida,SCM,1
3619,543,4,9,4,Respondida,SCM,1
3620,236,4,25,35,Pendente,SCM,1
3621,508,5,25,4,Respondida,SCM,1
3622,221,5,25,35,Respondida,SCM,1
3623,618,3,21,4,Respondida,SCM,1
3624,438,5,21,35,Respondida,SCM,1
3625,10,4,4,35,Pendente,SCM,1
3626,86,5,8,9,Respondida,SCM,1
3627,422,4,19,9,Respondida,SCM,1
3628,411,1,14,35,Pendente,SCM,1
3629,420,4,19,9,Respondida,SCM,1
3630,320,1,25,4,Respondida,SCM,1
3631,112,4,8,12,Pendente,SCM,1
3632,711,4,17,9,Em Análise,SCM,1
3633,432,3,8,35,Pendente,SCM,1
3634,59,4,19,35,Pendente,SCM,1
3635,3,4,16,35,Pendente,SCM,1
3636,644,4,16,35,Respondida,SCM,1
3637,6,1,16,35,Pendente,SCM,1
3638,141,4,7,35,Respondida,SCM,1
3639,174,5,25,7,Respondida,SCM,1
3640,480,4,7,35,Respondida,SCM,1
3641,579,4,25,9,Em Análise,SCM,1
3642,497,5,14,9,Respondida,SCM,1
3643,305,2,25,35,Respondida,SCM,1
3644,437,4,13,35,Em Análise,SCM,1
3645,424,4,19,2,Respondida,SCM,1
3646,383,4,13,9,Respondida,SCM,1
3647,109,1,8,35,Respondida,SCM,1
3648,504,4,21,9,Respondida,SCM,1
3649,557,4,25,35,Respondida,SCM,1
3650,169,1,27,7,Respondida,SCM,1
3651,578,4,25,2,Pendente,SCM,1
3652,516,4,25,24,Respondida,SCM,1
3653,322,4,19,35,Em Análise,SCM,1
3654,589,4,25,35,Pendente,SCM,1
3655,402,2,2,29,Pendente,SCM,1
3656,346,4,23,9,Respondida,SCM,1
3657,261,1,10,7,Respondida,SCM,1
3658,174,1,21,2,Respondida,SCM,1
3659,221,1,25,35,Respondida,SCM,1
3660,232,5,25,34,Em Análise,SCM,1
3661,423,1,9,4,Respondida,SCM,1
3662,101,4,13,7,Em Análise,SCM,1
3663,717,1,19,4,Pendente,SCM,1
3664,178,4,19,9,Respondida,SCM,1
3665,20,1,8,9,Respondida,SCM,1
3666,534,4,25,4,Respondida,SCM,1
3667,10,1,21,35,Respondida,SCM,1
3668,700,5,13,20,Respondida,SCM,1
3669,113,1,16,6,Pendente,SCM,1
3670,653,1,18,4,Em Análise,SCM,1
3671,244,4,19,4,Respondida,SCM,1
3672,302,2,25,9,Respondida,SCM,1
3673,566,1,21,35,Respondida,SCM,1
3674,368,4,16,29,Pendente,SCM,1
3675,686,4,6,35,Em Análise,SCM,1
3676,456,4,17,35,Respondida,SCM,1
3677,551,5,13,35,Em Análise,SCM,1
3678,195,1,10,35,Respondida,SCM,1
3679,90,1,13,35,Pendente,SCM,1
3680,94,4,13,4,Respondida,SCM,1
3681,237,5,21,10,Respondida,SCM,1
3682,250,4,5,35,Respondida,SCM,1
3683,271,1,19,4,Respondida,SCM,1
3684,662,1,8,29,Respondida,SCM,1
3685,629,4,6,9,Respondida,SCM,1
3686,270,1,14,9,Pendente,SCM,1
3687,73,1,25,4,Respondida,SCM,1
3688,364,4,5,9,Respondida,SCM,1
3689,251,2,18,12,Respondida,SCM,1
3690,6,4,2,7,Respondida,SCM,1
3691,251,4,20,9,Respondida,SCM,1
3692,683,4,19,12,Pendente,SCM,1
3693,272,5,11,35,Respondida,SCM,1
3694,294,4,21,35,Respondida,SCM,1
3695,298,4,5,2,Pendente,SCM,1
3696,50,5,8,35,Respondida,SCM,1
3697,71,4,19,35,Respondida,SCM,1
3698,706,3,16,2,Respondida,SCM,1
3699,124,1,24,35,Respondida,SCM,1
3700,133,5,12,7,Respondida,SCM,1
3701,287,4,9,9,Respondida,SCM,1
3702,677,5,19,9,Respondida,SCM,1
3703,124,6,13,6,Respondida,SCM,1
3704,373,5,10,9,Respondida,SCM,1
3705,157,3,12,7,Respondida,SCM,1
3706,155,1,25,35,Respondida,SCM,1
3707,72,4,13,7,Respondida,SCM,1
3708,38,4,21,35,Respondida,SCM,1
3709,83,4,13,9,Respondida,SCM,1
3710,658,5,25,35,Em Análise,SCM,1
3711,99,4,14,9,Respondida,SCM,1
3712,625,4,25,26,Respondida,SCM,1
3713,177,4,8,9,Pendente,SCM,1
3714,291,4,13,2,Respondida,SCM,1
3715,608,5,25,4,Pendente,SCM,1
3716,384,4,17,2,Respondida,SCM,1
3717,548,5,14,9,Em Análise,SCM,1
3718,72,1,25,2,Pendente,SCM,1
3719,685,4,24,4,Respondida,SCM,1
3720,474,1,25,9,Respondida,SCM,1
3721,135,5,14,2,Respondida,SCM,1
3722,535,4,23,35,Pendente,SCM,1
3723,412,4,25,35,Respondida,SCM,1
3724,270,4,11,35,Pendente,SCM,1
3725,711,4,12,35,Respondida,SCM,1
3726,373,3,25,35,Respondida,SCM,1
3727,681,2,21,35,Respondida,SCM,1
3728,368,1,25,35,Respondida,SCM,1
3729,19,5,25,7,Respondida,SCM,1
3730,634,5,8,35,Respondida,SCM,1
3731,333,4,16,4,Respondida,SCM,1
3732,444,4,7,4,Respondida,SCM,1
3733,241,4,12,12,Pendente,SCM,1
3734,640,2,7,7,Respondida,SCM,1
3735,463,1,24,35,Em Análise,SCM,1
3736,307,1,24,2,Respondida,SCM,1
3737,252,4,21,9,Respondida,SCM,1
3738,337,1,20,35,Respondida,SCM,1
3739,161,4,25,4,Em Análise,SCM,1
3740,632,2,13,2,Respondida,SCM,1
3741,95,4,6,29,Respondida,SCM,1
3742,334,4,18,4,Respondida,SCM,1
3743,597,1,13,34,Em Análise,SCM,1
3744,122,1,19,2,Pendente,SCM,1
3745,655,4,4,35,Respondida,SCM,1
3746,229,4,8,12,Respondida,SCM,1
3747,543,1,24,9,Pendente,SCM,1
3748,677,2,25,35,Respondida,SCM,1
3749,463,2,25,9,Respondida,SCM,1
3750,487,5,21,35,Respondida,SCM,1
3751,202,3,8,12,Respondida,SCM,1
3752,17,4,12,35,Respondida,SCM,1
3753,191,4,8,35,Respondida,SCM,1
3754,46,4,19,35,Respondida,SCM,1
3755,478,4,5,9,Respondida,SCM,1
3756,385,5,19,35,Respondida,SCM,1
3757,678,2,25,9,Em Análise,SCM,1
3758,570,4,14,35,Respondida,SCM,1
3759,584,2,25,35,Respondida,SCM,1
3760,214,5,22,4,Respondida,SCM,1
3761,304,4,25,35,Respondida,SCM,1
3762,166,5,14,26,Pendente,SCM,1
3763,607,4,25,9,Em Análise,SCM,1
3764,400,1,12,4,Respondida,SCM,1
3765,260,4,19,9,Respondida,SCM,1
3766,4,5,10,9,Respondida,SCM,1
3767,576,3,27,2,Respondida,SCM,1
3768,493,1,25,35,Respondida,SCM,1
3769,504,1,13,11,Respondida,SCM,1
3770,600,4,11,9,Respondida,SCM,1
3771,278,4,13,35,Respondida,SCM,1
3772,671,2,27,7,Respondida,SCM,1
3773,183,5,25,35,Respondida,SCM,1
3774,709,5,8,7,Respondida,SCM,1
3775,395,5,9,35,Respondida,SCM,1
3776,261,1,14,7,Pendente,SCM,1
3777,376,1,25,35,Respondida,SCM,1
3778,36,4,18,9,Respondida,SCM,1
3779,10,5,11,9,Pendente,SCM,1
3780,613,3,9,9,Em Análise,SCM,1
3781,439,1,25,9,Respondida,SCM,1
3782,107,4,17,7,Respondida,SCM,1
3783,125,6,20,12,Respondida,SCM,1
3784,511,5,12,4,Em Análise,SCM,1
3785,277,1,21,9,Respondida,SCM,1
3786,431,1,13,4,Respondida,SCM,1
3787,201,4,25,2,Respondida,SCM,1
3788,94,5,10,4,Respondida,SCM,1
3789,705,1,19,35,Pendente,SCM,1
3790,668,4,19,35,Respondida,SCM,1
3791,233,1,12,35,Respondida,SCM,1
3792,679,5,14,4,Respondida,SCM,1
3793,109,2,6,2,Em Análise,SCM,1
3794,565,1,2,4,Pendente,SCM,1
3795,271,2,21,29,Respondida,SCM,1
3796,34,2,24,2,Pendente,SCM,1
3797,353,4,21,9,Em Análise,SCM,1
3798,257,2,17,12,Respondida,SCM,1
3799,115,4,19,9,Respondida,SCM,1
3800,148,4,25,4,Respondida,SCM,1
3801,705,1,25,35,Em Análise,SCM,1
3802,172,2,24,9,Respondida,SCM,1
3803,137,1,25,35,Respondida,SCM,1
3804,474,1,9,2,Respondida,SCM,1
3805,355,4,25,6,Respondida,SCM,1
3806,255,4,25,4,Respondida,SCM,1
3807,517,4,25,7,Respondida,SCM,1
3808,295,4,19,35,Respondida,SCM,1
3809,610,4,14,12,Pendente,SCM,1
3810,103,4,5,7,Respondida,SCM,1
3811,343,4,5,9,Respondida,SCM,1
3812,370,4,5,7,Respondida,SCM,1
3813,194,4,16,4,Respondida,SCM,1
3814,419,1,7,9,Respondida,SCM,1
3815,502,5,19,4,Respondida,SCM,1
3816,662,1,14,35,Respondida,SCM,1
3817,426,1,24,35,Em Análise,SCM,1
3818,428,4,15,4,Pendente,SCM,1
3819,221,4,5,7,Respondida,SCM,1
3820,507,5,25,2,Em Análise,SCM,1
3821,466,5,6,9,Respondida,SCM,1
3822,619,5,15,35,Respondida,SCM,1
3823,121,4,24,4,Respondida,SCM,1
3824,36,4,4,2,Pendente,SCM,1
3825,529,1,21,7,Respondida,SCM,1
3826,47,4,25,4,Respondida,SCM,1
3827,655,2,16,35,Respondida,SCM,1
3828,289,4,8,35,Respondida,SCM,1
3829,476,4,15,35,Respondida,SCM,1
3830,693,1,14,35,Pendente,SCM,1
3831,434,4,14,2,Respondida,SCM,1
3832,161,2,27,7,Pendente,SCM,1
3833,7,5,19,9,Respondida,SCM,1
3834,473,4,19,35,Respondida,SCM,1
3835,68,1,14,2,Respondida,SCM,1
3836,724,2,8,9,Respondida,SCM,1
3837,678,4,19,7,Respondida,SCM,1
3838,707,1,17,35,Em Análise,SCM,1
3839,98,4,19,9,Respondida,SCM,1
3840,524,1,13,35,Respondida,SCM,1
3841,715,3,10,35,Respondida,SCM,1
3842,712,1,20,35,Respondida,SCM,1
3843,592,1,8,35,Respondida,SCM,1
3844,668,5,21,4,Respondida,SCM,1
3845,295,5,25,4,Pendente,SCM,1
3846,208,4,25,9,Pendente,SCM,1
3847,630,5,25,9,Respondida,SCM,1
3848,1,1,19,9,Respondida,SCM,1
3849,33,1,19,35,Respondida,SCM,1
3850,340,4,17,35,Respondida,SCM,1
3851,457,1,8,4,Em Análise,SCM,1
3852,240,4,5,35,Respondida,SCM,1
3853,726,1,16,35,Pendente,SCM,1
3854,562,1,3,4,Respondida,SCM,1
3855,386,4,16,4,Respondida,SCM,1
3856,480,4,14,12,Em Análise,SCM,1
3857,327,1,25,9,Em Análise,SCM,1
3858,681,4,6,9,Respondida,SCM,1
3859,698,1,19,35,Em Análise,SCM,1
3860,560,4,5,35,Pendente,SCM,1
3861,214,5,6,26,Pendente,SCM,1
3862,151,2,3,35,Respondida,SCM,1
3863,511,5,13,9,Respondida,SCM,1
3864,57,2,25,35,Respondida,SCM,1
3865,605,4,13,4,Respondida,SCM,1
3866,292,4,3,35,Respondida,SCM,1
3867,339,1,25,35,Em Análise,SCM,1
3868,728,4,13,2,Respondida,SCM,1
3869,420,1,17,35,Respondida,SCM,1
3870,357,4,5,9,Respondida,SCM,1
3871,416,4,25,35,Pendente,SCM,1
3872,288,5,25,4,Respondida,SCM,1
3873,287,4,25,35,Respondida,SCM,1
3874,346,1,15,26,Respondida,SCM,1
3875,702,2,16,4,Respondida,SCM,1
3876,462,1,19,2,Respondida,SCM,1
3877,141,5,13,29,Respondida,SCM,1
3878,314,4,4,4,Respondida,SCM,1
3879,57,4,14,2,Pendente,SCM,1
3880,300,4,25,4,Respondida,SCM,1
3881,9,1,25,9,Pendente,SCM,1
3882,256,4,5,35,Respondida,SCM,1
3883,596,1,13,35,Respondida,SCM,1
3884,638,5,13,4,Em Análise,SCM,1
3885,716,1,25,4,Respondida,SCM,1
3886,435,4,11,4,Respondida,SCM,1
3887,670,1,16,7,Pendente,SCM,1
3888,371,1,16,29,Respondida,SCM,1
3889,671,2,19,35,Em Análise,SCM,1
3890,621,4,13,4,Respondida,SCM,1
3891,140,1,19,9,Respondida,SCM,1
3892,19,1,11,2,Respondida,SCM,1
3893,166,2,5,9,Respondida,SCM,1
3894,437,5,10,9,Em Análise,SCM,1
3895,274,4,13,4,Respondida,SCM,1
3896,524,1,4,9,Respondida,SCM,1
3897,387,4,25,35,Respondida,SCM,1
3898,96,4,21,4,Respondida,SCM,1
3899,156,1,12,7,Respondida,SCM,1
3900,405,5,17,2,Respondida,SCM,1
3901,150,1,5,35,Pendente,SCM,1
3902,340,4,25,4,Pendente,SCM,1
3903,191,1,25,35,Respondida,SCM,1
3904,277,5,25,9,Respondida,SCM,1
3905,360,2,27,35,Respondida,SCM,1
3906,714,6,13,35,Respondida,SCM,1
3907,344,1,16,35,Respondida,SCM,1
3908,594,1,2,16,Respondida,SCM,1
3909,542,5,16,2,Em Análise,SCM,1
3910,284,2,21,20,Respondida,SCM,1
3911,420,3,6,7,Pendente,SCM,1
3912,532,2,25,10,Respondida,SCM,1
3913,256,4,8,4,Respondida,SCM,1
3914,660,5,15,35,Respondida,SCM,1
3915,5,4,25,35,Em Análise,SCM,1
3916,344,5,1,35,Respondida,SCM,1
3917,215,5,9,9,Respondida,SCM,1
3918,181,4,25,35,Respondida,SCM,1
3919,235,4,16,4,Respondida,SCM,1
3920,122,2,26,35,Respondida,SCM,1
3921,715,4,16,4,Respondida,SCM,1
3922,383,4,19,35,Respondida,SCM,1
3923,725,5,15,35,Respondida,SCM,1
3924,428,4,10,12,Pendente,SCM,1
3925,486,5,16,35,Pendente,SCM,1
3926,465,1,25,4,Respondida,SCM,1
3927,417,4,25,35,Respondida,SCM,1
3928,536,5,25,9,Respondida,SCM,1
3929,566,4,24,7,Respondida,SCM,1
3930,418,1,6,35,Respondida,SCM,1
3931,441,5,5,4,Respondida,SCM,1
3932,700,4,21,35,Pendente,SCM,1
3933,167,2,16,9,Respondida,SCM,1
3934,211,1,6,35,Em Análise,SCM,1
3935,498,4,18,9,Em Análise,SCM,1
3936,337,2,8,4,Respondida,SCM,1
3937,636,4,25,2,Respondida,SCM,1
3938,584,3,19,35,Respondida,SCM,1
3939,358,4,24,10,Em Análise,SCM,1
3940,252,5,16,35,Respondida,SCM,1
3941,375,4,12,4,Respondida,SCM,1
3942,601,5,25,4,Respondida,SCM,1
3943,531,5,5,9,Respondida,SCM,1
3944,528,3,19,2,Respondida,SCM,1
3945,483,4,9,4,Respondida,SCM,1
3946,117,5,19,4,Respondida,SCM,1
3947,421,5,16,4,Respondida,SCM,1
3948,343,1,11,4,Pendente,SCM,1
3949,20,4,17,35,Respondida,SCM,1
3950,638,5,25,7,Em Análise,SCM,1
3951,30,4,25,4,Respondida,SCM,1
3952,680,4,16,4,Respondida,SCM,1
3953,429,4,19,2,Respondida,SCM,1
3954,240,1,6,12,Respondida,SCM,1
3955,92,5,19,4,Respondida,SCM,1
3956,387,4,25,35,Respondida,SCM,1
3957,661,2,21,9,Respondida,SCM,1
3958,11,4,19,4,Respondida,SCM,1
3959,266,4,25,35,Respondida,SCM,1
3960,80,1,13,9,Respondida,SCM,1
3961,398,2,19,9,Respondida,SCM,1
3962,39,1,19,7,Respondida,SCM,1
3963,459,4,13,35,Respondida,SCM,1
3964,1,4,15,34,Respondida,SCM,1
3965,599,4,19,9,Pendente,SCM,1
3966,62,5,12,12,Pendente,SCM,1
3967,664,4,16,9,Respondida,SCM,1
3968,493,4,14,4,Respondida,SCM,1
3969,269,4,25,2,Respondida,SCM,1
3970,664,4,4,4,Pendente,SCM,1
3971,193,4,19,2,Respondida,SCM,1
3972,62,4,8,35,Respondida,SCM,1
3973,251,4,25,9,Respondida,SCM,1
3974,128,1,23,9,Respondida,SCM,1
3975,553,4,21,35,Respondida,SCM,1
3976,368,2,25,2,Respondida,SCM,1
3977,419,4,24,29,Respondida,SCM,1
3978,659,6,5,9,Respondida,SCM,1
3979,710,4,6,9,Respondida,SCM,1
3980,475,1,25,4,Respondida,SCM,1
3981,582,4,25,4,Pendente,SCM,1
3982,158,2,21,2,Respondida,SCM,1
3983,106,4,22,9,Respondida,SCM,1
3984,256,1,14,2,Respondida,SCM,1
3985,713,4,19,35,Pendente,SCM,1
3986,619,4,1,2,Respondida,SCM,1
3987,328,5,14,35,Respondida,SCM,1
3988,404,2,4,4,Respondida,SCM,1
3989,589,1,13,35,Respondida,SCM,1
3990,721,5,15,7,Respondida,SCM,1
3991,524,2,8,35,Respondida,SCM,1
3992,35,5,25,4,Em Análise,SCM,1
3993,696,4,13,34,Respondida,SCM,1
3994,659,5,13,4,Respondida,SCM,1
3995,117,1,2,7,Em Análise,SCM,1
3996,518,1,21,2,Respondida,SCM,1
3997,168,4,15,2,Respondida,SCM,1
3998,114,4,25,2,Pendente,SCM,1
3999,598,4,21,35,Respondida,SCM,1
4000,47,4,25,35,Respondida,SCM,1
4001,411,1,5,16,Respondida,SCM,1
4002,461,4,11,9,Respondida,SCM,1
4003,342,4,22,7,Respondida,SCM,1
4004,729,1,19,12,Pendente,SCM,1
4005,583,4,19,2,Pendente,SCM,1
4006,114,1,19,9,Em Análise,SCM,1
4007,453,1,19,18,Respondida,SCM,1
4008,539,2,25,29,Respondida,SCM,1
4009,676,1,25,2,Respondida,SCM,1
4010,581,4,25,4,Respondida,SCM,1
4011,653,4,16,4,Em Análise,SCM,1
4012,172,4,25,9,Respondida,SCM,1
4013,288,2,21,35,Respondida,SCM,1
4014,473,5,25,9,Respondida,SCM,1
4015,52,1,5,4,Respondida,SCM,1
4016,49,5,13,4,Respondida,SCM,1
4017,695,5,25,4,Respondida,SCM,1
4018,318,1,19,7,Pendente,SCM,1
4019,36,5,25,35,Em Análise,SCM,1
4020,431,4,17,4,Pendente,SCM,1
4021,427,1,24,2,Respondida,SCM,1
4022,44,5,25,35,Respondida,SCM,1
4023,59,4,21,35,Em Análise,SCM,1
4024,407,4,13,4,Respondida,SCM,1
4025,81,5,16,35,Pendente,SCM,1
4026,288,4,16,9,Em Análise,SCM,1
4027,160,3,9,4,Respondida,SCM,1
4028,715,5,19,4,Respondida,SCM,1
4029,382,5,25,2,Respondida,SCM,1
4030,483,3,26,35,Respondida,SCM,1
4031,267,4,19,2,Respondida,SCM,1
4032,378,5,16,35,Respondida,SCM,1
4033,335,4,13,29,Em Análise,SCM,1
4034,135,4,25,9,Em Análise,SCM,1
4035,380,1,5,4,Respondida,SCM,1
4036,606,5,21,35,Respondida,SCM,1
4037,251,4,6,35,Em Análise,SCM,1
4038,96,4,15,7,Respondida,SCM,1
4039,267,1,25,4,Em Análise,SCM,1
4040,146,4,10,12,Respondida,SCM,1
4041,483,4,7,2,Pendente,SCM,1
4042,341,1,26,35,Respondida,SCM,1
4043,530,5,13,4,Pendente,SCM,1
4044,620,4,16,7,Respondida,SCM,1
4045,726,5,21,9,Respondida,SCM,1
4046,690,5,14,4,Pendente,SCM,1
4047,363,5,25,35,Pendente,SCM,1
4048,511,1,12,9,Respondida,SCM,1
4049,582,3,22,35,Respondida,SCM,1
4050,203,4,19,7,Respondida,SCM,1
4051,148,2,19,4,Respondida,SCM,1
4052,643,1,15,4,Respondida,SCM,1
4053,693,5,19,7,Respondida,SCM,1
4054,469,4,6,4,Respondida,SCM,1
4055,550,4,19,34,Pendente,SCM,1
4056,249,2,17,12,Respondida,SCM,1
4057,273,4,21,4,Respondida,SCM,1
4058,714,5,1,12,Respondida,SCM,1
4059,347,1,4,12,Respondida,SCM,1
4060,418,2,27,9,Pendente,SCM,1
4061,348,5,17,35,Pendente,SCM,1
4062,253,5,8,9,Respondida,SCM,1
4063,457,1,26,35,Respondida,SCM,1
4064,13,5,15,12,Respondida,SCM,1
4065,47,2,6,35,Respondida,SCM,1
4066,144,1,16,4,Pendente,SCM,1
4067,349,5,17,9,Em Análise,SCM,1
4068,55,1,17,9,Respondida,SCM,1
4069,175,5,15,35,Pendente,SCM,1
4070,194,5,13,18,Respondida,SCM,1
4071,120,4,5,9,Em Análise,SCM,1
4072,386,4,8,35,Respondida,SCM,1
4073,459,1,16,9,Respondida,SCM,1
4074,190,1,25,7,Respondida,SCM,1
4075,32,4,24,7,Respondida,SCM,1
4076,549,4,13,8,Respondida,SCM,1
4077,528,4,5,35,Respondida,SCM,1
4078,478,4,8,4,Respondida,SCM,1
4079,481,4,19,7,Respondida,SCM,1
4080,651,1,18,35,Pendente,SCM,1
4081,663,1,19,9,Respondida,SCM,1
4082,726,1,5,4,Respondida,SCM,1
4083,120,4,20,9,Respondida,SCM,1
4084,557,1,24,7,Pendente,SCM,1
4085,187,4,4,4,Respondida,SCM,1
4086,424,1,13,35,Respondida,SCM,1
4087,501,5,13,12,Respondida,SCM,1
4088,208,1,24,35,Respondida,SCM,1
4089,544,1,17,4,Respondida,SCM,1
4090,541,4,19,10,Respondida,SCM,1
4091,198,4,24,35,Respondida,SCM,1
4092,495,5,16,9,Respondida,SCM,1
4093,1,4,5,7,Respondida,SCM,1
4094,137,2,25,4,Respondida,SCM,1
4095,540,4,9,35,Respondida,SCM,1
4096,186,4,2,4,Respondida,SCM,1
4097,556,5,25,17,Respondida,SCM,1
4098,204,4,6,4,Pendente,SCM,1
4099,320,2,16,35,Respondida,SCM,1
4100,73,5,21,4,Respondida,SCM,1
4101,674,6,5,20,Respondida,SCM,1
4102,596,1,25,9,Pendente,SCM,1
4103,127,5,15,7,Respondida,SCM,1
4104,326,1,24,6,Respondida,SCM,1
4105,367,4,25,35,Respondida,SCM,1
4106,128,5,5,9,Respondida,SCM,1
4107,401,2,25,4,Em Análise,SCM,1
4108,449,5,19,35,Em Análise,SCM,1
4109,317,1,24,2,Respondida,SCM,1
4110,534,4,10,7,Respondida,SCM,1
4111,472,1,25,2,Pendente,SCM,1
4112,445,1,1,2,Pendente,SCM,1
4113,90,4,25,2,Respondida,SCM,1
4114,703,1,5,2,Respondida,SCM,1
4115,679,4,17,35,Respondida,SCM,1
4116,101,2,21,2,Em Análise,SCM,1
4117,264,5,19,9,Em Análise,SCM,1
4118,247,1,17,35,Respondida,SCM,1
4119,365,5,17,29,Pendente,SCM,1
4120,465,2,16,9,Em Análise,SCM,1
4121,484,5,25,2,Pendente,SCM,1
4122,175,1,7,9,Pendente,SCM,1
4123,138,2,19,29,Respondida,SCM,1
4124,478,5,4,9,Pendente,SCM,1
4125,187,2,5,35,Respondida,SCM,1
4126,507,5,21,35,Em Análise,SCM,1
4127,419,4,25,2,Respondida,SCM,1
4128,579,3,19,35,Respondida,SCM,1
4129,258,1,13,9,Respondida,SCM,1
4130,86,4,15,7,Em Análise,SCM,1
4131,93,4,9,35,Respondida,SCM,1
4132,458,4,14,35,Respondida,SCM,1
4133,694,5,12,35,Respondida,SCM,1
4134,725,4,18,9,Respondida,SCM,1
4135,637,4,24,35,Respondida,SCM,1
4136,437,5,21,29,Respondida,SCM,1
4137,382,4,25,10,Em Análise,SCM,1
4138,2,1,10,4,Respondida,SCM,1
4139,506,4,19,35,Respondida,SCM,1
4140,359,1,25,9,Respondida,SCM,1
4141,696,4,25,35,Respondida,SCM,1
4142,497,4,25,4,Respondida,SCM,1
4143,40,5,9,2,Respondida,SCM,1
4144,727,1,11,12,Respondida,SCM,1
4145,448,4,16,9,Respondida,SCM,1
4146,368,4,19,12,Respondida,SCM,1
4147,651,5,13,7,Respondida,SCM,1
4148,328,1,19,4,Em Análise,SCM,1
4149,293,4,25,35,Respondida,SCM,1
4150,112,4,22,4,Em Análise,SCM,1
4151,322,5,25,4,Pendente,SCM,1
4152,186,4,17,7,Respondida,SCM,1
4153,615,1,8,35,Respondida,SCM,1
4154,91,3,21,12,Pendente,SCM,1
4155,51,4,25,35,Respondida,SCM,1
4156,263,4,25,4,Respondida,SCM,1
4157,73,4,25,12,Respondida,SCM,1
4158,308,1,25,35,Respondida,SCM,1
4159,294,2,16,9,Respondida,SCM,1
4160,589,4,23,9,Em Análise,SCM,1
4161,346,4,7,35,Pendente,SCM,1
4162,614,1,5,4,Respondida,SCM,1
4163,447,4,19,35,Respondida,SCM,1
4164,639,4,25,2,Em Análise,SCM,1
4165,31,1,6,35,Respondida,SCM,1
4166,640,1,17,4,Respondida,SCM,1
4167,190,1,25,18,Respondida,SCM,1
4168,454,4,25,35,Em Análise,SCM,1
4169,404,4,19,9,Respondida,SCM,1
4170,419,1,25,4,Respondida,SCM,1
4171,73,4,5,9,Respondida,SCM,1
4172,543,1,25,35,Respondida,SCM,1
4173,588,1,5,35,Pendente,SCM,1
4174,192,1,5,4,Pendente,SCM,1
4175,654,1,16,35,Pendente,SCM,1
4176,257,1,5,35,Respondida,SCM,1
4177,511,4,1,35,Respondida,SCM,1
4178,494,4,22,2,Respondida,SCM,1
4179,644,4,25,35,Pendente,SCM,1
4180,682,5,20,4,Respondida,SCM,1
4181,347,5,2,35,Em Análise,SCM,1
4182,647,4,13,9,Respondida,SCM,1
4183,696,1,16,2,Em Análise,SCM,1
4184,685,1,25,12,Pendente,SCM,1
4185,328,2,5,2,Em Análise,SCM,1
4186,58,1,21,9,Pendente,SCM,1
4187,264,4,26,4,Respondida,SCM,1
4188,29,2,16,9,Pendente,SCM,1
4189,222,4,5,35,Respondida,SCM,1
4190,465,5,19,7,Respondida,SCM,1
4191,253,1,10,35,Respondida,SCM,1
4192,294,2,26,7,Respondida,SCM,1
4193,698,4,17,12,Respondida,SCM,1
4194,244,4,19,35,Respondida,SCM,1
4195,495,4,18,35,Respondida,SCM,1
4196,639,5,20,4,Respondida,SCM,1
4197,69,3,7,12,Respondida,SCM,1
4198,171,1,25,4,Respondida,SCM,1
4199,390,1,8,35,Respondida,SCM,1
4200,136,2,8,7,Respondida,SCM,1
4201,111,4,14,9,Em Análise,SCM,1
4202,207,1,13,35,Respondida,SCM,1
4203,80,5,6,7,Respondida,SCM,1
4204,25,2,14,7,Respondida,SCM,1
4205,290,1,19,4,Respondida,SCM,1
4206,270,5,17,7,Respondida,SCM,1
4207,565,4,8,9,Em Análise,SCM,1
4208,502,5,5,35,Pendente,SCM,1
4209,21,5,17,9,Respondida,SCM,1
4210,14,5,19,35,Respondida,SCM,1
4211,396,4,25,4,Respondida,SCM,1
4212,348,1,25,4,Respondida,SCM,1
4213,200,4,5,4,Respondida,SCM,1
4214,384,5,17,35,Respondida,SCM,1
4215,421,4,9,12,Respondida,SCM,1
4216,689,4,25,9,Respondida,SCM,1
4217,245,5,19,9,Respondida,SCM,1
4218,463,5,17,29,Respondida,SCM,1
4219,518,5,16,35,Respondida,SCM,1
4220,405,4,25,4,Respondida,SCM,1
4221,182,4,10,35,Pendente,SCM,1
4222,641,4,6,4,Respondida,SCM,1
4223,43,5,5,35,Pendente,SCM,1
4224,701,4,19,4,Respondida,SCM,1
4225,721,5,21,4,Respondida,SCM,1
4226,106,2,10,4,Respondida,SCM,1
4227,385,5,13,2,Respondida,SCM,1
4228,451,1,19,4,Pendente,SCM,1
4229,711,1,25,35,Respondida,SCM,1
4230,192,4,6,2,Pendente,SCM,1
4231,269,5,7,35,Respondida,SCM,1
4232,329,4,19,12,Respondida,SCM,1
4233,282,4,2,35,Respondida,SCM,1
4234,725,4,25,7,Respondida,SCM,1
4235,553,1,19,35,Em Análise,SCM,1
4236,77,2,25,4,Respondida,SCM,1
4237,703,4,20,9,Respondida,SCM,1
4238,651,4,25,4,Pendente,SCM,1
4239,578,5,25,35,Pendente,SCM,1
4240,562,4,25,9,Respondida,SCM,1
4241,179,1,25,7,Respondida,SCM,1
4242,135,5,6,4,Respondida,SCM,1
4243,220,2,21,35,Pendente,SCM,1
4244,67,4,21,29,Respondida,SCM,1
4245,282,4,19,9,Respondida,SCM,1
4246,702,4,25,26,Pendente,SCM,1
4247,508,4,13,9,Respondida,SCM,1
4248,198,5,21,9,Respondida,SCM,1
4249,193,4,26,35,Respondida,SCM,1
4250,250,5,16,9,Respondida,SCM,1
4251,431,1,11,9,Respondida,SCM,1
4252,432,4,6,4,Respondida,SCM,1
4253,494,5,19,4,Respondida,SCM,1
4254,600,1,4,4,Pendente,SCM,1
4255,308,2,15,29,Respondida,SCM,1
4256,345,1,13,9,Respondida,SCM,1
4257,183,4,27,7,Respondida,SCM,1
4258,339,1,25,35,Em Análise,SCM,1
4259,589,5,25,4,Respondida,SCM,1
4260,670,4,10,4,Respondida,SCM,1
4261,122,1,13,4,Respondida,SCM,1
4262,673,5,25,4,Respondida,SCM,1
4263,140,4,15,12,Respondida,SCM,1
4264,632,3,24,4,Respondida,SCM,1
4265,37,1,5,29,Respondida,SCM,1
4266,98,1,2,29,Respondida,SCM,1
4267,437,5,4,35,Respondida,SCM,1
4268,570,5,13,12,Em Análise,SCM,1
4269,454,2,14,4,Respondida,SCM,1
4270,193,1,6,24,Pendente,SCM,1
4271,150,2,25,9,Respondida,SCM,1
4272,702,1,19,6,Em Análise,SCM,1
4273,151,4,20,4,Respondida,SCM,1
4274,571,4,4,4,Respondida,SCM,1
4275,583,4,19,29,Respondida,SCM,1
4276,459,3,19,9,Respondida,SCM,1
4277,171,1,27,35,Respondida,SCM,1
4278,176,4,25,2,Respondida,SCM,1
4279,36,5,11,4,Respondida,SCM,1
4280,531,4,20,10,Respondida,SCM,1
4281,608,6,19,34,Respondida,SCM,1
4282,14,1,4,35,Respondida,SCM,1
4283,685,3,25,35,Respondida,SCM,1
4284,519,4,25,7,Respondida,SCM,1
4285,85,1,19,35,Em Análise,SCM,1
4286,335,1,17,4,Respondida,SCM,1
4287,657,1,16,9,Respondida,SCM,1
4288,278,2,13,4,Respondida,SCM,1
4289,645,1,25,2,Respondida,SCM,1
4290,557,1,21,9,Respondida,SCM,1
4291,233,5,11,2,Respondida,SCM,1
4292,523,4,16,4,Respondida,SCM,1
4293,459,2,11,2,Pendente,SCM,1
4294,434,4,18,2,Em Análise,SCM,1
4295,721,4,24,7,Respondida,SCM,1
4296,246,1,19,35,Respondida,SCM,1
4297,69,3,13,9,Respondida,SCM,1
4298,372,4,20,12,Respondida,SCM,1
4299,467,4,25,4,Respondida,SCM,1
4300,139,4,16,9,Respondida,SCM,1
4301,515,5,19,35,Respondida,SCM,1
4302,210,2,6,2,Respondida,SCM,1
4303,701,2,19,4,Respondida,SCM,1
4304,398,5,19,4,Respondida,SCM,1
4305,54,4,19,4,Pendente,SCM,1
4306,555,4,5,2,Respondida,SCM,1
4307,414,4,19,4,Respondida,SCM,1
4308,647,5,23,7,Pendente,SCM,1
4309,385,5,24,35,Respondida,SCM,1
4310,285,4,21,4,Pendente,SCM,1
4311,676,1,24,4,Respondida,SCM,1
4312,363,4,25,2,Respondida,SCM,1
4313,353,4,10,35,Respondida,SCM,1
4314,153,4,13,7,Respondida,SCM,1
4315,249,5,25,35,Pendente,SCM,1
4316,187,4,12,4,Respondida,SCM,1
4317,337,2,19,7,Respondida,SCM,1
4318,172,1,10,12,Respondida,SCM,1
4319,440,1,25,35,Respondida,SCM,1
4320,259,2,19,4,Respondida,SCM,1
4321,512,5,19,2,Respondida,SCM,1
4322,426,4,13,35,Respondida,SCM,1
4323,655,1,24,10,Respondida,SCM,1
4324,11,1,13,7,Respondida,SCM,1
4325,241,4,25,35,Respondida,SCM,1
4326,58,4,13,35,Em Análise,SCM,1
4327,366,4,25,4,Respondida,SCM,1
4328,293,4,25,35,Respondida,SCM,1
4329,639,3,25,35,Respondida,SCM,1
4330,467,2,20,9,Respondida,SCM,1
4331,651,5,13,35,Pendente,SCM,1
4332,703,4,16,12,Pendente,SCM,1
4333,266,1,18,4,Respondida,SCM,1
4334,643,1,25,9,Em Análise,SCM,1
4335,251,4,12,35,Respondida,SCM,1
4336,316,1,21,9,Pendente,SCM,1
4337,317,1,25,35,Respondida,SCM,1
4338,284,4,21,2,Respondida,SCM,1
4339,211,4,13,4,Respondida,SCM,1
4340,292,5,19,9,Pendente,SCM,1
4341,251,4,25,35,Em Análise,SCM,1
4342,298,4,16,7,Respondida,SCM,1
4343,485,2,14,9,Pendente,SCM,1
4344,319,4,4,16,Respondida,SCM,1
4345,124,4,10,9,Em Análise,SCM,1
4346,100,1,26,4,Respondida,SCM,1
4347,220,2,25,4,Em Análise,SCM,1
4348,72,3,17,7,Pendente,SCM,1
4349,1,4,15,9,Respondida,SCM,1
4350,596,4,6,18,Respondida,SCM,1
4351,670,4,19,7,Pendente,SCM,1
4352,355,5,25,35,Respondida,SCM,1
4353,296,4,5,35,Respondida,SCM,1
4354,344,4,23,4,Respondida,SCM,1
4355,578,1,8,35,Respondida,SCM,1
4356,442,4,25,35,Pendente,SCM,1
4357,500,1,25,26,Em Análise,SCM,1
4358,286,5,21,7,Em Análise,SCM,1
4359,393,4,19,35,Respondida,SCM,1
4360,242,4,19,26,Respondida,SCM,1
4361,123,2,5,9,Respondida,SCM,1
4362,440,4,20,4,Em Análise,SCM,1
4363,71,1,16,9,Respondida,SCM,1
4364,505,4,21,35,Respondida,SCM,1
4365,516,2,17,35,Pendente,SCM,1
4366,355,4,19,9,Em Análise,SCM,1
4367,607,4,24,7,Respondida,SCM,1
4368,60,4,25,4,Em Análise,SCM,1
4369,338,4,14,9,Em Análise,SCM,1
4370,219,1,13,4,Respondida,SCM,1
4371,659,1,14,26,Pendente,SCM,1
4372,648,1,5,4,Respondida,SCM,1
4373,233,1,5,2,Em Análise,SCM,1
4374,711,5,13,9,Respondida,SCM,1
4375,571,1,19,4,Respondida,SCM,1
4376,204,4,19,9,Respondida,SCM,1
4377,690,4,10,35,Em Análise,SCM,1
4378,562,4,3,12,Respondida,SCM,1
4379,418,4,4,9,Respondida,SCM,1
4380,57,4,25,35,Pendente,SCM,1
4381,169,5,5,9,Pendente,SCM,1
4382,184,5,19,9,Respondida,SCM,1
4383,642,4,16,35,Respondida,SCM,1
4384,332,3,8,9,Em Análise,SCM,1
4385,392,4,14,7,Respondida,SCM,1
4386,400,4,19,2,Respondida,SCM,1
4387,702,2,26,2,Respondida,SCM,1
4388,310,1,24,26,Respondida,SCM,1
4389,40,5,17,4,Respondida,SCM,1
4390,690,1,25,35,Respondida,SCM,1
4391,642,4,19,4,Respondida,SCM,1
4392,123,4,25,7,Respondida,SCM,1
4393,623,4,8,35,Respondida,SCM,1
4394,508,1,5,18,Em Análise,SCM,1
4395,547,4,16,7,Em Análise,SCM,1
4396,12,1,13,4,Em Análise,SCM,1
4397,350,1,9,35,Respondida,SCM,1
4398,245,4,19,35,Respondida,SCM,1
4399,295,4,23,4,Pendente,SCM,1
4400,397,4,25,2,Respondida,SCM,1
4401,93,1,19,4,Respondida,SCM,1
4402,345,1,25,35,Respondida,SCM,1
4403,608,4,25,4,Respondida,SCM,1
4404,199,4,25,2,Respondida,SCM,1
4405,169,5,15,9,Respondida,SCM,1
4406,486,5,21,4,Respondida,SCM,1
4407,647,1,3,35,Em Análise,SCM,1
4408,319,4,7,8,Pendente,SCM,1
4409,458,4,12,3,Respondida,SCM,1
4410,558,5,25,35,Respondida,SCM,1
4411,112,4,19,4,Respondida,SCM,1
4412,534,2,5,9,Respondida,SCM,1
4413,38,6,22,35,Respondida,SCM,1
4414,442,1,25,4,Respondida,SCM,1
4415,26,4,13,35,Respondida,SCM,1
4416,269,4,19,35,Respondida,SCM,1
4417,97,4,19,9,Respondida,SCM,1
4418,63,4,5,4,Pendente,SCM,1
4419,28,1,17,9,Respondida,SCM,1
4420,519,4,19,35,Respondida,SCM,1
4421,373,4,5,35,Respondida,SCM,1
4422,554,6,20,35,Respondida,SCM,1
4423,577,4,17,35,Respondida,SCM,1
4424,517,5,20,2,Respondida,SCM,1
4425,189,4,13,2,Pendente,SCM,1
4426,326,2,25,2,Respondida,SCM,1
4427,588,4,4,4,Respondida,SCM,1
4428,310,4,25,9,Respondida,SCM,1
4429,308,1,10,7,Pendente,SCM,1
4430,620,5,21,35,Em Análise,SCM,1
4431,512,1,25,12,Respondida,SCM,1
4432,322,2,19,26,Respondida,SCM,1
4433,49,5,25,35,Respondida,SCM,1
4434,168,1,5,9,Respondida,SCM,1
4435,355,2,15,35,Respondida,SCM,1
4436,575,1,5,4,Respondida,SCM,1
4437,524,4,19,35,Pendente,SCM,1
4438,346,1,19,35,Respondida,SCM,1
4439,505,2,19,12,Respondida,SCM,1
4440,435,5,13,9,Em Análise,SCM,1
4441,550,4,8,4,Respondida,SCM,1
4442,225,4,11,9,Respondida,SCM,1
4443,91,4,13,4,Respondida,SCM,1
4444,488,4,27,4,Pendente,SCM,1
4445,478,5,17,7,Respondida,SCM,1
4446,176,1,16,35,Respondida,SCM,1
4447,523,1,17,35,Respondida,SCM,1
4448,687,4,17,12,Pendente,SCM,1
4449,298,4,9,35,Pendente,SCM,1
4450,169,4,11,3,Em Análise,SCM,1
4451,350,4,10,2,Respondida,SCM,1
4452,378,5,19,35,Em Análise,SCM,1
4453,705,2,25,9,Respondida,SCM,1
4454,681,4,26,35,Respondida,SCM,1
4455,206,1,20,12,Respondida,SCM,1
4456,510,1,13,4,Respondida,SCM,1
4457,580,4,24,12,Respondida,SCM,1
4458,208,4,10,35,Em Análise,SCM,1
4459,274,1,25,10,Em Análise,SCM,1
4460,35,1,19,4,Respondida,SCM,1
4461,354,5,4,35,Respondida,SCM,1
4462,33,4,13,35,Pendente,SCM,1
4463,465,1,21,9,Respondida,SCM,1
4464,304,5,16,4,Em Análise,SCM,1
4465,544,1,6,35,Pendente,SCM,1
4466,424,4,15,35,Pendente,SCM,1
4467,193,5,5,35,Respondida,SCM,1
4468,630,4,21,4,Respondida,SCM,1
4469,52,4,25,9,Respondida,SCM,1
4470,280,1,16,26,Pendente,SCM,1
4471,700,1,24,8,Respondida,SCM,1
4472,287,1,13,7,Em Análise,SCM,1
4473,719,4,8,35,Respondida,SCM,1
4474,551,4,21,35,Respondida,SCM,1
4475,70,2,13,9,Em Análise,SCM,1
4476,566,4,25,4,Respondida,SCM,1
4477,56,4,25,35,Respondida,SCM,1
4478,131,5,7,4,Respondida,SCM,1
4479,155,4,2,7,Respondida,SCM,1
4480,559,4,5,2,Em Análise,SCM,1
4481,237,5,25,35,Respondida,SCM,1
4482,712,4,13,4,Respondida,SCM,1
4483,195,4,25,9,Respondida,SCM,1
4484,154,4,17,4,Respondida,SCM,1
4485,631,3,23,35,Respondida,SCM,1
4486,636,4,2,9,Respondida,SCM,1
4487,525,2,13,4,Respondida,SCM,1
4488,483,4,14,4,Respondida,SCM,1
4489,394,4,25,4,Pendente,SCM,1
4490,35,4,16,35,Respondida,SCM,1
4491,96,4,25,7,Respondida,SCM,1
4492,576,5,23,35,Respondida,SCM,1
4493,14,5,15,35,Respondida,SCM,1
4494,310,2,11,9,Respondida,SCM,1
4495,506,4,10,35,Pendente,SCM,1
4496,536,5,13,35,Respondida,SCM,1
4497,134,5,25,7,Respondida,SCM,1
4498,703,5,21,35,Respondida,SCM,1
4499,32,1,10,4,Respondida,SCM,1
4500,470,4,9,35,Em Análise,SCM,1
4501,307,4,25,4,Respondida,SCM,1
4502,124,5,25,4,Pendente,SCM,1
4503,594,4,25,35,Respondida,SCM,1
4504,522,4,19,9,Respondida,SCM,1
4505,505,4,13,35,Respondida,SCM,1
4506,148,5,3,9,Pendente,SCM,1
4507,545,4,24,35,Respondida,SCM,1
4508,419,4,25,2,Respondida,SCM,1
4509,150,5,13,35,Respondida,SCM,1
4510,310,5,24,35,Respondida,SCM,1
4511,132,5,20,4,Respondida,SCM,1
4512,182,5,25,9,Respondida,SCM,1
4513,554,1,25,4,Respondida,SCM,1
4514,435,1,5,2,Em Análise,SCM,1
4515,217,4,13,4,Pendente,SCM,1
4516,23,2,25,35,Pendente,SCM,1
4517,402,4,19,9,Respondida,SCM,1
4518,423,5,21,10,Respondida,SCM,1
4519,608,2,5,35,Respondida,SCM,1
4520,262,5,25,9,Em Análise,SCM,1
4521,606,4,12,7,Respondida,SCM,1
4522,127,4,25,9,Respondida,SCM,1
4523,394,4,25,35,Respondida,SCM,1
4524,445,5,25,2,Respondida,SCM,1
4525,642,1,25,12,Respondida,SCM,1
4526,66,1,25,35,Respondida,SCM,1
4527,348,1,24,2,Respondida,SCM,1
4528,299,1,25,4,Pendente,SCM,1
4529,50,5,9,9,Respondida,SCM,1
4530,623,4,7,9,Pendente,SCM,1
4531,94,2,5,12,Em Análise,SCM,1
4532,717,1,11,35,Pendente,SCM,1
4533,285,3,19,4,Respondida,SCM,1
4534,399,4,6,4,Respondida,SCM,1
4535,275,4,25,35,Respondida,SCM,1
4536,7,1,10,4,Respondida,SCM,1
4537,422,4,25,9,Pendente,SCM,1
4538,215,4,25,9,Respondida,SCM,1
4539,337,4,10,7,Em Análise,SCM,1
4540,101,4,25,2,Respondida,SCM,1
4541,244,5,13,7,Respondida,SCM,1
4542,725,1,5,9,Respondida,SCM,1
4543,540,4,25,4,Respondida,SCM,1
4544,542,2,19,35,Em Análise,SCM,1
4545,207,2,17,9,Respondida,SCM,1
4546,465,4,17,9,Respondida,SCM,1
4547,180,2,13,4,Respondida,SCM,1
4548,577,4,21,9,Respondida,SCM,1
4549,354,4,3,9,Respondida,SCM,1
4550,426,2,25,35,Respondida,SCM,1
4551,479,4,13,29,Respondida,SCM,1
4552,439,4,15,4,Em Análise,SCM,1
4553,51,4,13,11,Em Análise,SCM,1
4554,502,5,16,12,Em Análise,SCM,1
4555,622,4,17,35,Respondida,SCM,1
4556,710,4,5,12,Em Análise,SCM,1
4557,698,5,25,35,Pendente,SCM,1
4558,724,1,25,2,Respondida,SCM,1
4559,446,4,19,2,Respondida,SCM,1
4560,357,5,25,4,Respondida,SCM,1
4561,407,4,13,6,Em Análise,SCM,1
4562,355,5,25,7,Pendente,SCM,1
4563,244,1,9,4,Pendente,SCM,1
4564,252,5,5,9,Respondida,SCM,1
4565,697,2,6,2,Respondida,SCM,1
4566,273,5,19,12,Respondida,SCM,1
4567,150,5,25,29,Respondida,SCM,1
4568,259,4,19,9,Respondida,SCM,1
4569,661,5,14,16,Em Análise,SCM,1
4570,252,4,24,10,Respondida,SCM,1
4571,101,4,13,35,Pendente,SCM,1
4572,144,4,16,35,Respondida,SCM,1
4573,310,4,19,26,Pendente,SCM,1
4574,437,5,4,9,Respondida,SCM,1
4575,556,4,19,4,Respondida,SCM,1
4576,665,5,17,35,Respondida,SCM,1
4577,346,5,13,12,Respondida,SCM,1
4578,519,1,6,9,Respondida,SCM,1
4579,622,1,16,9,Respondida,SCM,1
4580,512,1,13,4,Pendente,SCM,1
4581,91,1,8,35,Respondida,SCM,1
4582,322,4,25,7,Respondida,SCM,1
4583,92,4,19,35,Pendente,SCM,1
4584,413,4,17,35,Respondida,SCM,1
4585,530,1,19,2,Respondida,SCM,1
4586,652,5,16,9,Respondida,SCM,1
4587,23,4,25,29,Pendente,SCM,1
4588,708,1,19,35,Pendente,SCM,1
4589,509,1,13,2,Respondida,SCM,1
4590,406,1,25,29,Respondida,SCM,1
4591,42,4,14,35,Respondida,SCM,1
4592,237,2,7,9,Respondida,SCM,1
4593,529,4,25,9,Em Análise,SCM,1
4594,252,5,20,12,Respondida,SCM,1
4595,551,4,19,35,Respondida,SCM,1
4596,682,2,25,35,Respondida,SCM,1
4597,654,5,4,4,Respondida,SCM,1
4598,703,4,11,35,Respondida,SCM,1
4599,280,1,17,4,Respondida,SCM,1
4600,706,5,9,7,Respondida,SCM,1
4601,4,4,21,9,Pendente,SCM,1
4602,330,4,5,35,Respondida,SCM,1
4603,365,1,25,2,Respondida,SCM,1
4604,697,6,25,35,Respondida,SCM,1
4605,584,4,25,9,Pendente,SCM,1
4606,225,1,19,7,Respondida,SCM,1
4607,526,1,25,9,Respondida,SCM,1
4608,241,1,13,4,Respondida,SCM,1
4609,705,1,25,7,Respondida,SCM,1
4610,119,5,16,35,Respondida,SCM,1
4611,360,1,25,4,Respondida,SCM,1
4612,303,1,15,4,Em Análise,SCM,1
4613,318,1,23,9,Respondida,SCM,1
4614,563,4,8,35,Pendente,SCM,1
4615,301,1,19,35,Pendente,SCM,1
4616,644,4,19,2,Respondida,SCM,1
4617,627,2,16,35,Respondida,SCM,1
4618,55,4,19,12,Respondida,SCM,1
4619,285,2,11,3,Respondida,SCM,1
4620,380,4,6,20,Pendente,SCM,1
4621,600,2,21,4,Respondida,SCM,1
4622,86,2,7,4,Em Análise,SCM,1
4623,148,1,14,4,Em Análise,SCM,1
4624,515,4,25,4,Pendente,SCM,1
4625,436,4,25,4,Respondida,SCM,1
4626,287,2,19,35,Pendente,SCM,1
4627,606,4,25,4,Respondida,SCM,1
4628,302,5,21,35,Respondida,SCM,1
4629,524,4,25,7,Em Análise,SCM,1
4630,483,5,16,4,Respondida,SCM,1
4631,662,4,3,4,Respondida,SCM,1
4632,272,4,19,4,Respondida,SCM,1
4633,702,5,8,9,Em Análise,SCM,1
4634,382,5,27,4,Em Análise,SCM,1
4635,91,4,6,35,Respondida,SCM,1
4636,62,4,15,35,Respondida,SCM,1
4637,442,4,19,4,Respondida,SCM,1
4638,694,4,7,9,Pendente,SCM,1
4639,304,4,24,7,Respondida,SCM,1
4640,720,4,16,12,Respondida,SCM,1
4641,167,4,10,35,Pendente,SCM,1
4642,473,4,15,12,Em Análise,SCM,1
4643,594,1,13,35,Respondida,SCM,1
4644,10,4,13,9,Pendente,SCM,1
4645,557,5,12,9,Em Análise,SCM,1
4646,663,4,6,35,Respondida,SCM,1
4647,512,4,25,7,Respondida,SCM,1
4648,651,4,21,6,Respondida,SCM,1
4649,708,2,6,34,Respondida,SCM,1
4650,177,1,25,9,Respondida,SCM,1
4651,468,1,25,9,Respondida,SCM,1
4652,531,5,13,29,Respondida,SCM,1
4653,213,4,9,9,Respondida,SCM,1
4654,619,4,13,6,Respondida,SCM,1
4655,475,1,10,4,Respondida,SCM,1
4656,609,4,16,35,Respondida,SCM,1
4657,13,4,19,12,Respondida,SCM,1
4658,334,2,14,2,Respondida,SCM,1
4659,630,4,19,35,Respondida,SCM,1
4660,699,4,8,35,Respondida,SCM,1
4661,186,4,25,4,Respondida,SCM,1
4662,91,5,25,35,Pendente,SCM,1
4663,24,1,25,9,Respondida,SCM,1
4664,515,4,25,2,Respondida,SCM,1
4665,687,1,5,35,Pendente,SCM,1
4666,432,5,13,9,Pendente,SCM,1
4667,324,2,25,35,Pendente,SCM,1
4668,498,2,14,35,Em Análise,SCM,1
4669,203,4,26,35,Em Análise,SCM,1
4670,311,1,9,9,Pendente,SCM,1
4671,635,5,25,35,Respondida,SCM,1
4672,343,1,27,4,Respondida,SCM,1
4673,429,1,19,35,Respondida,SCM,1
4674,8,2,25,12,Pendente,SCM,1
4675,467,5,18,35,Respondida,SCM,1
4676,121,1,19,35,Respondida,SCM,1
4677,724,4,7,35,Respondida,SCM,1
4678,550,1,7,9,Respondida,SCM,1
4679,560,4,9,35,Pendente,SCM,1
4680,601,5,25,9,Pendente,SCM,1
4681,67,1,13,35,Respondida,SCM,1
4682,443,4,24,35,Pendente,SCM,1
4683,334,1,24,2,Respondida,SCM,1
4684,728,5,25,2,Pendente,SCM,1
4685,159,4,13,35,Respondida,SCM,1
4686,469,2,10,12,Respondida,SCM,1
4687,142,4,14,35,Respondida,SCM,1
4688,510,1,21,35,Respondida,SCM,1
4689,506,5,25,35,Respondida,SCM,1
4690,586,4,2,2,Respondida,SCM,1
4691,570,4,23,35,Respondida,SCM,1
4692,260,5,6,35,Respondida,SCM,1
4693,316,5,8,10,Respondida,SCM,1
4694,314,4,18,12,Respondida,SCM,1
4695,373,4,20,4,Em Análise,SCM,1
4696,656,4,13,35,Respondida,SCM,1
4697,21,1,25,35,Respondida,SCM,1
4698,603,2,9,35,Respondida,SCM,1
4699,303,2,14,4,Respondida,SCM,1
4700,173,2,16,35,Respondida,SCM,1
4701,430,1,17,35,Respondida,SCM,1
4702,52,6,12,9,Pendente,SCM,1
4703,37,1,25,4,Respondida,SCM,1
4704,379,4,24,20,Em Análise,SCM,1
4705,179,1,16,4,Respondida,SCM,1
4706,22,4,27,29,Pendente,SCM,1
4707,90,4,25,7,Em Análise,SCM,1
4708,432,4,12,35,Respondida,SCM,1
4709,547,5,19,7,Pendente,SCM,1
4710,26,5,20,2,Respondida,SCM,1
4711,302,1,17,35,Em Análise,SCM,1
4712,296,4,17,4,Respondida,SCM,1
4713,654,2,14,35,Respondida,SCM,1
4714,127,4,6,2,Respondida,SCM,1
4715,455,1,25,35,Respondida,SCM,1
4716,557,4,13,4,Respondida,SCM,1
4717,428,4,9,4,Respondida,SCM,1
4718,729,2,24,4,Respondida,SCM,1
4719,111,5,6,16,Em Análise,SCM,1
4720,454,4,13,9,Respondida,SCM,1
4721,18,5,13,35,Pendente,SCM,1
4722,473,5,13,2,Respondida,SCM,1
4723,157,4,27,4,Em Análise,SCM,1
4724,339,4,17,35,Respondida,SCM,1
4725,364,2,25,26,Respondida,SCM,1
4726,396,4,13,7,Respondida,SCM,1
4727,453,1,13,9,Pendente,SCM,1
4728,91,1,25,9,Respondida,SCM,1
4729,643,1,17,35,Respondida,SCM,1
4730,237,4,24,35,Respondida,SCM,1
4731,110,4,14,35,Respondida,SCM,1
4732,95,5,13,35,Respondida,SCM,1
4733,155,1,25,35,Respondida,SCM,1
4734,434,4,21,9,Respondida,SCM,1
4735,444,4,21,4,Respondida,SCM,1
4736,200,5,11,2,Em Análise,SCM,1
4737,125,2,19,35,Em Análise,SCM,1
4738,497,4,12,2,Respondida,SCM,1
4739,712,4,25,12,Respondida,SCM,1
4740,130,4,9,35,Respondida,SCM,1
4741,62,1,14,4,Pendente,SCM,1
4742,602,4,5,29,Pendente,SCM,1
4743,609,4,25,4,Respondida,SCM,1
4744,271,5,25,29,Pendente,SCM,1
4745,151,5,19,35,Respondida,SCM,1
4746,360,4,19,12,Pendente,SCM,1
4747,385,5,9,7,Respondida,SCM,1
4748,727,4,25,4,Respondida,SCM,1
4749,401,4,13,29,Respondida,SCM,1
4750,518,1,24,35,Em Análise,SCM,1
4751,342,4,19,9,Pendente,SCM,1
4752,606,4,25,4,Respondida,SCM,1
4753,426,4,13,7,Respondida,SCM,1
4754,405,1,17,35,Pendente,SCM,1
4755,81,4,25,10,Em Análise,SCM,1
4756,400,4,14,7,Respondida,SCM,1
4757,299,4,25,4,Em Análise,SCM,1
4758,513,2,19,35,Pendente,SCM,1
4759,646,1,9,35,Pendente,SCM,1
4760,539,4,7,35,Respondida,SCM,1
4761,364,5,13,35,Respondida,SCM,1
4762,657,5,19,4,Respondida,SCM,1
4763,246,1,7,35,Pendente,SCM,1
4764,449,5,12,35,Respondida,SCM,1
4765,262,4,24,9,Pendente,SCM,1
4766,165,1,19,35,Respondida,SCM,1
4767,594,1,25,9,Pendente,SCM,1
4768,704,3,19,9,Respondida,SCM,1
4769,451,4,13,9,Pendente,SCM,1
4770,505,2,14,35,Respondida,SCM,1
4771,80,4,24,9,Pendente,SCM,1
4772,341,4,21,4,Pendente,SCM,1
4773,473,4,5,7,Em Análise,SCM,1
4774,18,4,17,35,Respondida,SCM,1
4775,494,4,16,9,Respondida,SCM,1
4776,312,2,4,35,Respondida,SCM,1
4777,235,4,25,4,Respondida,SCM,1
4778,71,1,21,4,Respondida,SCM,1
4779,298,4,10,4,Respondida,SCM,1
4780,330,4,14,35,Respondida,SCM,1
4781,407,4,21,4,Respondida,SCM,1
4782,501,1,25,7,Respondida,SCM,1
4783,181,5,8,35,Em Análise,SCM,1
4784,176,1,21,35,Pendente,SCM,1
4785,61,4,17,20,Respondida,SCM,1
4786,627,6,10,4,Pendente,SCM,1
4787,317,1,7,9,Respondida,SCM,1
4788,58,1,19,35,Respondida,SCM,1
4789,98,2,25,2,Respondida,SCM,1
4790,681,4,25,35,Respondida,SCM,1
4791,710,4,25,35,Respondida,SCM,1
4792,691,5,6,4,Pendente,SCM,1
4793,291,5,5,35,Respondida,SCM,1
4794,582,1,25,35,Em Análise,SCM,1
4795,676,4,16,35,Respondida,SCM,1
4796,417,4,21,4,Respondida,SCM,1
4797,164,1,6,2,Respondida,SCM,1
4798,231,1,14,2,Em Análise,SCM,1
4799,616,4,10,35,Em Análise,SCM,1
4800,199,1,5,4,Respondida,SCM,1
4801,520,1,19,35,Respondida,SCM,1
4802,692,4,13,4,Respondida,SCM,1
4803,398,5,25,7,Respondida,SCM,1
4804,723,5,25,35,Respondida,SCM,1
4805,35,2,15,7,Respondida,SCM,1
4806,556,4,25,4,Respondida,SCM,1
4807,182,5,3,12,Respondida,SCM,1
4808,322,5,19,12,Respondida,SCM,1
4809,18,1,21,26,Respondida,SCM,1
4810,666,1,8,9,Respondida,SCM,1
4811,673,4,25,26,Pendente,SCM,1
4812,605,5,25,35,Pendente,SCM,1
4813,79,4,16,35,Respondida,SCM,1
4814,150,4,13,35,Respondida,SCM,1
4815,683,4,25,35,Respondida,SCM,1
4816,682,4,14,7,Respondida,SCM,1
4817,503,1,21,35,Respondida,SCM,1
4818,295,4,24,9,Pendente,SCM,1
4819,453,4,5,7,Em Análise,SCM,1
4820,46,4,16,35,Respondida,SCM,1
4821,669,4,9,4,Pendente,SCM,1
4822,96,1,9,4,Em Análise,SCM,1
4823,70,1,6,9,Pendente,SCM,1
4824,673,4,17,9,Respondida,SCM,1
4825,327,4,20,35,Respondida,SCM,1
4826,121,4,11,12,Pendente,SCM,1
4827,508,4,21,29,Respondida,SCM,1
4828,352,4,19,9,Em Análise,SCM,1
4829,114,4,15,4,Respondida,SCM,1
4830,199,4,1,35,Respondida,SCM,1
4831,560,4,25,26,Pendente,SCM,1
4832,715,4,16,9,Respondida,SCM,1
4833,479,2,25,9,Respondida,SCM,1
4834,439,2,25,35,Respondida,SCM,1
4835,267,4,21,35,Respondida,SCM,1
4836,177,4,25,7,Pendente,SCM,1
4837,286,5,24,35,Respondida,SCM,1
4838,57,1,13,4,Respondida,SCM,1
4839,621,4,5,4,Respondida,SCM,1
4840,403,5,5,2,Respondida,SCM,1
4841,325,4,21,7,Em Análise,SCM,1
4842,376,4,10,4,Pendente,SCM,1
4843,268,5,4,9,Pendente,SCM,1
4844,696,4,9,35,Respondida,SCM,1
4845,388,3,19,12,Respondida,SCM,1
4846,284,5,5,4,Respondida,SCM,1
4847,96,1,17,4,Respondida,SCM,1
4848,191,1,25,35,Respondida,SCM,1
4849,633,5,16,7,Respondida,SCM,1
4850,527,1,24,4,Respondida,SCM,1
4851,69,5,17,29,Respondida,SCM,1
4852,376,4,7,9,Respondida,SCM,1
4853,435,1,21,9,Respondida,SCM,1
4854,96,4,13,35,Respondida,SCM,1
4855,218,4,21,35,Respondida,SCM,1
4856,408,4,25,35,Respondida,SCM,1
4857,617,1,25,35,Em Análise,SCM,1
4858,347,1,16,2,Respondida,SCM,1
4859,378,1,25,35,Respondida,SCM,1
4860,144,4,4,35,Respondida,SCM,1
4861,243,5,3,12,Pendente,SCM,1
4862,252,1,5,12,Pendente,SCM,1
4863,568,4,11,12,Respondida,SCM,1
4864,280,1,10,35,Respondida,SCM,1
4865,586,1,21,9,Respondida,SCM,1
4866,721,5,19,35,Respondida,SCM,1
4867,158,4,13,35,Respondida,SCM,1
4868,257,5,9,35,Respondida,SCM,1
4869,430,1,25,35,Pendente,SCM,1
4870,154,1,25,35,Em Análise,SCM,1
4871,644,1,24,9,Pendente,SCM,1
4872,417,5,25,4,Pendente,SCM,1
4873,102,2,14,9,Respondida,SCM,1
4874,445,1,5,35,Respondida,SCM,1
4875,140,4,27,4,Em Análise,SCM,1
4876,114,4,5,2,Respondida,SCM,1
4877,122,5,5,35,Respondida,SCM,1
4878,122,4,16,4,Respondida,SCM,1
4879,562,5,25,35,Respondida,SCM,1
4880,527,1,20,35,Respondida,SCM,1
4881,175,1,25,4,Respondida,SCM,1
4882,272,1,14,9,Pendente,SCM,1
4883,197,1,3,7,Respondida,SCM,1
4884,49,4,5,9,Respondida,SCM,1
4885,354,5,1,9,Pendente,SCM,1
4886,1,5,25,35,Respondida,SCM,1
4887,437,3,25,29,Respondida,SCM,1
4888,643,5,19,35,Em Análise,SCM,1
4889,68,2,6,35,Respondida,SCM,1
4890,405,6,5,35,Respondida,SCM,1
4891,48,2,19,4,Respondida,SCM,1
4892,3,4,13,7,Respondida,SCM,1
4893,404,4,5,29,Respondida,SCM,1
4894,105,4,24,4,Respondida,SCM,1
4895,123,1,9,2,Em Análise,SCM,1
4896,256,4,19,17,Respondida,SCM,1
4897,695,2,19,9,Respondida,SCM,1
4898,416,5,6,2,Respondida,SCM,1
4899,655,4,13,35,Respondida,SCM,1
4900,401,5,22,35,Respondida,SCM,1
4901,715,1,19,6,Respondida,SCM,1
4902,192,5,2,4,Respondida,SCM,1
4903,307,5,25,9,Respondida,SCM,1
4904,59,1,8,4,Em Análise,SCM,1
4905,180,5,19,35,Pendente,SCM,1
4906,710,1,20,35,Respondida,SCM,1
4907,629,4,15,29,Respondida,SCM,1
4908,174,2,25,35,Respondida,SCM,1
4909,281,4,5,12,Respondida,SCM,1
4910,39,1,20,4,Respondida,SCM,1
4911,633,2,25,4,Respondida,SCM,1
4912,669,4,19,12,Respondida,SCM,1
4913,256,5,10,35,Respondida,SCM,1
4914,488,1,25,12,Respondida,SCM,1
4915,205,1,5,7,Respondida,SCM,1
4916,505,4,17,35,Em Análise,SCM,1
4917,202,2,9,7,Pendente,SCM,1
4918,15,2,16,18,Pendente,SCM,1
4919,431,1,25,35,Respondida,SCM,1
4920,608,2,19,35,Pendente,SCM,1
4921,14,2,19,35,Respondida,SCM,1
4922,604,4,11,7,Respondida,SCM,1
4923,246,1,21,35,Pendente,SCM,1
4924,5,1,19,9,Em Análise,SCM,1
4925,266,5,25,4,Respondida,SCM,1
4926,318,4,19,2,Respondida,SCM,1
4927,562,1,17,9,Respondida,SCM,1
4928,629,4,19,2,Respondida,SCM,1
4929,198,1,2,35,Respondida,SCM,1
4930,453,2,19,12,Respondida,SCM,1
4931,316,4,17,7,Respondida,SCM,1
4932,124,5,12,35,Pendente,SCM,1
4933,664,1,25,9,Respondida,SCM,1
4934,466,1,17,35,Respondida,SCM,1
4935,637,4,15,7,Pendente,SCM,1
4936,367,4,19,9,Respondida,SCM,1
4937,475,4,25,9,Respondida,SCM,1
4938,664,4,25,4,Pendente,SCM,1
4939,24,5,25,9,Pendente,SCM,1
4940,25,5,24,7,Respondida,SCM,1
4941,600,5,25,35,Respondida,SCM,1
4942,246,5,19,10,Respondida,SCM,1
4943,673,1,25,2,Pendente,SCM,1
4944,152,5,21,9,Respondida,SCM,1
4945,421,1,25,7,Pendente,SCM,1
4946,143,5,7,9,Respondida,SCM,1
4947,299,4,25,7,Respondida,SCM,1
4948,336,4,19,35,Respondida,SCM,1
4949,280,1,25,7,Respondida,SCM,1
4950,573,5,19,35,Respondida,SCM,1
4951,689,4,16,4,Respondida,SCM,1
4952,219,5,25,2,Em Análise,SCM,1
4953,650,4,9,4,Em Análise,SCM,1
4954,709,4,13,9,Em Análise,SCM,1
4955,516,4,19,35,Em Análise,SCM,1
4956,44,3,21,2,Respondida,SCM,1
4957,351,2,10,9,Respondida,SCM,1
4958,59,6,25,7,Pendente,SCM,1
4959,571,4,21,28,Pendente,SCM,1
4960,129,1,21,7,Respondida,SCM,1
4961,600,1,13,2,Respondida,SCM,1
4962,629,1,16,9,Respondida,SCM,1
4963,287,1,20,9,Respondida,SCM,1
4964,376,4,19,12,Respondida,SCM,1
4965,90,4,5,35,Respondida,SCM,1
4966,37,3,13,35,Respondida,SCM,1
4967,385,4,8,29,Respondida,SCM,1
4968,289,1,8,9,Respondida,SCM,1
4969,282,5,25,7,Pendente,SCM,1
4970,293,4,9,2,Respondida,SCM,1
4971,182,1,16,9,Pendente,SCM,1
4972,375,1,25,7,Respondida,SCM,1
4973,650,1,20,4,Respondida,SCM,1
4974,257,1,21,35,Respondida,SCM,1
4975,372,6,8,35,Respondida,SCM,1
4976,598,1,19,4,Pendente,SCM,1
4977,637,4,19,35,Em Análise,SCM,1
4978,695,4,9,35,Respondida,SCM,1
4979,344,4,20,9,Respondida,SCM,1
4980,559,1,16,35,Respondida,SCM,1
4981,221,1,19,12,Em Análise,SCM,1
4982,118,1,25,4,Respondida,SCM,1
4983,351,4,3,35,Em Análise,SCM,1
4984,389,4,16,35,Respondida,SCM,1
4985,558,4,25,4,Pendente,SCM,1
4986,227,1,12,26,Respondida,SCM,1
4987,594,5,5,35,Pendente,SCM,1
4988,546,5,19,29,Respondida,SCM,1
4989,92,1,26,12,Respondida,SCM,1
4990,525,2,13,35,Respondida,SCM,1
4991,415,1,5,9,Respondida,SCM,1
4992,412,4,7,35,Respondida,SCM,1
4993,339,5,5,4,Pendente,SCM,1
4994,368,4,25,4,Respondida,SCM,1
4995,431,4,14,9,Respondida,SCM,1
4996,719,4,2,2,Respondida,SCM,1
4997,604,4,12,35,Respondida,SCM,1
4998,668,2,5,2,Pendente,SCM,1
4999,672,5,13,4,Respondida,SCM,1
5000,543,4,17,4,Respondida,SCM,1
5001,680,4,9,14,Em Análise,SMP,1
5002,460,1,18,1,Em Análise,SMP,1
5003,545,1,13,14,Respondida,SMP,1
5004,692,2,17,31,Respondida,SMP,1
5005,677,1,19,33,Respondida,SMP,1
5006,539,5,19,1,Respondida,SMP,1
5007,652,1,13,5,Respondida,SMP,1
5008,382,4,16,5,Em Análise,SMP,1
5009,176,5,25,5,Respondida,SMP,1
5010,98,5,22,1,Respondida,SMP,1
5011,236,1,13,5,Respondida,SMP,1
5012,421,5,27,14,Respondida,SMP,1
5013,379,2,10,14,Em Análise,SMP,1
5014,428,5,19,14,Respondida,SMP,1
5015,59,2,17,5,Respondida,SMP,1
5016,427,4,16,29,Respondida,SMP,1
5017,305,5,6,5,Pendente,SMP,1
5018,503,4,19,31,Respondida,SMP,1
5019,289,1,8,31,Pendente,SMP,1
5020,185,1,25,33,Respondida,SMP,1
5021,181,2,6,1,Respondida,SMP,1
5022,428,4,9,5,Respondida,SMP,1
5023,326,4,13,31,Respondida,SMP,1
5024,407,4,14,5,Respondida,SMP,1
5025,450,4,10,5,Pendente,SMP,1
5026,300,1,5,5,Pendente,SMP,1
5027,71,3,19,30,Respondida,SMP,1
5028,673,4,5,5,Respondida,SMP,1
5029,532,4,17,29,Respondida,SMP,1
5030,342,3,10,27,Respondida,SMP,1
5031,358,4,16,31,Em Análise,SMP,1
5032,320,5,25,33,Respondida,SMP,1
5033,424,5,5,5,Pendente,SMP,1
5034,124,5,25,25,Respondida,SMP,1
5035,327,4,25,33,Pendente,SMP,1
5036,95,1,14,14,Respondida,SMP,1
5037,425,5,22,14,Respondida,SMP,1
5038,155,4,5,14,Respondida,SMP,1
5039,190,4,6,14,Respondida,SMP,1
5040,383,4,25,14,Respondida,SMP,1
5041,304,4,17,33,Respondida,SMP,1
5042,678,2,13,6,Respondida,SMP,1
5043,533,2,16,33,Em Análise,SMP,1
5044,694,4,19,31,Pendente,SMP,1
5045,476,4,10,31,Respondida,SMP,1
5046,79,5,5,5,Respondida,SMP,1
5047,87,4,5,23,Respondida,SMP,1
5048,200,5,13,1,Respondida,SMP,1
5049,665,4,25,19,Respondida,SMP,1
5050,80,4,19,5,Pendente,SMP,1
5051,233,1,21,33,Respondida,SMP,1
5052,426,4,25,33,Pendente,SMP,1
5053,576,4,19,29,Pendente,SMP,1
5054,181,2,12,5,Pendente,SMP,1
5055,39,1,13,33,Respondida,SMP,1
5056,272,4,19,33,Pendente,SMP,1
5057,451,5,8,1,Respondida,SMP,1
5058,481,1,6,31,Respondida,SMP,1
5059,411,4,22,31,Em Análise,SMP,1
5060,711,4,16,14,Respondida,SMP,1
5061,28,4,19,1,Pendente,SMP,1
5062,2,4,19,1,Em Análise,SMP,1
5063,133,4,11,1,Respondida,SMP,1
5064,138,4,6,28,Respondida,SMP,1
5065,338,5,25,1,Respondida,SMP,1
5066,78,2,9,5,Respondida,SMP,1
5067,279,1,19,31,Pendente,SMP,1
5068,100,5,25,31,Em Análise,SMP,1
5069,492,1,25,5,Respondida,SMP,1
5070,541,5,4,33,Respondida,SMP,1
5071,658,1,19,31,Respondida,SMP,1
5072,582,4,9,23,Em Análise,SMP,1
5073,11,4,25,5,Respondida,SMP,1
5074,621,1,5,5,Respondida,SMP,1
5075,186,4,16,5,Respondida,SMP,1
5076,573,6,20,25,Pendente,SMP,1
5077,428,1,13,5,Respondida,SMP,1
5078,246,5,19,5,Respondida,SMP,1
5079,216,4,25,14,Respondida,SMP,1
5080,542,5,21,33,Respondida,SMP,1
5081,708,5,25,33,Pendente,SMP,1
5082,558,4,13,31,Respondida,SMP,1
5083,201,4,21,33,Respondida,SMP,1
5084,40,6,24,33,Respondida,SMP,1
5085,587,2,11,5,Respondida,SMP,1
5086,724,4,21,5,Em Análise,SMP,1
5087,572,1,25,31,Respondida,SMP,1
5088,440,2,17,23,Pendente,SMP,1
5089,701,5,21,33,Respondida,SMP,1
5090,431,5,6,5,Pendente,SMP,1
5091,609,4,7,1,Respondida,SMP,1
5092,647,1,21,33,Respondida,SMP,1
5093,303,4,19,14,Pendente,SMP,1
5094,35,4,19,14,Pendente,SMP,1
5095,664,5,13,33,Respondida,SMP,1
5096,44,2,6,6,Pendente,SMP,1
5097,208,1,25,33,Respondida,SMP,1
5098,84,4,4,14,Respondida,SMP,1
5099,2,1,13,25,Em Análise,SMP,1
5100,212,3,13,33,Respondida,SMP,1
5101,14,1,13,14,Respondida,SMP,1
5102,612,5,4,33,Respondida,SMP,1
5103,595,4,16,1,Respondida,SMP,1
5104,555,5,9,5,Respondida,SMP,1
5105,131,1,6,31,Respondida,SMP,1
5106,144,1,21,5,Respondida,SMP,1
5107,685,4,13,5,Pendente,SMP,1
5108,451,4,14,33,Respondida,SMP,1
5109,420,4,5,5,Respondida,SMP,1
5110,468,1,5,19,Respondida,SMP,1
5111,187,4,17,27,Respondida,SMP,1
5112,594,5,11,5,Pendente,SMP,1
5113,421,4,25,29,Pendente,SMP,1
5114,369,4,27,5,Respondida,SMP,1
5115,103,1,19,14,Respondida,SMP,1
5116,106,5,16,14,Respondida,SMP,1
5117,222,4,25,31,Respondida,SMP,1
5118,160,2,19,14,Pendente,SMP,1
5119,415,5,25,14,Respondida,SMP,1
5120,540,3,19,33,Pendente,SMP,1
5121,541,5,8,5,Respondida,SMP,1
5122,61,1,25,33,Em Análise,SMP,1
5123,726,5,19,5,Em Análise,SMP,1
5124,392,1,12,14,Pendente,SMP,1
5125,363,2,14,1,Respondida,SMP,1
5126,382,4,21,31,Respondida,SMP,1
5127,584,4,5,1,Respondida,SMP,1
5128,265,1,22,33,Respondida,SMP,1
5129,521,4,25,33,Em Análise,SMP,1
5130,47,5,9,1,Respondida,SMP,1
5131,674,4,14,31,Respondida,SMP,1
5132,12,4,25,33,Pendente,SMP,1
5133,602,5,8,5,Respondida,SMP,1
5134,225,4,7,5,Respondida,SMP,1
5135,135,1,6,31,Respondida,SMP,1
5136,209,4,25,33,Pendente,SMP,1
5137,200,1,16,5,Respondida,SMP,1
5138,356,5,24,31,Respondida,SMP,1
5139,290,1,19,5,Respondida,SMP,1
5140,316,1,24,14,Pendente,SMP,1
5141,313,1,16,5,Pendente,SMP,1
5142,254,5,15,5,Respondida,SMP,1
5143,11,4,19,33,Respondida,SMP,1
5144,456,5,6,5,Respondida,SMP,1
5145,333,5,22,1,Respondida,SMP,1
5146,446,4,6,31,Respondida,SMP,1
5147,304,1,4,31,Respondida,SMP,1
5148,607,1,17,29,Respondida,SMP,1
5149,624,5,25,19,Em Análise,SMP,1
5150,525,5,11,33,Pendente,SMP,1
5151,420,4,25,30,Respondida,SMP,1
5152,505,1,25,14,Respondida,SMP,1
5153,559,1,25,31,Respondida,SMP,1
5154,597,4,21,5,Respondida,SMP,1
5155,586,4,19,14,Em Análise,SMP,1
5156,698,1,5,5,Respondida,SMP,1
5157,713,2,19,31,Respondida,SMP,1
5158,467,5,21,5,Respondida,SMP,1
5159,587,4,9,29,Respondida,SMP,1
5160,289,4,4,28,Pendente,SMP,1
5161,266,2,13,33,Respondida,SMP,1
5162,625,4,25,31,Respondida,SMP,1
5163,106,5,6,14,Respondida,SMP,1
5164,103,1,5,5,Respondida,SMP,1
5165,175,4,6,13,Respondida,SMP,1
5166,657,5,24,5,Respondida,SMP,1
5167,553,1,16,33,Em Análise,SMP,1
5168,232,1,25,33,Respondida,SMP,1
5169,71,4,13,1,Respondida,SMP,1
5170,411,5,8,33,Respondida,SMP,1
5171,443,1,14,1,Respondida,SMP,1
5172,138,5,4,31,Pendente,SMP,1
5173,720,1,9,14,Respondida,SMP,1
5174,398,4,25,5,Pendente,SMP,1
5175,351,5,21,31,Respondida,SMP,1
5176,134,1,2,5,Pendente,SMP,1
5177,37,5,25,33,Em Análise,SMP,1
5178,604,5,17,14,Respondida,SMP,1
5179,322,1,24,5,Respondida,SMP,1
5180,602,4,19,33,Respondida,SMP,1
5181,481,4,19,14,Respondida,SMP,1
5182,43,1,25,14,Respondida,SMP,1
5183,195,1,19,5,Pendente,SMP,1
5184,66,5,17,5,Pendente,SMP,1
5185,301,4,20,5,Em Análise,SMP,1
5186,73,4,14,33,Pendente,SMP,1
5187,413,1,17,33,Respondida,SMP,1
5188,558,4,17,33,Pendente,SMP,1
5189,151,4,21,5,Respondida,SMP,1
5190,315,4,6,31,Respondida,SMP,1
5191,211,4,13,14,Respondida,SMP,1
5192,138,5,25,33,Respondida,SMP,1
5193,115,4,25,33,Pendente,SMP,1
5194,71,1,13,5,Respondida,SMP,1
5195,169,4,15,14,Respondida,SMP,1
5196,94,4,24,5,Respondida,SMP,1
5197,468,1,20,32,Respondida,SMP,1
5198,602,2,25,1,Respondida,SMP,1
5199,474,4,25,14,Respondida,SMP,1
5200,453,4,4,31,Pendente,SMP,1
5201,200,4,5,19,Em Análise,SMP,1
5202,297,4,5,1,Respondida,SMP,1
5203,44,2,24,15,Respondida,SMP,1
5204,323,1,5,1,Respondida,SMP,1
5205,172,4,13,5,Pendente,SMP,1
5206,468,5,25,5,Respondida,SMP,1
5207,608,4,2,33,Respondida,SMP,1
5208,453,4,25,33,Respondida,SMP,1
5209,635,4,10,5,Respondida,SMP,1
5210,329,4,25,29,Respondida,SMP,1
5211,268,5,6,14,Respondida,SMP,1
5212,65,4,16,33,Respondida,SMP,1
5213,310,1,22,33,Respondida,SMP,1
5214,416,4,5,14,Respondida,SMP,1
5215,299,1,25,33,Respondida,SMP,1
5216,269,4,9,31,Respondida,SMP,1
5217,255,1,4,14,Pendente,SMP,1
5218,133,5,9,14,Respondida,SMP,1
5219,344,4,16,33,Respondida,SMP,1
5220,446,4,25,5,Respondida,SMP,1
5221,686,4,20,5,Respondida,SMP,1
5222,503,4,25,33,Respondida,SMP,1
5223,676,4,19,5,Respondida,SMP,1
5224,578,5,5,5,Respondida,SMP,1
5225,117,5,17,33,Em Análise,SMP,1
5226,504,5,10,5,Respondida,SMP,1
5227,503,2,25,5,Pendente,SMP,1
5228,589,5,25,31,Respondida,SMP,1
5229,660,4,25,31,Respondida,SMP,1
5230,711,6,9,5,Respondida,SMP,1
5231,167,4,25,5,Respondida,SMP,1
5232,585,1,5,33,Respondida,SMP,1
5233,314,4,24,5,Respondida,SMP,1
5234,69,4,25,14,Respondida,SMP,1
5235,91,4,17,5,Respondida,SMP,1
5236,228,4,5,5,Respondida,SMP,1
5237,566,1,25,5,Pendente,SMP,1
5238,324,2,16,31,Respondida,SMP,1
5239,118,1,22,14,Respondida,SMP,1
5240,97,1,14,33,Pendente,SMP,1
5241,72,1,25,33,Respondida,SMP,1
5242,418,4,5,5,Respondida,SMP,1
5243,605,5,5,5,Respondida,SMP,1
5244,306,4,4,5,Respondida,SMP,1
5245,391,2,25,31,Respondida,SMP,1
5246,682,2,7,5,Respondida,SMP,1
5247,598,1,14,5,Respondida,SMP,1
5248,718,4,25,6,Respondida,SMP,1
5249,421,4,25,1,Pendente,SMP,1
5250,505,5,20,5,Respondida,SMP,1
5251,90,1,18,5,Respondida,SMP,1
5252,350,5,25,33,Em Análise,SMP,1
5253,306,4,14,33,Pendente,SMP,1
5254,637,3,4,14,Respondida,SMP,1
5255,429,1,9,5,Respondida,SMP,1
5256,563,5,21,22,Respondida,SMP,1
5257,139,1,2,14,Em Análise,SMP,1
5258,59,1,27,19,Em Análise,SMP,1
5259,288,5,18,14,Respondida,SMP,1
5260,660,4,19,1,Respondida,SMP,1
5261,430,4,6,33,Respondida,SMP,1
5262,430,4,25,5,Respondida,SMP,1
5263,552,4,12,33,Respondida,SMP,1
5264,610,3,25,5,Respondida,SMP,1
5265,215,4,5,31,Respondida,SMP,1
5266,326,2,7,33,Pendente,SMP,1
5267,51,4,21,5,Respondida,SMP,1
5268,534,5,24,1,Respondida,SMP,1
5269,635,5,13,5,Pendente,SMP,1
5270,70,2,25,33,Respondida,SMP,1
5271,644,1,19,1,Pendente,SMP,1
5272,654,5,11,5,Respondida,SMP,1
5273,162,4,15,31,Respondida,SMP,1
5274,650,4,23,14,Pendente,SMP,1
5275,261,4,20,14,Em Análise,SMP,1
5276,523,4,19,33,Pendente,SMP,1
5277,383,4,5,1,Pendente,SMP,1
5278,495,5,6,33,Respondida,SMP,1
5279,414,5,5,31,Respondida,SMP,1
5280,176,2,13,31,Pendente,SMP,1
5281,541,5,9,31,Respondida,SMP,1
5282,106,1,13,14,Pendente,SMP,1
5283,410,4,13,5,Respondida,SMP,1
5284,286,4,17,33,Pendente,SMP,1
5285,596,4,15,33,Respondida,SMP,1
5286,343,4,22,33,Respondida,SMP,1
5287,257,3,18,1,Pendente,SMP,1
5288,523,4,11,15,Respondida,SMP,1
5289,673,5,19,5,Pendente,SMP,1
5290,149,1,25,29,Respondida,SMP,1
5291,305,2,19,14,Respondida,SMP,1
5292,79,4,13,14,Respondida,SMP,1
5293,400,4,21,14,Respondida,SMP,1
5294,15,3,13,33,Em Análise,SMP,1
5295,682,4,5,5,Respondida,SMP,1
5296,257,4,25,5,Pendente,SMP,1
5297,702,5,18,14,Respondida,SMP,1
5298,452,5,10,5,Respondida,SMP,1
5299,121,3,9,5,Em Análise,SMP,1
5300,320,4,16,5,Pendente,SMP,1
5301,392,4,21,14,Respondida,SMP,1
5302,314,3,16,14,Respondida,SMP,1
5303,625,2,7,15,Respondida,SMP,1
5304,152,5,5,1,Respondida,SMP,1
5305,433,4,14,29,Respondida,SMP,1
5306,40,3,19,5,Pendente,SMP,1
5307,536,4,25,14,Respondida,SMP,1
5308,393,1,11,33,Pendente,SMP,1
5309,80,1,13,1,Pendente,SMP,1
5310,236,1,9,33,Respondida,SMP,1
5311,608,4,25,14,Respondida,SMP,1
5312,510,2,19,6,Respondida,SMP,1
5313,263,5,25,5,Respondida,SMP,1
5314,548,5,25,33,Respondida,SMP,1
5315,579,2,25,5,Pendente,SMP,1
5316,462,5,8,1,Respondida,SMP,1
5317,642,1,25,29,Respondida,SMP,1
5318,642,4,9,14,Pendente,SMP,1
5319,8,1,22,14,Respondida,SMP,1
5320,650,1,16,5,Respondida,SMP,1
5321,380,1,25,5,Respondida,SMP,1
5322,280,5,19,14,Respondida,SMP,1
5323,20,2,13,31,Respondida,SMP,1
5324,260,2,7,5,Respondida,SMP,1
5325,349,2,25,14,Respondida,SMP,1
5326,624,5,21,1,Respondida,SMP,1
5327,480,4,21,14,Pendente,SMP,1
5328,257,5,17,14,Respondida,SMP,1
5329,446,5,10,31,Respondida,SMP,1
5330,245,4,25,1,Respondida,SMP,1
5331,39,5,16,33,Pendente,SMP,1
5332,152,4,19,33,Respondida,SMP,1
5333,546,2,7,14,Respondida,SMP,1
5334,172,1,13,5,Pendente,SMP,1
5335,221,4,5,31,Respondida,SMP,1
5336,684,1,24,31,Respondida,SMP,1
5337,307,1,6,14,Respondida,SMP,1
5338,349,4,10,33,Pendente,SMP,1
5339,18,6,16,14,Pendente,SMP,1
5340,398,2,25,33,Pendente,SMP,1
5341,448,4,10,33,Respondida,SMP,1
5342,577,4,25,15,Respondida,SMP,1
5343,33,4,8,31,Respondida,SMP,1
5344,429,2,24,33,Respondida,SMP,1
5345,146,5,13,5,Respondida,SMP,1
5346,620,5,10,33,Respondida,SMP,1
5347,267,4,11,1,Em Análise,SMP,1
5348,12,5,25,14,Respondida,SMP,1
5349,542,2,22,14,Respondida,SMP,1
5350,243,2,25,14,Respondida,SMP,1
5351,606,6,19,30,Em Análise,SMP,1
5352,251,4,25,33,Pendente,SMP,1
5353,604,5,25,33,Respondida,SMP,1
5354,529,5,17,5,Respondida,SMP,1
5355,195,1,5,5,Pendente,SMP,1
5356,133,2,25,14,Respondida,SMP,1
5357,392,4,19,14,Respondida,SMP,1
5358,360,4,16,14,Em Análise,SMP,1
5359,619,4,6,33,Pendente,SMP,1
5360,717,1,25,31,Respondida,SMP,1
5361,717,4,27,15,Respondida,SMP,1
5362,145,4,13,29,Pendente,SMP,1
5363,274,5,21,5,Respondida,SMP,1
5364,681,2,14,33,Respondida,SMP,1
5365,93,1,8,14,Respondida,SMP,1
5366,668,4,17,19,Respondida,SMP,1
5367,343,1,12,31,Respondida,SMP,1
5368,493,2,25,33,Respondida,SMP,1
5369,430,5,19,33,Respondida,SMP,1
5370,151,1,19,14,Respondida,SMP,1
5371,53,4,25,33,Respondida,SMP,1
5372,301,4,25,1,Respondida,SMP,1
5373,232,5,22,14,Respondida,SMP,1
5374,31,4,25,5,Respondida,SMP,1
5375,629,5,2,5,Respondida,SMP,1
5376,707,1,8,1,Respondida,SMP,1
5377,92,2,21,5,Pendente,SMP,1
5378,719,6,24,5,Pendente,SMP,1
5379,290,4,13,5,Respondida,SMP,1
5380,219,1,21,5,Respondida,SMP,1
5381,495,4,22,5,Respondida,SMP,1
5382,188,4,17,31,Respondida,SMP,1
5383,233,1,19,1,Pendente,SMP,1
5384,585,5,9,5,Pendente,SMP,1
5385,708,1,19,31,Respondida,SMP,1
5386,276,1,25,5,Respondida,SMP,1
5387,464,1,19,5,Respondida,SMP,1
5388,525,2,9,29,Respondida,SMP,1
5389,61,4,25,14,Pendente,SMP,1
5390,26,5,3,29,Respondida,SMP,1
5391,37,1,13,33,Respondida,SMP,1
5392,24,1,9,5,Respondida,SMP,1
5393,389,4,25,5,Respondida,SMP,1
5394,415,2,12,14,Respondida,SMP,1
5395,235,5,5,5,Respondida,SMP,1
5396,149,4,19,5,Respondida,SMP,1
5397,9,2,22,33,Respondida,SMP,1
5398,223,1,25,5,Pendente,SMP,1
5399,322,1,11,14,Respondida,SMP,1
5400,219,4,25,29,Respondida,SMP,1
5401,612,1,7,33,Pendente,SMP,1
5402,172,1,25,5,Respondida,SMP,1
5403,712,4,25,33,Respondida,SMP,1
5404,479,2,12,6,Respondida,SMP,1
5405,410,5,16,5,Pendente,SMP,1
5406,374,4,5,25,Respondida,SMP,1
5407,556,1,25,1,Em Análise,SMP,1
5408,639,4,19,14,Respondida,SMP,1
5409,147,5,13,5,Respondida,SMP,1
5410,710,5,25,31,Pendente,SMP,1
5411,337,4,10,33,Respondida,SMP,1
5412,580,4,4,1,Pendente,SMP,1
5413,139,4,5,14,Respondida,SMP,1
5414,458,1,15,5,Pendente,SMP,1
5415,367,5,18,5,Pendente,SMP,1
5416,525,1,21,5,Em Análise,SMP,1
5417,30,1,26,5,Respondida,SMP,1
5418,105,4,11,31,Pendente,SMP,1
5419,710,5,16,5,Respondida,SMP,1
5420,707,4,4,31,Respondida,SMP,1
5421,31,4,6,14,Em Análise,SMP,1
5422,104,5,21,31,Respondida,SMP,1
5423,588,4,25,14,Respondida,SMP,1
5424,720,4,25,5,Respondida,SMP,1
5425,393,4,25,5,Respondida,SMP,1
5426,468,5,25,1,Respondida,SMP,1
5427,502,3,6,5,Respondida,SMP,1
5428,155,4,18,31,Respondida,SMP,1
5429,696,4,25,1,Pendente,SMP,1
5430,684,2,14,5,Respondida,SMP,1
5431,117,1,9,5,Respondida,SMP,1
5432,52,5,7,31,Respondida,SMP,1
5433,42,4,20,29,Respondida,SMP,1
5434,254,4,22,31,Respondida,SMP,1
5435,206,6,21,33,Respondida,SMP,1
5436,408,2,10,1,Em Análise,SMP,1
5437,627,4,13,1,Respondida,SMP,1
5438,624,4,16,33,Respondida,SMP,1
5439,172,4,18,29,Pendente,SMP,1
5440,275,4,19,5,Pendente,SMP,1
5441,132,2,25,31,Respondida,SMP,1
5442,35,2,27,31,Respondida,SMP,1
5443,458,5,5,29,Respondida,SMP,1
5444,113,1,20,21,Respondida,SMP,1
5445,332,2,7,33,Respondida,SMP,1
5446,348,1,13,33,Respondida,SMP,1
5447,215,1,25,5,Respondida,SMP,1
5448,52,5,10,33,Respondida,SMP,1
5449,381,1,9,14,Respondida,SMP,1
5450,52,1,2,14,Respondida,SMP,1
5451,439,4,14,33,Respondida,SMP,1
5452,488,4,22,14,Respondida,SMP,1
5453,456,4,14,33,Respondida,SMP,1
5454,710,5,25,5,Respondida,SMP,1
5455,522,4,14,1,Respondida,SMP,1
5456,567,1,24,5,Respondida,SMP,1
5457,313,5,15,31,Pendente,SMP,1
5458,337,4,11,31,Respondida,SMP,1
5459,618,1,13,1,Pendente,SMP,1
5460,610,5,5,33,Em Análise,SMP,1
5461,536,4,21,1,Respondida,SMP,1
5462,451,4,17,5,Respondida,SMP,1
5463,581,4,18,5,Em Análise,SMP,1
5464,653,4,23,31,Respondida,SMP,1
5465,123,5,9,5,Respondida,SMP,1
5466,606,2,17,5,Respondida,SMP,1
5467,466,1,25,31,Respondida,SMP,1
5468,85,4,9,33,Respondida,SMP,1
5469,625,1,4,5,Pendente,SMP,1
5470,181,4,9,32,Em Análise,SMP,1
5471,504,4,25,1,Respondida,SMP,1
5472,263,1,14,33,Respondida,SMP,1
5473,426,5,9,5,Respondida,SMP,1
5474,674,4,25,33,Em Análise,SMP,1
5475,597,4,9,29,Respondida,SMP,1
5476,614,4,11,14,Respondida,SMP,1
5477,447,5,5,14,Respondida,SMP,1
5478,57,4,25,25,Respondida,SMP,1
5479,720,1,25,5,Respondida,SMP,1
5480,567,5,24,14,Respondida,SMP,1
5481,383,4,25,5,Respondida,SMP,1
5482,139,4,21,1,Respondida,SMP,1
5483,184,4,19,14,Respondida,SMP,1
5484,544,5,25,14,Respondida,SMP,1
5485,623,4,19,5,Respondida,SMP,1
5486,532,5,19,33,Respondida,SMP,1
5487,53,1,25,33,Respondida,SMP,1
5488,575,1,8,1,Respondida,SMP,1
5489,414,4,25,33,Respondida,SMP,1
5490,491,2,23,1,Pendente,SMP,1
5491,47,4,25,5,Pendente,SMP,1
5492,145,4,14,31,Respondida,SMP,1
5493,22,4,15,31,Em Análise,SMP,1
5494,62,5,20,5,Respondida,SMP,1
5495,4,4,17,33,Respondida,SMP,1
5496,390,2,25,31,Respondida,SMP,1
5497,119,5,16,14,Respondida,SMP,1
5498,36,5,25,31,Respondida,SMP,1
5499,152,5,25,5,Em Análise,SMP,1
5500,391,4,17,31,Respondida,SMP,1
5501,459,4,16,31,Respondida,SMP,1
5502,521,4,19,5,Respondida,SMP,1
5503,560,1,9,31,Pendente,SMP,1
5504,549,4,25,5,Respondida,SMP,1
5505,71,5,25,31,Respondida,SMP,1
5506,606,4,25,5,Respondida,SMP,1
5507,466,4,16,31,Respondida,SMP,1
5508,408,4,25,33,Respondida,SMP,1
5509,334,4,16,1,Respondida,SMP,1
5510,708,4,19,1,Respondida,SMP,1
5511,180,5,22,33,Respondida,SMP,1
5512,346,4,13,31,Respondida,SMP,1
5513,723,4,11,33,Respondida,SMP,1
5514,524,4,5,27,Respondida,SMP,1
5515,241,2,6,33,Respondida,SMP,1
5516,517,4,22,31,Respondida,SMP,1
5517,503,4,25,31,Respondida,SMP,1
5518,711,4,25,33,Respondida,SMP,1
5519,204,4,19,14,Pendente,SMP,1
5520,467,4,25,5,Respondida,SMP,1
5521,20,4,18,31,Respondida,SMP,1
5522,622,4,13,1,Em Análise,SMP,1
5523,472,1,25,29,Respondida,SMP,1
5524,323,1,16,31,Pendente,SMP,1
5525,21,3,12,33,Respondida,SMP,1
5526,389,1,21,29,Respondida,SMP,1
5527,546,4,14,14,Respondida,SMP,1
5528,298,1,25,33,Respondida,SMP,1
5529,208,4,9,14,Pendente,SMP,1
5530,673,1,10,33,Em Análise,SMP,1
5531,714,5,13,33,Em Análise,SMP,1
5532,34,4,21,3,Respondida,SMP,1
5533,349,1,19,5,Respondida,SMP,1
5534,421,1,25,5,Em Análise,SMP,1
5535,351,4,25,31,Respondida,SMP,1
5536,616,1,13,5,Pendente,SMP,1
5537,339,4,24,5,Respondida,SMP,1
5538,693,4,13,5,Pendente,SMP,1
5539,95,4,16,15,Respondida,SMP,1
5540,591,1,13,5,Em Análise,SMP,1
5541,614,4,4,5,Respondida,SMP,1
5542,366,4,19,15,Respondida,SMP,1
5543,225,4,25,5,Respondida,SMP,1
5544,6,1,16,33,Respondida,SMP,1
5545,58,4,5,5,Respondida,SMP,1
5546,549,4,5,5,Respondida,SMP,1
5547,587,4,17,33,Pendente,SMP,1
5548,645,4,17,5,Respondida,SMP,1
5549,156,5,21,31,Respondida,SMP,1
5550,636,4,17,31,Pendente,SMP,1
5551,539,4,12,5,Respondida,SMP,1
5552,221,2,25,33,Respondida,SMP,1
5553,63,5,25,5,Pendente,SMP,1
5554,610,4,19,31,Respondida,SMP,1
5555,348,4,19,29,Respondida,SMP,1
5556,501,2,25,33,Respondida,SMP,1
5557,656,1,25,5,Respondida,SMP,1
5558,550,5,21,5,Em Análise,SMP,1
5559,727,1,16,14,Respondida,SMP,1
5560,274,4,25,33,Respondida,SMP,1
5561,493,4,9,33,Respondida,SMP,1
5562,179,4,25,5,Pendente,SMP,1
5563,548,1,25,33,Pendente,SMP,1
5564,685,4,25,29,Respondida,SMP,1
5565,455,4,19,5,Respondida,SMP,1
5566,639,2,25,33,Respondida,SMP,1
5567,60,4,20,5,Respondida,SMP,1
5568,481,4,19,1,Respondida,SMP,1
5569,184,1,9,31,Pendente,SMP,1
5570,578,2,5,33,Respondida,SMP,1
5571,459,4,19,31,Respondida,SMP,1
5572,68,1,16,1,Respondida,SMP,1
5573,159,4,24,33,Respondida,SMP,1
5574,693,1,25,14,Em Análise,SMP,1
5575,386,4,19,14,Pendente,SMP,1
5576,19,2,25,33,Respondida,SMP,1
5577,293,4,19,14,Respondida,SMP,1
5578,375,1,16,14,Respondida,SMP,1
5579,553,2,25,29,Pendente,SMP,1
5580,259,6,25,1,Respondida,SMP,1
5581,105,1,19,31,Respondida,SMP,1
5582,74,4,25,29,Pendente,SMP,1
5583,233,1,9,33,Respondida,SMP,1
5584,309,5,25,33,Respondida,SMP,1
5585,536,4,13,14,Em Análise,SMP,1
5586,163,2,9,14,Respondida,SMP,1
5587,620,4,25,5,Em Análise,SMP,1
5588,529,5,14,33,Respondida,SMP,1
5589,285,5,9,14,Pendente,SMP,1
5590,36,4,13,5,Respondida,SMP,1
5591,711,2,25,33,Respondida,SMP,1
5592,30,5,5,31,Respondida,SMP,1
5593,446,6,19,1,Respondida,SMP,1
5594,187,5,20,5,Pendente,SMP,1
5595,619,5,25,33,Pendente,SMP,1
5596,440,5,13,31,Pendente,SMP,1
5597,664,5,16,5,Respondida,SMP,1
5598,97,4,24,14,Respondida,SMP,1
5599,614,5,19,33,Respondida,SMP,1
5600,136,5,19,33,Pendente,SMP,1
5601,399,1,21,33,Respondida,SMP,1
5602,149,4,25,5,Pendente,SMP,1
5603,645,1,17,33,Respondida,SMP,1
5604,601,5,16,14,Respondida,SMP,1
5605,159,5,13,1,Respondida,SMP,1
5606,547,3,16,5,Respondida,SMP,1
5607,11,4,24,33,Pendente,SMP,1
5608,335,4,25,29,Respondida,SMP,1
5609,501,1,10,31,Respondida,SMP,1
5610,89,1,25,33,Respondida,SMP,1
5611,536,1,19,31,Respondida,SMP,1
5612,612,4,25,5,Em Análise,SMP,1
5613,684,1,13,33,Pendente,SMP,1
5614,241,3,19,1,Pendente,SMP,1
5615,547,1,4,5,Respondida,SMP,1
5616,583,4,8,14,Respondida,SMP,1
5617,136,5,25,14,Em Análise,SMP,1
5618,650,1,24,5,Respondida,SMP,1
5619,420,1,15,15,Respondida,SMP,1
5620,673,4,21,5,Respondida,SMP,1
5621,548,4,20,5,Respondida,SMP,1
5622,60,4,21,33,Em Análise,SMP,1
5623,557,4,25,1,Respondida,SMP,1
5624,632,1,16,31,Em Análise,SMP,1
5625,215,4,19,5,Respondida,SMP,1
5626,625,4,25,5,Pendente,SMP,1
5627,287,5,10,31,Respondida,SMP,1
5628,191,1,21,33,Respondida,SMP,1
5629,586,2,19,5,Respondida,SMP,1
5630,13,2,5,33,Respondida,SMP,1
5631,20,3,25,33,Respondida,SMP,1
5632,141,4,25,33,Pendente,SMP,1
5633,466,4,2,5,Respondida,SMP,1
5634,363,5,16,29,Respondida,SMP,1
5635,46,4,9,33,Em Análise,SMP,1
5636,289,4,11,5,Pendente,SMP,1
5637,177,4,11,5,Respondida,SMP,1
5638,168,4,17,5,Respondida,SMP,1
5639,619,4,21,33,Respondida,SMP,1
5640,530,1,25,29,Respondida,SMP,1
5641,324,4,25,14,Respondida,SMP,1
5642,465,5,6,13,Respondida,SMP,1
5643,380,1,18,13,Respondida,SMP,1
5644,647,5,15,5,Respondida,SMP,1
5645,81,4,6,5,Respondida,SMP,1
5646,543,4,12,5,Pendente,SMP,1
5647,726,1,16,5,Respondida,SMP,1
5648,692,4,21,1,Pendente,SMP,1
5649,682,5,21,14,Pendente,SMP,1
5650,553,1,25,33,Respondida,SMP,1
5651,51,2,25,14,Respondida,SMP,1
5652,151,4,18,14,Pendente,SMP,1
5653,74,4,27,5,Pendente,SMP,1
5654,125,1,19,5,Pendente,SMP,1
5655,39,4,14,5,Em Análise,SMP,1
5656,64,4,13,29,Em Análise,SMP,1
5657,461,4,20,33,Respondida,SMP,1
5658,431,1,4,5,Respondida,SMP,1
5659,567,1,23,5,Em Análise,SMP,1
5660,605,2,14,5,Em Análise,SMP,1
5661,636,4,14,33,Respondida,SMP,1
5662,9,1,4,5,Respondida,SMP,1
5663,414,1,16,29,Em Análise,SMP,1
5664,542,1,13,5,Respondida,SMP,1
5665,649,1,5,5,Respondida,SMP,1
5666,647,4,27,33,Respondida,SMP,1
5667,601,1,14,5,Pendente,SMP,1
5668,584,1,6,1,Respondida,SMP,1
5669,215,1,5,33,Respondida,SMP,1
5670,700,4,21,14,Respondida,SMP,1
5671,655,2,25,5,Respondida,SMP,1
5672,331,6,11,14,Respondida,SMP,1
5673,521,4,21,14,Respondida,SMP,1
5674,362,4,25,14,Respondida,SMP,1
5675,659,4,17,31,Respondida,SMP,1
5676,689,1,16,33,Respondida,SMP,1
5677,600,4,13,5,Respondida,SMP,1
5678,284,4,10,33,Em Análise,SMP,1
5679,414,5,19,1,Respondida,SMP,1
5680,538,1,19,5,Respondida,SMP,1
5681,334,2,24,33,Respondida,SMP,1
5682,171,1,9,33,Respondida,SMP,1
5683,71,4,25,33,Respondida,SMP,1
5684,303,5,17,5,Pendente,SMP,1
5685,294,4,19,1,Respondida,SMP,1
5686,311,4,17,5,Respondida,SMP,1
5687,640,5,5,5,Respondida,SMP,1
5688,347,4,25,31,Respondida,SMP,1
5689,613,2,19,29,Respondida,SMP,1
5690,369,1,25,14,Pendente,SMP,1
5691,395,5,25,14,Respondida,SMP,1
5692,563,2,13,14,Respondida,SMP,1
5693,300,4,25,6,Respondida,SMP,1
5694,218,5,25,1,Respondida,SMP,1
5695,56,5,15,33,Respondida,SMP,1
5696,212,5,25,5,Pendente,SMP,1
5697,545,1,10,5,Respondida,SMP,1
5698,329,4,16,14,Respondida,SMP,1
5699,203,4,21,5,Respondida,SMP,1
5700,304,1,25,29,Respondida,SMP,1
5701,439,5,16,1,Respondida,SMP,1
5702,11,4,24,31,Respondida,SMP,1
5703,32,1,7,29,Respondida,SMP,1
5704,181,4,19,14,Respondida,SMP,1
5705,143,5,21,5,Respondida,SMP,1
5706,3,4,25,14,Respondida,SMP,1
5707,516,1,25,33,Em Análise,SMP,1
5708,367,5,16,33,Respondida,SMP,1
5709,8,6,16,5,Respondida,SMP,1
5710,92,4,24,14,Em Análise,SMP,1
5711,250,1,13,14,Respondida,SMP,1
5712,509,5,16,14,Respondida,SMP,1
5713,676,5,25,1,Respondida,SMP,1
5714,670,4,2,5,Respondida,SMP,1
5715,383,1,12,14,Respondida,SMP,1
5716,602,1,25,3,Respondida,SMP,1
5717,457,2,4,33,Respondida,SMP,1
5718,730,4,13,33,Respondida,SMP,1
5719,311,1,25,31,Respondida,SMP,1
5720,174,4,8,5,Respondida,SMP,1
5721,311,5,19,1,Pendente,SMP,1
5722,312,2,6,31,Respondida,SMP,1
5723,638,5,25,33,Respondida,SMP,1
5724,496,5,5,14,Respondida,SMP,1
5725,672,1,16,5,Pendente,SMP,1
5726,75,5,5,14,Respondida,SMP,1
5727,649,1,25,5,Respondida,SMP,1
5728,687,5,5,5,Respondida,SMP,1
5729,370,5,25,33,Em Análise,SMP,1
5730,371,2,25,14,Respondida,SMP,1
5731,125,1,19,5,Em Análise,SMP,1
5732,476,1,21,5,Respondida,SMP,1
5733,141,4,10,33,Respondida,SMP,1
5734,418,1,13,33,Em Análise,SMP,1
5735,716,1,25,31,Respondida,SMP,1
5736,470,5,25,1,Respondida,SMP,1
5737,729,4,11,5,Respondida,SMP,1
5738,66,1,19,33,Respondida,SMP,1
5739,511,4,27,5,Respondida,SMP,1
5740,344,4,16,19,Respondida,SMP,1
5741,338,1,14,5,Respondida,SMP,1
5742,233,4,13,5,Em Análise,SMP,1
5743,470,5,17,1,Respondida,SMP,1
5744,314,4,6,33,Respondida,SMP,1
5745,374,5,13,14,Em Análise,SMP,1
5746,204,5,13,33,Respondida,SMP,1
5747,355,1,17,33,Pendente,SMP,1
5748,62,5,19,5,Respondida,SMP,1
5749,642,4,15,5,Pendente,SMP,1
5750,595,5,3,5,Pendente,SMP,1
5751,587,1,2,33,Pendente,SMP,1
5752,439,5,25,33,Respondida,SMP,1
5753,493,1,25,1,Respondida,SMP,1
5754,570,2,19,31,Respondida,SMP,1
5755,540,1,21,5,Respondida,SMP,1
5756,535,4,19,29,Respondida,SMP,1
5757,327,5,24,14,Respondida,SMP,1
5758,301,1,5,5,Respondida,SMP,1
5759,716,5,8,31,Respondida,SMP,1
5760,114,1,25,14,Respondida,SMP,1
5761,36,2,10,14,Respondida,SMP,1
5762,31,5,9,14,Respondida,SMP,1
5763,175,1,25,31,Pendente,SMP,1
5764,409,5,15,33,Respondida,SMP,1
5765,603,1,21,19,Respondida,SMP,1
5766,117,4,6,14,Pendente,SMP,1
5767,477,2,18,31,Respondida,SMP,1
5768,635,1,25,5,Respondida,SMP,1
5769,197,5,6,14,Respondida,SMP,1
5770,51,1,17,5,Pendente,SMP,1
5771,15,4,17,5,Pendente,SMP,1
5772,165,4,25,5,Respondida,SMP,1
5773,245,5,14,33,Respondida,SMP,1
5774,320,4,16,5,Respondida,SMP,1
5775,51,2,12,31,Respondida,SMP,1
5776,678,4,13,5,Em Análise,SMP,1
5777,43,2,13,33,Respondida,SMP,1
5778,179,2,4,5,Respondida,SMP,1
5779,380,5,13,1,Respondida,SMP,1
5780,533,5,19,33,Respondida,SMP,1
5781,512,4,17,14,Pendente,SMP,1
5782,111,1,6,33,Pendente,SMP,1
5783,545,4,25,33,Respondida,SMP,1
5784,509,1,17,14,Respondida,SMP,1
5785,217,5,6,33,Respondida,SMP,1
5786,464,4,5,31,Respondida,SMP,1
5787,192,4,4,14,Respondida,SMP,1
5788,282,5,25,5,Respondida,SMP,1
5789,517,4,19,33,Em Análise,SMP,1
5790,184,4,19,5,Pendente,SMP,1
5791,87,3,19,31,Respondida,SMP,1
5792,4,1,21,31,Respondida,SMP,1
5793,651,4,9,31,Pendente,SMP,1
5794,312,1,13,29,Pendente,SMP,1
5795,275,4,2,33,Respondida,SMP,1
5796,264,1,5,27,Em Análise,SMP,1
5797,688,1,25,14,Respondida,SMP,1
5798,399,4,25,32,Respondida,SMP,1
5799,319,4,19,14,Respondida,SMP,1
5800,128,5,25,29,Em Análise,SMP,1
5801,322,1,25,25,Respondida,SMP,1
5802,549,4,9,5,Em Análise,SMP,1
5803,205,1,5,33,Respondida,SMP,1
5804,146,2,10,33,Respondida,SMP,1
5805,508,4,17,5,Respondida,SMP,1
5806,150,1,19,33,Respondida,SMP,1
5807,408,5,17,5,Respondida,SMP,1
5808,217,4,6,28,Pendente,SMP,1
5809,209,4,25,33,Respondida,SMP,1
5810,726,4,21,29,Em Análise,SMP,1
5811,86,5,13,14,Respondida,SMP,1
5812,192,4,25,5,Respondida,SMP,1
5813,276,4,14,5,Respondida,SMP,1
5814,408,1,6,14,Respondida,SMP,1
5815,211,5,5,31,Respondida,SMP,1
5816,666,5,5,14,Respondida,SMP,1
5817,353,2,7,14,Respondida,SMP,1
5818,257,3,10,31,Em Análise,SMP,1
5819,236,5,20,33,Respondida,SMP,1
5820,55,5,13,27,Respondida,SMP,1
5821,691,2,12,1,Respondida,SMP,1
5822,277,2,23,33,Pendente,SMP,1
5823,258,5,2,1,Respondida,SMP,1
5824,395,5,17,14,Respondida,SMP,1
5825,48,4,27,14,Respondida,SMP,1
5826,373,4,5,5,Respondida,SMP,1
5827,16,5,25,5,Respondida,SMP,1
5828,487,5,9,5,Em Análise,SMP,1
5829,419,4,19,14,Respondida,SMP,1
5830,267,1,17,14,Respondida,SMP,1
5831,214,5,25,5,Respondida,SMP,1
5832,365,4,25,33,Respondida,SMP,1
5833,499,1,16,5,Pendente,SMP,1
5834,100,4,12,33,Respondida,SMP,1
5835,89,5,6,32,Respondida,SMP,1
5836,481,1,25,33,Pendente,SMP,1
5837,132,4,15,29,Em Análise,SMP,1
5838,134,1,19,33,Pendente,SMP,1
5839,714,4,25,31,Respondida,SMP,1
5840,175,5,5,5,Respondida,SMP,1
5841,325,4,13,5,Respondida,SMP,1
5842,6,4,25,29,Pendente,SMP,1
5843,233,5,13,29,Em Análise,SMP,1
5844,641,2,25,5,Pendente,SMP,1
5845,344,4,12,14,Respondida,SMP,1
5846,263,1,22,33,Em Análise,SMP,1
5847,522,4,6,19,Em Análise,SMP,1
5848,219,1,25,14,Respondida,SMP,1
5849,117,1,19,31,Respondida,SMP,1
5850,704,1,25,14,Em Análise,SMP,1
5851,477,4,14,14,Respondida,SMP,1
5852,187,1,3,14,Respondida,SMP,1
5853,185,4,5,14,Pendente,SMP,1
5854,464,5,25,33,Respondida,SMP,1
5855,588,4,5,5,Respondida,SMP,1
5856,207,5,26,5,Respondida,SMP,1
5857,318,4,9,33,Em Análise,SMP,1
5858,2,1,17,14,Respondida,SMP,1
5859,1,4,6,14,Respondida,SMP,1
5860,360,4,25,14,Respondida,SMP,1
5861,669,5,6,5,Respondida,SMP,1
5862,449,4,21,33,Pendente,SMP,1
5863,573,1,13,5,Respondida,SMP,1
5864,546,5,16,5,Respondida,SMP,1
5865,388,1,25,5,Respondida,SMP,1
5866,577,4,16,32,Respondida,SMP,1
5867,702,1,5,14,Pendente,SMP,1
5868,573,1,13,14,Em Análise,SMP,1
5869,505,4,22,5,Respondida,SMP,1
5870,658,5,13,33,Respondida,SMP,1
5871,626,1,13,29,Em Análise,SMP,1
5872,309,4,6,5,Pendente,SMP,1
5873,543,5,9,33,Respondida,SMP,1
5874,224,5,21,14,Em Análise,SMP,1
5875,155,5,13,5,Respondida,SMP,1
5876,222,4,19,33,Respondida,SMP,1
5877,646,1,19,5,Respondida,SMP,1
5878,450,1,25,33,Em Análise,SMP,1
5879,116,1,13,33,Pendente,SMP,1
5880,688,4,10,5,Pendente,SMP,1
5881,371,5,12,33,Pendente,SMP,1
5882,143,4,11,31,Respondida,SMP,1
5883,247,4,14,1,Respondida,SMP,1
5884,246,5,3,5,Respondida,SMP,1
5885,643,4,11,31,Respondida,SMP,1
5886,532,5,5,29,Respondida,SMP,1
5887,186,4,25,33,Pendente,SMP,1
5888,121,1,4,33,Em Análise,SMP,1
5889,358,1,19,29,Respondida,SMP,1
5890,449,5,13,31,Pendente,SMP,1
5891,485,1,9,31,Respondida,SMP,1
5892,689,4,12,33,Respondida,SMP,1
5893,338,2,7,33,Respondida,SMP,1
5894,711,4,13,33,Respondida,SMP,1
5895,606,6,17,33,Respondida,SMP,1
5896,188,1,19,5,Respondida,SMP,1
5897,597,1,19,33,Respondida,SMP,1
5898,459,4,17,33,Respondida,SMP,1
5899,44,1,14,5,Respondida,SMP,1
5900,378,4,5,33,Pendente,SMP,1
5901,670,2,5,33,Respondida,SMP,1
5902,567,5,16,29,Respondida,SMP,1
5903,188,4,14,5,Pendente,SMP,1
5904,118,4,7,33,Respondida,SMP,1
5905,457,5,25,14,Respondida,SMP,1
5906,157,5,6,1,Pendente,SMP,1
5907,474,1,25,5,Respondida,SMP,1
5908,88,1,16,5,Respondida,SMP,1
5909,455,4,5,14,Respondida,SMP,1
5910,520,3,22,1,Pendente,SMP,1
5911,372,2,5,14,Pendente,SMP,1
5912,212,1,13,27,Pendente,SMP,1
5913,481,4,15,5,Respondida,SMP,1
5914,204,5,27,31,Respondida,SMP,1
5915,246,3,25,33,Em Análise,SMP,1
5916,323,5,24,33,Respondida,SMP,1
5917,579,4,25,14,Respondida,SMP,1
5918,420,4,13,1,Respondida,SMP,1
5919,707,4,17,28,Respondida,SMP,1
5920,641,2,19,31,Respondida,SMP,1
5921,418,4,17,1,Respondida,SMP,1
5922,483,5,20,14,Respondida,SMP,1
5923,163,1,25,5,Respondida,SMP,1
5924,88,1,11,5,Respondida,SMP,1
5925,694,2,22,31,Respondida,SMP,1
5926,580,5,25,5,Respondida,SMP,1
5927,98,2,22,5,Respondida,SMP,1
5928,159,4,13,33,Respondida,SMP,1
5929,413,1,25,33,Respondida,SMP,1
5930,458,2,6,5,Respondida,SMP,1
5931,176,3,10,31,Respondida,SMP,1
5932,634,5,25,6,Respondida,SMP,1
5933,65,5,16,33,Respondida,SMP,1
5934,152,2,14,5,Pendente,SMP,1
5935,467,4,6,1,Respondida,SMP,1
5936,393,4,7,27,Respondida,SMP,1
5937,202,1,24,6,Pendente,SMP,1
5938,284,4,16,14,Respondida,SMP,1
5939,58,4,12,5,Respondida,SMP,1
5940,509,1,5,14,Respondida,SMP,1
5941,283,5,19,14,Respondida,SMP,1
5942,297,5,13,1,Pendente,SMP,1
5943,306,4,9,14,Respondida,SMP,1
5944,102,1,25,14,Respondida,SMP,1
5945,197,4,5,33,Pendente,SMP,1
5946,238,2,9,5,Respondida,SMP,1
5947,176,1,19,5,Em Análise,SMP,1
5948,387,1,25,5,Respondida,SMP,1
5949,81,5,24,14,Respondida,SMP,1
5950,609,1,19,33,Respondida,SMP,1
5951,286,5,5,33,Pendente,SMP,1
5952,633,5,10,5,Respondida,SMP,1
5953,282,1,13,1,Respondida,SMP,1
5954,94,4,15,5,Respondida,SMP,1
5955,599,3,23,14,Pendente,SMP,1
5956,89,5,13,5,Respondida,SMP,1
5957,313,5,4,1,Respondida,SMP,1
5958,556,2,18,5,Respondida,SMP,1
5959,396,1,13,5,Respondida,SMP,1
5960,542,1,5,1,Respondida,SMP,1
5961,600,1,14,31,Pendente,SMP,1
5962,35,4,21,1,Em Análise,SMP,1
5963,435,4,10,14,Respondida,SMP,1
5964,8,5,7,5,Em Análise,SMP,1
5965,52,1,16,5,Respondida,SMP,1
5966,387,4,21,33,Pendente,SMP,1
5967,575,4,20,1,Pendente,SMP,1
5968,147,1,25,14,Respondida,SMP,1
5969,186,1,11,1,Respondida,SMP,1
5970,522,4,12,1,Pendente,SMP,1
5971,331,4,17,33,Respondida,SMP,1
5972,111,4,25,33,Respondida,SMP,1
5973,442,2,19,5,Pendente,SMP,1
5974,141,6,17,5,Respondida,SMP,1
5975,407,2,22,25,Respondida,SMP,1
5976,529,5,5,14,Pendente,SMP,1
5977,266,4,25,31,Pendente,SMP,1
5978,645,2,5,25,Em Análise,SMP,1
5979,388,4,13,1,Respondida,SMP,1
5980,251,1,13,29,Respondida,SMP,1
5981,321,1,24,5,Respondida,SMP,1
5982,405,2,7,5,Respondida,SMP,1
5983,65,4,5,31,Em Análise,SMP,1
5984,41,1,5,33,Respondida,SMP,1
5985,120,5,18,33,Respondida,SMP,1
5986,348,1,13,33,Pendente,SMP,1
5987,257,1,21,14,Pendente,SMP,1
5988,589,5,13,5,Respondida,SMP,1
5989,300,4,20,5,Pendente,SMP,1
5990,611,2,11,1,Pendente,SMP,1
5991,365,1,6,33,Pendente,SMP,1
5992,514,1,25,1,Respondida,SMP,1
5993,651,4,8,5,Respondida,SMP,1
5994,244,4,21,29,Em Análise,SMP,1
5995,381,5,18,31,Respondida,SMP,1
5996,575,4,8,33,Respondida,SMP,1
5997,429,5,6,14,Respondida,SMP,1
5998,197,4,25,5,Respondida,SMP,1
5999,530,2,13,33,Respondida,SMP,1
6000,91,2,24,5,Respondida,SMP,1
6001,708,4,12,1,Respondida,SMP,1
6002,593,4,16,33,Respondida,SMP,1
6003,443,5,5,33,Respondida,SMP,1
6004,110,4,14,14,Respondida,SMP,1
6005,212,5,9,31,Respondida,SMP,1
6006,593,4,21,6,Respondida,SMP,1
6007,208,4,5,1,Respondida,SMP,1
6008,545,1,13,33,Respondida,SMP,1
6009,206,1,13,33,Respondida,SMP,1
6010,326,1,25,33,Respondida,SMP,1
6011,5,4,16,5,Respondida,SMP,1
6012,517,5,25,14,Em Análise,SMP,1
6013,95,4,9,5,Respondida,SMP,1
6014,83,4,19,31,Pendente,SMP,1
6015,541,4,19,33,Respondida,SMP,1
6016,439,4,15,5,Respondida,SMP,1
6017,430,5,15,14,Respondida,SMP,1
6018,648,1,19,29,Em Análise,SMP,1
6019,251,4,15,5,Respondida,SMP,1
6020,439,2,25,33,Respondida,SMP,1
6021,486,2,19,1,Respondida,SMP,1
6022,467,1,21,5,Respondida,SMP,1
6023,219,4,4,14,Respondida,SMP,1
6024,709,4,13,14,Respondida,SMP,1
6025,166,4,14,5,Respondida,SMP,1
6026,647,4,5,33,Respondida,SMP,1
6027,2,4,25,1,Respondida,SMP,1
6028,614,5,25,33,Pendente,SMP,1
6029,58,1,19,5,Pendente,SMP,1
6030,335,2,5,5,Respondida,SMP,1
6031,148,1,13,33,Respondida,SMP,1
6032,8,4,25,14,Respondida,SMP,1
6033,269,1,25,31,Respondida,SMP,1
6034,9,2,16,14,Respondida,SMP,1
6035,169,4,21,31,Respondida,SMP,1
6036,660,5,25,14,Respondida,SMP,1
6037,579,4,7,29,Respondida,SMP,1
6038,132,6,25,14,Em Análise,SMP,1
6039,690,2,5,1,Respondida,SMP,1
6040,217,5,25,14,Pendente,SMP,1
6041,155,4,5,33,Respondida,SMP,1
6042,571,4,25,5,Respondida,SMP,1
6043,78,1,25,31,Respondida,SMP,1
6044,466,1,20,5,Respondida,SMP,1
6045,685,5,7,14,Respondida,SMP,1
6046,429,4,13,5,Respondida,SMP,1
6047,524,5,25,33,Respondida,SMP,1
6048,10,5,10,33,Respondida,SMP,1
6049,548,2,5,14,Respondida,SMP,1
6050,654,1,9,19,Respondida,SMP,1
6051,628,4,19,33,Pendente,SMP,1
6052,614,5,16,33,Respondida,SMP,1
6053,515,4,5,31,Respondida,SMP,1
6054,78,5,21,31,Respondida,SMP,1
6055,463,5,9,33,Pendente,SMP,1
6056,117,2,6,13,Respondida,SMP,1
6057,670,5,4,5,Respondida,SMP,1
6058,670,4,10,33,Respondida,SMP,1
6059,2,4,13,33,Pendente,SMP,1
6060,423,1,8,14,Respondida,SMP,1
6061,391,4,9,33,Respondida,SMP,1
6062,640,4,1,14,Respondida,SMP,1
6063,593,1,25,5,Pendente,SMP,1
6064,614,4,8,33,Pendente,SMP,1
6065,654,5,5,1,Pendente,SMP,1
6066,522,4,20,31,Respondida,SMP,1
6067,83,5,4,5,Respondida,SMP,1
6068,403,4,13,29,Respondida,SMP,1
6069,616,4,13,31,Respondida,SMP,1
6070,177,5,20,14,Pendente,SMP,1
6071,679,4,19,31,Respondida,SMP,1
6072,685,4,27,33,Respondida,SMP,1
6073,206,5,17,5,Pendente,SMP,1
6074,169,5,14,33,Respondida,SMP,1
6075,473,4,8,5,Em Análise,SMP,1
6076,51,5,24,14,Respondida,SMP,1
6077,419,4,19,5,Respondida,SMP,1
6078,264,4,20,5,Respondida,SMP,1
6079,121,4,19,5,Respondida,SMP,1
6080,299,5,4,5,Pendente,SMP,1
6081,584,6,11,14,Respondida,SMP,1
6082,357,1,17,14,Pendente,SMP,1
6083,256,1,19,25,Respondida,SMP,1
6084,435,4,13,5,Em Análise,SMP,1
6085,420,4,13,33,Respondida,SMP,1
6086,362,4,23,5,Respondida,SMP,1
6087,511,3,12,5,Respondida,SMP,1
6088,54,1,13,5,Pendente,SMP,1
6089,574,1,13,5,Respondida,SMP,1
6090,186,4,6,5,Respondida,SMP,1
6091,100,1,1,33,Respondida,SMP,1
6092,246,4,25,31,Respondida,SMP,1
6093,412,4,24,33,Respondida,SMP,1
6094,659,1,25,5,Respondida,SMP,1
6095,255,5,12,14,Respondida,SMP,1
6096,563,2,8,25,Pendente,SMP,1
6097,435,5,24,14,Pendente,SMP,1
6098,539,1,25,5,Respondida,SMP,1
6099,380,2,13,29,Respondida,SMP,1
6100,643,4,19,5,Respondida,SMP,1
6101,613,4,6,5,Respondida,SMP,1
6102,689,4,25,29,Respondida,SMP,1
6103,587,4,5,5,Respondida,SMP,1
6104,54,1,25,5,Respondida,SMP,1
6105,503,5,9,1,Respondida,SMP,1
6106,654,4,19,14,Respondida,SMP,1
6107,72,2,13,31,Respondida,SMP,1
6108,385,5,15,33,Respondida,SMP,1
6109,544,4,25,31,Respondida,SMP,1
6110,526,4,24,5,Respondida,SMP,1
6111,371,5,2,31,Respondida,SMP,1
6112,263,2,21,14,Respondida,SMP,1
6113,193,4,25,1,Pendente,SMP,1
6114,575,5,4,5,Respondida,SMP,1
6115,638,4,11,14,Em Análise,SMP,1
6116,262,1,16,5,Pendente,SMP,1
6117,520,4,6,5,Pendente,SMP,1
6118,404,4,16,14,Respondida,SMP,1
6119,53,5,20,14,Respondida,SMP,1
6120,652,4,16,1,Respondida,SMP,1
6121,330,2,24,33,Respondida,SMP,1
6122,703,4,14,29,Respondida,SMP,1
6123,491,2,8,33,Pendente,SMP,1
6124,105,4,25,33,Pendente,SMP,1
6125,327,1,16,33,Respondida,SMP,1
6126,615,1,19,33,Em Análise,SMP,1
6127,339,4,17,33,Respondida,SMP,1
6128,18,4,16,5,Respondida,SMP,1
6129,156,2,21,1,Respondida,SMP,1
6130,532,2,25,31,Respondida,SMP,1
6131,582,5,18,5,Respondida,SMP,1
6132,707,4,25,29,Respondida,SMP,1
6133,387,2,15,33,Respondida,SMP,1
6134,176,1,6,29,Pendente,SMP,1
6135,242,5,14,5,Respondida,SMP,1
6136,613,4,21,14,Respondida,SMP,1
6137,638,5,17,33,Respondida,SMP,1
6138,249,6,25,30,Respondida,SMP,1
6139,688,5,25,14,Respondida,SMP,1
6140,427,4,25,5,Respondida,SMP,1
6141,706,5,16,33,Respondida,SMP,1
6142,556,5,2,31,Respondida,SMP,1
6143,605,4,19,33,Pendente,SMP,1
6144,399,4,25,5,Em Análise,SMP,1
6145,50,2,19,5,Respondida,SMP,1
6146,90,1,14,33,Respondida,SMP,1
6147,256,5,10,1,Pendente,SMP,1
6148,261,1,24,14,Respondida,SMP,1
6149,705,1,24,31,Respondida,SMP,1
6150,471,1,16,14,Em Análise,SMP,1
6151,669,5,16,31,Respondida,SMP,1
6152,75,5,11,33,Pendente,SMP,1
6153,507,4,17,33,Respondida,SMP,1
6154,374,5,14,14,Respondida,SMP,1
6155,440,1,7,31,Respondida,SMP,1
6156,532,4,9,1,Respondida,SMP,1
6157,102,1,15,33,Respondida,SMP,1
6158,71,2,5,33,Respondida,SMP,1
6159,353,2,8,33,Respondida,SMP,1
6160,267,4,16,14,Respondida,SMP,1
6161,529,5,14,5,Respondida,SMP,1
6162,322,5,20,14,Respondida,SMP,1
6163,262,5,16,31,Respondida,SMP,1
6164,525,4,13,5,Pendente,SMP,1
6165,120,4,5,31,Respondida,SMP,1
6166,547,4,12,5,Respondida,SMP,1
6167,575,1,19,5,Respondida,SMP,1
6168,489,1,5,6,Respondida,SMP,1
6169,216,5,5,31,Respondida,SMP,1
6170,691,1,13,33,Respondida,SMP,1
6171,520,5,6,5,Pendente,SMP,1
6172,322,1,13,1,Pendente,SMP,1
6173,146,4,11,31,Em Análise,SMP,1
6174,49,1,7,5,Pendente,SMP,1
6175,282,4,19,33,Pendente,SMP,1
6176,42,5,19,33,Respondida,SMP,1
6177,562,1,6,33,Em Análise,SMP,1
6178,671,4,13,14,Respondida,SMP,1
6179,474,4,25,5,Respondida,SMP,1
6180,140,4,7,5,Em Análise,SMP,1
6181,510,5,25,14,Respondida,SMP,1
6182,133,5,13,1,Em Análise,SMP,1
6183,118,2,21,14,Respondida,SMP,1
6184,611,1,5,31,Em Análise,SMP,1
6185,500,1,25,6,Pendente,SMP,1
6186,318,5,16,33,Respondida,SMP,1
6187,502,2,25,5,Respondida,SMP,1
6188,230,1,5,14,Respondida,SMP,1
6189,458,5,4,14,Pendente,SMP,1
6190,689,1,19,1,Respondida,SMP,1
6191,233,1,25,1,Respondida,SMP,1
6192,163,1,4,14,Respondida,SMP,1
6193,454,4,16,33,Pendente,SMP,1
6194,406,1,12,33,Em Análise,SMP,1
6195,570,2,14,33,Respondida,SMP,1
6196,69,1,5,31,Respondida,SMP,1
6197,357,4,24,5,Respondida,SMP,1
6198,163,4,5,5,Respondida,SMP,1
6199,385,4,13,5,Respondida,SMP,1
6200,484,4,17,31,Em Análise,SMP,1
6201,88,4,10,31,Respondida,SMP,1
6202,511,4,6,5,Respondida,SMP,1
6203,224,1,8,31,Pendente,SMP,1
6204,596,4,6,5,Respondida,SMP,1
6205,85,4,13,5,Respondida,SMP,1
6206,9,4,26,5,Respondida,SMP,1
6207,495,1,25,33,Respondida,SMP,1
6208,205,4,25,5,Pendente,SMP,1
6209,325,4,13,33,Respondida,SMP,1
6210,277,1,16,19,Respondida,SMP,1
6211,705,2,17,5,Pendente,SMP,1
6212,564,2,10,3,Respondida,SMP,1
6213,725,5,25,31,Respondida,SMP,1
6214,469,4,19,14,Respondida,SMP,1
6215,169,4,13,5,Respondida,SMP,1
6216,434,4,25,5,Em Análise,SMP,1
6217,636,1,8,1,Pendente,SMP,1
6218,65,4,26,31,Respondida,SMP,1
6219,677,4,9,14,Pendente,SMP,1
6220,168,4,20,14,Pendente,SMP,1
6221,261,4,16,5,Respondida,SMP,1
6222,303,5,21,29,Respondida,SMP,1
6223,87,1,8,14,Respondida,SMP,1
6224,332,1,10,33,Respondida,SMP,1
6225,432,4,4,19,Respondida,SMP,1
6226,302,4,9,31,Respondida,SMP,1
6227,490,4,25,5,Respondida,SMP,1
6228,708,1,25,5,Pendente,SMP,1
6229,324,4,20,33,Respondida,SMP,1
6230,378,4,25,5,Pendente,SMP,1
6231,436,4,25,5,Respondida,SMP,1
6232,684,1,12,14,Respondida,SMP,1
6233,288,5,13,33,Pendente,SMP,1
6234,560,1,25,14,Respondida,SMP,1
6235,455,4,21,14,Respondida,SMP,1
6236,711,1,13,33,Em Análise,SMP,1
6237,705,4,17,5,Respondida,SMP,1
6238,570,4,10,14,Respondida,SMP,1
6239,390,1,13,31,Respondida,SMP,1
6240,571,4,12,14,Respondida,SMP,1
6241,272,4,25,33,Em Análise,SMP,1
6242,336,4,7,5,Respondida,SMP,1
6243,720,4,16,14,Respondida,SMP,1
6244,191,4,4,14,Respondida,SMP,1
6245,170,1,25,14,Respondida,SMP,1
6246,420,4,13,5,Respondida,SMP,1
6247,470,1,13,5,Respondida,SMP,1
6248,175,1,25,14,Respondida,SMP,1
6249,561,2,9,5,Pendente,SMP,1
6250,713,4,5,14,Respondida,SMP,1
6251,135,4,13,33,Respondida,SMP,1
6252,646,5,25,33,Respondida,SMP,1
6253,147,4,13,5,Respondida,SMP,1
6254,635,4,26,25,Em Análise,SMP,1
6255,312,2,13,29,Pendente,SMP,1
6256,524,4,20,31,Respondida,SMP,1
6257,689,4,21,33,Respondida,SMP,1
6258,115,5,4,33,Respondida,SMP,1
6259,351,1,13,5,Respondida,SMP,1
6260,590,4,17,31,Respondida,SMP,1
6261,11,4,13,31,Respondida,SMP,1
6262,636,2,19,14,Respondida,SMP,1
6263,407,5,21,14,Respondida,SMP,1
6264,720,2,7,33,Em Análise,SMP,1
6265,145,1,19,33,Respondida,SMP,1
6266,422,5,19,14,Pendente,SMP,1
6267,446,5,19,33,Respondida,SMP,1
6268,367,6,25,5,Respondida,SMP,1
6269,572,1,25,5,Respondida,SMP,1
6270,302,5,12,33,Pendente,SMP,1
6271,321,1,5,32,Pendente,SMP,1
6272,391,4,11,33,Respondida,SMP,1
6273,606,1,13,25,Em Análise,SMP,1
6274,314,5,7,31,Em Análise,SMP,1
6275,214,1,25,33,Respondida,SMP,1
6276,516,2,14,14,Em Análise,SMP,1
6277,670,1,19,31,Pendente,SMP,1
6278,657,4,25,5,Em Análise,SMP,1
6279,130,1,10,29,Respondida,SMP,1
6280,74,5,7,14,Em Análise,SMP,1
6281,723,5,15,5,Respondida,SMP,1
6282,573,4,21,31,Respondida,SMP,1
6283,462,3,24,14,Respondida,SMP,1
6284,372,5,25,14,Respondida,SMP,1
6285,552,4,7,31,Respondida,SMP,1
6286,26,5,6,31,Em Análise,SMP,1
6287,583,1,9,31,Respondida,SMP,1
6288,643,4,5,5,Respondida,SMP,1
6289,196,5,9,29,Respondida,SMP,1
6290,596,4,1,29,Respondida,SMP,1
6291,630,4,17,1,Em Análise,SMP,1
6292,692,2,25,29,Respondida,SMP,1
6293,217,1,17,14,Respondida,SMP,1
6294,681,2,16,1,Respondida,SMP,1
6295,632,5,5,33,Pendente,SMP,1
6296,53,1,27,1,Pendente,SMP,1
6297,505,4,25,31,Respondida,SMP,1
6298,11,4,25,5,Respondida,SMP,1
6299,571,5,19,25,Respondida,SMP,1
6300,104,5,27,5,Respondida,SMP,1
6301,579,1,19,33,Respondida,SMP,1
6302,666,4,7,5,Em Análise,SMP,1
6303,291,4,20,29,Pendente,SMP,1
6304,474,4,17,14,Pendente,SMP,1
6305,114,2,21,14,Respondida,SMP,1
6306,506,4,25,13,Respondida,SMP,1
6307,150,5,19,1,Em Análise,SMP,1
6308,23,4,21,5,Respondida,SMP,1
6309,58,4,18,14,Respondida,SMP,1
6310,671,6,15,33,Pendente,SMP,1
6311,365,1,25,14,Respondida,SMP,1
6312,595,4,17,33,Respondida,SMP,1
6313,729,2,8,5,Respondida,SMP,1
6314,275,4,5,33,Respondida,SMP,1
6315,142,4,16,5,Respondida,SMP,1
6316,414,3,25,5,Respondida,SMP,1
6317,86,5,25,5,Em Análise,SMP,1
6318,440,1,15,5,Pendente,SMP,1
6319,632,4,13,31,Respondida,SMP,1
6320,588,4,16,1,Pendente,SMP,1
6321,342,2,25,33,Respondida,SMP,1
6322,673,4,25,33,Respondida,SMP,1
6323,542,3,20,14,Respondida,SMP,1
6324,673,1,9,1,Respondida,SMP,1
6325,478,4,25,5,Respondida,SMP,1
6326,466,4,9,14,Respondida,SMP,1
6327,307,4,25,14,Em Análise,SMP,1
6328,98,4,14,33,Em Análise,SMP,1
6329,265,4,17,1,Respondida,SMP,1
6330,86,4,19,14,Respondida,SMP,1
6331,560,4,14,29,Respondida,SMP,1
6332,98,5,25,5,Respondida,SMP,1
6333,43,4,19,5,Pendente,SMP,1
6334,30,1,5,5,Respondida,SMP,1
6335,273,4,8,33,Respondida,SMP,1
6336,532,5,19,5,Respondida,SMP,1
6337,402,4,25,5,Respondida,SMP,1
6338,634,4,27,5,Em Análise,SMP,1
6339,45,4,19,31,Respondida,SMP,1
6340,41,1,26,1,Respondida,SMP,1
6341,543,4,10,5,Em Análise,SMP,1
6342,274,1,25,5,Respondida,SMP,1
6343,630,4,21,29,Respondida,SMP,1
6344,262,5,25,5,Respondida,SMP,1
6345,72,4,25,33,Respondida,SMP,1
6346,412,4,22,33,Pendente,SMP,1
6347,457,4,21,14,Respondida,SMP,1
6348,471,4,13,5,Em Análise,SMP,1
6349,552,5,19,31,Respondida,SMP,1
6350,567,5,10,5,Respondida,SMP,1
6351,505,2,17,33,Pendente,SMP,1
6352,125,1,21,5,Respondida,SMP,1
6353,224,4,13,5,Respondida,SMP,1
6354,484,1,13,5,Respondida,SMP,1
6355,124,4,16,33,Respondida,SMP,1
6356,128,4,25,33,Respondida,SMP,1
6357,456,2,8,33,Pendente,SMP,1
6358,351,5,17,5,Respondida,SMP,1
6359,70,1,14,29,Respondida,SMP,1
6360,1,4,17,5,Respondida,SMP,1
6361,196,4,20,5,Respondida,SMP,1
6362,599,5,13,33,Respondida,SMP,1
6363,719,1,11,5,Respondida,SMP,1
6364,494,5,21,1,Respondida,SMP,1
6365,167,4,25,30,Respondida,SMP,1
6366,616,1,21,5,Respondida,SMP,1
6367,483,1,21,5,Respondida,SMP,1
6368,163,1,11,1,Respondida,SMP,1
6369,571,1,4,14,Respondida,SMP,1
6370,378,1,25,14,Pendente,SMP,1
6371,73,4,13,33,Respondida,SMP,1
6372,341,4,20,1,Respondida,SMP,1
6373,677,4,6,33,Respondida,SMP,1
6374,367,2,5,33,Respondida,SMP,1
6375,641,4,13,14,Respondida,SMP,1
6376,311,4,17,5,Respondida,SMP,1
6377,712,5,5,31,Pendente,SMP,1
6378,428,5,25,1,Respondida,SMP,1
6379,483,2,21,14,Pendente,SMP,1
6380,272,5,14,31,Respondida,SMP,1
6381,292,1,16,1,Pendente,SMP,1
6382,325,4,21,33,Respondida,SMP,1
6383,594,1,5,33,Pendente,SMP,1
6384,601,1,10,33,Respondida,SMP,1
6385,163,4,4,14,Respondida,SMP,1
6386,618,4,19,31,Pendente,SMP,1
6387,626,4,21,5,Respondida,SMP,1
6388,654,4,16,33,Pendente,SMP,1
6389,708,5,21,33,Respondida,SMP,1
6390,123,4,25,14,Respondida,SMP,1
6391,467,4,12,5,Pendente,SMP,1
6392,487,4,8,5,Respondida,SMP,1
6393,644,3,14,5,Respondida,SMP,1
6394,359,4,25,14,Respondida,SMP,1
6395,593,2,13,31,Respondida,SMP,1
6396,324,5,9,5,Pendente,SMP,1
6397,511,4,5,5,Respondida,SMP,1
6398,631,2,10,25,Respondida,SMP,1
6399,153,4,17,31,Respondida,SMP,1
6400,306,1,12,5,Pendente,SMP,1
6401,324,2,17,14,Em Análise,SMP,1
6402,138,5,19,31,Respondida,SMP,1
6403,417,5,21,31,Respondida,SMP,1
6404,565,4,4,5,Em Análise,SMP,1
6405,101,1,15,5,Respondida,SMP,1
6406,513,5,14,33,Respondida,SMP,1
6407,492,1,13,31,Respondida,SMP,1
6408,449,5,25,5,Respondida,SMP,1
6409,511,4,9,5,Respondida,SMP,1
6410,327,1,25,14,Respondida,SMP,1
6411,79,1,3,33,Pendente,SMP,1
6412,609,4,25,14,Respondida,SMP,1
6413,696,5,13,31,Respondida,SMP,1
6414,131,4,4,14,Respondida,SMP,1
6415,646,4,25,33,Respondida,SMP,1
6416,206,4,6,5,Respondida,SMP,1
6417,477,4,13,29,Respondida,SMP,1
6418,268,5,5,33,Respondida,SMP,1
6419,152,4,25,5,Respondida,SMP,1
6420,675,4,12,14,Respondida,SMP,1
6421,186,5,5,19,Respondida,SMP,1
6422,445,2,25,5,Pendente,SMP,1
6423,623,5,25,5,Respondida,SMP,1
6424,319,4,10,1,Respondida,SMP,1
6425,403,4,12,13,Respondida,SMP,1
6426,184,2,21,31,Respondida,SMP,1
6427,468,4,18,14,Pendente,SMP,1
6428,289,3,19,1,Respondida,SMP,1
6429,10,3,17,33,Pendente,SMP,1
6430,564,5,25,33,Respondida,SMP,1
6431,544,4,5,33,Respondida,SMP,1
6432,464,1,19,31,Respondida,SMP,1
6433,107,5,13,14,Respondida,SMP,1
6434,535,1,19,14,Respondida,SMP,1
6435,384,5,21,31,Respondida,SMP,1
6436,86,5,5,33,Em Análise,SMP,1
6437,50,1,9,33,Respondida,SMP,1
6438,152,1,25,14,Pendente,SMP,1
6439,232,2,7,1,Pendente,SMP,1
6440,662,5,19,14,Pendente,SMP,1
6441,607,4,13,5,Respondida,SMP,1
6442,437,4,13,5,Respondida,SMP,1
6443,585,4,9,31,Respondida,SMP,1
6444,288,1,17,14,Respondida,SMP,1
6445,411,2,14,14,Respondida,SMP,1
6446,197,1,6,33,Respondida,SMP,1
6447,86,4,25,31,Respondida,SMP,1
6448,435,4,13,5,Respondida,SMP,1
6449,517,2,13,33,Respondida,SMP,1
6450,425,5,25,14,Respondida,SMP,1
6451,307,1,3,5,Respondida,SMP,1
6452,608,4,5,14,Em Análise,SMP,1
6453,114,5,14,1,Em Análise,SMP,1
6454,228,4,25,5,Respondida,SMP,1
6455,490,2,27,33,Pendente,SMP,1
6456,133,1,25,14,Respondida,SMP,1
6457,273,4,26,14,Respondida,SMP,1
6458,16,4,13,5,Respondida,SMP,1
6459,167,1,13,5,Respondida,SMP,1
6460,24,5,20,5,Respondida,SMP,1
6461,347,1,21,32,Respondida,SMP,1
6462,139,5,6,14,Respondida,SMP,1
6463,187,4,13,33,Pendente,SMP,1
6464,644,4,17,29,Respondida,SMP,1
6465,369,5,14,33,Respondida,SMP,1
6466,191,4,13,5,Em Análise,SMP,1
6467,173,4,13,5,Respondida,SMP,1
6468,607,3,9,5,Respondida,SMP,1
6469,499,4,17,33,Em Análise,SMP,1
6470,126,1,25,33,Pendente,SMP,1
6471,653,2,6,29,Respondida,SMP,1
6472,30,4,19,29,Respondida,SMP,1
6473,382,1,16,33,Respondida,SMP,1
6474,281,1,13,5,Respondida,SMP,1
6475,249,1,12,31,Respondida,SMP,1
6476,209,5,25,14,Respondida,SMP,1
6477,436,5,13,5,Pendente,SMP,1
6478,474,1,21,3,Pendente,SMP,1
6479,541,4,14,14,Pendente,SMP,1
6480,514,1,24,29,Respondida,SMP,1
6481,74,1,25,5,Pendente,SMP,1
6482,314,4,25,31,Respondida,SMP,1
6483,32,4,17,31,Pendente,SMP,1
6484,123,1,25,33,Pendente,SMP,1
6485,110,4,19,33,Pendente,SMP,1
6486,352,4,6,14,Respondida,SMP,1
6487,95,2,5,1,Respondida,SMP,1
6488,325,1,25,1,Respondida,SMP,1
6489,124,5,5,33,Respondida,SMP,1
6490,646,4,21,31,Respondida,SMP,1
6491,388,1,25,14,Respondida,SMP,1
6492,397,5,25,1,Respondida,SMP,1
6493,270,5,25,5,Em Análise,SMP,1
6494,281,4,25,33,Respondida,SMP,1
6495,352,4,16,33,Respondida,SMP,1
6496,105,4,13,5,Em Análise,SMP,1
6497,5,1,13,5,Respondida,SMP,1
6498,160,4,14,31,Em Análise,SMP,1
6499,371,4,5,5,Respondida,SMP,1
6500,674,1,21,33,Respondida,SMP,1
6501,345,4,25,14,Respondida,SMP,1
6502,216,4,13,29,Pendente,SMP,1
6503,654,4,17,31,Respondida,SMP,1
6504,418,2,5,33,Respondida,SMP,1
6505,229,4,5,5,Respondida,SMP,1
6506,104,2,5,5,Respondida,SMP,1
6507,54,5,25,33,Respondida,SMP,1
6508,596,1,13,14,Respondida,SMP,1
6509,325,4,25,5,Em Análise,SMP,1
6510,68,1,5,33,Respondida,SMP,1
6511,118,2,2,31,Respondida,SMP,1
6512,359,3,19,33,Respondida,SMP,1
6513,20,5,25,33,Respondida,SMP,1
6514,307,5,25,14,Pendente,SMP,1
6515,497,4,2,29,Pendente,SMP,1
6516,585,4,25,29,Respondida,SMP,1
6517,271,4,24,14,Em Análise,SMP,1
6518,590,4,19,5,Respondida,SMP,1
6519,536,1,25,14,Respondida,SMP,1
6520,307,4,19,33,Pendente,SMP,1
6521,404,1,2,5,Respondida,SMP,1
6522,388,4,17,14,Em Análise,SMP,1
6523,410,2,25,31,Pendente,SMP,1
6524,444,1,19,33,Pendente,SMP,1
6525,112,5,21,14,Pendente,SMP,1
6526,323,4,25,33,Respondida,SMP,1
6527,574,2,9,33,Respondida,SMP,1
6528,336,4,5,5,Pendente,SMP,1
6529,117,4,7,33,Respondida,SMP,1
6530,621,5,11,31,Em Análise,SMP,1
6531,366,4,25,33,Respondida,SMP,1
6532,334,1,2,1,Respondida,SMP,1
6533,682,5,21,5,Respondida,SMP,1
6534,653,1,12,14,Respondida,SMP,1
6535,719,1,6,31,Respondida,SMP,1
6536,692,2,3,29,Respondida,SMP,1
6537,310,4,25,14,Respondida,SMP,1
6538,388,4,5,1,Respondida,SMP,1
6539,144,5,5,5,Respondida,SMP,1
6540,631,4,5,14,Pendente,SMP,1
6541,444,4,25,5,Pendente,SMP,1
6542,436,4,5,5,Respondida,SMP,1
6543,246,4,21,14,Respondida,SMP,1
6544,617,1,21,5,Respondida,SMP,1
6545,456,4,16,1,Respondida,SMP,1
6546,38,4,15,33,Em Análise,SMP,1
6547,237,1,27,5,Respondida,SMP,1
6548,172,1,21,5,Respondida,SMP,1
6549,518,1,5,14,Respondida,SMP,1
6550,622,4,19,33,Respondida,SMP,1
6551,507,1,25,33,Pendente,SMP,1
6552,109,1,19,14,Respondida,SMP,1
6553,644,1,19,31,Pendente,SMP,1
6554,525,4,20,29,Respondida,SMP,1
6555,534,5,25,1,Respondida,SMP,1
6556,7,1,25,33,Pendente,SMP,1
6557,600,3,17,5,Pendente,SMP,1
6558,721,1,19,14,Respondida,SMP,1
6559,210,2,13,5,Pendente,SMP,1
6560,61,1,27,29,Respondida,SMP,1
6561,55,4,21,31,Respondida,SMP,1
6562,20,5,13,5,Respondida,SMP,1
6563,357,1,25,13,Respondida,SMP,1
6564,66,1,17,33,Respondida,SMP,1
6565,544,4,5,5,Respondida,SMP,1
6566,575,1,27,14,Respondida,SMP,1
6567,343,1,14,14,Respondida,SMP,1
6568,27,4,13,5,Respondida,SMP,1
6569,175,1,6,14,Respondida,SMP,1
6570,131,4,25,6,Respondida,SMP,1
6571,150,2,8,1,Respondida,SMP,1
6572,282,5,18,5,Respondida,SMP,1
6573,654,1,12,33,Respondida,SMP,1
6574,500,2,2,14,Respondida,SMP,1
6575,509,4,11,1,Respondida,SMP,1
6576,189,5,11,5,Pendente,SMP,1
6577,702,5,19,5,Respondida,SMP,1
6578,727,2,25,14,Respondida,SMP,1
6579,647,3,21,5,Respondida,SMP,1
6580,52,4,13,14,Respondida,SMP,1
6581,713,4,13,14,Respondida,SMP,1
6582,184,4,21,14,Respondida,SMP,1
6583,252,4,25,33,Respondida,SMP,1
6584,207,5,15,5,Respondida,SMP,1
6585,709,1,16,31,Respondida,SMP,1
6586,702,4,13,33,Respondida,SMP,1
6587,219,6,6,14,Respondida,SMP,1
6588,437,4,9,6,Respondida,SMP,1
6589,65,4,9,33,Respondida,SMP,1
6590,327,2,2,33,Em Análise,SMP,1
6591,624,5,7,14,Pendente,SMP,1
6592,19,1,14,14,Respondida,SMP,1
6593,403,4,25,33,Respondida,SMP,1
6594,29,5,17,5,Respondida,SMP,1
6595,677,1,5,5,Respondida,SMP,1
6596,150,5,13,5,Pendente,SMP,1
6597,439,5,17,1,Respondida,SMP,1
6598,113,4,14,33,Respondida,SMP,1
6599,427,3,23,33,Respondida,SMP,1
6600,657,5,16,19,Respondida,SMP,1
6601,49,1,23,15,Respondida,SMP,1
6602,260,4,19,14,Respondida,SMP,1
6603,627,1,10,14,Respondida,SMP,1
6604,669,6,25,5,Respondida,SMP,1
6605,550,4,8,33,Respondida,SMP,1
6606,407,1,19,31,Respondida,SMP,1
6607,459,1,9,1,Em Análise,SMP,1
6608,66,4,25,1,Respondida,SMP,1
6609,340,1,13,5,Respondida,SMP,1
6610,117,1,12,31,Respondida,SMP,1
6611,616,1,18,14,Respondida,SMP,1
6612,279,4,25,33,Em Análise,SMP,1
6613,99,4,8,5,Em Análise,SMP,1
6614,301,5,7,5,Pendente,SMP,1
6615,506,4,13,14,Pendente,SMP,1
6616,701,4,25,31,Respondida,SMP,1
6617,21,4,19,5,Respondida,SMP,1
6618,620,4,10,33,Respondida,SMP,1
6619,582,3,25,14,Respondida,SMP,1
6620,451,1,12,33,Respondida,SMP,1
6621,428,2,13,1,Respondida,SMP,1
6622,592,4,9,27,Em Análise,SMP,1
6623,530,2,19,5,Em Análise,SMP,1
6624,709,4,17,31,Respondida,SMP,1
6625,344,4,10,5,Respondida,SMP,1
6626,650,2,13,33,Respondida,SMP,1
6627,275,4,13,21,Respondida,SMP,1
6628,289,4,13,33,Em Análise,SMP,1
6629,612,4,19,29,Respondida,SMP,1
6630,440,4,15,5,Respondida,SMP,1
6631,529,1,22,6,Respondida,SMP,1
6632,32,4,14,33,Pendente,SMP,1
6633,477,4,25,33,Em Análise,SMP,1
6634,421,4,18,5,Respondida,SMP,1
6635,489,2,15,14,Em Análise,SMP,1
6636,715,2,13,1,Respondida,SMP,1
6637,543,5,25,31,Respondida,SMP,1
6638,496,4,10,31,Respondida,SMP,1
6639,649,4,5,14,Respondida,SMP,1
6640,374,1,19,5,Respondida,SMP,1
6641,378,5,19,14,Respondida,SMP,1
6642,96,1,19,33,Respondida,SMP,1
6643,159,3,2,1,Respondida,SMP,1
6644,359,4,9,31,Respondida,SMP,1
6645,144,4,23,33,Respondida,SMP,1
6646,625,4,8,5,Pendente,SMP,1
6647,563,4,25,31,Respondida,SMP,1
6648,88,4,25,33,Respondida,SMP,1
6649,91,4,11,31,Em Análise,SMP,1
6650,310,4,21,1,Em Análise,SMP,1
6651,174,4,25,27,Respondida,SMP,1
6652,494,4,19,14,Respondida,SMP,1
6653,487,5,16,1,Em Análise,SMP,1
6654,690,2,13,33,Pendente,SMP,1
6655,212,1,15,5,Respondida,SMP,1
6656,87,5,5,3,Pendente,SMP,1
6657,542,4,17,5,Respondida,SMP,1
6658,30,6,13,14,Respondida,SMP,1
6659,623,4,17,14,Em Análise,SMP,1
6660,600,4,25,14,Respondida,SMP,1
6661,386,5,5,31,Respondida,SMP,1
6662,330,5,9,5,Respondida,SMP,1
6663,493,5,19,33,Pendente,SMP,1
6664,396,2,21,28,Respondida,SMP,1
6665,215,4,6,1,Respondida,SMP,1
6666,263,4,24,33,Pendente,SMP,1
6667,191,4,19,15,Respondida,SMP,1
6668,395,2,16,5,Respondida,SMP,1
6669,470,5,9,15,Pendente,SMP,1
6670,586,4,1,5,Respondida,SMP,1
6671,426,5,19,33,Respondida,SMP,1
6672,242,4,23,13,Respondida,SMP,1
6673,321,1,21,5,Em Análise,SMP,1
6674,348,2,25,33,Respondida,SMP,1
6675,83,4,16,14,Respondida,SMP,1
6676,195,1,6,29,Em Análise,SMP,1
6677,614,2,4,5,Respondida,SMP,1
6678,449,1,9,14,Respondida,SMP,1
6679,602,4,18,5,Respondida,SMP,1
6680,347,5,6,33,Respondida,SMP,1
6681,697,1,8,33,Respondida,SMP,1
6682,583,4,24,33,Pendente,SMP,1
6683,8,4,22,5,Respondida,SMP,1
6684,154,4,5,14,Respondida,SMP,1
6685,352,4,15,33,Respondida,SMP,1
6686,31,1,19,31,Respondida,SMP,1
6687,626,1,10,29,Respondida,SMP,1
6688,685,5,21,5,Respondida,SMP,1
6689,668,4,14,14,Respondida,SMP,1
6690,255,4,25,5,Respondida,SMP,1
6691,270,4,4,14,Respondida,SMP,1
6692,727,4,25,31,Respondida,SMP,1
6693,542,4,16,5,Respondida,SMP,1
6694,682,1,13,33,Em Análise,SMP,1
6695,584,5,19,5,Respondida,SMP,1
6696,730,1,19,33,Respondida,SMP,1
6697,567,1,4,1,Respondida,SMP,1
6698,413,4,16,14,Em Análise,SMP,1
6699,563,1,6,33,Pendente,SMP,1
6700,284,2,20,31,Respondida,SMP,1
6701,544,4,15,5,Respondida,SMP,1
6702,606,2,25,5,Respondida,SMP,1
6703,612,4,5,14,Respondida,SMP,1
6704,680,2,5,1,Respondida,SMP,1
6705,633,1,25,14,Pendente,SMP,1
6706,474,1,2,14,Respondida,SMP,1
6707,221,1,14,14,Pendente,SMP,1
6708,661,2,19,14,Respondida,SMP,1
6709,385,4,21,31,Respondida,SMP,1
6710,285,1,9,5,Respondida,SMP,1
6711,680,4,21,29,Respondida,SMP,1
6712,612,4,19,5,Respondida,SMP,1
6713,21,4,10,22,Pendente,SMP,1
6714,35,5,25,5,Pendente,SMP,1
6715,472,4,19,5,Respondida,SMP,1
6716,33,4,9,31,Pendente,SMP,1
6717,389,1,10,1,Em Análise,SMP,1
6718,483,1,7,29,Respondida,SMP,1
6719,51,5,16,32,Respondida,SMP,1
6720,504,4,19,5,Respondida,SMP,1
6721,412,6,19,33,Respondida,SMP,1
6722,181,4,24,1,Em Análise,SMP,1
6723,478,2,2,5,Respondida,SMP,1
6724,380,1,17,33,Respondida,SMP,1
6725,601,4,14,5,Respondida,SMP,1
6726,15,4,4,31,Respondida,SMP,1
6727,161,4,25,29,Respondida,SMP,1
6728,477,5,17,5,Respondida,SMP,1
6729,595,4,16,1,Respondida,SMP,1
6730,648,2,17,5,Respondida,SMP,1
6731,193,4,26,31,Pendente,SMP,1
6732,420,4,25,33,Respondida,SMP,1
6733,484,2,17,33,Respondida,SMP,1
6734,519,1,9,31,Em Análise,SMP,1
6735,277,4,15,14,Pendente,SMP,1
6736,48,1,6,31,Respondida,SMP,1
6737,80,4,16,23,Respondida,SMP,1
6738,105,4,25,31,Respondida,SMP,1
6739,611,4,6,14,Pendente,SMP,1
6740,681,4,25,5,Pendente,SMP,1
6741,385,1,16,33,Respondida,SMP,1
6742,493,1,15,1,Em Análise,SMP,1
6743,346,4,17,31,Respondida,SMP,1
6744,554,4,15,14,Respondida,SMP,1
6745,395,2,5,5,Respondida,SMP,1
6746,138,5,21,13,Respondida,SMP,1
6747,179,5,21,28,Respondida,SMP,1
6748,55,2,13,5,Respondida,SMP,1
6749,84,4,14,5,Respondida,SMP,1
6750,46,4,24,33,Respondida,SMP,1
6751,591,4,19,14,Em Análise,SMP,1
6752,250,4,5,29,Respondida,SMP,1
6753,632,1,19,33,Respondida,SMP,1
6754,454,4,13,5,Respondida,SMP,1
6755,537,5,25,33,Em Análise,SMP,1
6756,666,5,4,5,Respondida,SMP,1
6757,420,1,25,13,Respondida,SMP,1
6758,618,4,14,5,Respondida,SMP,1
6759,409,4,9,31,Pendente,SMP,1
6760,240,1,11,5,Respondida,SMP,1
6761,599,1,21,14,Respondida,SMP,1
6762,473,4,9,33,Respondida,SMP,1
6763,561,5,16,5,Respondida,SMP,1
6764,580,5,13,5,Pendente,SMP,1
6765,515,1,25,33,Respondida,SMP,1
6766,379,4,17,5,Respondida,SMP,1
6767,459,1,14,33,Em Análise,SMP,1
6768,640,2,25,14,Respondida,SMP,1
6769,416,4,25,31,Em Análise,SMP,1
6770,369,1,8,33,Respondida,SMP,1
6771,108,4,25,14,Respondida,SMP,1
6772,107,4,21,14,Respondida,SMP,1
6773,355,5,13,27,Respondida,SMP,1
6774,246,5,16,14,Respondida,SMP,1
6775,318,1,25,31,Pendente,SMP,1
6776,40,4,15,5,Pendente,SMP,1
6777,249,2,13,5,Respondida,SMP,1
6778,278,5,9,32,Pendente,SMP,1
6779,268,2,10,33,Respondida,SMP,1
6780,583,1,19,14,Respondida,SMP,1
6781,667,5,14,31,Em Análise,SMP,1
6782,392,4,16,5,Pendente,SMP,1
6783,250,4,18,14,Pendente,SMP,1
6784,476,4,25,13,Pendente,SMP,1
6785,424,1,25,29,Respondida,SMP,1
6786,195,4,19,1,Pendente,SMP,1
6787,662,1,25,5,Respondida,SMP,1
6788,483,2,25,14,Respondida,SMP,1
6789,501,5,8,29,Em Análise,SMP,1
6790,158,2,25,31,Respondida,SMP,1
6791,42,2,21,31,Respondida,SMP,1
6792,645,1,13,33,Em Análise,SMP,1
6793,380,4,17,33,Respondida,SMP,1
6794,575,4,13,5,Respondida,SMP,1
6795,6,4,14,5,Pendente,SMP,1
6796,190,1,13,14,Respondida,SMP,1
6797,91,4,5,33,Respondida,SMP,1
6798,590,4,13,5,Respondida,SMP,1
6799,541,1,21,5,Respondida,SMP,1
6800,483,4,12,5,Respondida,SMP,1
6801,415,1,17,5,Respondida,SMP,1
6802,570,4,18,14,Respondida,SMP,1
6803,201,1,25,5,Respondida,SMP,1
6804,511,4,21,14,Em Análise,SMP,1
6805,415,4,13,19,Pendente,SMP,1
6806,281,2,17,14,Respondida,SMP,1
6807,275,1,25,33,Pendente,SMP,1
6808,13,4,8,14,Respondida,SMP,1
6809,696,1,20,14,Respondida,SMP,1
6810,432,1,19,5,Em Análise,SMP,1
6811,376,5,5,1,Respondida,SMP,1
6812,157,4,24,5,Respondida,SMP,1
6813,571,4,25,5,Respondida,SMP,1
6814,44,5,17,5,Em Análise,SMP,1
6815,89,4,13,14,Pendente,SMP,1
6816,636,5,10,5,Pendente,SMP,1
6817,45,5,19,19,Pendente,SMP,1
6818,16,5,24,14,Respondida,SMP,1
6819,246,5,18,29,Respondida,SMP,1
6820,576,2,13,25,Pendente,SMP,1
6821,715,4,25,5,Pendente,SMP,1
6822,34,4,15,14,Respondida,SMP,1
6823,494,4,26,14,Respondida,SMP,1
6824,584,4,25,33,Respondida,SMP,1
6825,303,4,17,33,Em Análise,SMP,1
6826,606,4,25,1,Pendente,SMP,1
6827,37,2,24,14,Pendente,SMP,1
6828,512,4,17,33,Respondida,SMP,1
6829,38,2,4,33,Respondida,SMP,1
6830,486,1,25,29,Respondida,SMP,1
6831,72,4,19,5,Pendente,SMP,1
6832,649,1,25,31,Pendente,SMP,1
6833,97,5,16,33,Respondida,SMP,1
6834,225,4,13,31,Respondida,SMP,1
6835,219,5,13,33,Respondida,SMP,1
6836,116,1,4,29,Respondida,SMP,1
6837,595,4,9,14,Respondida,SMP,1
6838,413,5,25,31,Respondida,SMP,1
6839,284,5,21,31,Pendente,SMP,1
6840,544,1,21,30,Pendente,SMP,1
6841,237,4,4,1,Respondida,SMP,1
6842,357,4,13,14,Respondida,SMP,1
6843,543,1,5,14,Respondida,SMP,1
6844,363,1,25,6,Respondida,SMP,1
6845,275,4,13,32,Respondida,SMP,1
6846,655,4,10,1,Respondida,SMP,1
6847,248,1,11,33,Respondida,SMP,1
6848,448,5,25,5,Respondida,SMP,1
6849,723,5,19,33,Pendente,SMP,1
6850,263,5,25,5,Respondida,SMP,1
6851,426,5,16,33,Em Análise,SMP,1
6852,208,5,13,14,Respondida,SMP,1
6853,319,1,25,29,Respondida,SMP,1
6854,702,2,13,5,Respondida,SMP,1
6855,105,4,21,29,Pendente,SMP,1
6856,5,4,14,14,Pendente,SMP,1
6857,301,4,20,1,Respondida,SMP,1
6858,256,4,25,5,Pendente,SMP,1
6859,474,4,25,14,Pendente,SMP,1
6860,337,1,24,33,Respondida,SMP,1
6861,538,2,19,5,Em Análise,SMP,1
6862,381,4,3,5,Respondida,SMP,1
6863,9,5,18,6,Respondida,SMP,1
6864,364,6,11,14,Respondida,SMP,1
6865,580,4,25,31,Respondida,SMP,1
6866,712,2,21,29,Pendente,SMP,1
6867,431,1,6,14,Respondida,SMP,1
6868,81,4,6,19,Respondida,SMP,1
6869,419,4,19,14,Pendente,SMP,1
6870,473,1,13,33,Respondida,SMP,1
6871,687,1,13,33,Respondida,SMP,1
6872,443,4,17,31,Respondida,SMP,1
6873,142,4,24,33,Respondida,SMP,1
6874,10,4,25,5,Respondida,SMP,1
6875,482,5,19,31,Respondida,SMP,1
6876,424,1,6,30,Respondida,SMP,1
6877,255,4,6,5,Respondida,SMP,1
6878,181,3,13,14,Respondida,SMP,1
6879,276,4,6,31,Respondida,SMP,1
6880,677,6,13,29,Pendente,SMP,1
6881,338,5,25,5,Respondida,SMP,1
6882,604,1,6,33,Respondida,SMP,1
6883,722,4,19,14,Respondida,SMP,1
6884,395,4,10,14,Em Análise,SMP,1
6885,495,4,14,5,Respondida,SMP,1
6886,703,1,9,33,Respondida,SMP,1
6887,688,4,25,33,Respondida,SMP,1
6888,652,4,17,5,Respondida,SMP,1
6889,574,1,5,5,Em Análise,SMP,1
6890,165,4,13,31,Pendente,SMP,1
6891,604,1,13,5,Respondida,SMP,1
6892,394,5,19,33,Respondida,SMP,1
6893,187,1,17,5,Respondida,SMP,1
6894,404,1,9,5,Respondida,SMP,1
6895,22,4,21,33,Respondida,SMP,1
6896,650,5,14,33,Respondida,SMP,1
6897,647,1,24,5,Respondida,SMP,1
6898,73,5,25,31,Respondida,SMP,1
6899,708,1,25,33,Respondida,SMP,1
6900,186,4,17,14,Em Análise,SMP,1
6901,199,4,19,14,Respondida,SMP,1
6902,715,1,19,5,Respondida,SMP,1
6903,140,5,25,31,Pendente,SMP,1
6904,462,1,21,31,Pendente,SMP,1
6905,79,4,11,1,Respondida,SMP,1
6906,303,4,12,33,Respondida,SMP,1
6907,608,1,17,14,Respondida,SMP,1
6908,374,5,9,5,Em Análise,SMP,1
6909,378,1,22,19,Respondida,SMP,1
6910,151,4,16,33,Respondida,SMP,1
6911,231,4,25,33,Pendente,SMP,1
6912,716,4,25,5,Em Análise,SMP,1
6913,562,4,25,5,Respondida,SMP,1
6914,467,5,7,33,Respondida,SMP,1
6915,133,5,25,31,Pendente,SMP,1
6916,182,1,5,33,Respondida,SMP,1
6917,495,4,10,33,Respondida,SMP,1
6918,426,3,7,1,Respondida,SMP,1
6919,699,5,13,6,Respondida,SMP,1
6920,311,1,19,1,Respondida,SMP,1
6921,172,4,25,31,Respondida,SMP,1
6922,155,4,8,33,Respondida,SMP,1
6923,596,2,14,14,Pendente,SMP,1
6924,310,5,6,33,Respondida,SMP,1
6925,518,4,13,5,Pendente,SMP,1
6926,126,2,17,32,Respondida,SMP,1
6927,9,4,25,3,Respondida,SMP,1
6928,611,4,6,1,Respondida,SMP,1
6929,534,4,24,14,Respondida,SMP,1
6930,29,5,25,5,Respondida,SMP,1
6931,604,5,4,31,Respondida,SMP,1
6932,453,4,19,5,Respondida,SMP,1
6933,291,5,25,5,Pendente,SMP,1
6934,213,4,14,14,Respondida,SMP,1
6935,405,4,18,5,Respondida,SMP,1
6936,38,4,11,5,Respondida,SMP,1
6937,273,1,25,25,Pendente,SMP,1
6938,613,1,11,5,Respondida,SMP,1
6939,333,1,25,5,Respondida,SMP,1
6940,101,1,15,14,Respondida,SMP,1
6941,411,4,25,33,Em Análise,SMP,1
6942,393,5,12,28,Pendente,SMP,1
6943,234,1,15,5,Pendente,SMP,1
6944,334,1,10,5,Pendente,SMP,1
6945,181,4,19,5,Pendente,SMP,1
6946,270,4,25,33,Respondida,SMP,1
6947,700,4,3,14,Respondida,SMP,1
6948,627,5,11,1,Respondida,SMP,1
6949,595,4,1,31,Respondida,SMP,1
6950,78,5,24,5,Respondida,SMP,1
6951,550,4,15,1,Respondida,SMP,1
6952,398,4,25,33,Respondida,SMP,1
6953,13,5,13,1,Pendente,SMP,1
6954,663,5,14,14,Respondida,SMP,1
6955,139,1,2,5,Respondida,SMP,1
6956,151,1,13,14,Respondida,SMP,1
6957,86,4,25,5,Respondida,SMP,1
6958,722,2,19,33,Respondida,SMP,1
6959,24,1,25,31,Respondida,SMP,1
6960,26,4,5,33,Pendente,SMP,1
6961,130,5,10,5,Respondida,SMP,1
6962,340,1,14,5,Pendente,SMP,1
6963,703,5,6,33,Respondida,SMP,1
6964,573,4,19,33,Respondida,SMP,1
6965,725,4,2,5,Respondida,SMP,1
6966,193,4,12,5,Em Análise,SMP,1
6967,141,4,21,5,Respondida,SMP,1
6968,608,1,25,33,Respondida,SMP,1
6969,127,5,25,33,Pendente,SMP,1
6970,698,4,25,5,Respondida,SMP,1
6971,487,1,13,5,Respondida,SMP,1
6972,46,1,5,5,Pendente,SMP,1
6973,264,5,19,14,Respondida,SMP,1
6974,105,4,25,31,Respondida,SMP,1
6975,111,4,25,14,Pendente,SMP,1
6976,256,2,25,1,Respondida,SMP,1
6977,152,1,13,5,Respondida,SMP,1
6978,306,4,10,31,Respondida,SMP,1
6979,452,4,13,5,Respondida,SMP,1
6980,141,2,17,5,Pendente,SMP,1
6981,144,4,5,5,Respondida,SMP,1
6982,58,5,17,5,Respondida,SMP,1
6983,621,4,16,14,Respondida,SMP,1
6984,58,4,16,33,Respondida,SMP,1
6985,296,4,26,14,Pendente,SMP,1
6986,416,4,6,29,Respondida,SMP,1
6987,272,4,7,25,Em Análise,SMP,1
6988,101,5,25,1,Respondida,SMP,1
6989,77,4,7,5,Respondida,SMP,1
6990,61,4,13,5,Pendente,SMP,1
6991,714,1,25,5,Respondida,SMP,1
6992,191,1,25,5,Em Análise,SMP,1
6993,666,4,14,33,Respondida,SMP,1
6994,356,1,25,5,Pendente,SMP,1
6995,486,4,19,5,Respondida,SMP,1
6996,543,1,13,33,Respondida,SMP,1
6997,544,4,16,33,Respondida,SMP,1
6998,269,3,17,5,Pendente,SMP,1
6999,463,4,13,5,Respondida,SMP,1
7000,275,4,13,5,Respondida,SMP,1
7001,287,4,25,1,Respondida,SMP,1
7002,574,3,21,14,Respondida,SMP,1
7003,531,5,10,5,Respondida,SMP,1
7004,692,5,26,14,Respondida,SMP,1
7005,664,1,14,14,Respondida,SMP,1
7006,203,4,25,14,Pendente,SMP,1
7007,234,1,8,29,Respondida,SMP,1
7008,343,4,27,5,Respondida,SMP,1
7009,468,1,19,33,Pendente,SMP,1
7010,572,1,19,33,Respondida,SMP,1
7011,217,1,25,5,Pendente,SMP,1
7012,483,4,19,5,Pendente,SMP,1
7013,709,1,25,14,Respondida,SMP,1
7014,444,4,25,5,Respondida,SMP,1
7015,544,4,16,29,Respondida,SMP,1
7016,504,5,16,33,Respondida,SMP,1
7017,546,4,19,31,Pendente,SMP,1
7018,585,1,25,33,Respondida,SMP,1
7019,110,5,24,1,Pendente,SMP,1
7020,445,5,19,1,Pendente,SMP,1
7021,434,2,19,3,Respondida,SMP,1
7022,187,4,25,33,Respondida,SMP,1
7023,335,1,26,29,Em Análise,SMP,1
7024,659,5,18,31,Respondida,SMP,1
7025,258,1,19,5,Pendente,SMP,1
7026,504,1,21,33,Em Análise,SMP,1
7027,283,6,13,5,Respondida,SMP,1
7028,169,4,6,5,Respondida,SMP,1
7029,369,1,24,33,Em Análise,SMP,1
7030,484,1,23,5,Respondida,SMP,1
7031,114,3,13,5,Respondida,SMP,1
7032,717,1,7,5,Respondida,SMP,1
7033,226,3,25,33,Em Análise,SMP,1
7034,725,5,19,33,Respondida,SMP,1
7035,216,2,25,25,Pendente,SMP,1
7036,234,4,12,5,Respondida,SMP,1
7037,722,4,25,31,Respondida,SMP,1
7038,61,1,9,15,Pendente,SMP,1
7039,558,5,21,33,Pendente,SMP,1
7040,572,4,25,33,Respondida,SMP,1
7041,197,4,13,5,Pendente,SMP,1
7042,695,5,15,33,Pendente,SMP,1
7043,391,4,15,31,Respondida,SMP,1
7044,663,4,11,1,Pendente,SMP,1
7045,704,4,13,1,Pendente,SMP,1
7046,675,4,19,1,Respondida,SMP,1
7047,694,5,25,31,Pendente,SMP,1
7048,448,1,13,5,Pendente,SMP,1
7049,372,4,25,29,Pendente,SMP,1
7050,213,1,24,14,Respondida,SMP,1
7051,449,2,21,14,Respondida,SMP,1
7052,36,4,24,29,Respondida,SMP,1
7053,658,4,19,33,Pendente,SMP,1
7054,360,2,17,5,Respondida,SMP,1
7055,89,1,10,14,Respondida,SMP,1
7056,603,1,16,5,Respondida,SMP,1
7057,134,5,13,33,Respondida,SMP,1
7058,68,5,17,14,Em Análise,SMP,1
7059,66,4,21,5,Respondida,SMP,1
7060,106,5,9,33,Respondida,SMP,1
7061,630,5,5,33,Pendente,SMP,1
7062,359,4,25,14,Respondida,SMP,1
7063,534,1,25,5,Respondida,SMP,1
7064,591,1,13,1,Pendente,SMP,1
7065,183,5,14,14,Respondida,SMP,1
7066,98,4,19,1,Respondida,SMP,1
7067,657,4,3,29,Em Análise,SMP,1
7068,345,1,6,33,Respondida,SMP,1
7069,329,4,20,31,Pendente,SMP,1
7070,286,2,25,33,Pendente,SMP,1
7071,234,4,19,14,Respondida,SMP,1
7072,493,1,25,14,Respondida,SMP,1
7073,296,4,18,33,Respondida,SMP,1
7074,681,5,25,29,Respondida,SMP,1
7075,367,4,21,33,Respondida,SMP,1
7076,275,4,10,27,Respondida,SMP,1
7077,339,6,25,33,Respondida,SMP,1
7078,304,4,13,33,Respondida,SMP,1
7079,45,3,5,29,Pendente,SMP,1
7080,500,4,25,5,Respondida,SMP,1
7081,437,4,14,5,Respondida,SMP,1
7082,266,4,5,29,Respondida,SMP,1
7083,277,1,7,31,Respondida,SMP,1
7084,579,4,25,5,Respondida,SMP,1
7085,622,5,15,1,Respondida,SMP,1
7086,303,4,21,14,Respondida,SMP,1
7087,309,6,19,5,Respondida,SMP,1
7088,253,5,19,33,Em Análise,SMP,1
7089,93,4,25,31,Respondida,SMP,1
7090,81,5,25,33,Respondida,SMP,1
7091,516,4,25,5,Respondida,SMP,1
7092,702,1,25,1,Respondida,SMP,1
7093,341,4,14,14,Respondida,SMP,1
7094,99,3,16,14,Pendente,SMP,1
7095,573,1,19,5,Respondida,SMP,1
7096,525,4,5,29,Pendente,SMP,1
7097,698,4,5,33,Respondida,SMP,1
7098,42,4,25,33,Respondida,SMP,1
7099,93,4,5,5,Respondida,SMP,1
7100,612,1,25,5,Respondida,SMP,1
7101,203,4,25,5,Respondida,SMP,1
7102,566,4,7,5,Respondida,SMP,1
7103,432,2,13,15,Pendente,SMP,1
7104,568,2,19,33,Respondida,SMP,1
7105,37,1,20,1,Em Análise,SMP,1
7106,382,5,14,15,Respondida,SMP,1
7107,640,5,13,31,Respondida,SMP,1
7108,530,5,25,29,Respondida,SMP,1
7109,632,5,17,14,Respondida,SMP,1
7110,643,1,17,33,Respondida,SMP,1
7111,610,2,25,33,Respondida,SMP,1
7112,559,1,25,5,Em Análise,SMP,1
7113,393,4,25,1,Em Análise,SMP,1
7114,561,1,16,1,Respondida,SMP,1
7115,110,5,19,14,Respondida,SMP,1
7116,390,4,9,14,Pendente,SMP,1
7117,283,5,26,31,Respondida,SMP,1
7118,581,1,24,14,Em Análise,SMP,1
7119,174,4,21,5,Respondida,SMP,1
7120,149,1,2,33,Pendente,SMP,1
7121,340,5,25,14,Respondida,SMP,1
7122,505,4,25,5,Respondida,SMP,1
7123,615,4,20,33,Pendente,SMP,1
7124,478,2,19,33,Pendente,SMP,1
7125,643,4,17,5,Respondida,SMP,1
7126,258,4,5,14,Respondida,SMP,1
7127,641,5,14,33,Pendente,SMP,1
7128,85,4,25,14,Respondida,SMP,1
7129,212,3,14,14,Pendente,SMP,1
7130,388,1,5,14,Respondida,SMP,1
7131,655,1,25,5,Respondida,SMP,1
7132,546,4,25,14,Pendente,SMP,1
7133,344,1,9,29,Respondida,SMP,1
7134,160,4,25,14,Respondida,SMP,1
7135,223,1,25,19,Respondida,SMP,1
7136,701,4,9,14,Respondida,SMP,1
7137,329,2,6,1,Respondida,SMP,1
7138,168,1,25,22,Respondida,SMP,1
7139,356,2,25,31,Respondida,SMP,1
7140,554,4,16,31,Respondida,SMP,1
7141,479,2,13,14,Respondida,SMP,1
7142,716,2,13,33,Respondida,SMP,1
7143,141,2,25,14,Respondida,SMP,1
7144,562,4,12,33,Respondida,SMP,1
7145,538,4,19,31,Respondida,SMP,1
7146,35,4,12,29,Respondida,SMP,1
7147,626,5,13,14,Respondida,SMP,1
7148,622,1,25,5,Respondida,SMP,1
7149,477,4,25,14,Respondida,SMP,1
7150,691,4,25,5,Em Análise,SMP,1
7151,431,1,6,5,Respondida,SMP,1
7152,370,4,17,14,Em Análise,SMP,1
7153,572,4,25,31,Respondida,SMP,1
7154,630,4,7,29,Em Análise,SMP,1
7155,707,5,25,29,Em Análise,SMP,1
7156,351,4,21,14,Respondida,SMP,1
7157,723,3,27,1,Respondida,SMP,1
7158,495,5,5,5,Respondida,SMP,1
7159,463,4,20,31,Pendente,SMP,1
7160,30,1,13,1,Respondida,SMP,1
7161,606,1,21,33,Respondida,SMP,1
7162,456,4,17,33,Respondida,SMP,1
7163,578,4,14,33,Respondida,SMP,1
7164,688,4,17,1,Em Análise,SMP,1
7165,261,2,17,14,Pendente,SMP,1
7166,348,1,6,29,Respondida,SMP,1
7167,583,5,3,14,Respondida,SMP,1
7168,57,4,25,5,Respondida,SMP,1
7169,195,4,9,14,Em Análise,SMP,1
7170,470,4,12,33,Respondida,SMP,1
7171,560,5,5,5,Respondida,SMP,1
7172,157,1,7,14,Respondida,SMP,1
7173,448,4,8,5,Respondida,SMP,1
7174,397,3,25,14,Pendente,SMP,1
7175,542,5,5,33,Respondida,SMP,1
7176,192,5,25,19,Respondida,SMP,1
7177,296,4,6,5,Respondida,SMP,1
7178,634,5,25,29,Respondida,SMP,1
7179,681,5,12,5,Respondida,SMP,1
7180,347,5,24,5,Em Análise,SMP,1
7181,112,4,13,33,Em Análise,SMP,1
7182,69,5,25,19,Respondida,SMP,1
7183,618,4,25,14,Respondida,SMP,1
7184,225,1,18,14,Respondida,SMP,1
7185,658,2,17,33,Respondida,SMP,1
7186,386,4,17,33,Respondida,SMP,1
7187,390,1,14,29,Respondida,SMP,1
7188,257,1,25,14,Respondida,SMP,1
7189,403,2,19,1,Respondida,SMP,1
7190,349,4,25,14,Pendente,SMP,1
7191,351,4,25,14,Respondida,SMP,1
7192,696,1,10,14,Pendente,SMP,1
7193,709,1,19,33,Respondida,SMP,1
7194,233,5,21,32,Em Análise,SMP,1
7195,440,3,19,1,Respondida,SMP,1
7196,649,1,5,5,Respondida,SMP,1
7197,625,5,24,5,Respondida,SMP,1
7198,506,4,16,31,Respondida,SMP,1
7199,417,4,25,3,Respondida,SMP,1
7200,442,5,5,25,Em Análise,SMP,1
7201,176,2,25,33,Respondida,SMP,1
7202,681,1,5,1,Respondida,SMP,1
7203,148,5,21,14,Respondida,SMP,1
7204,717,1,8,5,Respondida,SMP,1
7205,391,5,9,5,Respondida,SMP,1
7206,464,4,5,5,Respondida,SMP,1
7207,64,1,1,5,Respondida,SMP,1
7208,310,2,25,5,Respondida,SMP,1
7209,514,1,19,14,Respondida,SMP,1
7210,315,1,6,5,Respondida,SMP,1
7211,689,4,19,33,Em Análise,SMP,1
7212,635,1,5,14,Respondida,SMP,1
7213,695,1,12,5,Respondida,SMP,1
7214,467,4,3,1,Respondida,SMP,1
7215,709,4,5,31,Respondida,SMP,1
7216,96,4,16,5,Respondida,SMP,1
7217,314,4,13,33,Respondida,SMP,1
7218,408,1,15,5,Respondida,SMP,1
7219,73,1,19,5,Respondida,SMP,1
7220,697,4,20,29,Respondida,SMP,1
7221,171,1,15,5,Respondida,SMP,1
7222,221,5,9,14,Pendente,SMP,1
7223,284,4,25,33,Respondida,SMP,1
7224,372,1,20,31,Pendente,SMP,1
7225,127,1,26,33,Respondida,SMP,1
7226,1,1,5,5,Respondida,SMP,1
7227,477,4,21,31,Respondida,SMP,1
7228,250,1,25,14,Respondida,SMP,1
7229,586,5,5,1,Respondida,SMP,1
7230,104,5,13,5,Em Análise,SMP,1
7231,126,1,19,14,Pendente,SMP,1
7232,320,5,10,31,Respondida,SMP,1
7233,564,1,25,5,Respondida,SMP,1
7234,695,4,12,1,Respondida,SMP,1
7235,448,1,17,31,Respondida,SMP,1
7236,665,5,19,14,Em Análise,SMP,1
7237,702,5,17,33,Pendente,SMP,1
7238,494,4,17,14,Respondida,SMP,1
7239,188,4,14,14,Pendente,SMP,1
7240,585,2,5,5,Respondida,SMP,1
7241,292,1,25,5,Respondida,SMP,1
7242,183,4,25,31,Pendente,SMP,1
7243,432,4,4,5,Respondida,SMP,1
7244,124,1,16,14,Em Análise,SMP,1
7245,592,1,16,33,Pendente,SMP,1
7246,630,4,25,1,Pendente,SMP,1
7247,724,4,14,5,Em Análise,SMP,1
7248,164,2,6,31,Pendente,SMP,1
7249,133,4,19,14,Respondida,SMP,1
7250,337,1,25,1,Em Análise,SMP,1
7251,186,4,25,5,Respondida,SMP,1
7252,636,4,25,33,Pendente,SMP,1
7253,437,4,25,33,Respondida,SMP,1
7254,61,5,9,14,Respondida,SMP,1
7255,486,1,24,5,Pendente,SMP,1
7256,368,2,21,14,Pendente,SMP,1
7257,146,1,24,14,Respondida,SMP,1
7258,156,5,24,33,Respondida,SMP,1
7259,158,6,13,14,Respondida,SMP,1
7260,693,2,19,5,Respondida,SMP,1
7261,103,5,13,1,Respondida,SMP,1
7262,389,4,25,1,Pendente,SMP,1
7263,703,5,19,33,Respondida,SMP,1
7264,117,5,14,29,Pendente,SMP,1
7265,64,6,19,14,Respondida,SMP,1
7266,702,4,9,14,Pendente,SMP,1
7267,365,4,5,5,Respondida,SMP,1
7268,443,4,25,13,Respondida,SMP,1
7269,187,4,13,5,Respondida,SMP,1
7270,15,4,16,1,Respondida,SMP,1
7271,624,1,25,33,Em Análise,SMP,1
7272,404,5,17,33,Pendente,SMP,1
7273,427,4,19,5,Respondida,SMP,1
7274,98,4,24,14,Respondida,SMP,1
7275,259,2,24,23,Respondida,SMP,1
7276,50,4,25,29,Respondida,SMP,1
7277,195,5,4,5,Respondida,SMP,1
7278,249,4,25,29,Respondida,SMP,1
7279,187,1,19,14,Respondida,SMP,1
7280,71,1,25,22,Respondida,SMP,1
7281,569,4,12,31,Respondida,SMP,1
7282,271,4,17,33,Em Análise,SMP,1
7283,499,5,26,5,Respondida,SMP,1
7284,138,4,10,33,Respondida,SMP,1
7285,205,1,25,31,Em Análise,SMP,1
7286,492,1,19,33,Respondida,SMP,1
7287,43,1,21,5,Pendente,SMP,1
7288,119,5,10,31,Respondida,SMP,1
7289,253,4,13,14,Respondida,SMP,1
7290,689,5,17,5,Em Análise,SMP,1
7291,416,2,9,5,Respondida,SMP,1
7292,576,5,19,14,Respondida,SMP,1
7293,85,4,10,1,Respondida,SMP,1
7294,587,2,9,5,Respondida,SMP,1
7295,122,2,19,14,Respondida,SMP,1
7296,443,4,26,14,Respondida,SMP,1
7297,207,4,17,1,Em Análise,SMP,1
7298,594,2,14,5,Respondida,SMP,1
7299,344,1,20,31,Respondida,SMP,1
7300,722,1,25,5,Respondida,SMP,1
7301,598,5,17,33,Respondida,SMP,1
7302,723,1,19,14,Respondida,SMP,1
7303,651,4,6,5,Em Análise,SMP,1
7304,103,4,25,1,Respondida,SMP,1
7305,46,5,11,1,Respondida,SMP,1
7306,316,4,10,25,Respondida,SMP,1
7307,231,1,25,29,Respondida,SMP,1
7308,120,2,21,1,Respondida,SMP,1
7309,200,4,8,1,Respondida,SMP,1
7310,192,4,14,29,Respondida,SMP,1
7311,342,4,6,14,Respondida,SMP,1
7312,567,4,13,19,Respondida,SMP,1
7313,631,1,25,5,Respondida,SMP,1
7314,483,5,13,33,Respondida,SMP,1
7315,91,5,21,33,Respondida,SMP,1
7316,120,1,2,5,Respondida,SMP,1
7317,575,4,25,31,Respondida,SMP,1
7318,378,2,16,5,Respondida,SMP,1
7319,207,5,13,5,Respondida,SMP,1
7320,264,1,19,1,Respondida,SMP,1
7321,400,1,24,14,Pendente,SMP,1
7322,16,5,19,31,Respondida,SMP,1
7323,381,5,17,33,Respondida,SMP,1
7324,499,5,25,33,Respondida,SMP,1
7325,661,1,25,5,Respondida,SMP,1
7326,202,2,6,33,Pendente,SMP,1
7327,669,1,20,33,Respondida,SMP,1
7328,580,4,13,31,Pendente,SMP,1
7329,522,2,19,29,Respondida,SMP,1
7330,576,4,6,31,Respondida,SMP,1
7331,536,5,25,33,Em Análise,SMP,1
7332,274,4,25,5,Respondida,SMP,1
7333,598,4,7,5,Respondida,SMP,1
7334,327,4,5,5,Respondida,SMP,1
7335,417,5,10,33,Pendente,SMP,1
7336,554,1,25,33,Respondida,SMP,1
7337,243,1,25,1,Respondida,SMP,1
7338,25,4,19,1,Respondida,SMP,1
7339,570,1,2,14,Respondida,SMP,1
7340,184,1,14,33,Respondida,SMP,1
7341,508,5,25,32,Respondida,SMP,1
7342,650,2,10,33,Pendente,SMP,1
7343,355,2,26,5,Respondida,SMP,1
7344,624,1,18,31,Respondida,SMP,1
7345,216,4,5,1,Respondida,SMP,1
7346,238,1,25,14,Respondida,SMP,1
7347,365,4,25,1,Respondida,SMP,1
7348,520,3,5,5,Respondida,SMP,1
7349,437,4,5,5,Respondida,SMP,1
7350,76,2,25,13,Respondida,SMP,1
7351,493,4,25,5,Respondida,SMP,1
7352,412,5,4,5,Em Análise,SMP,1
7353,491,4,14,1,Respondida,SMP,1
7354,404,4,24,33,Respondida,SMP,1
7355,264,4,13,14,Pendente,SMP,1
7356,726,5,6,14,Respondida,SMP,1
7357,102,1,25,33,Respondida,SMP,1
7358,696,1,19,5,Respondida,SMP,1
7359,268,4,25,5,Respondida,SMP,1
7360,323,4,19,14,Respondida,SMP,1
7361,22,1,19,33,Pendente,SMP,1
7362,272,1,13,33,Respondida,SMP,1
7363,637,5,15,5,Respondida,SMP,1
7364,25,4,25,29,Pendente,SMP,1
7365,527,1,9,33,Respondida,SMP,1
7366,284,1,12,14,Em Análise,SMP,1
7367,649,1,19,19,Em Análise,SMP,1
7368,361,2,12,33,Em Análise,SMP,1
7369,223,5,20,31,Respondida,SMP,1
7370,504,4,25,33,Respondida,SMP,1
7371,340,4,21,5,Pendente,SMP,1
7372,641,4,13,5,Respondida,SMP,1
7373,342,5,25,5,Pendente,SMP,1
7374,186,1,25,29,Respondida,SMP,1
7375,570,1,2,14,Respondida,SMP,1
7376,336,4,7,31,Respondida,SMP,1
7377,464,1,17,33,Respondida,SMP,1
7378,675,5,20,5,Em Análise,SMP,1
7379,563,5,25,30,Respondida,SMP,1
7380,618,5,14,33,Respondida,SMP,1
7381,246,4,19,5,Em Análise,SMP,1
7382,371,4,25,5,Respondida,SMP,1
7383,546,1,27,14,Respondida,SMP,1
7384,22,4,21,33,Pendente,SMP,1
7385,115,4,6,33,Respondida,SMP,1
7386,637,2,5,5,Respondida,SMP,1
7387,594,4,6,1,Respondida,SMP,1
7388,572,5,11,31,Respondida,SMP,1
7389,494,5,17,33,Pendente,SMP,1
7390,659,2,13,1,Respondida,SMP,1
7391,603,1,14,5,Respondida,SMP,1
7392,268,2,5,14,Respondida,SMP,1
7393,636,4,5,33,Respondida,SMP,1
7394,725,1,20,1,Respondida,SMP,1
7395,295,5,8,5,Respondida,SMP,1
7396,318,4,12,1,Respondida,SMP,1
7397,117,4,22,14,Respondida,SMP,1
7398,290,4,20,33,Respondida,SMP,1
7399,674,2,17,5,Em Análise,SMP,1
7400,148,4,26,1,Em Análise,SMP,1
7401,302,1,9,33,Pendente,SMP,1
7402,647,4,13,5,Respondida,SMP,1
7403,302,4,5,14,Respondida,SMP,1
7404,118,5,13,29,Respondida,SMP,1
7405,674,5,17,5,Pendente,SMP,1
7406,344,4,6,1,Pendente,SMP,1
7407,255,1,12,31,Respondida,SMP,1
7408,8,5,25,14,Respondida,SMP,1
7409,169,1,25,5,Em Análise,SMP,1
7410,712,4,19,5,Em Análise,SMP,1
7411,210,1,5,33,Respondida,SMP,1
7412,94,4,7,5,Respondida,SMP,1
7413,448,4,5,14,Respondida,SMP,1
7414,480,4,19,5,Respondida,SMP,1
7415,590,4,6,33,Respondida,SMP,1
7416,30,2,4,31,Respondida,SMP,1
7417,350,4,25,33,Respondida,SMP,1
7418,249,4,13,33,Pendente,SMP,1
7419,216,1,14,5,Respondida,SMP,1
7420,150,5,16,33,Respondida,SMP,1
7421,173,4,21,5,Respondida,SMP,1
7422,45,4,13,33,Pendente,SMP,1
7423,382,5,16,5,Respondida,SMP,1
7424,319,1,25,5,Pendente,SMP,1
7425,54,3,3,5,Respondida,SMP,1
7426,141,5,16,5,Pendente,SMP,1
7427,186,5,21,5,Respondida,SMP,1
7428,697,5,24,33,Respondida,SMP,1
7429,578,1,16,33,Respondida,SMP,1
7430,349,1,19,14,Pendente,SMP,1
7431,268,1,13,1,Respondida,SMP,1
7432,467,4,11,33,Respondida,SMP,1
7433,468,4,10,31,Em Análise,SMP,1
7434,246,4,11,33,Pendente,SMP,1
7435,699,4,19,14,Em Análise,SMP,1
7436,406,4,25,33,Respondida,SMP,1
7437,196,4,6,31,Respondida,SMP,1
7438,523,3,5,14,Respondida,SMP,1
7439,156,1,19,29,Respondida,SMP,1
7440,248,4,19,33,Respondida,SMP,1
7441,240,2,10,5,Respondida,SMP,1
7442,656,4,25,33,Respondida,SMP,1
7443,668,5,11,31,Respondida,SMP,1
7444,467,1,16,14,Respondida,SMP,1
7445,128,5,19,1,Respondida,SMP,1
7446,530,5,18,31,Respondida,SMP,1
7447,145,4,25,29,Em Análise,SMP,1
7448,299,4,16,33,Respondida,SMP,1
7449,365,4,25,14,Respondida,SMP,1
7450,682,4,5,33,Em Análise,SMP,1
7451,421,4,2,33,Respondida,SMP,1
7452,244,4,25,31,Em Análise,SMP,1
7453,311,1,25,5,Respondida,SMP,1
7454,473,2,16,31,Respondida,SMP,1
7455,416,4,25,33,Respondida,SMP,1
7456,570,4,16,19,Respondida,SMP,1
7457,480,4,6,5,Respondida,SMP,1
7458,150,1,19,31,Respondida,SMP,1
7459,394,4,13,1,Pendente,SMP,1
7460,514,1,5,1,Respondida,SMP,1
7461,216,4,19,31,Respondida,SMP,1
7462,288,5,20,33,Pendente,SMP,1
7463,506,5,6,33,Pendente,SMP,1
7464,282,1,13,14,Respondida,SMP,1
7465,309,4,11,5,Respondida,SMP,1
7466,403,4,5,14,Respondida,SMP,1
7467,95,4,17,29,Pendente,SMP,1
7468,670,4,5,5,Respondida,SMP,1
7469,703,4,14,5,Respondida,SMP,1
7470,493,1,19,5,Respondida,SMP,1
7471,124,4,8,14,Em Análise,SMP,1
7472,456,2,25,33,Respondida,SMP,1
7473,279,3,16,33,Em Análise,SMP,1
7474,338,1,22,14,Pendente,SMP,1
7475,542,1,13,14,Pendente,SMP,1
7476,383,5,11,5,Respondida,SMP,1
7477,571,5,4,33,Respondida,SMP,1
7478,135,4,14,5,Respondida,SMP,1
7479,49,5,25,33,Respondida,SMP,1
7480,217,5,25,14,Respondida,SMP,1
7481,439,2,9,5,Respondida,SMP,1
7482,303,1,17,5,Respondida,SMP,1
7483,675,4,25,5,Respondida,SMP,1
7484,532,4,24,5,Pendente,SMP,1
7485,708,4,19,1,Respondida,SMP,1
7486,292,1,25,14,Respondida,SMP,1
7487,445,5,16,5,Respondida,SMP,1
7488,689,1,19,14,Respondida,SMP,1
7489,515,4,7,14,Em Análise,SMP,1
7490,601,4,16,33,Em Análise,SMP,1
7491,448,5,19,5,Respondida,SMP,1
7492,725,1,5,14,Pendente,SMP,1
7493,131,1,19,33,Respondida,SMP,1
7494,183,4,14,33,Respondida,SMP,1
7495,593,4,4,14,Respondida,SMP,1
7496,729,4,25,5,Respondida,SMP,1
7497,338,4,25,1,Em Análise,SMP,1
7498,690,1,6,14,Respondida,SMP,1
7499,373,6,19,31,Respondida,SMP,1
7500,556,4,5,5,Respondida,SMP,1
7501,305,5,21,5,Pendente,SMP,1
7502,332,4,25,5,Respondida,SMP,1
7503,317,2,8,14,Respondida,SMP,1
7504,596,1,25,5,Respondida,SMP,1
7505,185,4,25,29,Pendente,SMP,1
7506,443,2,25,5,Respondida,SMP,1
7507,527,4,13,33,Pendente,SMP,1
7508,169,4,25,5,Pendente,SMP,1
7509,439,1,25,5,Respondida,SMP,1
7510,709,5,19,33,Respondida,SMP,1
7511,360,4,5,31,Respondida,SMP,1
7512,89,4,14,29,Respondida,SMP,1
7513,237,1,19,33,Respondida,SMP,1
7514,196,2,3,33,Respondida,SMP,1
7515,420,2,25,33,Em Análise,SMP,1
7516,164,4,5,33,Em Análise,SMP,1
7517,480,5,19,33,Respondida,SMP,1
7518,254,2,6,5,Respondida,SMP,1
7519,108,5,19,5,Em Análise,SMP,1
7520,623,4,25,23,Respondida,SMP,1
7521,434,1,8,5,Respondida,SMP,1
7522,43,2,21,31,Pendente,SMP,1
7523,6,5,5,5,Em Análise,SMP,1
7524,32,4,1,33,Respondida,SMP,1
7525,429,5,25,5,Respondida,SMP,1
7526,520,1,12,33,Pendente,SMP,1
7527,83,1,7,14,Respondida,SMP,1
7528,660,5,18,14,Respondida,SMP,1
7529,313,5,5,5,Respondida,SMP,1
7530,248,4,13,31,Respondida,SMP,1
7531,523,5,7,31,Respondida,SMP,1
7532,618,5,13,5,Respondida,SMP,1
7533,220,5,9,31,Respondida,SMP,1
7534,640,6,19,32,Respondida,SMP,1
7535,319,5,19,1,Pendente,SMP,1
7536,98,4,10,5,Respondida,SMP,1
7537,462,4,25,30,Em Análise,SMP,1
7538,109,1,19,14,Respondida,SMP,1
7539,123,1,15,5,Em Análise,SMP,1
7540,669,4,14,31,Respondida,SMP,1
7541,206,5,13,5,Pendente,SMP,1
7542,68,4,13,14,Respondida,SMP,1
7543,176,4,5,5,Respondida,SMP,1
7544,517,1,4,33,Respondida,SMP,1
7545,668,4,16,33,Respondida,SMP,1
7546,658,1,17,5,Respondida,SMP,1
7547,95,1,7,13,Pendente,SMP,1
7548,668,2,5,33,Respondida,SMP,1
7549,382,1,19,14,Respondida,SMP,1
7550,382,1,21,1,Respondida,SMP,1
7551,437,5,23,33,Respondida,SMP,1
7552,401,1,1,33,Respondida,SMP,1
7553,717,4,17,33,Respondida,SMP,1
7554,367,1,22,3,Respondida,SMP,1
7555,678,4,10,14,Respondida,SMP,1
7556,453,2,17,33,Respondida,SMP,1
7557,415,4,15,14,Em Análise,SMP,1
7558,172,2,25,33,Pendente,SMP,1
7559,664,4,25,1,Respondida,SMP,1
7560,181,4,19,5,Respondida,SMP,1
7561,313,1,25,5,Respondida,SMP,1
7562,611,4,19,23,Pendente,SMP,1
7563,711,4,12,5,Respondida,SMP,1
7564,51,4,18,33,Respondida,SMP,1
7565,560,4,21,31,Respondida,SMP,1
7566,70,2,10,1,Respondida,SMP,1
7567,473,4,16,5,Em Análise,SMP,1
7568,104,5,21,31,Respondida,SMP,1
7569,263,4,11,33,Em Análise,SMP,1
7570,645,1,21,1,Respondida,SMP,1
7571,442,4,15,31,Respondida,SMP,1
7572,120,4,25,5,Respondida,SMP,1
7573,103,4,6,31,Respondida,SMP,1
7574,469,4,25,5,Respondida,SMP,1
7575,78,2,21,25,Respondida,SMP,1
7576,233,1,25,5,Respondida,SMP,1
7577,359,2,5,29,Pendente,SMP,1
7578,632,1,25,5,Pendente,SMP,1
7579,382,4,19,5,Pendente,SMP,1
7580,302,4,21,5,Respondida,SMP,1
7581,462,4,25,1,Respondida,SMP,1
7582,53,5,25,31,Respondida,SMP,1
7583,138,1,19,5,Respondida,SMP,1
7584,47,5,26,5,Respondida,SMP,1
7585,420,5,4,5,Pendente,SMP,1
7586,290,4,24,19,Pendente,SMP,1
7587,388,5,16,1,Respondida,SMP,1
7588,718,5,19,1,Respondida,SMP,1
7589,190,4,25,31,Em Análise,SMP,1
7590,715,1,25,14,Respondida,SMP,1
7591,730,4,19,33,Respondida,SMP,1
7592,159,4,25,5,Respondida,SMP,1
7593,137,5,5,29,Respondida,SMP,1
7594,599,4,12,1,Respondida,SMP,1
7595,323,1,21,5,Em Análise,SMP,1
7596,289,4,21,14,Respondida,SMP,1
7597,55,5,5,31,Em Análise,SMP,1
7598,255,1,16,5,Respondida,SMP,1
7599,92,4,17,33,Respondida,SMP,1
7600,64,4,25,33,Respondida,SMP,1
7601,65,1,25,33,Respondida,SMP,1
7602,369,1,19,5,Respondida,SMP,1
7603,417,1,25,14,Pendente,SMP,1
7604,162,3,19,14,Respondida,SMP,1
7605,421,5,17,33,Respondida,SMP,1
7606,58,2,21,5,Em Análise,SMP,1
7607,546,3,19,33,Respondida,SMP,1
7608,217,4,19,33,Respondida,SMP,1
7609,403,4,25,3,Pendente,SMP,1
7610,62,2,19,5,Respondida,SMP,1
7611,440,4,25,1,Respondida,SMP,1
7612,155,4,13,5,Respondida,SMP,1
7613,226,1,25,31,Respondida,SMP,1
7614,508,4,21,31,Pendente,SMP,1
7615,249,4,21,31,Respondida,SMP,1
7616,540,4,9,1,Em Análise,SMP,1
7617,519,1,24,31,Respondida,SMP,1
7618,270,4,25,29,Respondida,SMP,1
7619,43,4,10,28,Respondida,SMP,1
7620,634,4,7,5,Pendente,SMP,1
7621,263,5,9,14,Pendente,SMP,1
7622,86,5,25,14,Respondida,SMP,1
7623,146,4,8,1,Respondida,SMP,1
7624,374,4,6,33,Pendente,SMP,1
7625,254,2,16,14,Pendente,SMP,1
7626,215,1,5,14,Pendente,SMP,1
7627,257,3,13,14,Respondida,SMP,1
7628,367,5,5,5,Respondida,SMP,1
7629,261,5,19,5,Respondida,SMP,1
7630,437,4,10,5,Respondida,SMP,1
7631,579,4,21,15,Respondida,SMP,1
7632,523,5,17,33,Respondida,SMP,1
7633,194,4,4,5,Respondida,SMP,1
7634,402,4,25,29,Respondida,SMP,1
7635,700,5,15,1,Respondida,SMP,1
7636,275,2,13,1,Respondida,SMP,1
7637,63,4,15,31,Respondida,SMP,1
7638,112,4,15,5,Respondida,SMP,1
7639,701,4,24,5,Respondida,SMP,1
7640,50,2,17,1,Respondida,SMP,1
7641,390,4,19,14,Pendente,SMP,1
7642,425,1,25,5,Respondida,SMP,1
7643,277,1,16,1,Respondida,SMP,1
7644,512,1,25,33,Pendente,SMP,1
7645,529,4,2,1,Pendente,SMP,1
7646,675,1,13,29,Pendente,SMP,1
7647,504,3,25,5,Respondida,SMP,1
7648,251,4,16,33,Pendente,SMP,1
7649,331,1,22,5,Pendente,SMP,1
7650,136,5,25,33,Respondida,SMP,1
7651,250,5,6,29,Em Análise,SMP,1
7652,405,2,26,1,Respondida,SMP,1
7653,33,4,25,5,Respondida,SMP,1
7654,125,1,25,1,Respondida,SMP,1
7655,560,4,24,14,Respondida,SMP,1
7656,15,1,16,31,Respondida,SMP,1
7657,642,1,13,5,Pendente,SMP,1
7658,226,5,25,3,Respondida,SMP,1
7659,241,5,13,33,Pendente,SMP,1
7660,573,4,23,31,Respondida,SMP,1
7661,473,2,25,5,Respondida,SMP,1
7662,194,4,13,5,Respondida,SMP,1
7663,695,4,6,14,Respondida,SMP,1
7664,514,4,13,33,Respondida,SMP,1
7665,452,4,25,33,Respondida,SMP,1
7666,658,4,16,33,Respondida,SMP,1
7667,157,4,16,32,Respondida,SMP,1
7668,544,4,25,33,Pendente,SMP,1
7669,535,1,14,5,Pendente,SMP,1
7670,155,1,19,14,Em Análise,SMP,1
7671,557,5,12,33,Respondida,SMP,1
7672,323,5,6,5,Respondida,SMP,1
7673,529,1,10,5,Respondida,SMP,1
7674,108,4,21,5,Respondida,SMP,1
7675,706,5,25,1,Respondida,SMP,1
7676,46,4,16,5,Respondida,SMP,1
7677,194,2,21,1,Respondida,SMP,1
7678,362,4,10,14,Respondida,SMP,1
7679,242,5,21,14,Respondida,SMP,1
7680,212,4,5,33,Em Análise,SMP,1
7681,272,5,25,31,Respondida,SMP,1
7682,220,4,25,14,Pendente,SMP,1
7683,388,4,19,33,Respondida,SMP,1
7684,663,1,19,5,Respondida,SMP,1
7685,279,4,11,33,Respondida,SMP,1
7686,576,2,4,23,Respondida,SMP,1
7687,448,1,10,1,Respondida,SMP,1
7688,266,6,25,14,Respondida,SMP,1
7689,287,4,7,33,Respondida,SMP,1
7690,335,4,24,33,Respondida,SMP,1
7691,593,1,25,14,Em Análise,SMP,1
7692,136,4,5,33,Em Análise,SMP,1
7693,139,1,5,5,Respondida,SMP,1
7694,434,1,17,1,Respondida,SMP,1
7695,253,5,25,33,Respondida,SMP,1
7696,378,2,9,14,Respondida,SMP,1
7697,208,3,5,33,Respondida,SMP,1
7698,249,4,25,31,Respondida,SMP,1
7699,478,2,19,33,Em Análise,SMP,1
7700,664,1,25,29,Em Análise,SMP,1
7701,592,2,10,33,Respondida,SMP,1
7702,8,5,6,1,Pendente,SMP,1
7703,627,5,25,1,Respondida,SMP,1
7704,469,4,10,33,Respondida,SMP,1
7705,715,1,25,31,Respondida,SMP,1
7706,88,4,20,14,Pendente,SMP,1
7707,33,2,13,31,Respondida,SMP,1
7708,699,1,13,33,Respondida,SMP,1
7709,674,4,5,14,Respondida,SMP,1
7710,715,4,19,5,Respondida,SMP,1
7711,686,4,5,25,Respondida,SMP,1
7712,588,4,25,14,Pendente,SMP,1
7713,116,4,27,32,Respondida,SMP,1
7714,594,2,18,5,Respondida,SMP,1
7715,304,4,13,5,Pendente,SMP,1
7716,289,2,25,14,Respondida,SMP,1
7717,586,5,20,5,Pendente,SMP,1
7718,320,4,25,33,Respondida,SMP,1
7719,184,6,4,33,Respondida,SMP,1
7720,403,4,10,31,Respondida,SMP,1
7721,504,4,19,5,Em Análise,SMP,1
7722,562,4,6,33,Respondida,SMP,1
7723,692,4,7,14,Respondida,SMP,1
7724,306,4,25,33,Respondida,SMP,1
7725,571,4,19,14,Respondida,SMP,1
7726,404,4,5,14,Respondida,SMP,1
7727,504,4,25,14,Respondida,SMP,1
7728,629,5,25,5,Respondida,SMP,1
7729,126,5,21,5,Respondida,SMP,1
7730,330,1,14,14,Em Análise,SMP,1
7731,475,4,26,33,Respondida,SMP,1
7732,128,2,5,33,Respondida,SMP,1
7733,450,1,19,5,Respondida,SMP,1
7734,55,4,11,14,Respondida,SMP,1
7735,215,1,25,1,Em Análise,SMP,1
7736,459,4,25,33,Pendente,SMP,1
7737,527,4,25,5,Respondida,SMP,1
7738,473,4,19,31,Respondida,SMP,1
7739,456,4,13,33,Respondida,SMP,1
7740,399,5,19,33,Em Análise,SMP,1
7741,348,1,25,14,Respondida,SMP,1
7742,561,1,19,5,Respondida,SMP,1
7743,361,4,16,31,Respondida,SMP,1
7744,21,4,26,5,Respondida,SMP,1
7745,729,3,22,14,Respondida,SMP,1
7746,56,4,19,14,Pendente,SMP,1
7747,121,3,9,5,Respondida,SMP,1
7748,290,5,16,5,Respondida,SMP,1
7749,154,4,13,33,Respondida,SMP,1
7750,694,2,12,5,Respondida,SMP,1
7751,308,2,16,5,Respondida,SMP,1
7752,197,1,25,33,Em Análise,SMP,1
7753,45,4,19,5,Pendente,SMP,1
7754,258,2,8,33,Respondida,SMP,1
7755,293,5,25,25,Respondida,SMP,1
7756,162,1,17,5,Respondida,SMP,1
7757,493,4,17,33,Pendente,SMP,1
7758,5,1,19,5,Em Análise,SMP,1
7759,693,4,17,5,Respondida,SMP,1
7760,123,4,9,33,Respondida,SMP,1
7761,641,1,17,1,Respondida,SMP,1
7762,424,5,13,1,Respondida,SMP,1
7763,666,1,10,5,Em Análise,SMP,1
7764,3,4,25,14,Respondida,SMP,1
7765,321,1,21,33,Respondida,SMP,1
7766,671,1,21,5,Respondida,SMP,1
7767,174,5,6,31,Respondida,SMP,1
7768,281,1,19,29,Respondida,SMP,1
7769,728,4,25,5,Respondida,SMP,1
7770,232,4,16,5,Respondida,SMP,1
7771,185,4,25,5,Respondida,SMP,1
7772,261,5,5,5,Pendente,SMP,1
7773,384,1,25,14,Respondida,SMP,1
7774,572,4,19,5,Respondida,SMP,1
7775,420,1,7,14,Respondida,SMP,1
7776,655,5,9,5,Respondida,SMP,1
7777,435,1,21,5,Respondida,SMP,1
7778,712,4,25,14,Respondida,SMP,1
7779,521,5,25,5,Respondida,SMP,1
7780,149,4,9,14,Respondida,SMP,1
7781,404,4,13,5,Respondida,SMP,1
7782,321,3,21,14,Pendente,SMP,1
7783,685,4,25,14,Pendente,SMP,1
7784,87,5,3,1,Respondida,SMP,1
7785,556,4,16,5,Respondida,SMP,1
7786,717,1,16,31,Respondida,SMP,1
7787,1,4,13,5,Pendente,SMP,1
7788,727,4,26,14,Respondida,SMP,1
7789,498,1,20,33,Pendente,SMP,1
7790,708,1,24,5,Respondida,SMP,1
7791,97,4,17,5,Respondida,SMP,1
7792,320,4,19,5,Respondida,SMP,1
7793,179,4,19,5,Respondida,SMP,1
7794,416,5,21,5,Respondida,SMP,1
7795,564,5,25,5,Pendente,SMP,1
7796,501,1,25,1,Respondida,SMP,1
7797,157,5,1,33,Respondida,SMP,1
7798,359,1,5,31,Respondida,SMP,1
7799,205,5,13,31,Respondida,SMP,1
7800,305,3,16,33,Respondida,SMP,1
7801,585,5,13,5,Respondida,SMP,1
7802,613,1,10,5,Respondida,SMP,1
7803,103,4,20,5,Em Análise,SMP,1
7804,473,4,10,33,Respondida,SMP,1
7805,396,5,11,31,Pendente,SMP,1
7806,588,4,19,14,Respondida,SMP,1
7807,554,1,14,14,Respondida,SMP,1
7808,547,5,13,3,Pendente,SMP,1
7809,519,1,11,33,Respondida,SMP,1
7810,721,4,5,5,Respondida,SMP,1
7811,660,5,1,31,Respondida,SMP,1
7812,52,4,26,33,Respondida,SMP,1
7813,658,5,20,14,Respondida,SMP,1
7814,92,4,14,31,Respondida,SMP,1
7815,389,4,4,5,Respondida,SMP,1
7816,431,2,16,14,Respondida,SMP,1
7817,283,2,24,31,Em Análise,SMP,1
7818,8,5,10,33,Pendente,SMP,1
7819,642,4,25,5,Respondida,SMP,1
7820,687,3,5,33,Respondida,SMP,1
7821,450,5,24,6,Respondida,SMP,1
7822,643,5,16,33,Respondida,SMP,1
7823,48,4,16,33,Em Análise,SMP,1
7824,595,4,25,5,Respondida,SMP,1
7825,330,4,16,5,Pendente,SMP,1
7826,218,2,13,5,Respondida,SMP,1
7827,684,5,6,1,Respondida,SMP,1
7828,386,4,25,29,Respondida,SMP,1
7829,623,4,19,33,Respondida,SMP,1
7830,655,1,19,31,Respondida,SMP,1
7831,356,5,22,33,Em Análise,SMP,1
7832,15,2,4,14,Pendente,SMP,1
7833,590,1,15,5,Pendente,SMP,1
7834,375,5,25,14,Respondida,SMP,1
7835,137,2,21,5,Pendente,SMP,1
7836,335,4,16,33,Respondida,SMP,1
7837,341,1,16,1,Respondida,SMP,1
7838,599,4,10,14,Em Análise,SMP,1
7839,363,1,16,1,Respondida,SMP,1
7840,238,5,6,14,Respondida,SMP,1
7841,73,1,19,14,Pendente,SMP,1
7842,659,4,19,33,Respondida,SMP,1
7843,592,1,11,14,Respondida,SMP,1
7844,481,1,13,14,Respondida,SMP,1
7845,420,4,8,27,Respondida,SMP,1
7846,296,5,4,1,Respondida,SMP,1
7847,53,1,20,33,Respondida,SMP,1
7848,177,1,6,14,Respondida,SMP,1
7849,208,4,5,14,Pendente,SMP,1
7850,367,1,19,33,Respondida,SMP,1
7851,26,4,16,31,Respondida,SMP,1
7852,594,4,19,14,Respondida,SMP,1
7853,61,1,21,33,Respondida,SMP,1
7854,120,4,15,31,Respondida,SMP,1
7855,487,5,25,1,Respondida,SMP,1
7856,123,2,25,5,Respondida,SMP,1
7857,187,4,5,14,Em Análise,SMP,1
7858,454,4,13,1,Respondida,SMP,1
7859,210,4,19,14,Pendente,SMP,1
7860,56,4,7,33,Respondida,SMP,1
7861,360,4,6,5,Em Análise,SMP,1
7862,495,5,21,5,Pendente,SMP,1
7863,334,5,14,33,Respondida,SMP,1
7864,348,1,25,14,Respondida,SMP,1
7865,584,4,13,5,Respondida,SMP,1
7866,157,5,7,33,Respondida,SMP,1
7867,417,4,19,31,Respondida,SMP,1
7868,583,1,12,29,Pendente,SMP,1
7869,224,4,19,5,Respondida,SMP,1
7870,448,4,21,14,Respondida,SMP,1
7871,131,4,19,14,Respondida,SMP,1
7872,337,2,10,14,Em Análise,SMP,1
7873,594,5,5,14,Respondida,SMP,1
7874,551,4,1,33,Respondida,SMP,1
7875,79,1,16,33,Respondida,SMP,1
7876,722,5,25,32,Respondida,SMP,1
7877,683,1,7,33,Em Análise,SMP,1
7878,218,1,25,5,Respondida,SMP,1
7879,544,4,25,33,Respondida,SMP,1
7880,215,1,19,33,Pendente,SMP,1
7881,603,5,13,5,Respondida,SMP,1
7882,466,5,5,14,Respondida,SMP,1
7883,199,4,11,31,Respondida,SMP,1
7884,36,4,6,14,Respondida,SMP,1
7885,24,4,25,14,Respondida,SMP,1
7886,243,1,19,1,Pendente,SMP,1
7887,570,4,25,33,Em Análise,SMP,1
7888,721,5,21,29,Respondida,SMP,1
7889,6,2,21,33,Respondida,SMP,1
7890,664,4,19,5,Pendente,SMP,1
7891,301,4,25,5,Respondida,SMP,1
7892,435,3,19,31,Respondida,SMP,1
7893,506,3,24,33,Em Análise,SMP,1
7894,193,4,25,5,Respondida,SMP,1
7895,616,1,8,14,Respondida,SMP,1
7896,245,4,19,14,Respondida,SMP,1
7897,712,4,13,5,Respondida,SMP,1
7898,183,4,25,29,Respondida,SMP,1
7899,102,4,16,5,Respondida,SMP,1
7900,37,4,5,5,Respondida,SMP,1
7901,682,2,21,33,Respondida,SMP,1
7902,265,5,18,5,Respondida,SMP,1
7903,355,4,21,33,Respondida,SMP,1
7904,2,4,23,14,Respondida,SMP,1
7905,229,4,26,33,Respondida,SMP,1
7906,518,4,25,5,Respondida,SMP,1
7907,548,3,17,33,Respondida,SMP,1
7908,313,1,21,14,Em Análise,SMP,1
7909,255,1,25,23,Respondida,SMP,1
7910,527,4,25,14,Respondida,SMP,1
7911,376,1,25,1,Respondida,SMP,1
7912,696,4,9,31,Respondida,SMP,1
7913,293,2,8,14,Respondida,SMP,1
7914,17,4,25,5,Respondida,SMP,1
7915,234,2,21,33,Respondida,SMP,1
7916,450,5,25,14,Pendente,SMP,1
7917,605,4,13,33,Respondida,SMP,1
7918,430,4,25,33,Pendente,SMP,1
7919,578,5,11,5,Em Análise,SMP,1
7920,88,1,24,1,Em Análise,SMP,1
7921,74,4,2,31,Respondida,SMP,1
7922,668,5,16,14,Respondida,SMP,1
7923,331,4,20,5,Respondida,SMP,1
7924,33,4,25,5,Respondida,SMP,1
7925,179,2,13,25,Respondida,SMP,1
7926,580,4,25,5,Respondida,SMP,1
7927,488,1,25,14,Respondida,SMP,1
7928,661,1,10,14,Respondida,SMP,1
7929,251,1,21,5,Em Análise,SMP,1
7930,392,4,22,5,Respondida,SMP,1
7931,210,4,8,32,Respondida,SMP,1
7932,11,2,6,1,Respondida,SMP,1
7933,464,1,16,33,Respondida,SMP,1
7934,506,4,13,14,Respondida,SMP,1
7935,122,1,19,5,Respondida,SMP,1
7936,137,2,5,33,Respondida,SMP,1
7937,70,4,17,6,Respondida,SMP,1
7938,298,4,16,33,Respondida,SMP,1
7939,238,4,25,1,Respondida,SMP,1
7940,586,5,25,14,Respondida,SMP,1
7941,724,1,17,33,Respondida,SMP,1
7942,720,5,26,14,Respondida,SMP,1
7943,658,4,16,14,Respondida,SMP,1
7944,198,4,19,33,Respondida,SMP,1
7945,481,4,6,14,Respondida,SMP,1
7946,494,1,13,1,Respondida,SMP,1
7947,23,5,13,5,Respondida,SMP,1
7948,297,1,16,33,Respondida,SMP,1
7949,636,5,9,5,Respondida,SMP,1
7950,508,1,8,5,Pendente,SMP,1
7951,377,4,21,14,Respondida,SMP,1
7952,6,4,13,5,Pendente,SMP,1
7953,544,1,19,33,Pendente,SMP,1
7954,589,1,19,33,Respondida,SMP,1
7955,202,4,25,5,Respondida,SMP,1
7956,712,4,4,5,Respondida,SMP,1
7957,21,4,13,33,Respondida,SMP,1
7958,377,4,10,1,Respondida,SMP,1
7959,355,4,13,33,Respondida,SMP,1
7960,633,4,21,5,Em Análise,SMP,1
7961,325,2,25,5,Respondida,SMP,1
7962,330,4,19,5,Em Análise,SMP,1
7963,36,1,5,5,Respondida,SMP,1
7964,314,1,10,5,Respondida,SMP,1
7965,697,4,8,33,Pendente,SMP,1
7966,458,4,21,5,Respondida,SMP,1
7967,524,4,5,33,Pendente,SMP,1
7968,629,4,18,5,Pendente,SMP,1
7969,375,5,5,5,Respondida,SMP,1
7970,7,2,21,14,Respondida,SMP,1
7971,359,4,7,5,Pendente,SMP,1
7972,595,1,21,5,Pendente,SMP,1
7973,245,1,25,14,Pendente,SMP,1
7974,204,5,17,33,Respondida,SMP,1
7975,661,4,9,14,Respondida,SMP,1
7976,384,4,25,14,Respondida,SMP,1
7977,177,5,25,5,Pendente,SMP,1
7978,72,3,25,5,Respondida,SMP,1
7979,290,4,25,33,Respondida,SMP,1
7980,352,4,25,33,Respondida,SMP,1
7981,269,4,9,31,Respondida,SMP,1
7982,28,2,13,6,Pendente,SMP,1
7983,411,4,25,31,Pendente,SMP,1
7984,254,1,20,14,Pendente,SMP,1
7985,115,5,24,14,Respondida,SMP,1
7986,199,2,25,31,Em Análise,SMP,1
7987,477,4,25,5,Pendente,SMP,1
7988,697,4,23,5,Pendente,SMP,1
7989,380,4,19,5,Respondida,SMP,1
7990,538,5,25,33,Respondida,SMP,1
7991,555,5,17,5,Em Análise,SMP,1
7992,347,4,25,31,Respondida,SMP,1
7993,713,4,21,31,Respondida,SMP,1
7994,718,4,25,14,Respondida,SMP,1
7995,556,2,13,33,Respondida,SMP,1
7996,509,4,25,33,Pendente,SMP,1
7997,4,5,16,29,Em Análise,SMP,1
7998,142,1,8,33,Respondida,SMP,1
7999,60,4,21,31,Respondida,SMP,1
8000,352,4,23,31,Respondida,SMP,1
