Data_Abertura;Hora_Abertura;Tipo;Motivo;Detalhe_Motivo;Status;Agrupamento;Nome;Porte;Grupo_Economico;UF;Municipio;Sigla
11/11/2023;13:59;Reclamação;Internet;Velocidade de internet móvel abaixo;Em análise;SMP;CLARO S.A.;Grande;Claro;GO;GOIÂNIA;SMP
05/04/2023;14:00;Reclamação;Atendimento;Atendimento ao cliente;Em análise;SMP;TELEFONICA BRASIL S.A.;Grande;Vivo;PI;PI - INTERIOR;SMP
29/06/2023;12:51;Reclamação;Internet;Velocidade de internet móvel abaixo;Respondida;SMP;TELEFONICA BRASIL S.A.;Grande;Vivo;MG;UBERLÂNDIA;SMP
23/11/2023;12:39;Reclamação;Portabilidade;Portabilidade numérica não efetivada;Respondida;SMP;OI S.A.;Grande;Oi;PE;OLINDA;SMP
08/11/2023;16:04;Reclamação;Qualidade;Queda de sinal / cobertura inadequada;Respondida;SMP;TELEFONICA BRASIL S.A.;Grande;Vivo;RJ;RIO DE JANEIRO;SMP
23/06/2023;21:50;Reclamação;Atendimento;Atendimento ao cliente;Respondida;SMP;TIM S.A.;Grande;TIM;RJ;DUQUE DE CAXIAS;SMP
14/10/2023;12:39;Reclamação;Cobrança;Cobrança indevida / surpresa na fatura;Respondida;SMP;TELEFONICA BRASIL S.A.;Grande;Vivo;MG;UBERLÂNDIA;SMP
17/01/2023;07:54;Reclamação;Cobrança;Cobrança indevida / surpresa na fatura;Em análise;SMP;CLARO S.A.;Grande;Claro;PR;LONDRINA;SMP
25/06/2022;20:23;Reclamação;Cobrança;Cobrança indevida / surpresa na fatura;Respondida;SMP;TIM S.A.;Grande;TIM;SP;SÃO PAULO;SMP
08/04/2022;15:08;Reclamação;Atendimento;Atendimento ao cliente;Respondida;SMP;TIM S.A.;Grande;TIM;RO;RO - INTERIOR;SMP
24/08/2022;19:51;Reclamação;Cobrança;Cobrança indevida / surpresa na fatura;Respondida;SMP;TELEFONICA BRASIL S.A.;Grande;Vivo;MG;CONTAGEM;SMP
25/02/2023;10:54;Reclamação;Internet;Velocidade de internet móvel abaixo;Respondida;SMP;TIM S.A.;Grande;TIM;TO;TO - INTERIOR;SMP
14/01/2023;17:57;Reclamação;Internet;Velocidade de internet móvel abaixo;Em análise;SMP;OI S.A.;Grande;Oi;MA;TIMON;SMP
04/03/2023;21:02;Reclamação;Internet;Velocidade de internet móvel abaixo;Respondida;SMP;TIM S.A.;Grande;TIM;RJ;RIO DE JANEIRO;SMP
28/02/2022;18:14;Reclamação;Cobrança;Cobrança indevida / surpresa na fatura;Respondida;SMP;OI S.A.;Grande;Oi;PE;CARUARU;SMP
03/03/2023;16:36;Reclamação;Outros;Outros;Respondida;SMP;CLARO S/A;Grande;Claro;PR;PONTA GROSSA;SMP
01/11/2022;11:53;Reclamação;Cobrança;Cobrança indevida / surpresa na fatura;Pendente;SMP;TIM S.A.;Grande;TIM;CE;SOBRAL;SMP
18/05/2023;10:09;Reclamação;Portabilidade;Portabilidade numérica não efetivada;Respondida;SMP;CLARO S.A.;Grande;Claro;RJ;NOVA IGUAÇU;SMP
16/10/2022;21:16;Reclamação;Portabilidade;Portabilidade numérica não efetivada;Pendente;SMP;TELEFONICA BRASIL S.A.;Grande;Vivo;ES;CARIACICA;SMP
04/07/2022;20:59;Reclamação;Qualidade;Queda de sinal / cobertura inadequada;Respondida;SMP;TELEFONICA BRASIL S.A.;Grande;Vivo;SP;CAMPINAS;SMP
30/06/2022;18:42;Reclamação;Atendimento;Atendimento ao cliente;Respondida;SMP;OI S.A.;Grande;Oi;CE;CAUCAIA;SMP
04/03/2023;20:41;Reclamação;Cobrança;Cobrança indevida / surpresa na fatura;Respondida;SMP;CLARO S.A.;Grande;Claro;GO;GOIÂNIA;SMP
22/11/2022;14:47;Reclamação;Portabilidade;Portabilidade numérica não efetivada;Respondida;SMP;NET SERVIÇOS DE COMUNICAÇÃO S.A.;Grande;NÃO INFORMADO;MG;UBERLÂNDIA;SMP
11/02/2023;09:11;Reclamação;Cobrança;Cobrança indevida / surpresa na fatura;Respondida;SMP;CLARO S.A.;Grande;Claro;PA;ANANINDEUA;SMP
26/03/2023;21:03;Reclamação;Cobrança;Cobrança indevida / surpresa na fatura;Pendente;SMP;CLARO S.A.;Grande;Claro;MA;IMPERATRIZ;SMP
27/10/2022;19:05;Reclamação;Cobrança;Cobrança indevida / surpresa na fatura;Pendente;SMP;TELEFONICA BRASIL S.A.;Grande;Vivo;BA;VITÓRIA DA CONQUISTA;SMP
12/03/2022;16:25;Reclamação;Portabilidade;N/A;Respondida;SMP;SERCOMTEL S.A. - TELECOMUNICAÇÕES;Pequeno;Sercomtel;RJ;RIO DE JANEIRO;SMP
04/11/2023;21:01;Reclamação;Cobrança;Cobrança indevida / surpresa na fatura;Respondida;SMP;CLARO S.A.;Grande;Claro;BA;FEIRA DE SANTANA;SMP
16/06/2023;12:50;Reclamação;Outros;Outros;Respondida;SMP;CLARO S.A.;Grande;Claro;PE;RECIFE;SMP
08/12/2022;20:00;Reclamação;N/A;Velocidade de internet móvel abaixo;Respondida;SMP;SERCOMTEL S.A. - TELECOMUNICAÇÕES;Pequeno;Sercomtel;MA;TIMON;SMP
24/12/2022;19:23;Reclamação;Portabilidade;Portabilidade numérica não efetivada;Em análise;SMP;CLARO S/A;Grande;Claro;PR;LONDRINA;SMP
16/11/2022;14:58;Reclamação;Qualidade;Queda de sinal / cobertura inadequada;Respondida;SMP;TIM S.A.;Grande;TIM;SP;GUARULHOS;SMP
28/02/2023;22:24;Reclamação;Cobrança;Cobrança indevida / surpresa na fatura;Pendente;SMP;TIM S.A.;Grande;TIM;BA;FEIRA DE SANTANA;SMP
04/05/2022;07:20;Reclamação;N/A;Queda de sinal / cobertura inadequada;Respondida;SMP;TIM S.A.;Grande;TIM;SP;GUARULHOS;SMP
23/11/2022;15:18;Reclamação;Qualidade;Queda de sinal / cobertura inadequada;Pendente;SMP;CLARO S.A.;Grande;Claro;SP;SANTOS;SMP
05/04/2022;17:26;Reclamação;Internet;Velocidade de internet móvel abaixo;Respondida;SMP;TELEFONICA BRASIL S.A.;Grande;Vivo;PA;SANTARÉM;SMP
01/03/2023;07:54;Reclamação;Internet;Velocidade de internet móvel abaixo;Respondida;SMP;TIM S.A.;Grande;TIM;RO;RO - INTERIOR;SMP
04/06/2022;22:24;Reclamação;Internet;Velocidade de internet móvel abaixo;Respondida;SMP;NET SERVIÇOS DE COMUNICAÇÃO S.A.;Grande;Claro;BA;FEIRA DE SANTANA;SMP
09/07/2022;19:37;Reclamação;Internet;Velocidade de internet móvel abaixo;Respondida;SMP;CLARO S.A.;Grande;Claro;CE;FORTALEZA;SMP
18/01/2023;21:56;Reclamação;Internet;Velocidade de internet móvel abaixo;Respondida;SMP;CLARO S.A.;Grande;Claro;SP;SOROCABA;SMP
31/10/2022;10:03;Reclamação;Qualidade;Queda de sinal / cobertura inadequada;Respondida;SMP;CLARO S.A.;Grande;Claro;PE;OLINDA;SMP
09/11/2023;13:09;Reclamação;Cobrança;NÃO INFORMADO;Respondida;SMP;OI S.A.;Grande;Oi;MG;BELO HORIZONTE;SMP
17/06/2023;19:19;Reclamação;Qualidade;Queda de sinal / cobertura inadequada;Em análise;SMP;OI S.A.;Grande;Oi;PR;MARINGÁ;SMP
25/11/2023;15:31;Reclamação;Portabilidade;Portabilidade numérica não efetivada;Pendente;SMP;CLARO S.A.;Grande;Claro;RJ;DUQUE DE CAXIAS;SMP
21/04/2023;13:21;Reclamação;Portabilidade;Portabilidade numérica não efetivada;Respondida;SMP;EMBRATEL S.A.;Grande;Claro;MA;TIMON;SMP
20/03/2022;11:56;Reclamação;Cobrança;Cobrança indevida / surpresa na fatura;Respondida;SMP;TIM S.A.;Grande;TIM;BA;FEIRA DE SANTANA;SMP
28/03/2022;22:23;Reclamação;N/A;Portabilidade numérica não efetivada;Respondida;SMP;NET SERVIÇOS DE COMUNICAÇÃO S.A.;Grande;Claro;BA;VITÓRIA DA CONQUISTA;SMP
19/07/2022;15:14;Reclamação;Atendimento;Atendimento ao cliente;Respondida;SMP;TIM S.A.;Grande;TIM;MG;CONTAGEM;SMP
27/10/2023;10:27;Reclamação; ;Cobrança indevida / surpresa na fatura;Respondida;SMP;CLARO S.A.;Grande;Claro;SP;SOROCABA;SMP
21/03/2022;17:14;Reclamação;Cobrança;Cobrança indevida / surpresa na fatura;Pendente;SMP;CLARO S/A;Grande;Claro;RJ;DUQUE DE CAXIAS;SMP
21/08/2022;18:05;Reclamação;Qualidade;Queda de sinal / cobertura inadequada;Respondida;SMP;TELEFONICA BRASIL S.A.;Grande;Vivo;RS;PELOTAS;SMP
02/03/2023;07:59;Reclamação;Qualidade;Queda de sinal / cobertura inadequada;Pendente;SMP;CLARO S.A.;Grande;Claro;SP;GUARULHOS;SMP
30/07/2023;07:41;Reclamação;Outros;Outros;Pendente;SMP;CLARO S.A.;Grande;Claro;RJ;NITERÓI;SMP
30/06/2022;18:52;Reclamação;Cobrança;Cobrança indevida / surpresa na fatura;Pendente;SMP;OI S.A.;Grande;Oi;MS;CAMPO GRANDE;SMP
08/02/2022;14:10;Reclamação;Qualidade;Queda de sinal / cobertura inadequada;Respondida;SMP;TELEFONICA BRASIL S.A.;Grande;Vivo;MG;BELO HORIZONTE;SMP
29/09/2022;15:58;Reclamação;Qualidade;Queda de sinal / cobertura inadequada;Pendente;SMP;CLARO S.A.;Grande;Claro;RJ;NOVA IGUAÇU;SMP
27/03/2023;13:55;Reclamação;Atendimento;Atendimento ao cliente;Respondida;SMP;TIM S.A.;Grande;TIM;ES;CARIACICA;SMP
26/04/2023;08:19;Reclamação;Portabilidade;Portabilidade numérica não efetivada;Respondida;SMP;TELEFONICA BRASIL S.A.;Grande;Vivo;CE;FORTALEZA;SMP
15/02/2023;14:34;Reclamação;Portabilidade;Portabilidade numérica não efetivada;Em análise;SMP;CLARO S/A;Grande;Claro;RO;RO - INTERIOR;SMP
12/12/2023;20:10;Reclamação;Internet;Velocidade de internet móvel abaixo;Respondida;SMP;NET SERVIÇOS DE COMUNICAÇÃO S.A.;Grande;Claro;PR;LONDRINA;SMP
28/01/2022;18:13;Reclamação;Atendimento;Atendimento ao cliente;Pendente;SMP;CLARO S.A.;Grande;Claro;RJ;RIO DE JANEIRO;SMP
02/01/2022;08:41;Reclamação;Atendimento;Atendimento ao cliente;Em análise;SMP;CLARO S.A.;Grande;Claro;RJ;NITERÓI;SMP
13/05/2022;20:56;Reclamação;Atendimento;Atendimento ao cliente;Respondida;SMP;CLARO S/A;Grande;N/A;MT;CUIABÁ;SMP
18/05/2022;19:21;Reclamação;Outros; ;Respondida;SMP;CLARO S.A.;Grande;Claro;CE;SOBRAL;SMP
04/12/2022;18:13;Reclamação;Atendimento;Atendimento ao cliente;Respondida;SMP;TIM S.A.;Grande;TIM;SP;GUARULHOS;SMP
19/03/2022;21:15;Reclamação;Cobrança;Cobrança indevida / surpresa na fatura;Respondida;SMP;OI S.A.;Grande;Oi;GO;GOIÂNIA;SMP
06/10/2022;09:43;Reclamação;Portabilidade;Portabilidade numérica não efetivada;Pendente;SMP;TELEFONICA BRASIL S.A.;Grande;Vivo;RJ;NITERÓI;SMP
10/04/2022;08:40;Reclamação;Portabilidade;Portabilidade numérica não efetivada;Em análise;SMP;TIM S.A.;Grande;TIM;SP;SANTOS;SMP
07/05/2023;09:29;Reclamação;Cobrança;Cobrança indevida / surpresa na fatura;Respondida;SMP;TELEFONICA BRASIL S.A.;Grande;Vivo;SP;GUARULHOS;SMP
25/06/2023;17:29;Reclamação;Qualidade;Queda de sinal / cobertura inadequada;Respondida;SMP;TIM S.A.;Grande;TIM;AM;ITACOATIARA;SMP
20/10/2023;16:19;Reclamação;Portabilidade;Portabilidade numérica não efetivada;Respondida;SMP;TELEFONICA BRASIL S.A.;Grande;NÃO INFORMADO;RJ;NOVA IGUAÇU;SMP
05/08/2023;14:41;Reclamação; ;Portabilidade numérica não efetivada;Em análise;SMP;NET SERVIÇOS DE COMUNICAÇÃO S.A.;Grande;Claro;GO;GOIÂNIA;SMP
11/01/2022;12:30;Reclamação;Cobrança;Cobrança indevida / surpresa na fatura;Respondida;SMP;CLARO S.A.;Grande;Claro;SP;GUARULHOS;SMP
13/09/2023;22:56;Reclamação;Cobrança;Cobrança indevida / surpresa na fatura;Respondida;SMP;TELEFONICA BRASIL S.A.;Grande;Vivo;BA;SALVADOR;SMP
05/07/2022;20:54;Reclamação;Cobrança;Cobrança indevida / surpresa na fatura;Respondida;SMP;CLARO S.A.;Grande;Claro;PR;PONTA GROSSA;SMP
27/07/2023;12:42;Reclamação;N/A;Queda de sinal / cobertura inadequada;Pendente;SMP;-;Grande;Claro;RN;RN - INTERIOR;SMP
04/03/2023;13:23;Reclamação;Cobrança;Cobrança indevida / surpresa na fatura;Respondida;SMP;TELEFONICA BRASIL S.A.;Grande;Vivo;MG;JUIZ DE FORA;SMP
03/09/2022;16:08;Reclamação;Cobrança;Cobrança indevida / surpresa na fatura;Respondida;SMP;TIM S.A.;Grande;TIM;RJ;DUQUE DE CAXIAS;SMP
04/08/2022;20:39;Reclamação;Internet;Velocidade de internet móvel abaixo;Respondida;SMP;CLARO S.A.;Grande;Claro;SP;SÃO PAULO;SMP
26/06/2023;22:08;Reclamação;Qualidade;Queda de sinal / cobertura inadequada;Respondida;SMP;TIM S.A.;Grande;TIM;RS;CAXIAS DO SUL;SMP
09/12/2023;11:44;Reclamação;Qualidade;Queda de sinal / cobertura inadequada;Pendente;SMP;TIM S.A.;Grande;TIM;SP;SOROCABA;SMP
12/07/2023;11:56;Reclamação;Portabilidade;Portabilidade numérica não efetivada;Respondida;SMP;CLARO S.A.;Grande;Claro;MG;CONTAGEM;SMP
20/07/2022;13:26;Reclamação;Qualidade;Queda de sinal / cobertura inadequada;Respondida;SMP;CLARO S.A.;Grande;Claro;RS;CANOAS;SMP
09/02/2022;15:42;Reclamação;Qualidade;Queda de sinal / cobertura inadequada;Respondida;SMP; ;Grande;Claro;SC;SC - INTERIOR;SMP
10/08/2023;14:43;Reclamação;Cobrança;Cobrança indevida / surpresa na fatura;Respondida;SMP;OI S.A.;Grande;Oi;MT;VÁRZEA GRANDE;SMP
25/12/2023;07:41;Reclamação;Cobrança;Cobrança indevida / surpresa na fatura;Em análise;SMP;CLARO S.A.;Grande;N/A;RS;PELOTAS;SMP
26/07/2023;15:07;Reclamação;Portabilidade;Portabilidade numérica não efetivada;Respondida;SMP;TELEFONICA BRASIL S.A.;Grande;Vivo;SP;SÃO PAULO;SMP
16/03/2023;19:38;Reclamação;-;Portabilidade numérica não efetivada;Pendente;SMP;OI S.A.;Grande;Oi;PE;PETROLINA;SMP
02/12/2023;19:31;Reclamação;Qualidade;Queda de sinal / cobertura inadequada;Respondida;SMP;TIM S.A.;Grande;TIM;RS;PORTO ALEGRE;SMP
07/03/2023;08:50;Reclamação;Cobrança;Cobrança indevida / surpresa na fatura;Pendente;SMP;TIM S.A.;Grande;TIM;CE;FORTALEZA;SMP
01/09/2023;20:08;Reclamação;Atendimento;Atendimento ao cliente;Respondida;SMP;Embratel S.A.;Grande;Claro;DF;BRASÍLIA;SMP
09/10/2023;14:28;Reclamação;Qualidade;Queda de sinal / cobertura inadequada;Respondida;SMP;TELEFONICA BRASIL S.A.;Grande;Vivo;RS;PELOTAS;SMP
30/10/2022;09:54;Reclamação;Internet;Velocidade de internet móvel abaixo;Pendente;SMP;CLARO S.A.;Grande;Claro;RJ;NITERÓI;SMP
04/02/2022;12:09;Reclamação;Internet;Velocidade de internet móvel abaixo;Pendente;SMP;CLARO S.A.;Grande;Claro;RJ;DUQUE DE CAXIAS;SMP
26/10/2023;08:37;Reclamação;Qualidade;Queda de sinal / cobertura inadequada;Respondida;SMP;TIM S.A.;Grande;TIM;MG;BELO HORIZONTE;SMP
13/02/2022;11:04;Reclamação;Cobrança;-;Pendente;SMP;OI S.A.;Grande;Oi;CE;FORTALEZA;SMP
27/07/2022;07:42;Reclamação;Qualidade;Queda de sinal / cobertura inadequada;Respondida;SMP;Telefonica Brasil S.A.;NÃO INFORMADO;Vivo;SP;SANTOS;SMP
25/03/2022;17:20;Reclamação;Internet;Velocidade de internet móvel abaixo;Respondida;SMP;CLARO S.A.;Grande;Claro;AM;ITACOATIARA;SMP
02/01/2022;17:31;Reclamação;N/A;Queda de sinal / cobertura inadequada;Em análise;SMP;TELEFONICA BRASIL S.A.;Grande;Vivo;MG;UBERLÂNDIA;SMP
31/07/2022;09:14;Reclamação;Qualidade;Queda de sinal / cobertura inadequada;Respondida;SMP;SERCOMTEL S.A. - TELECOMUNICAÇÕES;Pequeno;Sercomtel;MG;JUIZ DE FORA;SMP
14/01/2022;13:51;Reclamação;Internet;Velocidade de internet móvel abaixo;Respondida;SMP;TELEFONICA BRASIL S.A.;Grande;Vivo;MG;UBERLÂNDIA;SMP
04/09/2023;19:49;Reclamação;Qualidade;Queda de sinal / cobertura inadequada;Respondida;SMP;TIM S.A.;Grande;TIM;AM;PARINTINS;SMP
18/08/2023;10:25;Reclamação;Atendimento;Atendimento ao cliente;Respondida;SMP;EMBRATEL S.A.;Grande;Claro;PR;CURITIBA;SMP
09/07/2023;11:59;Reclamação;Cobrança;Cobrança indevida / surpresa na fatura;Respondida;SMP;TIM S.A.;Grande;TIM;GO;APARECIDA DE GOIÂNIA;SMP
11/05/2022;08:04;Reclamação;Portabilidade;Portabilidade numérica não efetivada;Respondida;SMP;Telefonica Brasil S.A.;-;Vivo;CE;SOBRAL;SMP
24/05/2022;11:31;Reclamação;Cobrança;Cobrança indevida / surpresa na fatura;Respondida;SMP;Telefonica Brasil S.A.;Grande;Vivo;RS;PELOTAS;SMP
16/11/2023;17:16;Reclamação;Cobrança;Cobrança indevida / surpresa na fatura;Pendente;SMP;CLARO S.A.;Grande;Claro;MG;CONTAGEM;SMP
27/03/2023;13:38;Reclamação;Qualidade;Queda de sinal / cobertura inadequada;Respondida;SMP;CLARO S.A.;Grande;Claro;PA;MARABÁ;SMP
24/02/2023;15:56;Reclamação;Cobrança;Cobrança indevida / surpresa na fatura;Respondida;SMP;CLARO S/A;Grande;Claro;BA;FEIRA DE SANTANA;SMP
13/04/2023;14:27;Reclamação;-;Cobrança indevida / surpresa na fatura;Respondida;SMP;TELEFONICA BRASIL S.A.;Grande;Vivo;BA;VITÓRIA DA CONQUISTA;SMP
06/07/2022;21:01;Reclamação; ;Velocidade de internet móvel abaixo;Respondida;SMP;CLARO S.A.;Grande;Claro;PE;CARUARU;SMP
17/08/2023;16:32;Reclamação;Cobrança;Cobrança indevida / surpresa na fatura;Pendente;SMP;TIM S.A.;Grande;TIM;MT;SINOP;SMP
25/02/2023;07:26;Reclamação;Outros;Outros;Pendente;SMP;CLARO S.A.;Grande;Claro;SP;SÃO PAULO;SMP
04/01/2023;20:10;Reclamação;Cobrança;Cobrança indevida / surpresa na fatura;Respondida;SMP;CLARO S.A.;Grande;Claro;TO;TO - INTERIOR;SMP
13/04/2022;22:06;Reclamação;Internet;Velocidade de internet móvel abaixo;Respondida;SMP;TELEFONICA BRASIL S.A.;Grande;Vivo;RJ;RIO DE JANEIRO;SMP
16/04/2022;08:29;Reclamação;Internet;Velocidade de internet móvel abaixo;Respondida;SMP;TIM S.A.;Grande;TIM;PR;PONTA GROSSA;SMP
10/08/2022;11:43;Reclamação;Portabilidade;Portabilidade numérica não efetivada;Respondida;SMP;CLARO S.A.;Grande;Claro;SP;SOROCABA;SMP
09/06/2022;14:41;Reclamação;Internet;Velocidade de internet móvel abaixo;Pendente;SMP;OI S.A.;Grande;Oi;RJ;NITERÓI;SMP
19/02/2023;21:10;Reclamação;Internet;Velocidade de internet móvel abaixo;Respondida;SMP;TIM S.A.;Grande;TIM;SP;GUARULHOS;SMP
24/06/2023;12:02;Reclamação;Qualidade;Queda de sinal / cobertura inadequada;Pendente;SMP;SERCOMTEL S.A. - TELECOMUNICAÇÕES;Pequeno;Sercomtel;RJ;NITERÓI;SMP
25/06/2023;21:49;Reclamação;Cobrança;Cobrança indevida / surpresa na fatura;Respondida;SMP;TIM S.A.;Grande;TIM;ES;CARIACICA;SMP
02/03/2022;09:51;Reclamação;Qualidade;Queda de sinal / cobertura inadequada;Em análise;SMP;TELEFONICA BRASIL S.A.;Grande;Vivo;SP;SÃO PAULO;SMP
27/12/2023;16:03;Reclamação;Cobrança;Cobrança indevida / surpresa na fatura;Em análise;SMP;TIM S.A.;Grande;TIM;RJ;NOVA IGUAÇU;SMP
27/01/2023;15:11;Reclamação;Internet;Velocidade de internet móvel abaixo;Pendente;SMP;TELEFONICA BRASIL S.A.;Grande;Vivo;MS;DOURADOS;SMP
29/12/2022;17:20;Reclamação;Atendimento;Atendimento ao cliente;Respondida;SMP;OI S.A.;Grande;Oi;PA;BELÉM;SMP
17/01/2023;20:28;Reclamação;Portabilidade;Portabilidade numérica não efetivada;Respondida;SMP;CLARO S.A.;Grande;Claro;RS;CANOAS;SMP
07/08/2023;07:32;Reclamação;Atendimento;Atendimento ao cliente;Respondida;SMP;Claro S.A.;Grande;Claro;BA;FEIRA DE SANTANA;SMP
22/09/2022;10:15;Reclamação;Qualidade;Queda de sinal / cobertura inadequada;Respondida;SMP;TELEFONICA BRASIL S.A.;Grande;Vivo;RO;RO - INTERIOR;SMP
05/06/2023;13:24;Reclamação;Qualidade;Queda de sinal / cobertura inadequada;Em análise;SMP;CLARO S.A.;Grande;Claro;SP;CAMPINAS;SMP
16/02/2022;17:40;Reclamação;Atendimento;Atendimento ao cliente;Respondida;SMP;TIM S.A.;Grande;TIM;GO;ANÁPOLIS;SMP
05/11/2023;15:34;Reclamação;Portabilidade;Portabilidade numérica não efetivada;Respondida;SMP;CLARO S.A.;Grande;Claro;PA;SANTARÉM;SMP
12/01/2022;18:05;Reclamação;Qualidade;Queda de sinal / cobertura inadequada;Pendente;SMP;CLARO S.A.;Grande;Claro;SP;CAMPINAS;SMP
25/08/2023;18:29;Reclamação;Cobrança;Cobrança indevida / surpresa na fatura;Respondida;SMP;TIM S.A.;Grande;TIM;ES;VILA VELHA;SMP
13/08/2022;07:11;Reclamação;Cobrança;Cobrança indevida / surpresa na fatura;Respondida;SMP;CLARO S/A;NÃO INFORMADO;Claro;DF;TAGUATINGA;SMP
15/05/2022;07:42;Reclamação;Portabilidade;Portabilidade numérica não efetivada;Respondida;SMP;TELEFONICA BRASIL S.A.;Grande;Vivo;CE;FORTALEZA;SMP
28/07/2022;21:06;Reclamação;Qualidade;Queda de sinal / cobertura inadequada;Pendente;SMP;CLARO S.A.;Grande;Claro;SP;SANTOS;SMP
19/07/2022;13:10;Reclamação;Cobrança;Cobrança indevida / surpresa na fatura;Respondida;SMP;TELEFONICA BRASIL S.A.;Grande;Vivo;PR;PONTA GROSSA;SMP
22/12/2022;14:10;Reclamação;Portabilidade;Portabilidade numérica não efetivada;Respondida;SMP;TIM S.A.;Grande;TIM;SC;SC - INTERIOR;SMP
17/10/2022;12:59;Reclamação;Cobrança;Cobrança indevida / surpresa na fatura;Respondida;SMP;TELEFONICA BRASIL S.A.;Grande;Vivo;RJ;NITERÓI;SMP
12/11/2022;10:15;Reclamação;Internet;Velocidade de internet móvel abaixo;Pendente;SMP;TELEFONICA BRASIL S.A.;Grande;Vivo;SC;SC - INTERIOR;SMP
09/11/2022;21:04;Reclamação;Cobrança;Cobrança indevida / surpresa na fatura;Pendente;SMP;TELEFONICA BRASIL S.A.;Grande;Vivo;PR;PONTA GROSSA;SMP
11/09/2022;07:54;Reclamação;Cobrança;Cobrança indevida / surpresa na fatura;Respondida;SMP;TIM S.A.; ;TIM;PB;PB - INTERIOR;SMP
11/01/2022;18:40;Reclamação;Qualidade;Queda de sinal / cobertura inadequada;Respondida;SMP;CLARO S.A.;Grande;Claro;RJ;DUQUE DE CAXIAS;SMP
01/04/2023;20:11;Reclamação;Cobrança;Cobrança indevida / surpresa na fatura;Respondida;SMP;TIM S.A.;Grande;TIM;CE;SOBRAL;SMP
29/11/2022;07:44;Reclamação;Atendimento;Atendimento ao cliente;Respondida;SMP;Tim S.A.;Grande;TIM;RO;RO - INTERIOR;SMP
22/03/2023;15:49;Reclamação;Portabilidade;Portabilidade numérica não efetivada;Respondida;SMP;CLARO S.A.;Grande;Claro;CE;SOBRAL;SMP
31/10/2022;15:11;Reclamação;Portabilidade;Portabilidade numérica não efetivada;Respondida;SMP;TELEFONICA BRASIL S.A.;Grande;Vivo;AM;PARINTINS;SMP
30/08/2023;10:21;Reclamação;Outros;Outros;Respondida;SMP;TELEFONICA BRASIL S.A.;Grande;Vivo;PE;PETROLINA;SMP
16/09/2023;12:04;Reclamação; ;Cobrança indevida / surpresa na fatura;Em análise;SMP;TIM S.A.;Grande;TIM;SP;GUARULHOS;SMP
09/06/2023;08:19;Reclamação;Qualidade;Queda de sinal / cobertura inadequada;Pendente;SMP;TIM S.A.;Grande;TIM;MT;CUIABÁ;SMP
24/02/2023;17:45;Reclamação;Portabilidade; ;Respondida;SMP;CLARO S/A;Grande;Claro;SP;SANTOS;SMP
20/05/2023;16:11;Reclamação;Internet;Velocidade de internet móvel abaixo;Respondida;SMP;TELEFONICA BRASIL S.A.;Grande;Vivo;SP;CAMPINAS;SMP
13/07/2023;07:21;Reclamação;Portabilidade;Portabilidade numérica não efetivada;Respondida;SMP;Telefonica Brasil S.A.;Grande;N/A;SP;SÃO PAULO;SMP
20/08/2023;22:17;Reclamação;Cobrança;Cobrança indevida / surpresa na fatura;Respondida;SMP;CLARO S.A.;Grande;Claro;RS;PORTO ALEGRE;SMP
09/08/2023;17:21;Reclamação;Internet;Velocidade de internet móvel abaixo;Em análise;SMP;CLARO S.A.;Grande;Claro;RJ;NOVA IGUAÇU;SMP
29/11/2023;15:39;Reclamação;Cobrança;Cobrança indevida / surpresa na fatura;Respondida;SMP;TELEFONICA BRASIL S.A.;Grande;Vivo;BA;SALVADOR;SMP
14/12/2023;17:30;Reclamação;Portabilidade;Portabilidade numérica não efetivada;Respondida;SMP;OI S.A.;Grande; ;RJ;NITERÓI;SMP
12/04/2023;09:29;Reclamação;Cobrança;Cobrança indevida / surpresa na fatura;Respondida;SMP;TIM S.A.;Grande;TIM;RS;CAXIAS DO SUL;SMP
10/08/2023;19:11;Reclamação;Outros;Outros;Respondida;SMP;CLARO S.A.;Grande;Claro;GO;ANÁPOLIS;SMP
16/10/2022;19:52;Reclamação;Outros;NÃO INFORMADO;Pendente;SMP;CLARO S.A.;Grande;Claro;AM;MANAUS;SMP
23/09/2022;12:31;Reclamação;Qualidade;Queda de sinal / cobertura inadequada;Respondida;SMP;OI S.A.;Grande;Oi;MG;JUIZ DE FORA;SMP
17/09/2023;22:25;Reclamação;Portabilidade;Portabilidade numérica não efetivada;Respondida;SMP;CLARO S.A.;Grande;Claro;SP;CAMPINAS;SMP
16/04/2022;07:33;Reclamação;Internet;Velocidade de internet móvel abaixo;Respondida;SMP;TIM S.A.;Grande;TIM;CE;CAUCAIA;SMP
13/04/2022;17:42;Reclamação;Cobrança;Cobrança indevida / surpresa na fatura;Respondida;SMP;TELEFONICA BRASIL S.A.;Grande;Vivo;BA;VITÓRIA DA CONQUISTA;SMP
24/06/2022;20:17;Reclamação;Internet; ;Respondida;SMP;CLARO S.A.;Grande;Claro;CE;SOBRAL;SMP
19/10/2023;09:06;Reclamação;Cobrança;Cobrança indevida / surpresa na fatura;Respondida;SMP;TIM S.A.;Grande;TIM;SC;SC - INTERIOR;SMP
07/07/2023;15:42;Reclamação;Qualidade;Queda de sinal / cobertura inadequada;Em análise;SMP;TELEFONICA BRASIL S.A.;Grande;NÃO INFORMADO;PR;CURITIBA;SMP
20/08/2022;21:49;Reclamação;Qualidade;Queda de sinal / cobertura inadequada;Respondida;SMP;TELEFONICA BRASIL S.A.;Grande;Vivo;SP;SOROCABA;SMP
12/03/2022;07:14;Reclamação;Atendimento;Atendimento ao cliente;Respondida;SMP;CLARO S.A.;Grande;Claro;MG;BELO HORIZONTE;SMP
15/02/2023;16:56;Reclamação;Qualidade;Queda de sinal / cobertura inadequada;Respondida;SMP;TIM S.A.;Grande;TIM;ES;CARIACICA;SMP
19/03/2023;19:39;Reclamação;Atendimento;Atendimento ao cliente;Respondida;SMP;TELEFONICA BRASIL S.A.;Grande;Vivo;PA;ANANINDEUA;SMP
18/05/2022;17:26;Reclamação;Portabilidade;Portabilidade numérica não efetivada;Pendente;SMP;TIM S.A.;Grande;TIM;AM;MANAUS;SMP
21/12/2023;11:15;Reclamação;Internet;Velocidade de internet móvel abaixo;Respondida;SMP;TELEFONICA BRASIL S.A.;Grande;Vivo;GO;GOIÂNIA;SMP
02/02/2023;18:39;Reclamação;Cobrança;Cobrança indevida / surpresa na fatura;Pendente;SMP;CLARO S.A.;Grande;-;SP;SANTOS;SMP
17/12/2022;08:38;Reclamação;Portabilidade;Portabilidade numérica não efetivada;Respondida;SMP;TIM S.A.;Grande;TIM;RS;CAXIAS DO SUL;SMP
14/05/2022;08:45;Reclamação;Cobrança;Cobrança indevida / surpresa na fatura;Pendente;SMP;TELEFONICA BRASIL S.A.;Grande;-;AL;AL - INTERIOR;SMP
06/02/2022;10:59;Reclamação;Qualidade;Queda de sinal / cobertura inadequada;Em análise;SMP;TIM S.A.;Grande;TIM;SP;CAMPINAS;SMP
27/08/2023;11:07;Reclamação;Internet;Velocidade de internet móvel abaixo;Respondida;SMP;TIM S.A.;Grande;TIM;PE;RECIFE;SMP
18/11/2022;19:29;Reclamação;Cobrança;Cobrança indevida / surpresa na fatura;Respondida;SMP;TELEFONICA BRASIL S.A.;Grande;Vivo;SC;SC - INTERIOR;SMP
25/08/2023;07:18;Reclamação;Qualidade;Queda de sinal / cobertura inadequada;Respondida;SMP;CLARO S.A.;Grande;Claro;RJ;NITERÓI;SMP
26/04/2023;22:22;Reclamação;Internet;Velocidade de internet móvel abaixo;Respondida;SMP;CLARO S.A.;N/A;Claro;RJ;RIO DE JANEIRO;SMP
12/02/2022;08:14;Reclamação;Internet;Velocidade de internet móvel abaixo;Respondida;SMP;TELEFONICA BRASIL S.A.;Grande;Vivo;SP;SOROCABA;SMP
14/07/2022;22:41;Reclamação;Cobrança;Cobrança indevida / surpresa na fatura;Pendente;SMP;TELEFONICA BRASIL S.A.;Grande;Vivo;RJ;RIO DE JANEIRO;SMP
07/03/2022;08:55;Reclamação;Cobrança;Cobrança indevida / surpresa na fatura;Pendente;SMP;TIM S.A.;Grande;TIM;PE;OLINDA;SMP
28/10/2022;17:12;Reclamação;Cobrança;Cobrança indevida / surpresa na fatura;Em análise;SMP;EMBRATEL S.A.;Grande;Claro;RN;RN - INTERIOR;SMP
14/03/2022;13:08;Reclamação;Qualidade;Queda de sinal / cobertura inadequada;Pendente;SMP;NET SERVIÇOS DE COMUNICAÇÃO S.A.;Grande;Claro;PA;SANTARÉM;SMP
17/02/2023;19:57;Reclamação;Qualidade;Queda de sinal / cobertura inadequada;Respondida;SMP;TELEFONICA BRASIL S.A.;Grande;Vivo;PE;RECIFE;SMP
12/07/2023;10:35;Reclamação;Qualidade;Queda de sinal / cobertura inadequada;Pendente;SMP;CLARO S.A.;N/A;Claro;PE;OLINDA;SMP
31/05/2022;20:26;Reclamação;Cobrança;Cobrança indevida / surpresa na fatura;Respondida;SMP;CLARO S/A;Grande;Claro;RS;PELOTAS;SMP
11/11/2022;12:05;Reclamação;Portabilidade;Portabilidade numérica não efetivada;Respondida;SMP;CLARO S.A.;Grande;Claro;CE;FORTALEZA;SMP
30/07/2022;09:21;Reclamação;Internet;Velocidade de internet móvel abaixo;Respondida;SMP;CLARO S.A.;Grande;Claro;MG;CONTAGEM;SMP
18/05/2022;14:32;Reclamação;Qualidade;Queda de sinal / cobertura inadequada;Respondida;SMP;TIM S.A.;Grande;TIM;SP;CAMPINAS;SMP
25/04/2022;13:17;Reclamação;Qualidade;Queda de sinal / cobertura inadequada;Pendente;SMP;CLARO S.A.;Grande;Claro;SP;CAMPINAS;SMP
12/03/2022;21:03;Reclamação;Cobrança;Cobrança indevida / surpresa na fatura;Respondida;SMP;TELEFONICA BRASIL S.A.;Grande;Vivo;MG;CONTAGEM;SMP
18/06/2022;07:23;Reclamação;Internet;Velocidade de internet móvel abaixo;Respondida;SMP;CLARO S/A;Grande;Claro;PB;PB - INTERIOR;SMP
04/04/2022;17:37;Reclamação;Cobrança;Cobrança indevida / surpresa na fatura;Respondida;SMP;CLARO S.A.;Grande;Claro;SC;SC - INTERIOR;SMP
13/04/2023;10:32;Reclamação;Qualidade;NÃO INFORMADO;Respondida;SMP;TELEFONICA BRASIL S.A.;Grande;Vivo;RN;RN - INTERIOR;SMP
25/08/2023;13:16;Reclamação;Atendimento;Atendimento ao cliente;Respondida;SMP;OI S.A.;Grande;Oi;SP;SÃO PAULO;SMP
19/04/2023;19:42;Reclamação;Internet;Velocidade de internet móvel abaixo;Respondida;SMP;CLARO S.A.;Grande;Claro;SP;CAMPINAS;SMP
29/03/2023;16:56;Reclamação;Portabilidade;Portabilidade numérica não efetivada;Pendente;SMP;CLARO S.A.;Grande;Claro;AM;PARINTINS;SMP
19/07/2022;20:30;Reclamação;N/A;Cobrança indevida / surpresa na fatura;Em análise;SMP;CLARO S.A.;Grande;-;BA;VITÓRIA DA CONQUISTA;SMP
24/10/2022;09:45;Reclamação;Atendimento;Atendimento ao cliente;Respondida;SMP;EMBRATEL S.A.;Grande;Claro;BA;SALVADOR;SMP
13/02/2022;21:39;Reclamação;NÃO INFORMADO;Atendimento ao cliente;Respondida;SMP;OI S.A.;Grande;Oi;SC;SC - INTERIOR;SMP
19/11/2022;18:08;Reclamação;Atendimento;Atendimento ao cliente;Respondida;SMP;TELEFONICA BRASIL S.A.;Grande;Vivo;BA;SALVADOR;SMP
21/06/2022;21:31;Reclamação;Cobrança;Cobrança indevida / surpresa na fatura;Pendente;SMP;CLARO S.A.;Grande;Claro;MG;JUIZ DE FORA;SMP
13/04/2023;19:50;Reclamação;Cobrança;Cobrança indevida / surpresa na fatura;Respondida;SMP;TIM S.A.;Grande;TIM;SP;SANTOS;SMP
31/08/2023;12:39;Reclamação;Qualidade;Queda de sinal / cobertura inadequada;Respondida;SMP;EMBRATEL S.A.;Grande;Claro;AL;AL - INTERIOR;SMP
29/03/2023;07:47;Reclamação;Qualidade;Queda de sinal / cobertura inadequada;Respondida;SMP;CLARO S.A.;Grande;Claro;SP;SÃO PAULO;SMP
27/09/2023;15:22;Reclamação;Cobrança;Cobrança indevida / surpresa na fatura;Respondida;SMP;CLARO S.A.;Grande;Claro;MA;TIMON;SMP
25/11/2022;08:41;Reclamação;Outros;Outros;Respondida;SMP;CLARO S.A.;Grande;Claro;SP;CAMPINAS;SMP
25/09/2022;08:33;Reclamação;Internet;Velocidade de internet móvel abaixo;Respondida;SMP;TIM S.A.;Grande;TIM;CE;CAUCAIA;SMP
06/03/2022;14:14;Reclamação;Qualidade;Queda de sinal / cobertura inadequada;Respondida;SMP;CLARO S/A;Grande;Claro;PR;PONTA GROSSA;SMP
06/11/2022;07:07;Reclamação;Qualidade;Queda de sinal / cobertura inadequada;Respondida;SMP;TELEFONICA BRASIL S.A.;Grande;Vivo;RO;RO - INTERIOR;SMP
20/02/2023;20:09;Reclamação;Internet;Velocidade de internet móvel abaixo;Respondida;SMP;CLARO S.A.;Grande;Claro;BA;VITÓRIA DA CONQUISTA;SMP
26/10/2022;13:31;Reclamação;Qualidade;Queda de sinal / cobertura inadequada;Respondida;SMP;TELEFONICA BRASIL S.A.;Grande;Vivo;SP;SANTOS;SMP
26/09/2022;17:07;Reclamação;Portabilidade;Portabilidade numérica não efetivada;Respondida;SMP;NET SERVIÇOS DE COMUNICAÇÃO S.A.;Grande;Claro;GO;APARECIDA DE GOIÂNIA;SMP
12/09/2022;13:22;Reclamação;Internet;Velocidade de internet móvel abaixo;Pendente;SMP;TELEFONICA BRASIL S.A.;Grande;Vivo;AM;ITACOATIARA;SMP
13/05/2022;22:30;Reclamação;Internet;Velocidade de internet móvel abaixo;Respondida;SMP;TIM S.A.;Grande;TIM;GO;ANÁPOLIS;SMP
10/12/2022;18:37;Reclamação;Qualidade;Queda de sinal / cobertura inadequada;Respondida;SMP;EMBRATEL S.A.;Grande;Claro;PR;LONDRINA;SMP
22/03/2023;11:53;Reclamação;Cobrança;Cobrança indevida / surpresa na fatura;Respondida;SMP;EMBRATEL S.A.;Grande;Claro;SP;SÃO PAULO;SMP
17/11/2023;10:43;Reclamação;Cobrança;Cobrança indevida / surpresa na fatura;Respondida;SMP;CLARO S.A.;Grande;Claro;RN;RN - INTERIOR;SMP
18/05/2023;14:02;Reclamação;Qualidade;Queda de sinal / cobertura inadequada;Respondida;SMP;EMBRATEL S.A.;Grande;Claro;SP;SOROCABA;SMP
07/11/2023;14:09;Reclamação;Cobrança;Cobrança indevida / surpresa na fatura;Respondida;SMP;CLARO S.A.;Grande;Claro;RJ;RIO DE JANEIRO;SMP
01/08/2023;17:40;Reclamação;Cobrança;Cobrança indevida / surpresa na fatura;Respondida;SMP;TIM S.A.;Grande;TIM;BA;SALVADOR;SMP
27/04/2022;13:09;Reclamação;Qualidade;Queda de sinal / cobertura inadequada;Em análise;SMP;TIM S.A.;Grande;TIM;PE;CARUARU;SMP
19/05/2023;14:00;Reclamação;Cobrança;Cobrança indevida / surpresa na fatura;Respondida;SMP;TIM S.A.;Grande;TIM;MA;IMPERATRIZ;SMP
18/05/2023;09:18;Reclamação;Cobrança;Cobrança indevida / surpresa na fatura;Pendente;SMP;OI S.A.;Grande;Oi;SP;CAMPINAS;SMP
12/08/2023;07:45;Reclamação;Portabilidade;Portabilidade numérica não efetivada;Respondida;SMP;TIM S.A.;Grande;TIM;SP;CAMPINAS;SMP
22/10/2023;16:17;Reclamação;Portabilidade;Portabilidade numérica não efetivada;Respondida;SMP;Claro S.A.;Grande;Claro;SP;SANTOS;SMP
12/12/2023;08:50;Reclamação;Cobrança;Cobrança indevida / surpresa na fatura;Respondida;SMP;NÃO INFORMADO;Grande;Vivo;GO;ANÁPOLIS;SMP
16/06/2022;19:39;Reclamação;Cobrança;Cobrança indevida / surpresa na fatura;Respondida;SMP;CLARO S/A;Grande;Claro;SP;SOROCABA;SMP
08/08/2023;07:03;Reclamação;Qualidade;Queda de sinal / cobertura inadequada;Respondida;SMP;TELEFONICA BRASIL S.A.;Grande;Vivo;BA;FEIRA DE SANTANA;SMP
10/11/2022;14:24;Reclamação;Cobrança;Cobrança indevida / surpresa na fatura;Respondida;SMP;EMBRATEL S.A.;Grande;Claro;SC;SC - INTERIOR;SMP
10/03/2022;11:18;Reclamação;Internet;Velocidade de internet móvel abaixo;Respondida;SMP;CLARO S.A.;Grande;Claro;SP;SANTOS;SMP
01/04/2022;21:01;Reclamação;Cobrança;Cobrança indevida / surpresa na fatura;Respondida;SMP;EMBRATEL S.A.;Grande;Claro;PE;OLINDA;SMP
16/08/2022;18:20;Reclamação;Cobrança;Cobrança indevida / surpresa na fatura;Respondida;SMP;CLARO S.A.;Grande;-;BA;FEIRA DE SANTANA;SMP
20/07/2023;16:01;Reclamação;Cobrança;Cobrança indevida / surpresa na fatura;Pendente;SMP;TELEFONICA BRASIL S.A.;Grande;Vivo;SP;SANTOS;SMP
20/11/2022;22:16;Reclamação;Portabilidade;Portabilidade numérica não efetivada;Respondida;SMP;OI S.A.;Grande;Oi;PR;PONTA GROSSA;SMP
28/04/2022;10:07;Reclamação;Internet;Velocidade de internet móvel abaixo;Respondida;SMP;TELEFONICA BRASIL S.A.;Grande;Vivo;RO;RO - INTERIOR;SMP
07/04/2022;12:38;Reclamação;Qualidade;Queda de sinal / cobertura inadequada;Pendente;SMP;TELEFONICA BRASIL S.A.;Grande;Vivo;PA;BELÉM;SMP
13/03/2022;15:59;Reclamação;Qualidade;Queda de sinal / cobertura inadequada;Respondida;SMP;TELEFONICA BRASIL S.A.;Grande;Vivo;SP;GUARULHOS;SMP
22/02/2023;20:12;Reclamação;Cobrança;Cobrança indevida / surpresa na fatura;Respondida;SMP;CLARO S.A.;Grande;Claro;BA;FEIRA DE SANTANA;SMP
28/08/2023;10:24;Reclamação;Cobrança;Cobrança indevida / surpresa na fatura;Respondida;SMP;TIM S.A.;Grande;TIM;BA;VITÓRIA DA CONQUISTA;SMP
02/11/2022;22:07;Reclamação;Cobrança;Cobrança indevida / surpresa na fatura;Respondida;SMP;NET SERVIÇOS DE COMUNICAÇÃO S.A.;Grande;Claro;AM;PARINTINS;SMP
26/01/2023;15:21;Reclamação;Portabilidade;Portabilidade numérica não efetivada;Respondida;SMP;OI S.A.;Grande;Oi;SP;GUARULHOS;SMP
13/11/2023;11:10;Reclamação;Cobrança;Cobrança indevida / surpresa na fatura;Respondida;SMP;OI S.A.;Grande;Oi;DF;CEILÂNDIA;SMP
21/08/2023;17:07;Reclamação;Cobrança;Cobrança indevida / surpresa na fatura;Respondida;SMP;TELEFONICA BRASIL S.A.;NÃO INFORMADO;Vivo;PA;ANANINDEUA;SMP
19/12/2023;12:54;Reclamação;Cobrança;-;Respondida;SMP;CLARO S.A.;Grande;Claro;SP;CAMPINAS;SMP
25/02/2023;22:06;Reclamação;Atendimento;Atendimento ao cliente;Pendente;SMP;Claro S.A.;Grande;Claro;SP;SOROCABA;SMP
20/05/2023;20:53;Reclamação;Cobrança;Cobrança indevida / surpresa na fatura;Respondida;SMP;TIM S.A.;Grande;TIM;RN;RN - INTERIOR;SMP
31/03/2022;13:24;Reclamação;Cobrança;Cobrança indevida / surpresa na fatura;Respondida;SMP;TELEFONICA BRASIL S.A.;Grande;Vivo;PI;PI - INTERIOR;SMP
16/12/2022;14:04;Reclamação;Qualidade;Queda de sinal / cobertura inadequada;Em análise;SMP;TIM S.A.;N/A;TIM;SP;CAMPINAS;SMP
02/11/2022;12:40;Reclamação;Qualidade;Queda de sinal / cobertura inadequada;Pendente;SMP;CLARO S.A.;Grande;Claro;PA;SANTARÉM;SMP
29/09/2023;20:27;Reclamação;Internet;Velocidade de internet móvel abaixo;Respondida;SMP;SERCOMTEL S.A. - TELECOMUNICAÇÕES;Pequeno;Sercomtel;AM;MANAUS;SMP
05/03/2023;22:24;Reclamação;Cobrança;Cobrança indevida / surpresa na fatura;Respondida;SMP;TELEFONICA BRASIL S.A.;Grande;Vivo;GO;GOIÂNIA;SMP
17/07/2023;18:39;Reclamação; ;Outros;Respondida;SMP;TIM S.A.;Grande;TIM;RS;CAXIAS DO SUL;SMP
19/05/2022;17:34;Reclamação;Internet;Velocidade de internet móvel abaixo;Em análise;SMP;TELEFONICA BRASIL S.A.;Grande;Vivo;AL;AL - INTERIOR;SMP
28/02/2022;20:31;Reclamação; ;Cobrança indevida / surpresa na fatura;Em análise;SMP;TELEFONICA BRASIL S.A.;Grande;Vivo;TO;TO - INTERIOR;SMP
15/10/2022;18:12;Reclamação;Internet;Velocidade de internet móvel abaixo;Respondida;SMP;TIM S.A.;Grande;TIM;PI;PI - INTERIOR;SMP
22/10/2023;12:20;Reclamação;Atendimento;Atendimento ao cliente;Respondida;SMP;CLARO S.A.;Grande;Claro;RJ;NITERÓI;SMP
06/03/2023;21:17;Reclamação;Qualidade;Queda de sinal / cobertura inadequada;Respondida;SMP;CLARO S.A.;Grande;Claro;CE;SOBRAL;SMP
06/03/2023;17:04;Reclamação;Cobrança;Cobrança indevida / surpresa na fatura;Respondida;SMP;CLARO S.A.;Grande;Claro;SP;SÃO PAULO;SMP
06/07/2023;11:40;Reclamação;Qualidade;Queda de sinal / cobertura inadequada;Respondida;SMP;CLARO S.A.;Grande;Claro;MS;CAMPO GRANDE;SMP
02/09/2023;12:03;Reclamação;Cobrança;Cobrança indevida / surpresa na fatura;Respondida;SMP;SERCOMTEL S.A. - TELECOMUNICAÇÕES;Pequeno;Sercomtel;SP;GUARULHOS;SMP
03/08/2022;20:22;Reclamação;Portabilidade;Portabilidade numérica não efetivada;Respondida;SMP;CLARO S.A.;Grande;Claro;BA;VITÓRIA DA CONQUISTA;SMP
22/11/2022;16:49;Reclamação;Qualidade;Queda de sinal / cobertura inadequada;Pendente;SMP;OI S.A.;Grande;Oi;DF;BRASÍLIA;SMP
20/02/2022;12:02;Reclamação;Cobrança;Cobrança indevida / surpresa na fatura;Respondida;SMP;CLARO S.A.;Grande;Claro;RS;CAXIAS DO SUL;SMP
18/06/2023;14:53;Reclamação;Atendimento;Atendimento ao cliente;Respondida;SMP;TIM S.A.;Grande;TIM;SC;SC - INTERIOR;SMP
27/09/2023;15:03;Reclamação;Cobrança;Cobrança indevida / surpresa na fatura;Pendente;SMP;TIM S.A.;Grande;TIM;MG;BELO HORIZONTE;SMP
11/03/2022;19:33;Reclamação;Qualidade;Queda de sinal / cobertura inadequada;Respondida;SMP;OI S.A.;Grande;Oi;SP;SANTOS;SMP
06/10/2023;17:57;Reclamação;Atendimento;Atendimento ao cliente;Pendente;SMP;TELEFONICA BRASIL S.A.;Grande;Vivo;RJ;DUQUE DE CAXIAS;SMP
16/10/2023;15:11;Reclamação;Cobrança;Cobrança indevida / surpresa na fatura;Respondida;SMP;Tim S.A.;Grande;TIM;MT;CUIABÁ;SMP
11/06/2022;10:19;Reclamação;Portabilidade;Portabilidade numérica não efetivada;Respondida;SMP;CLARO S.A.;Grande;Claro;PB;PB - INTERIOR;SMP
12/10/2023;14:14;Reclamação;Internet;Velocidade de internet móvel abaixo;Pendente;SMP;NET SERVIÇOS DE COMUNICAÇÃO S.A.;Grande;Claro;RR;RR - INTERIOR;SMP
18/09/2022;10:51;Reclamação;Internet;Velocidade de internet móvel abaixo;Em análise;SMP;NET SERVIÇOS DE COMUNICAÇÃO S.A.;Grande;Claro;RN;RN - INTERIOR;SMP
07/06/2023;15:29;Reclamação;Qualidade;Queda de sinal / cobertura inadequada;Pendente;SMP;CLARO S.A.;Grande;Claro;RJ;NITERÓI;SMP
18/01/2023;11:56;Reclamação;Atendimento;Atendimento ao cliente;Pendente;SMP;CLARO S.A.;Grande;Claro;BA;VITÓRIA DA CONQUISTA;SMP
10/05/2023;22:28;Reclamação;Qualidade;Queda de sinal / cobertura inadequada;Respondida;SMP;TIM S.A.;Grande;TIM;CE;SOBRAL;SMP
18/02/2023;11:10;Reclamação;Portabilidade;Portabilidade numérica não efetivada;Respondida;SMP;TIM S.A.;Grande;TIM;BA;SALVADOR;SMP
25/06/2022;18:21;Reclamação;Portabilidade;Portabilidade numérica não efetivada;Pendente;SMP;OI S.A.;Grande;Oi;MG;BELO HORIZONTE;SMP
25/06/2023;08:39;Reclamação;Portabilidade;Portabilidade numérica não efetivada;Respondida;SMP;TIM S.A.;Grande;TIM;GO;ANÁPOLIS;SMP
16/04/2022;13:22;Reclamação;Internet;Velocidade de internet móvel abaixo;Pendente;SMP;TELEFONICA BRASIL S.A.;Grande;Vivo;MG;UBERLÂNDIA;SMP
14/02/2023;14:16;Reclamação;Cobrança;Cobrança indevida / surpresa na fatura;Respondida;SMP;CLARO S.A.;-;Claro;MG;JUIZ DE FORA;SMP
13/10/2022;18:02;Reclamação;Qualidade;Queda de sinal / cobertura inadequada;Pendente;SMP;CLARO S.A.;Grande;Claro;PE;OLINDA;SMP
19/08/2023;22:28;Reclamação;Qualidade;Queda de sinal / cobertura inadequada;Respondida;SMP;CLARO S.A.;Grande;Claro;PB;PB - INTERIOR;SMP
09/12/2022;14:11;Reclamação;Qualidade;Queda de sinal / cobertura inadequada;Respondida;SMP;CLARO S.A.;Grande;Claro;RO;RO - INTERIOR;SMP
14/09/2022;14:09;Reclamação;Atendimento;Atendimento ao cliente;Pendente;SMP;SERCOMTEL S.A. - TELECOMUNICAÇÕES;Pequeno;Sercomtel;PI;PI - INTERIOR;SMP
07/06/2023;19:14;Reclamação;NÃO INFORMADO;Atendimento ao cliente;Respondida;SMP;CLARO S.A.;Grande;Claro;MT;CUIABÁ;SMP
04/11/2023;20:49;Reclamação;Cobrança;Cobrança indevida / surpresa na fatura;Pendente;SMP;TIM S.A.;Grande;TIM;RJ;DUQUE DE CAXIAS;SMP
29/05/2022;15:41;Reclamação;Outros;Outros;Respondida;SMP;TELEFONICA BRASIL S.A.;Grande;Vivo;SP;CAMPINAS;SMP
01/11/2022;09:26;Reclamação;Internet;Velocidade de internet móvel abaixo;Respondida;SMP;OI S.A.;Grande;Oi;RJ;NOVA IGUAÇU;SMP
20/03/2022;09:58;Reclamação;Internet;Velocidade de internet móvel abaixo;Respondida;SMP;CLARO S.A.;Grande;Claro;MG;CONTAGEM;SMP
04/02/2023;19:03;Reclamação;Internet;Velocidade de internet móvel abaixo;Respondida;SMP;CLARO S.A.;Grande;Claro;RS;PELOTAS;SMP
15/01/2022;11:23;Reclamação;Qualidade;Queda de sinal / cobertura inadequada;Em análise;SMP;SERCOMTEL S.A. - TELECOMUNICAÇÕES;Pequeno;Sercomtel;MG;UBERLÂNDIA;SMP
13/11/2023;16:02;Reclamação;Cobrança;Cobrança indevida / surpresa na fatura;Respondida;SMP;CLARO S.A.;Grande;Claro;BA;VITÓRIA DA CONQUISTA;SMP
14/09/2022;21:17;Reclamação;Cobrança;Cobrança indevida / surpresa na fatura;Pendente;SMP;CLARO S.A.;Grande;Claro;SP;SÃO PAULO;SMP
03/12/2023;10:16;Reclamação;Internet;Velocidade de internet móvel abaixo;Respondida;SMP;TIM S.A.;Grande;TIM;PI;PI - INTERIOR;SMP
28/03/2023;09:54;Reclamação;Cobrança;Cobrança indevida / surpresa na fatura;Respondida;SMP;TIM S.A.;Grande;TIM;MA;SÃO LUÍS;SMP
01/05/2022;10:57;Reclamação;Cobrança;Cobrança indevida / surpresa na fatura;Em análise;SMP;SERCOMTEL S.A. - TELECOMUNICAÇÕES;Pequeno;Sercomtel;GO;ANÁPOLIS;SMP
16/11/2022;07:38;Reclamação;Cobrança;Cobrança indevida / surpresa na fatura;Pendente;SMP;NET SERVIÇOS DE COMUNICAÇÃO S.A.;Grande;Claro;PR;CURITIBA;SMP
27/01/2023;12:41;Reclamação;Internet;Velocidade de internet móvel abaixo;Respondida;SMP;NET SERVIÇOS DE COMUNICAÇÃO S.A.;Grande;Claro;RS;CANOAS;SMP
10/11/2022;10:48;Reclamação;Internet;Velocidade de internet móvel abaixo;Respondida;SMP;SERCOMTEL S.A. - TELECOMUNICAÇÕES;Pequeno;Sercomtel;PR;PONTA GROSSA;SMP
17/09/2023;21:40;Reclamação; ;Atendimento ao cliente;Respondida;SMP;OI S.A.;Grande;Oi;DF;TAGUATINGA;SMP
01/06/2022;14:57;Reclamação;Atendimento;Atendimento ao cliente;Respondida;SMP;TIM S.A.;Grande;TIM;BA;SALVADOR;SMP
09/03/2023;21:37;Reclamação;Outros;Outros;Respondida;SMP;CLARO S.A.;Grande;Claro;PA;ANANINDEUA;SMP
09/02/2022;08:38;Reclamação;Cobrança;Cobrança indevida / surpresa na fatura;Pendente;SMP;SERCOMTEL S.A. - TELECOMUNICAÇÕES;Pequeno;Sercomtel;RJ;NOVA IGUAÇU;SMP
20/06/2023;10:20;Reclamação;Internet;Velocidade de internet móvel abaixo;Respondida;SMP;CLARO S.A.;Grande;Claro;SP;GUARULHOS;SMP
28/01/2023;10:02;Reclamação;Qualidade;Queda de sinal / cobertura inadequada;Pendente;SMP;TELEFONICA BRASIL S.A.;Grande;Vivo;MT;CUIABÁ;SMP
21/03/2022;07:54;Reclamação;Atendimento;Atendimento ao cliente;Pendente;SMP;TELEFONICA BRASIL S.A.;Grande;Vivo;MG;JUIZ DE FORA;SMP
24/08/2022;14:12;Reclamação;Qualidade;Queda de sinal / cobertura inadequada;Respondida;SMP;TELEFONICA BRASIL S.A.;Grande;Vivo;GO;ANÁPOLIS;SMP
31/08/2023;13:35;Reclamação;Internet;Velocidade de internet móvel abaixo;Respondida;SMP;CLARO S.A.;Grande;Claro;SP;CAMPINAS;SMP
25/05/2023;21:49;Reclamação;Cobrança;N/A;Respondida;SMP;OI S.A.;Grande;Oi;RJ;DUQUE DE CAXIAS;SMP
20/09/2022;13:20;Reclamação;Cobrança;Cobrança indevida / surpresa na fatura;Respondida;SMP;TIM S.A.;-;TIM;SP;SÃO PAULO;SMP
02/07/2023;12:20;Reclamação;Qualidade;Queda de sinal / cobertura inadequada;Respondida;SMP;TIM S.A.;Grande;NÃO INFORMADO;SP;SOROCABA;SMP
02/08/2023;18:05;Reclamação;Cobrança;Cobrança indevida / surpresa na fatura;Pendente;SMP;OI S.A.;Grande;Oi;SP;CAMPINAS;SMP
07/04/2023;07:49;Reclamação;Atendimento;Atendimento ao cliente;Respondida;SMP;TIM S.A.;Grande;TIM;ES;CARIACICA;SMP
04/10/2023;22:41;Reclamação;Outros;Outros;Respondida;SMP;TELEFONICA BRASIL S.A.;Grande;Vivo;SP;SÃO PAULO;SMP
04/10/2023;08:50;Reclamação;Internet;Velocidade de internet móvel abaixo;Pendente;SMP;CLARO S.A.;Grande;Claro;GO;APARECIDA DE GOIÂNIA;SMP
08/01/2022;17:37;Reclamação;Internet;Velocidade de internet móvel abaixo;Respondida;SMP;TELEFONICA BRASIL S.A.;Grande;Vivo;RO;RO - INTERIOR;SMP
12/10/2023;12:53;Reclamação;Cobrança;Cobrança indevida / surpresa na fatura;Respondida;SMP;TELEFONICA BRASIL S.A.;Grande;Vivo;PR;MARINGÁ;SMP
15/01/2023;10:44;Reclamação;Cobrança;Cobrança indevida / surpresa na fatura;Respondida;SMP;TELEFONICA BRASIL S.A.;Grande;Vivo;SP;SANTOS;SMP
07/10/2022;11:39;Reclamação;Internet;Velocidade de internet móvel abaixo;Respondida;SMP;TIM S.A.;Grande;TIM;RJ;NITERÓI;SMP
20/01/2022;07:01;Reclamação;Portabilidade;Portabilidade numérica não efetivada;Respondida;SMP;OI S.A.;Grande;Oi;MG;BELO HORIZONTE;SMP
17/09/2022;11:37;Reclamação;Cobrança;Cobrança indevida / surpresa na fatura;Respondida;SMP;OI S.A.;Grande;Oi;DF;BRASÍLIA;SMP
15/12/2022;14:19;Reclamação;Internet;Velocidade de internet móvel abaixo;Respondida;SMP;OI S.A.;Grande;Oi;SP;SANTOS;SMP
16/09/2023;09:10;Reclamação;Atendimento;Atendimento ao cliente;Respondida;SMP;TIM S.A.;Grande;TIM;RS;CANOAS;SMP
25/04/2023;08:47;Reclamação;Internet;Velocidade de internet móvel abaixo;Pendente;SMP;NET SERVIÇOS DE COMUNICAÇÃO S.A.;Grande;Claro;RS;PORTO ALEGRE;SMP
14/09/2022;17:47;Reclamação;Internet;Velocidade de internet móvel abaixo;Respondida;SMP;TIM S.A.;Grande;TIM;PE;PETROLINA;SMP
22/03/2023;08:19;Reclamação;Portabilidade;Portabilidade numérica não efetivada;Respondida;SMP;TIM S.A.;Grande;TIM;MA;SÃO LUÍS;SMP
02/09/2022;22:28;Reclamação;Atendimento;Atendimento ao cliente;Respondida;SMP;CLARO S.A.;Grande;Claro;SP;CAMPINAS;SMP
08/02/2022;08:57;Reclamação;Qualidade;Queda de sinal / cobertura inadequada;Pendente;SMP;TIM S.A.;Grande;TIM;PR;LONDRINA;SMP
01/06/2022;08:04;Reclamação;Qualidade;Queda de sinal / cobertura inadequada;Respondida;SMP;CLARO S.A.;Grande;Claro;RJ;NOVA IGUAÇU;SMP
30/06/2023;12:09;Reclamação;Internet;Velocidade de internet móvel abaixo;Respondida;SMP;OI S.A.;Grande;Oi;DF;TAGUATINGA;SMP
21/06/2022;18:14;Reclamação;Cobrança;Cobrança indevida / surpresa na fatura;Pendente;SMP;TELEFONICA BRASIL S.A.;Grande;Vivo;MG;UBERLÂNDIA;SMP
09/08/2022;12:46;Reclamação;Portabilidade;Portabilidade numérica não efetivada;Respondida;SMP;NET SERVIÇOS DE COMUNICAÇÃO S.A.;Grande;Claro;BA;VITÓRIA DA CONQUISTA;SMP
15/11/2023;13:21;Reclamação;Portabilidade;Portabilidade numérica não efetivada;Respondida;SMP;TELEFONICA BRASIL S.A.;Grande;Vivo;SC;SC - INTERIOR;SMP
03/11/2022;14:05;Reclamação;Internet;Velocidade de internet móvel abaixo;Respondida;SMP;TELEFONICA BRASIL S.A.;Grande;Vivo;CE;FORTALEZA;SMP
15/12/2022;14:26;Reclamação;Qualidade;Queda de sinal / cobertura inadequada;Pendente;SMP;EMBRATEL S.A.;Grande;Claro;MA;TIMON;SMP
18/01/2022;12:42;Reclamação;Internet;Velocidade de internet móvel abaixo;Pendente;SMP; ;Grande;Oi;PR;PONTA GROSSA;SMP
02/02/2023;19:50;Reclamação;Qualidade;Queda de sinal / cobertura inadequada;Pendente;SMP;OI S.A.;Grande;Oi;SP;CAMPINAS;SMP
24/03/2023;07:20;Reclamação;Qualidade;Queda de sinal / cobertura inadequada;Respondida;SMP;CLARO S.A.;Grande;Claro;MA;SÃO LUÍS;SMP
31/07/2023;13:38;Reclamação;N/A;Atendimento ao cliente;Respondida;SMP;CLARO S.A.;Grande;Claro;SP;SÃO PAULO;SMP
02/02/2022;19:17;Reclamação;Portabilidade;Portabilidade numérica não efetivada;Respondida;SMP;CLARO S.A.;Grande;Claro;ES;CARIACICA;SMP
05/03/2023;22:21;Reclamação;Qualidade;Queda de sinal / cobertura inadequada;Respondida;SMP;OI S.A.;Grande;Oi;SC;SC - INTERIOR;SMP
26/05/2022;07:23;Reclamação;Cobrança;Cobrança indevida / surpresa na fatura;Respondida;SMP;TIM S.A.;Grande;TIM;MG;UBERLÂNDIA;SMP
12/09/2023;12:31;Reclamação;Qualidade;Queda de sinal / cobertura inadequada;Respondida;SMP;TIM S.A.;Grande;TIM;MA;TIMON;SMP
24/09/2022;10:25;Reclamação;Atendimento;Atendimento ao cliente;Em análise;SMP;CLARO S/A;Grande;Claro;MT;CUIABÁ;SMP
12/01/2022;19:20;Reclamação;Internet;Velocidade de internet móvel abaixo;Respondida;SMP;TIM S.A.;Grande;TIM;SP;SOROCABA;SMP
26/06/2023;22:28;Reclamação;Internet;Velocidade de internet móvel abaixo;Respondida;SMP;OI S.A.;Grande;Oi;RO;RO - INTERIOR;SMP
31/08/2022;08:30;Reclamação;Internet;Velocidade de internet móvel abaixo;Respondida;SMP;OI S.A.;Grande;Oi;SP;CAMPINAS;SMP
29/08/2023;08:38;Reclamação;Portabilidade;-;Em análise;SMP;-;Grande;TIM;RJ;DUQUE DE CAXIAS;SMP
08/09/2022;19:24;Reclamação;Qualidade;Queda de sinal / cobertura inadequada;Pendente;SMP;CLARO S/A;Grande;Claro;SP;CAMPINAS;SMP
27/08/2023;18:06;Reclamação;Qualidade;Queda de sinal / cobertura inadequada;Respondida;SMP;TIM S.A.;Grande;TIM;SP;SOROCABA;SMP
13/06/2023;13:41;Reclamação;Cobrança;Cobrança indevida / surpresa na fatura;Respondida;SMP;TIM S.A.;Grande;TIM;PE;OLINDA;SMP
14/07/2022;08:48;Reclamação;Cobrança;Cobrança indevida / surpresa na fatura;Pendente;SMP;TELEFONICA BRASIL S.A.;Grande;Vivo;BA;FEIRA DE SANTANA;SMP
13/05/2022;08:11;Reclamação;Internet;Velocidade de internet móvel abaixo;Respondida;SMP;OI S.A.;Grande;Oi;SP;GUARULHOS;SMP
27/01/2023;13:25;Reclamação;Internet;Velocidade de internet móvel abaixo;Respondida;SMP;CLARO S.A.;Grande;Claro;RJ;NOVA IGUAÇU;SMP
26/12/2022;17:39;Reclamação;Internet;Velocidade de internet móvel abaixo;Em análise;SMP;CLARO S.A.;Grande;Claro;PR;LONDRINA;SMP
11/09/2023;18:31;Reclamação;Qualidade;Queda de sinal / cobertura inadequada;Pendente;SMP;CLARO S.A.;Grande;Claro;CE;CAUCAIA;SMP
18/12/2023;21:27;Reclamação;Portabilidade;Portabilidade numérica não efetivada;Respondida;SMP;TELEFONICA BRASIL S.A.;Grande;Vivo;SP;SÃO PAULO;SMP
18/12/2023;11:09;Reclamação; ;Atendimento ao cliente;Respondida;SMP;EMBRATEL S.A.;Grande;Claro;TO;TO - INTERIOR;SMP
25/05/2022;09:00;Reclamação;Outros;Outros;Pendente;SMP;CLARO S.A.;Grande;Claro;MG;BELO HORIZONTE;SMP
01/10/2022;16:01;Reclamação;Cobrança;Cobrança indevida / surpresa na fatura;Respondida;SMP;TIM S.A.;Grande;TIM;RS;PELOTAS;SMP
12/11/2023;12:29;Reclamação;Qualidade;Queda de sinal / cobertura inadequada;Respondida;SMP;OI S.A.;Grande;Oi;PA;ANANINDEUA;SMP
03/04/2022;11:05;Reclamação;Internet;Velocidade de internet móvel abaixo;Respondida;SMP;TELEFONICA BRASIL S.A.;Grande;Vivo;ES;VILA VELHA;SMP
30/10/2023;08:25;Reclamação;NÃO INFORMADO;Cobrança indevida / surpresa na fatura;Respondida;SMP;CLARO S.A.;Grande;Claro;PE;CARUARU;SMP
09/12/2022;14:12;Reclamação;Portabilidade;Portabilidade numérica não efetivada;Respondida;SMP;TELEFONICA BRASIL S.A.;Grande;Vivo;MS;TRÊS LAGOAS;SMP
08/05/2023;20:05;Reclamação;Qualidade;Queda de sinal / cobertura inadequada;Respondida;SMP;OI S.A.;Grande;Oi;SP;SOROCABA;SMP
06/03/2023;17:01;Reclamação;Qualidade;Queda de sinal / cobertura inadequada;Respondida;SMP;TIM S.A.;Grande;TIM;RJ;RIO DE JANEIRO;SMP
31/05/2022;12:15;Reclamação;Internet;Velocidade de internet móvel abaixo;Respondida;SMP;TELEFONICA BRASIL S.A.;Grande;Vivo;RJ;RIO DE JANEIRO;SMP
22/02/2022;19:20;Reclamação;Qualidade;Queda de sinal / cobertura inadequada;Respondida;SMP;CLARO S/A;Grande;Claro;SP;CAMPINAS;SMP
28/10/2022;14:16;Reclamação;Atendimento;Atendimento ao cliente;Respondida;SMP;CLARO S.A.;Grande;Claro;SP;GUARULHOS;SMP
20/08/2022;13:10;Reclamação;Internet;Velocidade de internet móvel abaixo;Respondida;SMP;TIM S.A.;Grande;TIM;RO;RO - INTERIOR;SMP
31/01/2022;10:13;Reclamação;Cobrança;Cobrança indevida / surpresa na fatura;Respondida;SMP;CLARO S.A.;Grande;Claro;SP;CAMPINAS;SMP
21/09/2023;13:34;Reclamação;Cobrança;Cobrança indevida / surpresa na fatura;Respondida;SMP;TIM S.A.;Grande;TIM;AL;AL - INTERIOR;SMP
08/12/2023;19:03;Reclamação;Atendimento;Atendimento ao cliente;Respondida;SMP;TELEFONICA BRASIL S.A.;Grande;Vivo;ES;VITÓRIA;SMP
02/04/2022;07:29;Reclamação;Cobrança;Cobrança indevida / surpresa na fatura;Pendente;SMP;OI S.A.;Grande;Oi;RS;PORTO ALEGRE;SMP
20/12/2023;16:35;Reclamação;Cobrança;Cobrança indevida / surpresa na fatura;Pendente;SMP;NÃO INFORMADO;Grande;Vivo;SC;SC - INTERIOR;SMP
17/10/2022;14:13;Reclamação;Cobrança;Cobrança indevida / surpresa na fatura;Respondida;SMP;CLARO S.A.;Grande;Claro;MG;JUIZ DE FORA;SMP
07/08/2022;22:49;Reclamação;Cobrança;Cobrança indevida / surpresa na fatura;Respondida;SMP;TELEFONICA BRASIL S.A.;Grande;Vivo;RS;PORTO ALEGRE;SMP
10/05/2023;22:34;Reclamação;Cobrança;Cobrança indevida / surpresa na fatura;Respondida;SMP;CLARO S/A;Grande;Claro;RO;RO - INTERIOR;SMP
07/07/2022;15:53;Reclamação;Portabilidade;Portabilidade numérica não efetivada;Respondida;SMP;CLARO S.A.;Grande;N/A;PE;CARUARU;SMP
21/08/2022;08:47;Reclamação;Atendimento;Atendimento ao cliente;Pendente;SMP;TELEFONICA BRASIL S.A.;Grande;Vivo;RJ;RIO DE JANEIRO;SMP
08/08/2023;07:40;Reclamação;Cobrança;Cobrança indevida / surpresa na fatura;Pendente;SMP;TIM S.A.;Grande;TIM;GO;ANÁPOLIS;SMP
09/12/2023;11:25;Reclamação;Portabilidade;Portabilidade numérica não efetivada;Respondida;SMP;TELEFONICA BRASIL S.A.;Grande;Vivo;RJ;NOVA IGUAÇU;SMP
03/10/2022;17:54;Reclamação;Cobrança;Cobrança indevida / surpresa na fatura;Respondida;SMP;TELEFONICA BRASIL S.A.;Grande;Vivo;SP;SANTOS;SMP
09/04/2023;10:22;Reclamação;Cobrança;Cobrança indevida / surpresa na fatura;Respondida;SMP;TELEFONICA BRASIL S.A.;Grande;Vivo;RJ;NITERÓI;SMP
09/06/2023;16:55;Reclamação;Outros;Outros;Respondida;SMP;OI S.A.;Grande;Oi;GO;GOIÂNIA;SMP
02/03/2022;16:33;Reclamação;Internet;Velocidade de internet móvel abaixo;Pendente;SMP;CLARO S.A.;Grande;Claro;SP;SÃO PAULO;SMP
04/03/2023;20:41;Reclamação;Cobrança;Cobrança indevida / surpresa na fatura;Respondida;SMP;CLARO S.A.;Grande;Claro;GO;GOIÂNIA;SMP
26/01/2022;07:39;Reclamação;Outros;Outros;Respondida;SMP;TIM S.A.;Grande;TIM;AP;AP - INTERIOR;SMP
06/02/2022;15:49;Reclamação;Qualidade;Queda de sinal / cobertura inadequada;Respondida;SMP;TELEFONICA BRASIL S.A.;Grande;Vivo;MG;CONTAGEM;SMP
24/01/2022;14:45;Reclamação;Cobrança;Cobrança indevida / surpresa na fatura;Respondida;SMP;TELEFONICA BRASIL S.A.;Grande;Vivo;GO;GOIÂNIA;SMP
24/01/2023;12:09;Reclamação;Cobrança;Cobrança indevida / surpresa na fatura;Respondida;SMP;CLARO S.A.;Grande;Claro;SP;GUARULHOS;SMP
19/02/2023;15:02;Reclamação;Internet;Velocidade de internet móvel abaixo;Respondida;SMP;OI S.A.;Grande;Oi;MS;DOURADOS;SMP
23/08/2022;14:42;Reclamação;Cobrança;Cobrança indevida / surpresa na fatura;Respondida;SMP;TIM S.A.;Grande;TIM;BA;FEIRA DE SANTANA;SMP
29/05/2022;07:29;Reclamação;Cobrança;Cobrança indevida / surpresa na fatura;Respondida;SMP;CLARO S/A;Grande;Claro;RJ;NITERÓI;SMP
09/01/2022;15:12;Reclamação;Qualidade;Queda de sinal / cobertura inadequada;Respondida;SMP;OI S.A.;Grande;Oi;RO;RO - INTERIOR;SMP
11/08/2022;20:36;Reclamação;Cobrança;Cobrança indevida / surpresa na fatura;Pendente;SMP;TELEFONICA BRASIL S.A.;Grande;Vivo;SP;SÃO PAULO;SMP
18/11/2022;09:43;Reclamação;Internet;Velocidade de internet móvel abaixo;Respondida;SMP;TELEFONICA BRASIL S.A.;Grande;Vivo;MT;SINOP;SMP
07/08/2022;08:53;Reclamação;Outros;Outros;Respondida;SMP;CLARO S.A.;Grande;Claro;SP;SANTOS;SMP
04/09/2023;22:59;Reclamação;Qualidade;Queda de sinal / cobertura inadequada;Pendente;SMP;TELEFONICA BRASIL S.A.;Grande;Vivo;DF;BRASÍLIA;SMP
21/06/2022;09:45;Reclamação;Cobrança;Cobrança indevida / surpresa na fatura;Respondida;SMP;TELEFONICA BRASIL S.A.;Grande;Vivo;SP;SÃO PAULO;SMP
13/12/2023;10:37;Reclamação;Qualidade;Queda de sinal / cobertura inadequada;Respondida;SMP;CLARO S.A.;Grande;Claro;SP;SOROCABA;SMP
24/04/2023;15:56;Reclamação;Cobrança; ;Respondida;SMP;OI S.A.;Grande;Oi;MS;DOURADOS;SMP
14/02/2023;22:35;Reclamação;Cobrança;Cobrança indevida / surpresa na fatura;Pendente;SMP;TIM S.A.;Grande;TIM;PR;PONTA GROSSA;SMP
09/01/2023;16:32;Reclamação;-;Queda de sinal / cobertura inadequada;Respondida;SMP;CLARO S.A.;Grande;Claro;BA;SALVADOR;SMP
10/07/2023;21:11;Reclamação;Atendimento;Atendimento ao cliente;Em análise;SMP;TELEFONICA BRASIL S.A.;Grande;Vivo;SP;SOROCABA;SMP
01/10/2023;08:06;Reclamação;Internet;Velocidade de internet móvel abaixo;Respondida;SMP;CLARO S/A;Grande;Claro;RJ;NOVA IGUAÇU;SMP
27/05/2022;21:52;Reclamação;Cobrança;Cobrança indevida / surpresa na fatura;Respondida;SMP;TIM S.A.;Grande;TIM;MG;BELO HORIZONTE;SMP
11/12/2023;16:44;Reclamação;Portabilidade;Portabilidade numérica não efetivada;Pendente;SMP;TIM S.A.;Grande;TIM;SP;CAMPINAS;SMP
03/12/2022;19:27;Reclamação;Qualidade;Queda de sinal / cobertura inadequada;Respondida;SMP;NET SERVIÇOS DE COMUNICAÇÃO S.A.;Grande;Claro;MA;IMPERATRIZ;SMP
03/08/2023;08:45;Reclamação;Atendimento;Atendimento ao cliente;Pendente;SMP;CLARO S.A.;Grande;Claro;AM;MANAUS;SMP
19/05/2022;16:48;Reclamação;Internet;Velocidade de internet móvel abaixo;Respondida;SMP;NET SERVIÇOS DE COMUNICAÇÃO S.A.;Grande;Claro;BA;FEIRA DE SANTANA;SMP
03/04/2023;20:12;Reclamação;Cobrança;Cobrança indevida / surpresa na fatura;Pendente;SMP;TELEFONICA BRASIL S.A.;Grande;Vivo;PB;PB - INTERIOR;SMP
02/01/2023;11:26;Reclamação;Cobrança;Cobrança indevida / surpresa na fatura;Pendente;SMP;TIM S.A.;Grande;TIM;PI;PI - INTERIOR;SMP
09/06/2023;10:55;Reclamação;Cobrança;Cobrança indevida / surpresa na fatura;Em análise;SMP;TELEFONICA BRASIL S.A.;Grande;Vivo;RS;CANOAS;SMP
30/01/2022;18:13;Reclamação;Cobrança;Cobrança indevida / surpresa na fatura;Respondida;SMP;TELEFONICA BRASIL S.A.;Grande;Vivo;SE;SE - INTERIOR;SMP
15/04/2022;18:07;Reclamação;Portabilidade;Portabilidade numérica não efetivada;Pendente;SMP;CLARO S.A.;Grande;Claro;MT;CUIABÁ;SMP
11/12/2023;19:40;Reclamação;Cobrança;Cobrança indevida / surpresa na fatura;Respondida;SMP;TIM S.A.;Grande;TIM;PR;PONTA GROSSA;SMP
08/12/2023;08:06;Reclamação;Portabilidade;Portabilidade numérica não efetivada;Respondida;SMP;CLARO S.A.;Grande;Claro;AM;PARINTINS;SMP
31/01/2022;11:52;Reclamação;Internet;Velocidade de internet móvel abaixo;Em análise;SMP;CLARO S.A.;Grande;Claro;CE;CAUCAIA;SMP
14/04/2022;10:23;Reclamação;Portabilidade;Portabilidade numérica não efetivada;Respondida;SMP;TIM S.A.;Grande;TIM;RS;PELOTAS;SMP
11/08/2023;20:44;Reclamação;Internet;Velocidade de internet móvel abaixo;Respondida;SMP;NET SERVIÇOS DE COMUNICAÇÃO S.A.;Grande;Claro;SP;SANTOS;SMP
21/12/2023;22:05;Reclamação;Cobrança;Cobrança indevida / surpresa na fatura;Respondida;SMP;CLARO S.A.;Grande;Claro;SP;SÃO PAULO;SMP
17/01/2023;07:54;Reclamação;Cobrança;Cobrança indevida / surpresa na fatura;Em análise;SMP;CLARO S.A.;Grande;Claro;PR;LONDRINA;SMP
28/01/2023;15:38;Reclamação;Cobrança;Cobrança indevida / surpresa na fatura;Respondida;SMP;NET SERVIÇOS DE COMUNICAÇÃO S.A.;Grande;Claro;SP;SÃO PAULO;SMP
13/04/2023;20:49;Reclamação;Atendimento;Atendimento ao cliente;Respondida;SMP;TIM S.A.;Grande;TIM;SP;SÃO PAULO;SMP
17/05/2023;09:51;Reclamação;Cobrança;Cobrança indevida / surpresa na fatura;Respondida;SMP;SERCOMTEL S.A. - TELECOMUNICAÇÕES;Pequeno;Sercomtel;CE;CAUCAIA;SMP
04/06/2022;10:31;Reclamação;Portabilidade;Portabilidade numérica não efetivada;Respondida;SMP;CLARO S.A.;Grande;Claro;PI;PI - INTERIOR;SMP
27/11/2023;10:03;Reclamação;Atendimento;Atendimento ao cliente;Pendente;SMP;CLARO S.A.;Grande;Claro;SP;CAMPINAS;SMP
15/11/2023;16:43;Reclamação;Cobrança;Cobrança indevida / surpresa na fatura;Respondida;SMP;OI S.A.;Grande;Oi;PA;ANANINDEUA;SMP
27/04/2022;08:48;Reclamação;Cobrança;Cobrança indevida / surpresa na fatura;Respondida;SMP;TELEFONICA BRASIL S.A.;Grande;Vivo;GO;ANÁPOLIS;SMP
21/02/2022;10:25;Reclamação;Portabilidade;Portabilidade numérica não efetivada;Respondida;SMP;TIM S.A.;Grande;TIM;DF;TAGUATINGA;SMP
11/02/2022;21:35;Reclamação;Outros;Outros;Respondida;SMP;CLARO S.A.;Grande;Claro;RN;RN - INTERIOR;SMP
11/09/2022;20:10;Reclamação;Portabilidade;Portabilidade numérica não efetivada;Respondida;SMP;CLARO S.A.;Grande;Claro;RO;RO - INTERIOR;SMP
25/07/2022;19:55;Reclamação;Qualidade;Queda de sinal / cobertura inadequada;Respondida;SMP;NÃO INFORMADO;Grande;Oi;RS;CAXIAS DO SUL;SMP
12/02/2023;18:28;Reclamação;Atendimento;Atendimento ao cliente;Em análise;SMP;OI S.A.;Grande;Oi;MA;TIMON;SMP
19/09/2023;09:43;Reclamação;Atendimento;Atendimento ao cliente;Respondida;SMP;CLARO S.A.;Grande;Claro;MG;BELO HORIZONTE;SMP
16/09/2023;13:31;Reclamação;Qualidade;Queda de sinal / cobertura inadequada;Respondida;SMP;CLARO S.A.;Grande;Claro;PR;MARINGÁ;SMP
21/06/2022;12:30;Reclamação;Outros;Outros;Pendente;SMP;CLARO S.A.;Grande;Claro;PI;PI - INTERIOR;SMP
02/10/2022;09:31;Reclamação;Cobrança;Cobrança indevida / surpresa na fatura;Pendente;SMP;CLARO S/A;Grande;Claro;RJ;DUQUE DE CAXIAS;SMP
12/05/2022;17:56;Reclamação;Portabilidade;Portabilidade numérica não efetivada;Respondida;SMP;OI S.A.;Grande;Oi;SP;GUARULHOS;SMP
04/02/2022;16:34;Reclamação;Portabilidade;Portabilidade numérica não efetivada;Respondida;SMP;OI S.A.;Grande;Oi;TO;TO - INTERIOR;SMP
03/04/2023;20:00;Reclamação;Outros;Outros;Respondida;SMP;TIM S.A.;Grande;TIM;BA;FEIRA DE SANTANA;SMP
23/04/2022;13:49;Reclamação;-;NÃO INFORMADO;Respondida;SMP;TELEFONICA BRASIL S.A.;Grande;Vivo;RN;RN - INTERIOR;SMP
28/11/2022;16:53;Reclamação;Qualidade;Queda de sinal / cobertura inadequada;Respondida;SMP;OI S.A.;Grande;Oi;DF;TAGUATINGA;SMP
14/12/2022;07:08;Reclamação;Qualidade;Queda de sinal / cobertura inadequada;Respondida;SMP;TELEFONICA BRASIL S.A.;Grande;Vivo;MG;CONTAGEM;SMP
03/08/2022;11:41;Reclamação;Cobrança;Cobrança indevida / surpresa na fatura;Respondida;SMP;TELEFONICA BRASIL S.A.;Grande;Vivo;SP;CAMPINAS;SMP
21/02/2022;15:30;Reclamação;Qualidade;Queda de sinal / cobertura inadequada;Respondida;SMP;TIM S.A.;Grande;TIM;MA;SÃO LUÍS;SMP
16/01/2023;09:02;Reclamação;Internet;Velocidade de internet móvel abaixo;Respondida;SMP;TELEFONICA BRASIL S.A.;Grande;Vivo;GO;GOIÂNIA;SMP
21/02/2022;15:52;Reclamação;Internet;Velocidade de internet móvel abaixo;Respondida;SMP;TELEFONICA BRASIL S.A.;Grande;Vivo;AL;AL - INTERIOR;SMP
15/03/2023;13:47;Reclamação;Qualidade;Queda de sinal / cobertura inadequada;Respondida;SMP;CLARO S.A.;Grande;Claro;PA;ANANINDEUA;SMP
03/05/2023;09:45;Reclamação;Internet;Velocidade de internet móvel abaixo;Respondida;SMP;CLARO S.A.;Grande;Claro;RO;RO - INTERIOR;SMP
01/04/2023;18:02;Reclamação;Qualidade;Queda de sinal / cobertura inadequada;Respondida;SMP;CLARO S.A.;Grande;Claro;PA;ANANINDEUA;SMP
11/12/2023;11:18;Reclamação;Cobrança;Cobrança indevida / surpresa na fatura;Respondida;SMP;TIM S.A.;Grande;TIM;SP;GUARULHOS;SMP
06/06/2023;21:06;Reclamação;Atendimento;Atendimento ao cliente;Respondida;SMP;NET SERVIÇOS DE COMUNICAÇÃO S.A.;Grande;Claro;PA;MARABÁ;SMP
21/07/2023;10:46;Reclamação;Cobrança;Cobrança indevida / surpresa na fatura;Respondida;SMP;TELEFONICA BRASIL S.A.;Grande;Vivo;SC;SC - INTERIOR;SMP
09/11/2022;18:14;Reclamação;Portabilidade;Portabilidade numérica não efetivada;Pendente;SMP;TIM S.A.;Grande;TIM;PB;PB - INTERIOR;SMP
03/12/2022;18:20;Reclamação;Portabilidade;Portabilidade numérica não efetivada;Respondida;SMP;CLARO S/A;Grande;Claro;MT;VÁRZEA GRANDE;SMP
10/09/2023;13:36;Reclamação;Atendimento;Atendimento ao cliente;Pendente;SMP;TELEFONICA BRASIL S.A.;Grande;Vivo;MG;UBERLÂNDIA;SMP
02/09/2023;07:21;Reclamação;Qualidade;Queda de sinal / cobertura inadequada;Em análise;SMP;TIM S.A.;Grande;TIM;BA;SALVADOR;SMP
20/06/2023;09:17;Reclamação;Atendimento;Atendimento ao cliente;Respondida;SMP;CLARO S.A.;Grande;Claro;RS;PORTO ALEGRE;SMP
27/03/2023;09:29;Reclamação;Cobrança;Cobrança indevida / surpresa na fatura;Respondida;SMP;CLARO S.A.;Grande;Claro;PE;RECIFE;SMP
04/08/2023;09:33;Reclamação;Cobrança;Cobrança indevida / surpresa na fatura;Em análise;SMP;CLARO S.A.;Grande;Claro;PI;PI - INTERIOR;SMP
15/10/2023;09:36;Reclamação;Portabilidade;Portabilidade numérica não efetivada;Respondida;SMP;Claro S.A.;Grande;Claro;RR;RR - INTERIOR;SMP
03/05/2022;19:23;Reclamação;Cobrança;Cobrança indevida / surpresa na fatura;Respondida;SMP;TIM S.A.;Grande;TIM;GO;ANÁPOLIS;SMP
29/08/2023;20:37;Reclamação;Cobrança;Cobrança indevida / surpresa na fatura;Respondida;SMP;OI S.A.;Grande;Oi;PE;RECIFE;SMP
11/04/2023;16:48;Reclamação;Portabilidade;Portabilidade numérica não efetivada;Respondida;SMP;TELEFONICA BRASIL S.A.;Grande;Vivo;SP;SANTOS;SMP
26/03/2022;07:06;Reclamação;Qualidade;Queda de sinal / cobertura inadequada;Respondida;SMP;CLARO S.A.;Grande;Claro;GO;GOIÂNIA;SMP
17/09/2023;18:28;Reclamação;Cobrança;Cobrança indevida / surpresa na fatura;Pendente;SMP;TELEFONICA BRASIL S.A.;Grande;Vivo;AM;PARINTINS;SMP
30/06/2022;09:12;Reclamação;Qualidade; ;Em análise;SMP;CLARO S.A.;Grande;Claro;GO;APARECIDA DE GOIÂNIA;SMP
19/05/2023;15:48;Reclamação;Atendimento;Atendimento ao cliente;Respondida;SMP;EMBRATEL S.A.;Grande;Claro;SP;CAMPINAS;SMP
20/09/2022;19:45;Reclamação;Qualidade;Queda de sinal / cobertura inadequada;Respondida;SMP;TELEFONICA BRASIL S.A.;Grande;Vivo;PA;ANANINDEUA;SMP
02/03/2023;15:14;Reclamação;Cobrança;Cobrança indevida / surpresa na fatura;Respondida;SMP;TIM S.A.; ;TIM;GO;GOIÂNIA;SMP
05/11/2023;14:50;Reclamação;Qualidade;Queda de sinal / cobertura inadequada;Em análise;SMP;CLARO S.A.;Grande;Claro;SP;SANTOS;SMP
20/08/2023;07:47;Reclamação;Outros;Outros;Respondida;SMP;EMBRATEL S.A.;Grande;Claro;GO;GOIÂNIA;SMP
06/09/2023;17:15;Reclamação;Internet;Velocidade de internet móvel abaixo;Respondida;SMP;CLARO S.A.;Grande;Claro;MT;VÁRZEA GRANDE;SMP
23/03/2023;09:23;Reclamação;Internet;Velocidade de internet móvel abaixo;Respondida;SMP;TIM S.A.;Grande;TIM;BA;VITÓRIA DA CONQUISTA;SMP
26/02/2022;17:55;Reclamação;N/A;Queda de sinal / cobertura inadequada;Respondida;SMP;CLARO S/A;Grande;Claro;SP;SOROCABA;SMP
21/12/2023;07:24;Reclamação;Cobrança;Cobrança indevida / surpresa na fatura;Respondida;SMP;TELEFONICA BRASIL S.A.;Grande;Vivo;SP;GUARULHOS;SMP
21/07/2023;20:21;Reclamação;Internet;Velocidade de internet móvel abaixo;Respondida;SMP;TIM S.A.;Grande;TIM;SC;SC - INTERIOR;SMP
18/01/2023;18:51;Reclamação;Cobrança;Cobrança indevida / surpresa na fatura;Respondida;SMP;NET SERVIÇOS DE COMUNICAÇÃO S.A.;Grande;Claro;SP;GUARULHOS;SMP
19/05/2022;15:37;Reclamação;Atendimento;Atendimento ao cliente;Respondida;SMP;EMBRATEL S.A.;Grande;Claro;RS;CANOAS;SMP
03/07/2022;11:51;Reclamação;Internet;Velocidade de internet móvel abaixo;Respondida;SMP;CLARO S.A.;Grande;Claro;RJ;RIO DE JANEIRO;SMP
28/06/2023;12:24;Reclamação;Internet;Velocidade de internet móvel abaixo;Respondida;SMP;TIM S.A.;Grande;TIM;SP;SANTOS;SMP
15/09/2023;18:11;Reclamação;Cobrança;Cobrança indevida / surpresa na fatura;Respondida;SMP;Claro S.A.;Grande;Claro;RJ;DUQUE DE CAXIAS;SMP
16/06/2023;20:44;Reclamação;Qualidade;Queda de sinal / cobertura inadequada;Respondida;SMP;TIM S.A.;Grande;TIM;RJ;RIO DE JANEIRO;SMP
22/02/2022;16:33;Reclamação;Qualidade;Queda de sinal / cobertura inadequada;Respondida;SMP;TELEFONICA BRASIL S.A.;Grande;Vivo;SP;SANTOS;SMP
29/07/2023;19:20;Reclamação;Atendimento;Atendimento ao cliente;Respondida;SMP;Telefonica Brasil S.A.;Grande;Vivo;ES;VITÓRIA;SMP
18/02/2023;20:42;Reclamação;Qualidade;Queda de sinal / cobertura inadequada;Respondida;SMP;NET SERVIÇOS DE COMUNICAÇÃO S.A.;Grande;Claro;SP;SANTOS;SMP
06/05/2023;21:45;Reclamação;Atendimento;Atendimento ao cliente;Pendente;SMP;OI S.A.;Grande;Oi;RR;RR - INTERIOR;SMP
16/02/2022;09:29;Reclamação;Cobrança;Cobrança indevida / surpresa na fatura;Pendente;SMP;CLARO S.A.;Grande;Claro;SP;SOROCABA;SMP
25/05/2022;09:59;Reclamação;Portabilidade;Portabilidade numérica não efetivada;Respondida;SMP;Claro S.A.;Grande;Claro;PA;BELÉM;SMP
22/01/2022;14:16;Reclamação;Portabilidade;Portabilidade numérica não efetivada;Em análise;SMP;EMBRATEL S.A.;Grande;Claro;PB;PB - INTERIOR;SMP
03/03/2022;13:31;Reclamação;Cobrança;Cobrança indevida / surpresa na fatura;Respondida;SMP;TIM S.A.;Grande;TIM;RN;RN - INTERIOR;SMP
04/01/2022;17:20;Reclamação;Qualidade;Queda de sinal / cobertura inadequada;Respondida;SMP;CLARO S.A.;Grande;Claro;PE;OLINDA;SMP
25/01/2023;18:35;Reclamação;Portabilidade;Portabilidade numérica não efetivada;Respondida;SMP;OI S.A.;Grande;Oi;SP;SOROCABA;SMP
29/04/2022;17:51;Reclamação;Internet;Velocidade de internet móvel abaixo;Respondida;SMP;TIM S.A.;Grande;TIM;PR;LONDRINA;SMP
05/02/2022;09:35;Reclamação;Portabilidade;Portabilidade numérica não efetivada;Respondida;SMP;TIM S.A.;Grande;TIM;SP;GUARULHOS;SMP
01/06/2022;15:05;Reclamação;Cobrança;Cobrança indevida / surpresa na fatura;Em análise;SMP;TIM S.A.;Grande;TIM;SP;SÃO PAULO;SMP
26/01/2023;22:23;Reclamação;Portabilidade;Portabilidade numérica não efetivada;Respondida;SMP;CLARO S.A.;Grande;Claro;PE;PETROLINA;SMP
04/04/2023;09:04;Reclamação;Portabilidade;Portabilidade numérica não efetivada;Respondida;SMP;CLARO S.A.;Grande;Claro;PR;PONTA GROSSA;SMP
05/06/2023;17:47;Reclamação;Cobrança;Cobrança indevida / surpresa na fatura;Respondida;SMP;CLARO S.A.;Grande;Claro;RJ;NITERÓI;SMP
14/07/2023;20:20;Reclamação;Portabilidade;Portabilidade numérica não efetivada;Pendente;SMP;TELEFONICA BRASIL S.A.;Grande;Vivo;GO;GOIÂNIA;SMP
03/07/2023;08:09;Reclamação;Cobrança;Cobrança indevida / surpresa na fatura;Respondida;SMP;CLARO S.A.;Grande;Claro;SP;SANTOS;SMP
12/03/2022;21:52;Reclamação;Portabilidade;Portabilidade numérica não efetivada;Respondida;SMP;TIM S.A.;Grande;TIM;SP;SANTOS;SMP
29/08/2023;09:08;Reclamação;Cobrança;Cobrança indevida / surpresa na fatura;Respondida;SMP;EMBRATEL S.A.;Grande;Claro;SP;SÃO PAULO;SMP
11/04/2023;20:44;Reclamação;Portabilidade;Portabilidade numérica não efetivada;Respondida;SMP;CLARO S.A.;Grande;Claro;PR;LONDRINA;SMP
12/02/2023;15:35;Reclamação;Qualidade;Queda de sinal / cobertura inadequada;Respondida;SMP;CLARO S.A.;Grande;Claro;SP;SANTOS;SMP
30/11/2022;15:09;Reclamação;Atendimento;Atendimento ao cliente;Respondida;SMP;CLARO S.A.;Grande;Claro;PR;MARINGÁ;SMP
09/12/2023;15:32;Reclamação;Atendimento;Atendimento ao cliente;Respondida;SMP;CLARO S/A;Grande;Claro;RJ;NITERÓI;SMP
29/06/2022;14:18;Reclamação;Qualidade;Queda de sinal / cobertura inadequada;Respondida;SMP;TIM S.A.;Grande;TIM;RO;RO - INTERIOR;SMP
12/12/2022;22:56;Reclamação;Portabilidade;Portabilidade numérica não efetivada;Respondida;SMP;CLARO S.A.;Grande;Claro;MG;BELO HORIZONTE;SMP
24/12/2023;21:41;Reclamação;Qualidade;Queda de sinal / cobertura inadequada;Respondida;SMP;CLARO S.A.;Grande;Claro;MT;CUIABÁ;SMP
08/06/2023;15:59;Reclamação; ;Velocidade de internet móvel abaixo;Respondida;SMP;CLARO S.A.;Grande;Claro;BA;FEIRA DE SANTANA;SMP
29/08/2022;22:57;Reclamação;Qualidade;Queda de sinal / cobertura inadequada;Respondida;SMP;OI S.A.;Grande;Oi;CE;FORTALEZA;SMP
01/06/2023;22:35;Reclamação;Portabilidade;Portabilidade numérica não efetivada;Respondida;SMP;NET SERVIÇOS DE COMUNICAÇÃO S.A.;Grande;Claro;RO;RO - INTERIOR;SMP
18/05/2023;17:50;Reclamação;Portabilidade;Portabilidade numérica não efetivada;Respondida;SMP;NET SERVIÇOS DE COMUNICAÇÃO S.A.;Grande;Claro;SP;GUARULHOS;SMP
12/12/2023;15:47;Reclamação;Qualidade;Queda de sinal / cobertura inadequada;Respondida;SMP;CLARO S.A.;Grande;Claro;SP;GUARULHOS;SMP
23/07/2022;15:16;Reclamação;Internet;Velocidade de internet móvel abaixo;Pendente;SMP;NET SERVIÇOS DE COMUNICAÇÃO S.A.;Grande;Claro;RJ;RIO DE JANEIRO;SMP
12/04/2023;17:26;Reclamação;Cobrança;Cobrança indevida / surpresa na fatura;Respondida;SMP;CLARO S.A.;Grande;Claro;SP;SANTOS;SMP
20/01/2022;08:41;Reclamação;Portabilidade;Portabilidade numérica não efetivada;Respondida;SMP;CLARO S.A.;Grande;Claro;PI;PI - INTERIOR;SMP
14/09/2023;07:03;Reclamação;Atendimento;Atendimento ao cliente;Em análise;SMP;Claro S.A.;Grande;Claro;MG;CONTAGEM;SMP
17/04/2023;16:40;Reclamação;Outros;Outros;Respondida;SMP;TELEFONICA BRASIL S.A.; ;Vivo;SP;SOROCABA;SMP
19/11/2022;08:43;Reclamação;Portabilidade;Portabilidade numérica não efetivada;Pendente;SMP;TELEFONICA BRASIL S.A.;Grande;Vivo;PR;CURITIBA;SMP
21/01/2022;07:04;Reclamação;Qualidade;Queda de sinal / cobertura inadequada;Respondida;SMP;SERCOMTEL S.A. - TELECOMUNICAÇÕES;Pequeno;Sercomtel;MS;DOURADOS;SMP
24/01/2023;12:06;Reclamação;Outros;Outros;Respondida;SMP;TELEFONICA BRASIL S.A.;Grande;Vivo;RS;PORTO ALEGRE;SMP
30/06/2023;15:45;Reclamação;Internet;Velocidade de internet móvel abaixo;Respondida;SMP;CLARO S.A.;Grande;Claro;PA;SANTARÉM;SMP
25/10/2022;20:02;Reclamação;Qualidade;Queda de sinal / cobertura inadequada;Respondida;SMP;TELEFONICA BRASIL S.A.;Grande;Vivo;SP;SÃO PAULO;SMP
27/07/2022;10:22;Reclamação;Internet;Velocidade de internet móvel abaixo;Pendente;SMP;CLARO S.A.;Grande;Claro;GO;APARECIDA DE GOIÂNIA;SMP
04/11/2023;10:21;Reclamação;Qualidade;Queda de sinal / cobertura inadequada;Em análise;SMP;TELEFONICA BRASIL S.A.;Grande;Vivo;MA;TIMON;SMP
15/12/2023;14:34;Reclamação;Qualidade;Queda de sinal / cobertura inadequada;Em análise;SMP;TIM S.A.;Grande;TIM;MG;CONTAGEM;SMP
03/02/2022;08:34;Reclamação;Atendimento;-;Respondida;SMP;NET SERVIÇOS DE COMUNICAÇÃO S.A.;Grande; ;RS;PELOTAS;SMP
15/12/2022;22:57;Reclamação;Cobrança;Cobrança indevida / surpresa na fatura;Respondida;SMP;TELEFONICA BRASIL S.A.;Grande;Vivo;RJ;NITERÓI;SMP
25/02/2023;12:26;Reclamação;Cobrança;Cobrança indevida / surpresa na fatura;Em análise;SMP;Telefonica Brasil S.A.;Grande;Vivo;SP;SANTOS;SMP
17/12/2022;20:06;Reclamação;Portabilidade;Portabilidade numérica não efetivada;Respondida;SMP;EMBRATEL S.A.;Grande;Claro;SP;GUARULHOS;SMP
08/09/2023;22:48;Reclamação;Cobrança;Cobrança indevida / surpresa na fatura;Pendente;SMP;TELEFONICA BRASIL S.A.;Grande;Vivo;MG;JUIZ DE FORA;SMP
05/12/2022;12:26;Reclamação;Cobrança;Cobrança indevida / surpresa na fatura;Respondida;SMP;CLARO S.A.;Grande;Claro;SC;SC - INTERIOR;SMP
24/11/2023;13:15;Reclamação;Cobrança;Cobrança indevida / surpresa na fatura;Pendente;SMP;CLARO S.A.;Grande;Claro;MG;BELO HORIZONTE;SMP
05/04/2022;12:37;Reclamação;NÃO INFORMADO;Atendimento ao cliente;Respondida;SMP;CLARO S.A.;Grande;Claro;PR;PONTA GROSSA;SMP
14/08/2023;12:49;Reclamação;Cobrança;Cobrança indevida / surpresa na fatura;Em análise;SMP;TELEFONICA BRASIL S.A.;Grande;Vivo;MG;CONTAGEM;SMP
06/09/2023;09:51;Reclamação;Cobrança;Cobrança indevida / surpresa na fatura;Respondida;SMP;Net Serviços De Comunicação S.A.;Grande;Claro;AM;ITACOATIARA;SMP
01/01/2023;08:48;Reclamação;N/A;Atendimento ao cliente;Respondida;SMP;CLARO S.A.;Grande;NÃO INFORMADO;RJ;NITERÓI;SMP
13/08/2022;11:22;Reclamação;Cobrança;Cobrança indevida / surpresa na fatura;Respondida;SMP;NET SERVIÇOS DE COMUNICAÇÃO S.A.;Grande;Claro;SP;CAMPINAS;SMP
06/01/2022;09:34;Reclamação;Qualidade;Queda de sinal / cobertura inadequada;Respondida;SMP;TELEFONICA BRASIL S.A.;Grande;Vivo;PR;LONDRINA;SMP
27/02/2022;15:02;Reclamação;Cobrança;Cobrança indevida / surpresa na fatura;Respondida;SMP;CLARO S.A.;Grande;Claro;BA;VITÓRIA DA CONQUISTA;SMP
03/07/2023;12:40;Reclamação;Cobrança;Cobrança indevida / surpresa na fatura;Respondida;SMP;CLARO S.A.;Grande;Claro;BA;SALVADOR;SMP
10/08/2023;11:50;Reclamação;Qualidade;Queda de sinal / cobertura inadequada;Pendente;SMP;EMBRATEL S.A.;Grande;Claro;PE;OLINDA;SMP
07/10/2023;08:15;Reclamação;Cobrança;Cobrança indevida / surpresa na fatura;Respondida;SMP;CLARO S.A.;Grande;Claro;PE;OLINDA;SMP
05/06/2022;08:05;Reclamação;Portabilidade;Portabilidade numérica não efetivada;Respondida;SMP;TIM S.A.;Grande;TIM;RS;CAXIAS DO SUL;SMP
28/09/2023;17:11;Reclamação;Portabilidade;Portabilidade numérica não efetivada;Pendente;SMP;CLARO S.A.;Grande;Claro;PE;CARUARU;SMP
23/06/2023;20:37;Reclamação;Cobrança;Cobrança indevida / surpresa na fatura;Respondida;SMP;CLARO S.A.;Grande;Claro;MS;DOURADOS;SMP
09/08/2022;14:05;Reclamação;Qualidade;Queda de sinal / cobertura inadequada;Respondida;SMP;OI S.A.;Grande;Oi;SP;CAMPINAS;SMP
04/03/2022;09:13;Reclamação;Cobrança;Cobrança indevida / surpresa na fatura;Pendente;SMP;TIM S.A.;Grande;TIM;SP;GUARULHOS;SMP
02/09/2023;17:07;Reclamação;Portabilidade;Portabilidade numérica não efetivada;Respondida;SMP;EMBRATEL S.A.;Grande;Claro;RJ;NITERÓI;SMP
14/12/2022;10:34;Reclamação;Outros;Outros;Respondida;SMP;CLARO S.A.;Grande;Claro;RJ;NOVA IGUAÇU;SMP
16/05/2023;22:36;Reclamação;Qualidade;Queda de sinal / cobertura inadequada;Respondida;SMP;OI S.A.;Grande;Oi;SP;SANTOS;SMP
18/10/2023;08:02;Reclamação;Cobrança;Cobrança indevida / surpresa na fatura;Respondida;SMP;TELEFONICA BRASIL S.A.;Grande;Vivo;SP;CAMPINAS;SMP
04/07/2023;20:30;Reclamação;Cobrança;Cobrança indevida / surpresa na fatura;Em análise;SMP;TIM S.A.;Grande;TIM;RS;CAXIAS DO SUL;SMP
28/12/2023;13:32;Reclamação;Internet;Velocidade de internet móvel abaixo;Respondida;SMP;TELEFONICA BRASIL S.A.;Grande;Vivo;PR;CURITIBA;SMP
01/10/2022;14:16;Reclamação;Qualidade;Queda de sinal / cobertura inadequada;Respondida;SMP;NET SERVIÇOS DE COMUNICAÇÃO S.A.;NÃO INFORMADO;Claro;SP;GUARULHOS;SMP
08/05/2023;15:38;Reclamação;Qualidade;Queda de sinal / cobertura inadequada;Respondida;SMP;CLARO S.A.;Grande;Claro;GO;APARECIDA DE GOIÂNIA;SMP
28/06/2022;17:04;Reclamação;Cobrança;Cobrança indevida / surpresa na fatura;Pendente;SMP;CLARO S/A;Grande;Claro;SP;CAMPINAS;SMP
02/07/2023;11:23;Reclamação;Qualidade;Queda de sinal / cobertura inadequada;Pendente;SMP;TELEFONICA BRASIL S.A.;Grande;Vivo;SP;SOROCABA;SMP
16/11/2023;13:07;Reclamação;Outros;Outros;Respondida;SMP;CLARO S.A.;Grande;Claro;SP;SOROCABA;SMP
31/03/2023;21:37;Reclamação;Cobrança;Cobrança indevida / surpresa na fatura;Respondida;SMP;CLARO S.A.;Grande;Claro;RJ;NOVA IGUAÇU;SMP
01/10/2023;08:14;Reclamação;Qualidade;Queda de sinal / cobertura inadequada;Respondida;SMP;OI S.A.;Grande;Oi;SP;SÃO PAULO;SMP
01/03/2022;17:25;Reclamação;Cobrança;Cobrança indevida / surpresa na fatura;Respondida;SMP;CLARO S/A;Grande;Claro;RN;RN - INTERIOR;SMP
26/04/2023;22:12;Reclamação;Atendimento;Atendimento ao cliente;Respondida;SMP;CLARO S.A.;Grande;Claro;RJ;DUQUE DE CAXIAS;SMP
03/07/2022;17:48;Reclamação;Portabilidade;Portabilidade numérica não efetivada;Pendente;SMP;TELEFONICA BRASIL S.A.;Grande;Vivo;GO;GOIÂNIA;SMP
01/08/2023;16:43;Reclamação;Qualidade;Queda de sinal / cobertura inadequada;Respondida;SMP;OI S.A.;Grande;Oi;BA;SALVADOR;SMP
04/04/2023;09:00;Reclamação;Portabilidade;Portabilidade numérica não efetivada;Respondida;SMP;CLARO S.A.;Grande;Claro;RJ;NOVA IGUAÇU;SMP
09/03/2022;09:57;Reclamação;Atendimento;Atendimento ao cliente;Respondida;SMP;TELEFONICA BRASIL S.A.;Grande;Vivo;PR;LONDRINA;SMP
08/06/2022;07:20;Reclamação;Qualidade;Queda de sinal / cobertura inadequada;Respondida;SMP;CLARO S.A.;NÃO INFORMADO;Claro;SC;SC - INTERIOR;SMP
24/11/2023;20:13;Reclamação;Internet;Velocidade de internet móvel abaixo;Em análise;SMP;TELEFONICA BRASIL S.A.;Grande;Vivo;SP;SANTOS;SMP
21/01/2023;19:14;Reclamação;Internet;Velocidade de internet móvel abaixo;Pendente;SMP;CLARO S.A.;Grande;Claro;RJ;NOVA IGUAÇU;SMP
19/01/2022;21:38;Reclamação;Qualidade;Queda de sinal / cobertura inadequada;Respondida;SMP;OI S.A.;Grande;Oi;SP;GUARULHOS;SMP
20/10/2022;09:56;Reclamação;Internet;Velocidade de internet móvel abaixo;Respondida;SMP;CLARO S.A.;Grande;Claro;RJ;NOVA IGUAÇU;SMP
10/01/2023;20:32;Reclamação;Internet;Velocidade de internet móvel abaixo;Respondida;SMP;TELEFONICA BRASIL S.A.;Grande;Vivo;PR;PONTA GROSSA;SMP
07/07/2023;16:25;Reclamação;Outros;Outros;Pendente;SMP;OI S.A.;Grande;Oi;SP;CAMPINAS;SMP
16/09/2022;07:30;Reclamação;Atendimento;Atendimento ao cliente;Respondida;SMP;N/A;Grande;Vivo;SP;CAMPINAS;SMP
15/04/2022;19:05;Reclamação;Portabilidade;Portabilidade numérica não efetivada;Respondida;SMP;TELEFONICA BRASIL S.A.;Grande;Vivo;RJ;NOVA IGUAÇU;SMP
15/03/2022;13:42;Reclamação;Outros;Outros;Pendente;SMP;EMBRATEL S.A.;Grande;Claro;SP;CAMPINAS;SMP
21/08/2022;19:31;Reclamação;Qualidade;Queda de sinal / cobertura inadequada;Respondida;SMP;TELEFONICA BRASIL S.A.;Grande;Vivo;GO;GOIÂNIA;SMP
05/11/2022;21:52;Reclamação;Qualidade;Queda de sinal / cobertura inadequada;Respondida;SMP;TIM S.A.;Grande;TIM;SP;SANTOS;SMP
20/06/2023;07:50;Reclamação;Internet;Velocidade de internet móvel abaixo;Em análise;SMP;Claro S/A;Grande;Claro;MG;CONTAGEM;SMP
12/06/2022;19:17;Reclamação;Internet;Velocidade de internet móvel abaixo;Respondida;SMP;OI S.A.;Grande;Oi;GO;GOIÂNIA;SMP
12/09/2023;10:59;Reclamação;Cobrança;Cobrança indevida / surpresa na fatura;Em análise;SMP;EMBRATEL S.A.;Grande;Claro;SP;SÃO PAULO;SMP
13/06/2023;07:48;Reclamação;Qualidade;Queda de sinal / cobertura inadequada;Respondida;SMP;TIM S.A.;Grande;TIM;PA;SANTARÉM;SMP
12/10/2022;09:58;Reclamação;Internet;Velocidade de internet móvel abaixo;Pendente;SMP;TIM S.A.;Grande;TIM;GO;GOIÂNIA;SMP
05/02/2022;07:41;Reclamação;Cobrança;Cobrança indevida / surpresa na fatura;Respondida;SMP;CLARO S.A.;Grande;Claro;MG;CONTAGEM;SMP
12/12/2023;20:32;Reclamação;Qualidade;Queda de sinal / cobertura inadequada;Respondida;SMP;OI S.A.;Grande;Oi;SP;GUARULHOS;SMP
30/01/2022;15:09;Reclamação;Portabilidade;Portabilidade numérica não efetivada;Respondida;SMP;TIM S.A.;Grande;TIM;BA;SALVADOR;SMP
22/03/2023;22:15;Reclamação;Atendimento;Atendimento ao cliente;Respondida;SMP;N/A;Grande;TIM;RJ;NOVA IGUAÇU;SMP
06/07/2022;07:16;Reclamação;Cobrança;Cobrança indevida / surpresa na fatura;Pendente;SMP;TIM S.A.;NÃO INFORMADO;TIM;RN;RN - INTERIOR;SMP
11/09/2023;11:32;Reclamação;Qualidade;Queda de sinal / cobertura inadequada;Pendente;SMP;TIM S.A.;Grande;TIM;SP;CAMPINAS;SMP
16/03/2023;10:00;Reclamação;Portabilidade;Portabilidade numérica não efetivada;Pendente;SMP;TIM S.A.;Grande;TIM;MG;BELO HORIZONTE;SMP
26/10/2023;07:47;Reclamação;Cobrança;Cobrança indevida / surpresa na fatura;Respondida;SMP;TIM S.A.;Grande;TIM;PR;MARINGÁ;SMP
07/04/2022;09:11;Reclamação;Internet;Velocidade de internet móvel abaixo;Respondida;SMP;EMBRATEL S.A.;Grande;Claro;SC;SC - INTERIOR;SMP
06/09/2023;22:25;Reclamação;Qualidade;Queda de sinal / cobertura inadequada;Respondida;SMP;TIM S.A.;Grande;TIM;RJ;RIO DE JANEIRO;SMP
17/07/2023;18:39;Reclamação; ;Outros;Respondida;SMP;TIM S.A.;Grande;TIM;RS;CAXIAS DO SUL;SMP
16/05/2022;17:26;Reclamação;Qualidade;Queda de sinal / cobertura inadequada;Pendente;SMP;TIM S.A.;Grande;TIM;RJ;DUQUE DE CAXIAS;SMP
03/02/2023;18:56;Reclamação;Qualidade;Queda de sinal / cobertura inadequada;Respondida;SMP;TELEFONICA BRASIL S.A.;Grande;Vivo;RS;CANOAS;SMP
29/05/2022;20:40;Reclamação;Cobrança;Cobrança indevida / surpresa na fatura;Pendente;SMP;CLARO S.A.;Grande;Claro;SP;GUARULHOS;SMP
07/10/2023;16:42;Reclamação;Qualidade;Queda de sinal / cobertura inadequada;Respondida;SMP;TELEFONICA BRASIL S.A.;Grande;Vivo;PE;PETROLINA;SMP
24/08/2023;13:11;Reclamação;Internet;Velocidade de internet móvel abaixo;Respondida;SMP;TIM S.A.;Grande;TIM;PR;LONDRINA;SMP
08/06/2022;15:10;Reclamação;Atendimento;Atendimento ao cliente;Respondida;SMP;TIM S.A.;Grande;TIM;MG;UBERLÂNDIA;SMP
01/07/2023;09:21;Reclamação;Cobrança;Cobrança indevida / surpresa na fatura;Respondida;SMP;SERCOMTEL S.A. - TELECOMUNICAÇÕES;Pequeno;Sercomtel;PR;PONTA GROSSA;SMP
11/01/2022;19:38;Reclamação;Qualidade;Queda de sinal / cobertura inadequada;Pendente;SMP;CLARO S.A.;Grande;Claro;SC;SC - INTERIOR;SMP
01/12/2022;11:01;Reclamação;Outros;Outros;Respondida;SMP;CLARO S.A.;Grande;Claro;SP;SÃO PAULO;SMP
16/05/2023;10:33;Reclamação;Portabilidade;Portabilidade numérica não efetivada;Respondida;SMP;TELEFONICA BRASIL S.A.;Grande;Vivo;MA;SÃO LUÍS;SMP
30/03/2022;13:33;Reclamação;Qualidade;Queda de sinal / cobertura inadequada;Respondida;SMP;TELEFONICA BRASIL S.A.;Grande;Vivo;SP;GUARULHOS;SMP
20/06/2023;19:50;Reclamação;Portabilidade;Portabilidade numérica não efetivada;Respondida;SMP;TELEFONICA BRASIL S.A.;Grande;Vivo;RJ;NOVA IGUAÇU;SMP
04/09/2023;14:17;Reclamação;Cobrança;Cobrança indevida / surpresa na fatura;Em análise;SMP;CLARO S.A.;Grande;Claro;SP;GUARULHOS;SMP
15/11/2023;17:37;Reclamação;Qualidade;Queda de sinal / cobertura inadequada;Pendente;SMP;TELEFONICA BRASIL S.A.;Grande;Vivo;MG;JUIZ DE FORA;SMP
29/08/2022;22:51;Reclamação;Atendimento;Atendimento ao cliente;Pendente;SMP;SERCOMTEL S.A. - TELECOMUNICAÇÕES;Pequeno;Sercomtel;RJ;DUQUE DE CAXIAS;SMP
01/07/2023;22:26;Reclamação;Cobrança;Cobrança indevida / surpresa na fatura;Respondida;SMP;TELEFONICA BRASIL S.A.;Grande;Vivo;AM;PARINTINS;SMP
06/08/2023;09:19;Reclamação;Internet;Velocidade de internet móvel abaixo;Respondida;SMP;Claro S.A.;Grande;Claro;ES;VITÓRIA;SMP
16/05/2022;12:37;Reclamação;Internet;Velocidade de internet móvel abaixo;Em análise;SMP;TIM S.A.;Grande;TIM;SP;SOROCABA;SMP
12/10/2023;22:55;Reclamação;Cobrança;Cobrança indevida / surpresa na fatura;Respondida;SMP;TELEFONICA BRASIL S.A.;Grande;Vivo;SC;SC - INTERIOR;SMP
24/02/2023;22:49;Reclamação;-;Atendimento ao cliente;Respondida;SMP;TELEFONICA BRASIL S.A.;Grande;Vivo;PB;PB - INTERIOR;SMP
04/11/2023;19:16;Reclamação;Cobrança;Cobrança indevida / surpresa na fatura;Respondida;SMP;CLARO S.A.; ;Claro;RS;PELOTAS;SMP
02/07/2023;10:56;Reclamação;Cobrança;Cobrança indevida / surpresa na fatura;Respondida;SMP;CLARO S.A.;Grande;Claro;RN;RN - INTERIOR;SMP
01/03/2022;18:12;Reclamação;Qualidade;Queda de sinal / cobertura inadequada;Em análise;SMP;EMBRATEL S.A.;Grande;Claro;RS;CANOAS;SMP
11/07/2023;16:47;Reclamação;Atendimento;Atendimento ao cliente;Respondida;SMP;CLARO S.A.;Grande;Claro;SP;CAMPINAS;SMP
24/09/2023;13:04;Reclamação;Portabilidade;Portabilidade numérica não efetivada;Em análise;SMP;TELEFONICA BRASIL S.A.;Grande;Vivo;PR;PONTA GROSSA;SMP
03/08/2022;15:47;Reclamação;Cobrança;Cobrança indevida / surpresa na fatura;Respondida;SMP;CLARO S.A.;Grande;Claro;RJ;NITERÓI;SMP
17/09/2023;18:42;Reclamação;Cobrança;Cobrança indevida / surpresa na fatura;Pendente;SMP;CLARO S.A.;Grande;Claro;SP;SANTOS;SMP
14/10/2022;22:02;Reclamação;Portabilidade;Portabilidade numérica não efetivada;Respondida;SMP;TIM S.A.;Grande;TIM;MA;SÃO LUÍS;SMP
10/07/2022;09:23;Reclamação;Qualidade;Queda de sinal / cobertura inadequada;Respondida;SMP;TELEFONICA BRASIL S.A.;Grande;Vivo;RS;CANOAS;SMP
09/08/2023;17:34;Reclamação;Cobrança;Cobrança indevida / surpresa na fatura;Respondida;SMP;OI S.A.;Grande;Oi;RJ;NITERÓI;SMP
13/01/2022;10:00;Reclamação;Qualidade;Queda de sinal / cobertura inadequada;Respondida;SMP;OI S.A.;Grande;Oi;BA;SALVADOR;SMP
20/01/2022;18:35;Reclamação;Qualidade;Queda de sinal / cobertura inadequada;Respondida;SMP;SERCOMTEL S.A. - TELECOMUNICAÇÕES;Pequeno;Sercomtel;SP;SÃO PAULO;SMP
21/05/2022;11:32;Reclamação;Qualidade;Queda de sinal / cobertura inadequada;Pendente;SMP;CLARO S.A.;Grande;Claro;SP;GUARULHOS;SMP
11/04/2023;12:16;Reclamação;Cobrança;Cobrança indevida / surpresa na fatura;Respondida;SMP;CLARO S.A.;Grande;Claro;AL;AL - INTERIOR;SMP
29/12/2022;07:05;Reclamação;Outros;Outros;Respondida;SMP;TIM S.A.;Grande;TIM;PR;CURITIBA;SMP
15/02/2022;16:46;Reclamação;Qualidade;Queda de sinal / cobertura inadequada;Em análise;SMP;NET SERVIÇOS DE COMUNICAÇÃO S.A.;Grande;Claro;GO;ANÁPOLIS;SMP
16/10/2022;12:48;Reclamação;Cobrança;Cobrança indevida / surpresa na fatura;Pendente;SMP;CLARO S/A;Grande;Claro;MT;CUIABÁ;SMP
26/06/2022;16:41;Reclamação;Cobrança;Cobrança indevida / surpresa na fatura;Respondida;SMP;CLARO S.A.;Grande;Claro;MT;SINOP;SMP
17/06/2022;16:37;Reclamação;Cobrança;Cobrança indevida / surpresa na fatura;Respondida;SMP;NET SERVIÇOS DE COMUNICAÇÃO S.A.;Grande;Claro;PE;PETROLINA;SMP
11/09/2023;09:45;Reclamação;Qualidade;Queda de sinal / cobertura inadequada;Respondida;SMP;EMBRATEL S.A.;Grande;Claro;RS;CANOAS;SMP
14/06/2023;09:43;Reclamação;Outros;Outros;Respondida;SMP;TELEFONICA BRASIL S.A.;Grande;Vivo;SP;SANTOS;SMP
20/11/2022;19:37;Reclamação;Internet;Velocidade de internet móvel abaixo;Respondida;SMP;CLARO S.A.;Grande;Claro;SP;GUARULHOS;SMP
10/04/2023;11:49;Reclamação;Internet;N/A;Respondida;SMP;TIM S.A.;Grande;TIM;CE;SOBRAL;SMP
15/01/2023;11:31;Reclamação;Internet; ;Respondida;SMP;TELEFONICA BRASIL S.A.;Grande;Vivo;PI;PI - INTERIOR;SMP
09/10/2023;08:44;Reclamação;Cobrança;Cobrança indevida / surpresa na fatura;Respondida;SMP;TIM S.A.;Grande;TIM;PB;PB - INTERIOR;SMP
22/03/2022;12:24;Reclamação;Cobrança;Cobrança indevida / surpresa na fatura;Respondida;SMP;CLARO S.A.;Grande;Claro;CE;JUAZEIRO DO NORTE;SMP
27/06/2023;07:29;Reclamação;Cobrança;Cobrança indevida / surpresa na fatura;Pendente;SMP;CLARO S.A.;Grande;Claro;MS;TRÊS LAGOAS;SMP
27/12/2023;14:55;Reclamação;Cobrança;Cobrança indevida / surpresa na fatura;Respondida;SMP;TELEFONICA BRASIL S.A.;Grande;Vivo;PR;PONTA GROSSA;SMP
23/11/2023;16:57;Reclamação;Atendimento;Atendimento ao cliente;Pendente;SMP;CLARO S.A.;Grande;Claro;RS;PELOTAS;SMP
13/11/2023;20:41;Reclamação;Internet;Velocidade de internet móvel abaixo;Pendente;SMP;TIM S.A.;Grande;TIM;RS;CANOAS;SMP
07/07/2023;16:43;Reclamação;Qualidade;Queda de sinal / cobertura inadequada;Respondida;SMP;TELEFONICA BRASIL S.A.;N/A;Vivo;SP;SÃO PAULO;SMP
20/02/2022;19:26;Reclamação;Internet;Velocidade de internet móvel abaixo;Respondida;SMP;OI S.A.;Grande;Oi;SP;SOROCABA;SMP
31/05/2022;20:50;Reclamação;Internet;Velocidade de internet móvel abaixo;Pendente;SMP;CLARO S/A;Grande;Claro;PI;PI - INTERIOR;SMP
15/03/2022;15:20;Reclamação;Cobrança;Cobrança indevida / surpresa na fatura;Pendente;SMP;CLARO S.A.;Grande;Claro;TO;TO - INTERIOR;SMP
05/05/2022;12:02;Reclamação;Cobrança;Cobrança indevida / surpresa na fatura;Pendente;SMP;TELEFONICA BRASIL S.A.;Grande;Vivo;RJ;DUQUE DE CAXIAS;SMP
08/02/2022;11:42;Reclamação;Cobrança;Cobrança indevida / surpresa na fatura;Em análise;SMP;CLARO S/A;Grande;Claro;PA;BELÉM;SMP
05/03/2022;11:54;Reclamação;Outros;Outros;Em análise;SMP;CLARO S.A.;Grande;Claro;MG;UBERLÂNDIA;SMP
06/04/2023;15:32;Reclamação;Qualidade;Queda de sinal / cobertura inadequada;Respondida;SMP;EMBRATEL S.A.;Grande;Claro;RN;RN - INTERIOR;SMP
07/03/2023;14:59;Reclamação;Cobrança;Cobrança indevida / surpresa na fatura;Respondida;SMP;TELEFONICA BRASIL S.A.;Grande;Vivo;AM;ITACOATIARA;SMP
21/07/2023;08:06;Reclamação;Cobrança;Cobrança indevida / surpresa na fatura;Em análise;SMP;TELEFONICA BRASIL S.A.;Grande;Vivo;RR;RR - INTERIOR;SMP
28/08/2023;13:17;Reclamação;Cobrança;Cobrança indevida / surpresa na fatura;Em análise;SMP;OI S.A.;Grande;Oi;PA;MARABÁ;SMP
28/09/2023;09:37;Reclamação;Qualidade;Queda de sinal / cobertura inadequada;Respondida;SMP;EMBRATEL S.A.;Grande;Claro;PA;SANTARÉM;SMP
09/01/2022;10:30;Reclamação;Cobrança;Cobrança indevida / surpresa na fatura;Respondida;SMP;TELEFONICA BRASIL S.A.;Grande;Vivo;AM;MANAUS;SMP
18/02/2023;19:12;Reclamação;Outros;Outros;Em análise;SMP;TELEFONICA BRASIL S.A.;Grande;-;PR;LONDRINA;SMP
26/06/2023;15:03;Reclamação;Cobrança;Cobrança indevida / surpresa na fatura;Respondida;SMP;TELEFONICA BRASIL S.A.;Grande;Vivo;MG;UBERLÂNDIA;SMP
11/10/2023;22:04;Reclamação;Cobrança;Cobrança indevida / surpresa na fatura;Respondida;SMP;TELEFONICA BRASIL S.A.;Grande;Vivo;BA;FEIRA DE SANTANA;SMP
09/10/2023;21:09;Reclamação;Qualidade;Queda de sinal / cobertura inadequada;Respondida;SMP;CLARO S.A.;Grande;Claro;TO;TO - INTERIOR;SMP
24/08/2023;17:46;Reclamação;Cobrança;Cobrança indevida / surpresa na fatura;Pendente;SMP;TELEFONICA BRASIL S.A.; ;Vivo;PA;ANANINDEUA;SMP
07/08/2023;13:17;Reclamação;Atendimento;Atendimento ao cliente;Respondida;SMP;TELEFONICA BRASIL S.A.;Grande;Vivo;CE;SOBRAL;SMP
03/08/2022;16:17;Reclamação;Qualidade;Queda de sinal / cobertura inadequada;Respondida;SMP;TELEFONICA BRASIL S.A.;Grande;Vivo;BA;FEIRA DE SANTANA;SMP
01/12/2023;07:35;Reclamação;Internet;Velocidade de internet móvel abaixo;Respondida;SMP;CLARO S.A.;Grande;Claro;RS;CANOAS;SMP
17/10/2023;10:57;Reclamação;Cobrança;Cobrança indevida / surpresa na fatura;Respondida;SMP;OI S.A.;Grande;Oi;SP;CAMPINAS;SMP
27/11/2022;09:25;Reclamação;Internet;Velocidade de internet móvel abaixo;Respondida;SMP;-;Grande;Vivo;MT;VÁRZEA GRANDE;SMP
05/06/2023;17:15;Reclamação;Internet;Velocidade de internet móvel abaixo;Respondida;SMP;EMBRATEL S.A.;Grande;Claro;RS;CANOAS;SMP
28/12/2022;21:22;Reclamação;Internet;Velocidade de internet móvel abaixo;Respondida;SMP;CLARO S.A.;Grande;Claro;SP;SÃO PAULO;SMP
21/10/2023;16:02;Reclamação;Portabilidade;Portabilidade numérica não efetivada;Respondida;SMP;CLARO S.A.;Grande;Claro;PE;PETROLINA;SMP
20/11/2023;17:01;Reclamação;Qualidade;Queda de sinal / cobertura inadequada;Respondida;SMP;TELEFONICA BRASIL S.A.;Grande;Vivo;PR;MARINGÁ;SMP
23/08/2023;14:13;Reclamação;Cobrança;Cobrança indevida / surpresa na fatura;Respondida;SMP;CLARO S.A.;Grande;Claro;MG;BELO HORIZONTE;SMP
16/06/2022;19:39;Reclamação;Cobrança;Cobrança indevida / surpresa na fatura;Respondida;SMP;CLARO S/A;Grande;Claro;SP;SOROCABA;SMP
11/10/2022;18:29;Reclamação;Qualidade;Queda de sinal / cobertura inadequada;Em análise;SMP;CLARO S.A.;Grande;Claro;MA;SÃO LUÍS;SMP
18/02/2023;21:53;Reclamação;Atendimento;Atendimento ao cliente;Respondida;SMP;TIM S.A.;NÃO INFORMADO;TIM;RJ;NITERÓI;SMP
22/06/2023;12:19;Reclamação;Cobrança;Cobrança indevida / surpresa na fatura;Respondida;SMP;TELEFONICA BRASIL S.A.;Grande;Vivo;RJ;DUQUE DE CAXIAS;SMP
30/11/2022;14:25;Reclamação;Qualidade;Queda de sinal / cobertura inadequada;Respondida;SMP;OI S.A.;Grande;Oi;SC;SC - INTERIOR;SMP
20/06/2022;16:48;Reclamação;Qualidade;Queda de sinal / cobertura inadequada;Respondida;SMP;TELEFONICA BRASIL S.A.;Grande;Vivo;GO;GOIÂNIA;SMP
12/03/2022;11:30;Reclamação;Qualidade;Queda de sinal / cobertura inadequada;Respondida;SMP;CLARO S/A;Grande;Claro;SP;SOROCABA;SMP
30/10/2022;22:49;Reclamação;Cobrança;Cobrança indevida / surpresa na fatura;Pendente;SMP;TIM S.A.;Grande;TIM;PE;PETROLINA;SMP
21/10/2022;20:52;Reclamação;Atendimento;Atendimento ao cliente;Respondida;SMP;Claro S.A.;Grande;Claro;RJ;NOVA IGUAÇU;SMP
07/11/2022;20:48;Reclamação;Cobrança;Cobrança indevida / surpresa na fatura;Respondida;SMP;CLARO S/A;Grande;Claro;PE;OLINDA;SMP
02/10/2023;17:12;Reclamação;Cobrança;Cobrança indevida / surpresa na fatura;Respondida;SMP;TIM S.A.;Grande;TIM;BA;SALVADOR;SMP
13/12/2022;13:03;Reclamação;Portabilidade;Portabilidade numérica não efetivada;Respondida;SMP;NET SERVIÇOS DE COMUNICAÇÃO S.A.;Grande;Claro;SP;SÃO PAULO;SMP
05/09/2023;22:01;Reclamação;Outros;Outros;Respondida;SMP;OI S.A.;Grande;Oi;RJ;RIO DE JANEIRO;SMP
04/01/2023;22:15;Reclamação;Internet;Velocidade de internet móvel abaixo;Pendente;SMP;TELEFONICA BRASIL S.A.;Grande;Vivo;SP;GUARULHOS;SMP
30/01/2023;21:39;Reclamação;Internet;Velocidade de internet móvel abaixo;Respondida;SMP;TIM S.A.;Grande;TIM;SP;CAMPINAS;SMP
17/07/2023;16:26;Reclamação;Internet;Velocidade de internet móvel abaixo;Respondida;SMP;OI S.A.;Grande;Oi;MG;BELO HORIZONTE;SMP
27/10/2022;18:30;Reclamação;Cobrança;-;Respondida;SMP;CLARO S.A.;Grande;Claro;SP;GUARULHOS;SMP
06/08/2022;12:22;Reclamação;Atendimento;Atendimento ao cliente;Respondida;SMP;TIM S.A.;Grande;TIM;SP;GUARULHOS;SMP
25/02/2022;08:58;Reclamação;Qualidade;Queda de sinal / cobertura inadequada;Respondida;SMP;Tim S.A.;Grande;TIM;PB;PB - INTERIOR;SMP
31/07/2022;22:50;Reclamação;Cobrança;Cobrança indevida / surpresa na fatura;Pendente;SMP;TIM S.A.;Grande;TIM;SP;CAMPINAS;SMP
29/06/2023;22:29;Reclamação;Cobrança;Cobrança indevida / surpresa na fatura;Respondida;SMP;TELEFONICA BRASIL S.A.;Grande;Vivo;MA;SÃO LUÍS;SMP
25/11/2022;15:59;Reclamação;Internet;Velocidade de internet móvel abaixo;Respondida;SMP;CLARO S.A.;Grande;Claro;PR;LONDRINA;SMP
22/07/2022;12:46;Reclamação;Cobrança;Cobrança indevida / surpresa na fatura;Respondida;SMP;CLARO S.A.;Grande;Claro;RS;PELOTAS;SMP
31/10/2022;18:19;Reclamação;Outros;Outros;Respondida;SMP;TELEFONICA BRASIL S.A.;Grande;Vivo;SP;SÃO PAULO;SMP
15/03/2023;22:45;Reclamação;Atendimento;Atendimento ao cliente;Respondida;SMP;TIM S.A.; ;TIM;PR;PONTA GROSSA;SMP
11/01/2022;22:15;Reclamação;Portabilidade;Portabilidade numérica não efetivada;Respondida;SMP;CLARO S.A.;Grande;Claro;SC;SC - INTERIOR;SMP
01/02/2022;15:35;Reclamação;Outros;Outros;Respondida;SMP;TELEFONICA BRASIL S.A.;Grande;Vivo;DF;TAGUATINGA;SMP
30/06/2022;15:59;Reclamação;Internet;Velocidade de internet móvel abaixo;Respondida;SMP;CLARO S.A.;Grande;Claro;RJ;NOVA IGUAÇU;SMP
23/05/2022;19:18;Reclamação;Cobrança;Cobrança indevida / surpresa na fatura;Respondida;SMP;TIM S.A.;Grande;TIM;RS;CANOAS;SMP
03/01/2022;21:57;Reclamação;Internet;Velocidade de internet móvel abaixo;Respondida;SMP;CLARO S/A;Grande;Claro;SP;SANTOS;SMP
31/05/2023;15:13;Reclamação;Qualidade;Queda de sinal / cobertura inadequada;Em análise;SMP;TELEFONICA BRASIL S.A.;Grande;Vivo;SP;SOROCABA;SMP
02/01/2023;17:56;Reclamação;Qualidade;Queda de sinal / cobertura inadequada;Respondida;SMP;TIM S.A.;Grande;TIM;PR;MARINGÁ;SMP
08/01/2022;17:54;Reclamação;Cobrança;Cobrança indevida / surpresa na fatura;Respondida;SMP;-;Grande;Vivo;PR;PONTA GROSSA;SMP
02/04/2022;13:21;Reclamação;Internet;Velocidade de internet móvel abaixo;Em análise;SMP;NET SERVIÇOS DE COMUNICAÇÃO S.A.;Grande;Claro;SC;SC - INTERIOR;SMP
07/09/2022;20:09;Reclamação;Internet;Velocidade de internet móvel abaixo;Respondida;SMP;TELEFONICA BRASIL S.A.;Grande;Vivo;MG;JUIZ DE FORA;SMP
24/05/2023;19:26;Reclamação;Internet;Velocidade de internet móvel abaixo;Respondida;SMP;TIM S.A.; ;TIM;PR;CURITIBA;SMP
07/11/2023;21:07;Reclamação;Atendimento;Atendimento ao cliente;Respondida;SMP;TIM S.A.;Grande;TIM;SP;SÃO PAULO;SMP
01/11/2023;09:22;Reclamação;Cobrança;Cobrança indevida / surpresa na fatura;Respondida;SMP;CLARO S.A.;Grande;Claro;AL;AL - INTERIOR;SMP
18/01/2023;10:03;Reclamação;Internet;Velocidade de internet móvel abaixo;Respondida;SMP;TELEFONICA BRASIL S.A.;Grande;Vivo;MS;DOURADOS;SMP
25/08/2023;18:28;Reclamação;Atendimento; ;Respondida;SMP;TELEFONICA BRASIL S.A.;Grande;Vivo;SP;CAMPINAS;SMP
02/04/2023;08:33;Reclamação;Qualidade;Queda de sinal / cobertura inadequada;Respondida;SMP;OI S.A.;Grande;Oi;AM;MANAUS;SMP
31/12/2023;09:26;Reclamação;Qualidade;Queda de sinal / cobertura inadequada;Respondida;SMP;CLARO S.A.;Grande;Claro;MG;JUIZ DE FORA;SMP
07/11/2022;12:55;Reclamação;Portabilidade;Portabilidade numérica não efetivada;Respondida;SMP;TELEFONICA BRASIL S.A.;Grande;Vivo;SP;SÃO PAULO;SMP
23/06/2022;18:39;Reclamação;Cobrança;Cobrança indevida / surpresa na fatura;Respondida;SMP;CLARO S.A.;Grande;Claro;ES;CARIACICA;SMP
07/11/2022;09:52;Reclamação;Atendimento;Atendimento ao cliente;Pendente;SMP;Tim S.A.;Grande;TIM;RJ;NITERÓI;SMP
08/11/2022;11:06;Reclamação;Portabilidade;Portabilidade numérica não efetivada;Respondida;SMP;OI S.A.;Grande;Oi;CE;SOBRAL;SMP
30/09/2023;16:47;Reclamação;Qualidade;Queda de sinal / cobertura inadequada;Respondida;SMP;TIM S.A.;Grande;TIM;SP;CAMPINAS;SMP
11/05/2023;13:03;Reclamação;Internet;Velocidade de internet móvel abaixo;Respondida;SMP;TIM S.A.;Grande;TIM;BA;VITÓRIA DA CONQUISTA;SMP
03/11/2023;07:33;Reclamação;Cobrança;Cobrança indevida / surpresa na fatura;Pendente;SMP;TELEFONICA BRASIL S.A.;Grande;Vivo;PR;LONDRINA;SMP
16/03/2022;15:49;Reclamação;Internet;Velocidade de internet móvel abaixo;Respondida;SMP;TIM S.A.;Grande;TIM;BA;SALVADOR;SMP
11/10/2023;12:35;Reclamação;Cobrança;Cobrança indevida / surpresa na fatura;Respondida;SMP;TELEFONICA BRASIL S.A.;Grande;Vivo;SP;CAMPINAS;SMP
18/11/2023;22:48;Reclamação;Cobrança;Cobrança indevida / surpresa na fatura;Respondida;SMP;TIM S.A.;Grande;TIM;BA;VITÓRIA DA CONQUISTA;SMP
05/01/2023;22:05;Reclamação;Qualidade;Queda de sinal / cobertura inadequada;Em análise;SMP;TIM S.A.;Grande;TIM;SP;CAMPINAS;SMP
06/01/2023;10:54;Reclamação;Internet;Velocidade de internet móvel abaixo;Respondida;SMP;OI S.A.;Grande;Oi;SP;GUARULHOS;SMP
05/05/2022;09:17;Reclamação;Cobrança;Cobrança indevida / surpresa na fatura;Em análise;SMP;TELEFONICA BRASIL S.A.;Grande;Vivo;RJ;NITERÓI;SMP
21/04/2023;21:34;Reclamação;Cobrança;Cobrança indevida / surpresa na fatura;Respondida;SMP;TELEFONICA BRASIL S.A.;Grande;Vivo;RS;PELOTAS;SMP
21/05/2022;15:02;Reclamação;Qualidade;Queda de sinal / cobertura inadequada;Respondida;SMP;CLARO S/A;Grande;Claro;MA;TIMON;SMP
22/02/2023;20:41;Reclamação;Qualidade;Queda de sinal / cobertura inadequada;Em análise;SMP;TELEFONICA BRASIL S.A.;Grande;Vivo;MG;BELO HORIZONTE;SMP
17/12/2023;14:59;Reclamação;Portabilidade;Portabilidade numérica não efetivada;Respondida;SMP;TELEFONICA BRASIL S.A.;Grande;Vivo;SP;SOROCABA;SMP
15/04/2023;12:43;Reclamação;Atendimento;Atendimento ao cliente;Respondida;SMP;TIM S.A.;Grande;TIM;SP;SOROCABA;SMP
30/12/2023;19:28;Reclamação;Cobrança;Cobrança indevida / surpresa na fatura;Respondida;SMP;CLARO S.A.;Grande;Claro;MT;CUIABÁ;SMP
07/03/2022;16:43;Reclamação;Qualidade;Queda de sinal / cobertura inadequada;Respondida;SMP;TELEFONICA BRASIL S.A.;Grande;Vivo;RJ;DUQUE DE CAXIAS;SMP
26/05/2023;08:17;Reclamação;Cobrança;Cobrança indevida / surpresa na fatura;Respondida;SMP;CLARO S.A.;Grande;Claro;TO;TO - INTERIOR;SMP
10/12/2022;22:55;Reclamação;-;Cobrança indevida / surpresa na fatura;Respondida;SMP;CLARO S.A.;Grande;Claro;PR;CURITIBA;SMP
04/12/2022;11:36;Reclamação;Cobrança;Cobrança indevida / surpresa na fatura;Respondida;SMP;TELEFONICA BRASIL S.A.;Grande;Vivo;PA;ANANINDEUA;SMP
21/08/2022;19:10;Reclamação;Cobrança;Cobrança indevida / surpresa na fatura;Em análise;SMP;CLARO S.A.;Grande;Claro;MG;CONTAGEM;SMP
15/04/2023;08:34;Reclamação;Atendimento;Atendimento ao cliente;Respondida;SMP;TIM S.A.;Grande;TIM;PE;PETROLINA;SMP
10/11/2022;19:35;Reclamação;Qualidade;Queda de sinal / cobertura inadequada;Respondida;SMP;CLARO S.A.;Grande;Claro;CE;CAUCAIA;SMP
09/01/2023;21:34;Reclamação;Internet;Velocidade de internet móvel abaixo;Em análise;SMP;TIM S.A.;Grande;TIM;MG;CONTAGEM;SMP
23/07/2022;11:08;Reclamação;Qualidade;Queda de sinal / cobertura inadequada;Respondida;SMP;TIM S.A.;Grande;TIM;MG;UBERLÂNDIA;SMP
21/12/2022;19:00;Reclamação;Qualidade;Queda de sinal / cobertura inadequada;Pendente;SMP;TELEFONICA BRASIL S.A.;Grande;Vivo;PE;RECIFE;SMP
03/03/2022;10:16;Reclamação;Cobrança;Cobrança indevida / surpresa na fatura;Respondida;SMP;TIM S.A.;Grande;TIM;RJ;DUQUE DE CAXIAS;SMP
04/10/2023;09:55;Reclamação;Cobrança;Cobrança indevida / surpresa na fatura;Pendente;SMP;CLARO S.A.;Grande;Claro;PB;PB - INTERIOR;SMP
18/08/2023;07:03;Reclamação;Cobrança;Cobrança indevida / surpresa na fatura;Pendente;SMP;TIM S.A.;Grande;TIM;AP;AP - INTERIOR;SMP
10/08/2023;16:48;Reclamação;Qualidade;Queda de sinal / cobertura inadequada;Pendente;SMP;TELEFONICA BRASIL S.A.;Grande;Vivo;AL;AL - INTERIOR;SMP
15/03/2023;10:08;Reclamação;Qualidade;Queda de sinal / cobertura inadequada;Respondida;SMP;TIM S.A.;Grande;TIM;SP;GUARULHOS;SMP
08/05/2023;14:26;Reclamação;Atendimento;Atendimento ao cliente;Respondida;SMP;TELEFONICA BRASIL S.A.;Grande;Vivo;SP;SANTOS;SMP
24/07/2023;22:46;Reclamação;Portabilidade;Portabilidade numérica não efetivada;Respondida;SMP;Oi S.A.;Grande;Oi;RJ;NITERÓI;SMP
24/06/2023;07:36;Reclamação;Cobrança;Cobrança indevida / surpresa na fatura;Respondida;SMP;TELEFONICA BRASIL S.A.;Grande;Vivo;RS;CAXIAS DO SUL;SMP
19/06/2023;17:22;Reclamação;Outros;Outros;Respondida;SMP;CLARO S.A.;Grande;Claro;RJ;NITERÓI;SMP
23/11/2022;16:01;Reclamação;Internet;Velocidade de internet móvel abaixo;Respondida;SMP;TIM S.A.;Grande;TIM;SC;SC - INTERIOR;SMP
28/10/2022;18:09;Reclamação;Cobrança;Cobrança indevida / surpresa na fatura;Respondida;SMP;TELEFONICA BRASIL S.A.;Grande;Vivo;BA;SALVADOR;SMP
17/12/2023;22:04;Reclamação;Portabilidade;Portabilidade numérica não efetivada;Respondida;SMP;TIM S.A.;Grande;TIM;ES;VILA VELHA;SMP
24/04/2022;18:50;Reclamação;Internet;Velocidade de internet móvel abaixo;Respondida;SMP;TELEFONICA BRASIL S.A.;Grande;Vivo;SP;SÃO PAULO;SMP
05/02/2022;14:31;Reclamação;Internet;Velocidade de internet móvel abaixo;Respondida;SMP;OI S.A.;Grande;Oi;MA;IMPERATRIZ;SMP
31/01/2022;18:47;Reclamação;Internet;Velocidade de internet móvel abaixo;Respondida;SMP;TIM S.A.;Grande;TIM;GO;APARECIDA DE GOIÂNIA;SMP
24/06/2022;13:21;Reclamação;Portabilidade;Portabilidade numérica não efetivada;Pendente;SMP;TELEFONICA BRASIL S.A.;Grande;Vivo;SP;SOROCABA;SMP
13/02/2023;08:05;Reclamação;Qualidade;Queda de sinal / cobertura inadequada;Respondida;SMP;TIM S.A.;Grande;TIM;PB;PB - INTERIOR;SMP
26/08/2023;20:46;Reclamação;NÃO INFORMADO;Cobrança indevida / surpresa na fatura;Respondida;SMP;Telefonica Brasil S.A.;Grande;Vivo;RS;CAXIAS DO SUL;SMP
27/04/2022;14:07;Reclamação;Internet;Velocidade de internet móvel abaixo;Pendente;SMP;CLARO S.A.;Grande;Claro;CE;FORTALEZA;SMP
22/04/2023;17:38;Reclamação;Portabilidade;Portabilidade numérica não efetivada;Respondida;SMP;OI S.A.;Grande;Oi;PI;PI - INTERIOR;SMP
27/09/2023;09:51;Reclamação;Cobrança;Cobrança indevida / surpresa na fatura;Respondida;SMP;TELEFONICA BRASIL S.A.;Grande;Vivo;SP;CAMPINAS;SMP
16/07/2022;17:12;Reclamação;Internet;Velocidade de internet móvel abaixo;Respondida;SMP;TIM S.A.;Grande;TIM;CE;JUAZEIRO DO NORTE;SMP
20/02/2022;09:22;Reclamação;Cobrança;Cobrança indevida / surpresa na fatura;Pendente;SMP;TELEFONICA BRASIL S.A.;Grande;Vivo;PE;RECIFE;SMP
15/01/2022;09:26;Reclamação;Cobrança;Cobrança indevida / surpresa na fatura;Pendente;SMP;CLARO S.A.;Grande;Claro;PE;RECIFE;SMP
14/06/2022;10:51;Reclamação;Cobrança;Cobrança indevida / surpresa na fatura;Respondida;SMP;CLARO S/A;Grande;Claro;SP;SÃO PAULO;SMP
02/09/2022;18:29;Reclamação;Qualidade;Queda de sinal / cobertura inadequada;Respondida;SMP;TIM S.A.;Grande;TIM;PA;MARABÁ;SMP
16/11/2022;14:38;Reclamação;Cobrança;Cobrança indevida / surpresa na fatura;Respondida;SMP;Claro S.A.;Grande;Claro;PR;CURITIBA;SMP
20/02/2022;16:57;Reclamação;Portabilidade;Portabilidade numérica não efetivada;Respondida;SMP;OI S.A.;Grande;Oi;MS;DOURADOS;SMP
09/11/2023;13:39;Reclamação;Cobrança;Cobrança indevida / surpresa na fatura;Em análise;SMP;CLARO S.A.;Grande;Claro;MG;BELO HORIZONTE;SMP
12/02/2022;21:59;Reclamação;Qualidade;Queda de sinal / cobertura inadequada;Respondida;SMP;OI S.A.;Grande;Oi;MG;BELO HORIZONTE;SMP
28/06/2022;21:14;Reclamação;Cobrança;Cobrança indevida / surpresa na fatura;Respondida;SMP;OI S.A.;Grande;Oi;AM;ITACOATIARA;SMP
15/01/2023;18:50;Reclamação;Atendimento;Atendimento ao cliente;Respondida;SMP;TIM S.A.;Grande;TIM;MG;JUIZ DE FORA;SMP
17/06/2023;11:14;Reclamação;Qualidade;Queda de sinal / cobertura inadequada;Respondida;SMP;TIM S.A.;Grande;TIM;RJ;NITERÓI;SMP
27/05/2023;17:40;Reclamação;Internet;Velocidade de internet móvel abaixo;Pendente;SMP;CLARO S.A.;Grande;NÃO INFORMADO;PE;OLINDA;SMP
21/04/2022;21:02;Reclamação;Qualidade;Queda de sinal / cobertura inadequada;Pendente;SMP;TELEFONICA BRASIL S.A.;Grande;Vivo;CE;JUAZEIRO DO NORTE;SMP
29/06/2023;15:33;Reclamação;Qualidade;Queda de sinal / cobertura inadequada;Respondida;SMP;NET SERVIÇOS DE COMUNICAÇÃO S.A.;Grande;Claro;SP;SANTOS;SMP
24/05/2023;09:20;Reclamação;Internet;Velocidade de internet móvel abaixo;Respondida;SMP;TELEFONICA BRASIL S.A.;Grande;Vivo;PE;RECIFE;SMP
05/08/2022;07:33;Reclamação;Qualidade;Queda de sinal / cobertura inadequada;Respondida;SMP;TIM S.A.;Grande;TIM;CE;JUAZEIRO DO NORTE;SMP
09/04/2023;14:12;Reclamação;Portabilidade;Portabilidade numérica não efetivada;Respondida;SMP;CLARO S.A.;Grande;Claro;BA;VITÓRIA DA CONQUISTA;SMP
11/07/2022;20:13;Reclamação;Internet;Velocidade de internet móvel abaixo;Respondida;SMP;NET SERVIÇOS DE COMUNICAÇÃO S.A.;Grande;Claro;AM;ITACOATIARA;SMP
09/10/2022;16:00;Reclamação;Cobrança;Cobrança indevida / surpresa na fatura;Respondida;SMP;TIM S.A.;Grande;TIM;SP;SOROCABA;SMP
01/06/2023;17:49;Reclamação;Qualidade;Queda de sinal / cobertura inadequada;Em análise;SMP;CLARO S.A.;Grande;Claro;RJ;RIO DE JANEIRO;SMP
03/07/2022;13:07;Reclamação;Cobrança;Cobrança indevida / surpresa na fatura;Pendente;SMP;CLARO S.A.;Grande;Claro;RJ;DUQUE DE CAXIAS;SMP
28/03/2022;20:35;Reclamação;Portabilidade;Portabilidade numérica não efetivada;Respondida;SMP;SERCOMTEL S.A. - TELECOMUNICAÇÕES;Pequeno;Sercomtel;RJ;RIO DE JANEIRO;SMP
04/01/2022;07:29;Reclamação;Portabilidade;Portabilidade numérica não efetivada;Respondida;SMP;TELEFONICA BRASIL S.A.;Grande;Vivo;RS;CAXIAS DO SUL;SMP
13/10/2023;14:21;Reclamação;Portabilidade;Portabilidade numérica não efetivada;Pendente;SMP;EMBRATEL S.A.;Grande;Claro;GO;APARECIDA DE GOIÂNIA;SMP
08/11/2022;17:28;Reclamação;Outros;Outros;Pendente;SMP;TELEFONICA BRASIL S.A.;Grande;Vivo;MG;CONTAGEM;SMP
02/10/2022;19:00;Reclamação;Qualidade;Queda de sinal / cobertura inadequada;Respondida;SMP;CLARO S.A.;Grande;Claro;AL;AL - INTERIOR;SMP
21/09/2022;11:49;Reclamação;-;Velocidade de internet móvel abaixo;Em análise;SMP;TELEFONICA BRASIL S.A.;Grande;Vivo;BA;SALVADOR;SMP
19/11/2023;10:57;Reclamação;Internet;Velocidade de internet móvel abaixo;Respondida;SMP;TELEFONICA BRASIL S.A.;Grande;Vivo;SP;SOROCABA;SMP
03/02/2023;17:09;Reclamação;Qualidade;NÃO INFORMADO;Respondida;SMP;CLARO S.A.;Grande;Claro;SP;GUARULHOS;SMP
15/11/2022;16:14;Reclamação;Internet;Velocidade de internet móvel abaixo;Respondida;SMP;CLARO S.A.;Grande;Claro;RJ;RIO DE JANEIRO;SMP
08/05/2022;22:25;Reclamação;Outros;Outros;Em análise;SMP;TIM S.A.;Grande;TIM;SP;SOROCABA;SMP
18/11/2022;16:00;Reclamação;N/A;Queda de sinal / cobertura inadequada;Respondida;SMP;TELEFONICA BRASIL S.A.;Grande;Vivo;SP;SANTOS;SMP
03/07/2023;14:51;Reclamação;Cobrança;Cobrança indevida / surpresa na fatura;Em análise;SMP;CLARO S.A.;Grande;Claro;GO;GOIÂNIA;SMP
24/07/2022;13:13;Reclamação;Qualidade;Queda de sinal / cobertura inadequada;Respondida;SMP;TELEFONICA BRASIL S.A.;Grande;Vivo;BA;SALVADOR;SMP
26/05/2022;18:05;Reclamação;Qualidade;Queda de sinal / cobertura inadequada;Respondida;SMP;OI S.A.;Grande;NÃO INFORMADO;MA;TIMON;SMP
23/05/2023;18:38;Reclamação;Cobrança;Cobrança indevida / surpresa na fatura;Respondida;SMP;EMBRATEL S.A.;Grande;Claro;PE;CARUARU;SMP
30/05/2022;13:23;Reclamação;Qualidade;Queda de sinal / cobertura inadequada;Respondida;SMP;TELEFONICA BRASIL S.A.;Grande;Vivo;RJ;NOVA IGUAÇU;SMP
12/02/2023;13:28;Reclamação;Cobrança;Cobrança indevida / surpresa na fatura;Respondida;SMP;TIM S.A.;Grande;TIM;PE;OLINDA;SMP
05/08/2022;09:43;Reclamação;Outros; ;Pendente;SMP;CLARO S.A.;Grande;Claro;CE;JUAZEIRO DO NORTE;SMP
28/07/2022;13:02;Reclamação;Qualidade;Queda de sinal / cobertura inadequada;Respondida;SMP;CLARO S.A.;Grande;Claro;SP;SANTOS;SMP
27/12/2023;20:24;Reclamação;Outros;Outros;Em análise;SMP;CLARO S.A.;Grande;Claro;RS;PELOTAS;SMP
27/03/2022;12:49;Reclamação;Internet;Velocidade de internet móvel abaixo;Respondida;SMP;TIM S.A.;Grande;TIM;MG;CONTAGEM;SMP
11/07/2022;17:11;Reclamação;Cobrança;Cobrança indevida / surpresa na fatura;Respondida;SMP;EMBRATEL S.A.;Grande;Claro;SP;SOROCABA;SMP
03/10/2022;10:33;Reclamação;Cobrança;Cobrança indevida / surpresa na fatura;Respondida;SMP;CLARO S.A.;Grande;Claro;PA;SANTARÉM;SMP
12/02/2023;18:30;Reclamação;Internet;Velocidade de internet móvel abaixo;Respondida;SMP;TELEFONICA BRASIL S.A.;Grande;Vivo;CE;CAUCAIA;SMP
30/07/2022;17:27;Reclamação;Portabilidade;Portabilidade numérica não efetivada;Respondida;SMP;Tim S.A.;Grande;TIM;BA;SALVADOR;SMP
28/10/2023;18:41;Reclamação;Internet;Velocidade de internet móvel abaixo;Respondida;SMP;TIM S.A.;Grande;TIM;BA;SALVADOR;SMP
19/12/2022;12:29;Reclamação;Internet;Velocidade de internet móvel abaixo;Respondida;SMP;OI S.A.;Grande;Oi;DF;BRASÍLIA;SMP
14/09/2022;12:43;Reclamação;Portabilidade;Portabilidade numérica não efetivada;Em análise;SMP;SERCOMTEL S.A. - TELECOMUNICAÇÕES;Pequeno;Sercomtel;MA;SÃO LUÍS;SMP
24/08/2022;17:31;Reclamação;Qualidade;Queda de sinal / cobertura inadequada;Respondida;SMP;TIM S.A.;Grande;NÃO INFORMADO;RN;RN - INTERIOR;SMP
24/02/2022;19:21;Reclamação; ;Velocidade de internet móvel abaixo;Respondida;SMP;TIM S.A.;Grande;TIM;MG;UBERLÂNDIA;SMP
22/11/2023;20:33;Reclamação;Atendimento;Atendimento ao cliente;Respondida;SMP;OI S.A.;Grande;Oi;MS;TRÊS LAGOAS;SMP
04/10/2022;19:37;Reclamação;Qualidade;Queda de sinal / cobertura inadequada;Pendente;SMP;Oi S.A.;Grande;Oi;RR;RR - INTERIOR;SMP
15/09/2022;08:18;Reclamação;Atendimento;Atendimento ao cliente;Respondida;SMP;TIM S.A.;Grande;TIM;AL;AL - INTERIOR;SMP
30/01/2023;20:06;Reclamação;Internet;Velocidade de internet móvel abaixo;Respondida;SMP;TIM S.A.;Grande;TIM;PE;RECIFE;SMP
17/02/2022;21:18;Reclamação;Internet;Velocidade de internet móvel abaixo;Respondida;SMP;Embratel S.A.;Grande;Claro;TO;TO - INTERIOR;SMP
08/01/2023;20:57;Reclamação;Cobrança;Cobrança indevida / surpresa na fatura;Respondida;SMP;CLARO S.A.;Grande;Claro;BA;FEIRA DE SANTANA;SMP
16/01/2022;10:35;Reclamação;Cobrança;Cobrança indevida / surpresa na fatura;Respondida;SMP;TIM S.A.;Grande;TIM;SP;SOROCABA;SMP
02/05/2023;15:19;Reclamação;Cobrança;Cobrança indevida / surpresa na fatura;Em análise;SMP;TIM S.A.;Grande;TIM;GO;ANÁPOLIS;SMP
23/02/2023;11:28;Reclamação;Internet;Velocidade de internet móvel abaixo;Respondida;SMP;EMBRATEL S.A.;Grande; ;RJ;NOVA IGUAÇU;SMP
24/09/2022;18:20;Reclamação;Internet;Velocidade de internet móvel abaixo;Respondida;SMP;TELEFONICA BRASIL S.A.;Grande;NÃO INFORMADO;PE;OLINDA;SMP
02/08/2022;09:23;Reclamação;Cobrança;Cobrança indevida / surpresa na fatura;Respondida;SMP;TIM S.A.;Grande;TIM;SP;SOROCABA;SMP
31/12/2022;11:51;Reclamação;Qualidade;Queda de sinal / cobertura inadequada;Respondida;SMP;CLARO S.A.;Grande;Claro;SP;SÃO PAULO;SMP
14/05/2023;19:50;Reclamação;Cobrança;Cobrança indevida / surpresa na fatura;Pendente;SMP;TELEFONICA BRASIL S.A.;Grande;Vivo;PR;CURITIBA;SMP
10/04/2022;10:43;Reclamação;Qualidade;Queda de sinal / cobertura inadequada;Respondida;SMP;CLARO S.A.;Grande;Claro;MS;DOURADOS;SMP
30/03/2022;16:21;Reclamação;Qualidade;NÃO INFORMADO;Respondida;SMP;TIM S.A.;Grande;TIM;CE;JUAZEIRO DO NORTE;SMP
26/04/2023;22:21;Reclamação;Qualidade;Queda de sinal / cobertura inadequada;Pendente;SMP;TELEFONICA BRASIL S.A.;Grande;Vivo;SP;SÃO PAULO;SMP
12/05/2022;20:22;Reclamação;Outros;Outros;Em análise;SMP;NET SERVIÇOS DE COMUNICAÇÃO S.A.;Grande;Claro;PB;PB - INTERIOR;SMP
14/05/2022;19:52;Reclamação;Qualidade;Queda de sinal / cobertura inadequada;Pendente;SMP;TELEFONICA BRASIL S.A.;Grande;Vivo;RJ;RIO DE JANEIRO;SMP
15/12/2023;13:51;Reclamação;Portabilidade;Portabilidade numérica não efetivada;Respondida;SMP;CLARO S.A.;Grande;Claro;SP;SÃO PAULO;SMP
24/06/2022;09:39;Reclamação;Cobrança;Cobrança indevida / surpresa na fatura;Respondida;SMP;TIM S.A.;Grande;TIM;BA;SALVADOR;SMP
07/11/2023;14:09;Reclamação;Cobrança;Cobrança indevida / surpresa na fatura;Respondida;SMP;CLARO S.A.;Grande;Claro;RJ;RIO DE JANEIRO;SMP
21/11/2022;11:49;Reclamação;Cobrança;Cobrança indevida / surpresa na fatura;Respondida;SMP;CLARO S.A.;Grande;Claro;MG;CONTAGEM;SMP
06/01/2022;13:25;Reclamação;Outros;Outros;Pendente;SMP;CLARO S.A.;Grande;Claro;SP;CAMPINAS;SMP
21/08/2022;10:09;Reclamação;Outros;Outros;Em análise;SMP;TIM S.A.;Grande;TIM;MG;CONTAGEM;SMP
03/10/2023;10:57;Reclamação;Cobrança;Cobrança indevida / surpresa na fatura;Pendente;SMP;OI S.A.;Grande;Oi;SP;GUARULHOS;SMP
10/12/2022;14:34;Reclamação;Internet;Velocidade de internet móvel abaixo;Respondida;SMP;CLARO S.A.;Grande;Claro;MS;DOURADOS;SMP
20/09/2022;19:32;Reclamação;Qualidade;Queda de sinal / cobertura inadequada;Em análise;SMP;TELEFONICA BRASIL S.A.;Grande;Vivo;RO;RO - INTERIOR;SMP
06/06/2023;14:44;Reclamação; ;Cobrança indevida / surpresa na fatura;Em análise;SMP;CLARO S.A.;Grande;Claro;CE;CAUCAIA;SMP
07/08/2022;07:26;Reclamação;Internet;Velocidade de internet móvel abaixo;Respondida;SMP;TELEFONICA BRASIL S.A.;Grande;Vivo;SP;CAMPINAS;SMP
27/04/2022;11:50;Reclamação;Portabilidade;Portabilidade numérica não efetivada;Respondida;SMP;TELEFONICA BRASIL S.A.;Grande;Vivo;RJ;NOVA IGUAÇU;SMP
05/12/2023;20:45;Reclamação;Internet;Velocidade de internet móvel abaixo;Em análise;SMP;TELEFONICA BRASIL S.A.;Grande;Vivo;SP;SÃO PAULO;SMP
22/04/2023;10:11;Reclamação;Internet;Velocidade de internet móvel abaixo;Respondida;SMP;CLARO S.A.;Grande;Claro;PA;MARABÁ;SMP
06/07/2022;11:27;Reclamação;Internet;Velocidade de internet móvel abaixo;Respondida;SMP;TELEFONICA BRASIL S.A.;Grande;Vivo;AP;AP - INTERIOR;SMP
04/07/2022;13:56;Reclamação;Internet;Velocidade de internet móvel abaixo;Pendente;SMP;CLARO S/A;Grande;Claro;BA;VITÓRIA DA CONQUISTA;SMP
09/04/2023;09:28;Reclamação;Qualidade;Queda de sinal / cobertura inadequada;Respondida;SMP;TIM S.A.;Grande;TIM;SP;CAMPINAS;SMP
11/08/2023;20:48;Reclamação;Cobrança;Cobrança indevida / surpresa na fatura;Respondida;SMP;EMBRATEL S.A.;Grande;Claro;BA;SALVADOR;SMP
26/07/2022;22:07;Reclamação;Cobrança;Cobrança indevida / surpresa na fatura;Respondida;SMP;TIM S.A.;Grande;TIM;SE;SE - INTERIOR;SMP
14/11/2022;08:24;Reclamação;Qualidade;Queda de sinal / cobertura inadequada;Em análise;SMP;CLARO S.A.;Grande;Claro;GO;APARECIDA DE GOIÂNIA;SMP
02/01/2022;19:27;Reclamação;Internet;Velocidade de internet móvel abaixo;Respondida;SMP;Telefonica Brasil S.A.;Grande;Vivo;PE;RECIFE;SMP
01/01/2022;19:16;Reclamação;Internet;Velocidade de internet móvel abaixo;Respondida;SMP;NET SERVIÇOS DE COMUNICAÇÃO S.A.;Grande;Claro;CE;CAUCAIA;SMP
26/12/2022;09:26;Reclamação;Internet;Velocidade de internet móvel abaixo;Respondida;SMP;CLARO S.A.;Grande;Claro;SP;SOROCABA;SMP
31/10/2023;07:09;Reclamação;Cobrança;Cobrança indevida / surpresa na fatura;Respondida;SMP;TIM S.A.;Grande;TIM;CE;SOBRAL;SMP
25/03/2023;21:36;Reclamação;Qualidade;Queda de sinal / cobertura inadequada;Pendente;SMP;CLARO S.A.;Grande;Claro;RS;CAXIAS DO SUL;SMP
27/07/2023;12:24;Reclamação;Cobrança;Cobrança indevida / surpresa na fatura;Respondida;SMP;TELEFONICA BRASIL S.A.;Grande;Vivo;MG;CONTAGEM;SMP
30/06/2023;15:52;Reclamação;Cobrança;Cobrança indevida / surpresa na fatura;Respondida;SMP;TIM S.A.;Grande;TIM;PR;PONTA GROSSA;SMP
23/01/2023;16:48;Reclamação;Cobrança;Cobrança indevida / surpresa na fatura;Respondida;SMP;TELEFONICA BRASIL S.A.;Grande;Vivo;SP;SANTOS;SMP
31/07/2023;22:53;Reclamação;Qualidade;N/A;Respondida;SMP;NET SERVIÇOS DE COMUNICAÇÃO S.A.;Grande;Claro;PR;CURITIBA;SMP
03/12/2023;20:32;Reclamação;Internet;Velocidade de internet móvel abaixo;Pendente;SMP;TELEFONICA BRASIL S.A.;Grande;Vivo;BA;FEIRA DE SANTANA;SMP
27/07/2023;13:10;Reclamação;Internet;Velocidade de internet móvel abaixo;Em análise;SMP;TELEFONICA BRASIL S.A.;Grande;Vivo;MG;BELO HORIZONTE;SMP
20/05/2023;15:22;Reclamação;Cobrança;Cobrança indevida / surpresa na fatura;Respondida;SMP;CLARO S.A.;Grande;Claro;RO;RO - INTERIOR;SMP
20/10/2023;15:35;Reclamação;Qualidade;Queda de sinal / cobertura inadequada;Respondida;SMP;TIM S.A.;Grande;TIM;MG;CONTAGEM;SMP
18/09/2023;07:36;Reclamação;Outros;Outros;Em análise;SMP;TELEFONICA BRASIL S.A.;Grande;Vivo;MG;UBERLÂNDIA;SMP
05/11/2022;16:35;Reclamação;Cobrança;Cobrança indevida / surpresa na fatura;Pendente;SMP;CLARO S.A.;Grande;Claro;CE;CAUCAIA;SMP
27/06/2023;17:48;Reclamação;Qualidade;Queda de sinal / cobertura inadequada;Respondida;SMP;TIM S.A.;Grande;TIM;GO;GOIÂNIA;SMP
12/08/2022;13:10;Reclamação;Internet;Velocidade de internet móvel abaixo;Em análise;SMP;TIM S.A.;Grande;TIM;RS;PELOTAS;SMP
04/06/2022;16:34;Reclamação;Cobrança;Cobrança indevida / surpresa na fatura;Respondida;SMP;TIM S.A.;Grande;TIM;MG;CONTAGEM;SMP
10/08/2022;17:46;Reclamação;Qualidade;Queda de sinal / cobertura inadequada;Respondida;SMP;EMBRATEL S.A.;Grande;Claro;RJ;RIO DE JANEIRO;SMP
08/10/2023;19:37;Reclamação;Cobrança;Cobrança indevida / surpresa na fatura;Respondida;SMP;TELEFONICA BRASIL S.A.;Grande;Vivo;RJ;RIO DE JANEIRO;SMP
26/03/2023;21:38;Reclamação;Qualidade;Queda de sinal / cobertura inadequada;Em análise;SMP;TELEFONICA BRASIL S.A.;Grande;Vivo;SP;CAMPINAS;SMP
26/04/2022;20:31;Reclamação;Qualidade;Queda de sinal / cobertura inadequada;Pendente;SMP;TELEFONICA BRASIL S.A.;Grande;Vivo;MG;CONTAGEM;SMP
19/11/2023;20:59;Reclamação;Cobrança;Cobrança indevida / surpresa na fatura;Pendente;SMP;CLARO S.A.;Grande;Claro;MA;SÃO LUÍS;SMP
06/01/2023;19:15;Reclamação;Qualidade;Queda de sinal / cobertura inadequada;Pendente;SMP;TIM S.A.;Grande;TIM;MS;CAMPO GRANDE;SMP
23/05/2022;19:22;Reclamação;Portabilidade;Portabilidade numérica não efetivada;Respondida;SMP;CLARO S.A.;Grande;Claro;MT;SINOP;SMP
04/09/2022;11:29;Reclamação;Atendimento;Atendimento ao cliente;Respondida;SMP;CLARO S/A;Grande;Claro;PA;MARABÁ;SMP
03/09/2022;15:58;Reclamação;Cobrança;Cobrança indevida / surpresa na fatura;Respondida;SMP;TIM S.A.;Grande;TIM;AP;AP - INTERIOR;SMP
05/10/2023;12:04;Reclamação;Portabilidade;Portabilidade numérica não efetivada;Respondida;SMP;CLARO S.A.;Grande;Claro;MT;SINOP;SMP
16/06/2023;10:10;Reclamação;Outros;Outros;Respondida;SMP;TIM S.A.;Grande;TIM;BA;SALVADOR;SMP
05/07/2022;21:00;Reclamação;Qualidade;Queda de sinal / cobertura inadequada;Pendente;SMP;EMBRATEL S.A.;Grande;Claro;SP;CAMPINAS;SMP
01/05/2022;11:52;Reclamação;Qualidade;Queda de sinal / cobertura inadequada;Em análise;SMP;TELEFONICA BRASIL S.A.;Grande;Vivo;AM;MANAUS;SMP
24/12/2022;11:37;Reclamação;Outros;Outros;Respondida;SMP;TELEFONICA BRASIL S.A.;Grande;Vivo;RJ;RIO DE JANEIRO;SMP
25/03/2023;20:38;Reclamação;Portabilidade;Portabilidade numérica não efetivada;Pendente;SMP;TIM S.A.;Grande;TIM;MG;BELO HORIZONTE;SMP
30/04/2023;11:08;Reclamação;Portabilidade;Portabilidade numérica não efetivada;Respondida;SMP;TELEFONICA BRASIL S.A.;Grande;Vivo;GO;GOIÂNIA;SMP
20/11/2023;20:09;Reclamação;Qualidade;Queda de sinal / cobertura inadequada;Respondida;SMP;CLARO S.A.;Grande;Claro;MS;DOURADOS;SMP
04/12/2022;19:20;Reclamação;Qualidade;Queda de sinal / cobertura inadequada;Respondida;SMP;OI S.A.;Grande;Oi;DF;CEILÂNDIA;SMP
12/12/2023;17:26;Reclamação;Qualidade;Queda de sinal / cobertura inadequada;Respondida;SMP;CLARO S.A.;Grande;Claro;MG;BELO HORIZONTE;SMP
29/08/2023;07:26;Reclamação;Qualidade;Queda de sinal / cobertura inadequada;Respondida;SMP;N/A;Grande;TIM;PE;OLINDA;SMP
07/07/2022;14:28;Reclamação;Cobrança;Cobrança indevida / surpresa na fatura;Respondida;SMP;TELEFONICA BRASIL S.A.;Grande;Vivo;RJ;DUQUE DE CAXIAS;SMP
20/08/2023;22:47;Reclamação;Qualidade;Queda de sinal / cobertura inadequada;Respondida;SMP;TELEFONICA BRASIL S.A.;Grande;Vivo;RJ;DUQUE DE CAXIAS;SMP
04/04/2023;14:43;Reclamação;Qualidade;Queda de sinal / cobertura inadequada;Respondida;SMP;CLARO S.A.;Grande;Claro;PE;PETROLINA;SMP
13/02/2022;15:39;Reclamação;Cobrança;Cobrança indevida / surpresa na fatura;Respondida;SMP;TELEFONICA BRASIL S.A.;Grande;Vivo;PA;SANTARÉM;SMP
13/01/2023;08:15;Reclamação;Qualidade;Queda de sinal / cobertura inadequada;Pendente;SMP;CLARO S.A.;Grande;Claro;BA;VITÓRIA DA CONQUISTA;SMP
01/11/2023;22:58;Reclamação;Qualidade;Queda de sinal / cobertura inadequada;Respondida;SMP;OI S.A.;Grande;Oi;BA;FEIRA DE SANTANA;SMP
21/07/2023;12:13;Reclamação;Outros;Outros;Respondida;SMP;TIM S.A.;Grande;TIM;PR;PONTA GROSSA;SMP
07/07/2022;19:22;Reclamação;Cobrança;Cobrança indevida / surpresa na fatura;Pendente;SMP;Claro S.A.;Grande;Claro;PA;BELÉM;SMP
28/04/2022;12:19;Reclamação;Qualidade;Queda de sinal / cobertura inadequada;Respondida;SMP;NET SERVIÇOS DE COMUNICAÇÃO S.A.;Grande;Claro;DF;TAGUATINGA;SMP
02/04/2023;11:36;Reclamação;Internet;Velocidade de internet móvel abaixo;Respondida;SMP;TIM S.A.;Grande;TIM;SP;CAMPINAS;SMP
06/06/2022;14:32;Reclamação;Atendimento;Atendimento ao cliente;Pendente;SMP;TIM S.A.;Grande;TIM;CE;SOBRAL;SMP
19/04/2023;11:32;Reclamação;Cobrança;Cobrança indevida / surpresa na fatura;Respondida;SMP;TELEFONICA BRASIL S.A.;Grande;Vivo;SP;SÃO PAULO;SMP
29/03/2022;13:57;Reclamação;Cobrança;Cobrança indevida / surpresa na fatura;Respondida;SMP;TELEFONICA BRASIL S.A.;Grande;Vivo;PR;MARINGÁ;SMP
31/03/2023;14:52;Reclamação;Internet;Velocidade de internet móvel abaixo;Respondida;SMP;NET SERVIÇOS DE COMUNICAÇÃO S.A.;Grande;Claro;BA;SALVADOR;SMP
04/06/2023;11:33;Reclamação;Atendimento;Atendimento ao cliente;Pendente;SMP;SERCOMTEL S.A. - TELECOMUNICAÇÕES;N/A;Sercomtel;RO;RO - INTERIOR;SMP
07/01/2023;10:18;Reclamação;Internet;Velocidade de internet móvel abaixo;Pendente;SMP;OI S.A.;Grande;Oi;BA;VITÓRIA DA CONQUISTA;SMP
31/07/2022;19:49;Reclamação;NÃO INFORMADO;Velocidade de internet móvel abaixo;Pendente;SMP;TELEFONICA BRASIL S.A.;Grande;Vivo;MG;JUIZ DE FORA;SMP
26/04/2023;16:51;Reclamação;Cobrança;Cobrança indevida / surpresa na fatura;Respondida;SMP;NET SERVIÇOS DE COMUNICAÇÃO S.A.;Grande;Claro;PB;PB - INTERIOR;SMP
23/07/2022;09:42;Reclamação;Portabilidade;Portabilidade numérica não efetivada;Respondida;SMP;TIM S.A.;Grande;TIM;TO;TO - INTERIOR;SMP
03/09/2022;13:00;Reclamação;Qualidade;Queda de sinal / cobertura inadequada;Em análise;SMP;SERCOMTEL S.A. - TELECOMUNICAÇÕES;Pequeno;Sercomtel;SP;GUARULHOS;SMP
19/11/2022;21:38;Reclamação;Qualidade;Queda de sinal / cobertura inadequada;Respondida;SMP;TIM S.A.;Grande;TIM;SC;SC - INTERIOR;SMP
02/08/2023;14:09;Reclamação;Internet;Velocidade de internet móvel abaixo;Respondida;SMP;CLARO S.A.;Grande;Claro;SP;CAMPINAS;SMP
24/02/2023;08:50;Reclamação;Atendimento;Atendimento ao cliente;Respondida;SMP;CLARO S.A.;Grande;Claro;MG;JUIZ DE FORA;SMP
08/12/2023;11:45;Reclamação;Outros;NÃO INFORMADO;Respondida;SMP;CLARO S.A.;Grande;Claro;PE;PETROLINA;SMP
03/10/2023;18:07;Reclamação;Portabilidade;Portabilidade numérica não efetivada;Respondida;SMP;OI S.A.;Grande;Oi;RJ;NITERÓI;SMP
22/02/2023;10:18;Reclamação;Atendimento;Atendimento ao cliente;Respondida;SMP;CLARO S.A.;Grande;Claro;PE;RECIFE;SMP
28/04/2023;17:31;Reclamação;Internet;Velocidade de internet móvel abaixo;Respondida;SMP;TIM S.A.;Grande;TIM;RN;RN - INTERIOR;SMP
12/06/2022;17:19;Reclamação;Cobrança;Cobrança indevida / surpresa na fatura;Respondida;SMP;TELEFONICA BRASIL S.A.;Grande;Vivo;SP;SOROCABA;SMP
29/03/2022;21:04;Reclamação;Cobrança;Cobrança indevida / surpresa na fatura;Respondida;SMP;TELEFONICA BRASIL S.A.;Grande;Vivo;MT;VÁRZEA GRANDE;SMP
25/11/2023;18:29;Reclamação;Portabilidade;Portabilidade numérica não efetivada;Respondida;SMP;OI S.A.;Grande;Oi;RO;RO - INTERIOR;SMP
03/08/2023;09:30;Reclamação;Cobrança;Cobrança indevida / surpresa na fatura;Respondida;SMP;TIM S.A.;Grande;TIM;SP;SÃO PAULO;SMP
08/04/2022;19:03;Reclamação;Cobrança;Cobrança indevida / surpresa na fatura;Respondida;SMP;OI S.A.;Grande;Oi;RO;RO - INTERIOR;SMP
08/06/2022;10:25;Reclamação;Qualidade;Queda de sinal / cobertura inadequada;Respondida;SMP;CLARO S/A;Grande;Claro;MG;BELO HORIZONTE;SMP
17/02/2023;09:28;Reclamação;Qualidade;Queda de sinal / cobertura inadequada;Respondida;SMP;TELEFONICA BRASIL S.A.;Grande;Vivo;SP;CAMPINAS;SMP
03/04/2023;14:07;Reclamação;Cobrança;Cobrança indevida / surpresa na fatura;Respondida;SMP;OI S.A.;Grande;Oi;CE;CAUCAIA;SMP
25/06/2022;15:16;Reclamação;Portabilidade;Portabilidade numérica não efetivada;Respondida;SMP;SERCOMTEL S.A. - TELECOMUNICAÇÕES;Pequeno;Sercomtel;MA;TIMON;SMP
26/09/2023;18:34;Reclamação;Cobrança;-;Respondida;SMP;TIM S.A.;Grande;TIM;SP;SÃO PAULO;SMP
06/03/2022;16:16;Reclamação;Qualidade;Queda de sinal / cobertura inadequada;Respondida;SMP;TIM S.A.;Grande;TIM;PR;PONTA GROSSA;SMP
01/06/2022;22:19;Reclamação;Cobrança;Cobrança indevida / surpresa na fatura;Pendente;SMP;OI S.A.;Grande;Oi;PA;ANANINDEUA;SMP
12/04/2023;17:53;Reclamação;Atendimento;Atendimento ao cliente;Respondida;SMP;CLARO S.A.;Grande;Claro;CE;JUAZEIRO DO NORTE;SMP
28/01/2023;22:56;Reclamação;-;Velocidade de internet móvel abaixo;Respondida;SMP;CLARO S.A.;Grande;Claro;DF;BRASÍLIA;SMP
21/07/2022;18:31;Reclamação;Cobrança; ;Pendente;SMP;TELEFONICA BRASIL S.A.;Grande;Vivo;SC;SC - INTERIOR;SMP
11/10/2022;17:56;Reclamação;Internet;Velocidade de internet móvel abaixo;Respondida;SMP;CLARO S.A.;Grande;Claro;PR;CURITIBA;SMP
27/02/2022;15:48;Reclamação;Cobrança;Cobrança indevida / surpresa na fatura;Respondida;SMP;CLARO S.A.;Grande;Claro;MS;DOURADOS;SMP
24/05/2023;09:09;Reclamação;Internet;Velocidade de internet móvel abaixo;Respondida;SMP;TELEFONICA BRASIL S.A.;Grande;Vivo;BA;VITÓRIA DA CONQUISTA;SMP
10/10/2022;12:20;Reclamação;Internet;Velocidade de internet móvel abaixo;Respondida;SMP;TIM S.A.;Grande;-;RJ;NOVA IGUAÇU;SMP
24/10/2022;12:44;Reclamação;Atendimento;Atendimento ao cliente;Pendente;SMP;TIM S.A.;Grande; ;MG;BELO HORIZONTE;SMP
02/11/2022;07:12;Reclamação;Internet;Velocidade de internet móvel abaixo;Respondida;SMP;CLARO S.A.;Grande;Claro;GO;APARECIDA DE GOIÂNIA;SMP
12/04/2022;16:37;Reclamação;Internet;Velocidade de internet móvel abaixo;Respondida;SMP;TELEFONICA BRASIL S.A.;Grande;Vivo;SP;SOROCABA;SMP
16/07/2022;09:08;Reclamação;Qualidade;Queda de sinal / cobertura inadequada;Pendente;SMP;CLARO S.A.;Grande;Claro;BA;VITÓRIA DA CONQUISTA;SMP
26/08/2022;14:40;Reclamação;Cobrança;Cobrança indevida / surpresa na fatura;Respondida;SMP;OI S.A.;Grande;Oi;GO;APARECIDA DE GOIÂNIA;SMP
25/06/2022;11:00;Reclamação;Cobrança;Cobrança indevida / surpresa na fatura;Em análise;SMP;TELEFONICA BRASIL S.A.;Grande;Vivo;RJ;RIO DE JANEIRO;SMP
22/01/2023;10:56;Reclamação;Cobrança;Cobrança indevida / surpresa na fatura;Respondida;SMP;TELEFONICA BRASIL S.A.;Grande;Vivo;SP;GUARULHOS;SMP
22/03/2022;15:29;Reclamação;Internet;Velocidade de internet móvel abaixo;Respondida;SMP;TIM S.A.;Grande; ;SC;SC - INTERIOR;SMP
01/09/2023;12:45;Reclamação;Qualidade;Queda de sinal / cobertura inadequada;Respondida;SMP;TELEFONICA BRASIL S.A.;Grande;Vivo;RJ;NOVA IGUAÇU;SMP
13/10/2022;12:04;Reclamação;Qualidade;Queda de sinal / cobertura inadequada;Pendente;SMP;TIM S.A.;Grande;TIM;BA;VITÓRIA DA CONQUISTA;SMP
25/09/2023;17:39;Reclamação;Cobrança;Cobrança indevida / surpresa na fatura;Respondida;SMP;TIM S.A.;Grande;TIM;MA;TIMON;SMP
09/10/2022;09:23;Reclamação;Atendimento;Atendimento ao cliente;Respondida;SMP;TELEFONICA BRASIL S.A.;Grande;Vivo;MG;JUIZ DE FORA;SMP
04/04/2022;17:18;Reclamação;Cobrança;Cobrança indevida / surpresa na fatura;Respondida;SMP;CLARO S.A.;Grande;Claro;PB;PB - INTERIOR;SMP
22/08/2023;20:14;Reclamação;Internet;Velocidade de internet móvel abaixo;Pendente;SMP;SERCOMTEL S.A. - TELECOMUNICAÇÕES;Pequeno;Sercomtel;RR;RR - INTERIOR;SMP
30/03/2022;18:10;Reclamação;Cobrança;Cobrança indevida / surpresa na fatura;Respondida;SMP;Tim S.A.;Grande;TIM;MG;UBERLÂNDIA;SMP
09/11/2022;09:35;Reclamação;Atendimento;Atendimento ao cliente;Respondida;SMP;TIM S.A.;Grande;TIM;AM;PARINTINS;SMP
10/07/2023;17:10;Reclamação;Cobrança;Cobrança indevida / surpresa na fatura;Respondida;SMP;OI S.A.;Grande;Oi;PI;PI - INTERIOR;SMP
31/01/2023;11:22;Reclamação;Cobrança;Cobrança indevida / surpresa na fatura;Respondida;SMP;TELEFONICA BRASIL S.A.;Grande;Vivo;MG;CONTAGEM;SMP
26/06/2023;21:33;Reclamação;Atendimento;Atendimento ao cliente;Respondida;SMP;Telefonica Brasil S.A.;Grande;Vivo;BA;FEIRA DE SANTANA;SMP
23/08/2023;18:58;Reclamação;Portabilidade;Portabilidade numérica não efetivada;Pendente;SMP;TELEFONICA BRASIL S.A.;Grande;Vivo;PA;MARABÁ;SMP
04/02/2022;11:06;Reclamação;Atendimento;Atendimento ao cliente;Em análise;SMP;CLARO S.A.;Grande;Claro;RS;PELOTAS;SMP
11/03/2023;15:42;Reclamação;Internet;Velocidade de internet móvel abaixo;Respondida;SMP;CLARO S.A.;Grande;Claro;MA;IMPERATRIZ;SMP
08/01/2022;08:17;Reclamação;Cobrança;Cobrança indevida / surpresa na fatura;Em análise;SMP;TIM S.A.;Grande;TIM;DF;BRASÍLIA;SMP
21/02/2022;15:04;Reclamação;Cobrança;Cobrança indevida / surpresa na fatura;Respondida;SMP;TELEFONICA BRASIL S.A.;Grande;Vivo;PR;PONTA GROSSA;SMP
22/01/2023;09:41;Reclamação;Qualidade;Queda de sinal / cobertura inadequada;Pendente;SMP;EMBRATEL S.A.;Grande;Claro;RS;PELOTAS;SMP
29/07/2023;20:48;Reclamação;Atendimento;Atendimento ao cliente;Pendente;SMP;CLARO S.A.;Grande;Claro;RN;RN - INTERIOR;SMP
27/05/2022;15:31;Reclamação;Internet;Velocidade de internet móvel abaixo;Respondida;SMP;TELEFONICA BRASIL S.A.;Grande;Vivo;SP;SOROCABA;SMP
05/07/2022;14:48;Reclamação;Atendimento;Atendimento ao cliente;Respondida;SMP;TELEFONICA BRASIL S.A.;Grande;Vivo;MT;SINOP;SMP
06/06/2023;07:16;Reclamação;Atendimento;Atendimento ao cliente;Pendente;SMP;EMBRATEL S.A.;Grande;Claro;MS;CAMPO GRANDE;SMP
27/11/2022;07:45;Reclamação;Qualidade;Queda de sinal / cobertura inadequada;Respondida;SMP;CLARO S.A.;Grande;Claro;PE;PETROLINA;SMP
21/04/2022;07:13;Reclamação;Qualidade;Queda de sinal / cobertura inadequada;Respondida;SMP;NET SERVIÇOS DE COMUNICAÇÃO S.A.;Grande;Claro;SP;SOROCABA;SMP
18/03/2023;10:20;Reclamação;Cobrança;Cobrança indevida / surpresa na fatura;Pendente;SMP;OI S.A.;Grande;Oi;RJ;NITERÓI;SMP
21/05/2022;18:24;Reclamação;Cobrança;Cobrança indevida / surpresa na fatura;Respondida;SMP; ;Grande;Vivo;PE;PETROLINA;SMP
11/02/2023;20:12;Reclamação;NÃO INFORMADO;Queda de sinal / cobertura inadequada;Respondida;SMP;OI S.A.;Grande;Oi;RO;RO - INTERIOR;SMP
13/06/2023;13:29;Reclamação;Internet;Velocidade de internet móvel abaixo;Pendente;SMP;TIM S.A.;Grande;TIM;BA;VITÓRIA DA CONQUISTA;SMP
23/09/2022;18:22;Reclamação;Portabilidade;Portabilidade numérica não efetivada;Pendente;SMP;CLARO S.A.;Grande;Claro;SP;CAMPINAS;SMP
07/10/2023;19:08;Reclamação;-;Queda de sinal / cobertura inadequada;Em análise;SMP;OI S.A.;Grande;Oi;BA;SALVADOR;SMP
23/01/2023;19:43;Reclamação;Atendimento;Atendimento ao cliente;Respondida;SMP;CLARO S/A;Grande;Claro;MG;CONTAGEM;SMP
08/09/2022;21:30;Reclamação;Outros;Outros;Respondida;SMP;TELEFONICA BRASIL S.A.;Grande;Vivo;MG;CONTAGEM;SMP
17/11/2022;20:24;Reclamação;Cobrança;Cobrança indevida / surpresa na fatura;Respondida;SMP;TELEFONICA BRASIL S.A.;Grande;Vivo;SC;SC - INTERIOR;SMP
09/02/2023;17:16;Reclamação;Cobrança;Cobrança indevida / surpresa na fatura;Respondida;SMP;OI S.A.;Grande;Oi;DF;CEILÂNDIA;SMP
06/03/2022;08:27;Reclamação;Portabilidade;Portabilidade numérica não efetivada;Em análise;SMP;CLARO S.A.;Grande;Claro;BA;FEIRA DE SANTANA;SMP
10/02/2022;12:19;Reclamação;Qualidade;Queda de sinal / cobertura inadequada;Respondida;SMP;TELEFONICA BRASIL S.A.;Grande;Vivo;BA;SALVADOR;SMP
30/04/2022;16:14;Reclamação;Qualidade;Queda de sinal / cobertura inadequada;Respondida;SMP;TIM S.A.;Grande;TIM;PI;PI - INTERIOR;SMP
14/12/2022;14:39;Reclamação;Qualidade;Queda de sinal / cobertura inadequada;Pendente;SMP;Telefonica Brasil S.A.;Grande;Vivo;MG;CONTAGEM;SMP
14/09/2022;20:21;Reclamação;Internet;Velocidade de internet móvel abaixo;Pendente;SMP;TELEFONICA BRASIL S.A.;Grande;Vivo;RS;CAXIAS DO SUL;SMP
12/08/2023;14:48;Reclamação;Cobrança;Cobrança indevida / surpresa na fatura;Respondida;SMP;TIM S.A.;Grande;TIM;MG;UBERLÂNDIA;SMP
27/10/2022;20:29;Reclamação;Cobrança;Cobrança indevida / surpresa na fatura;Pendente;SMP;CLARO S.A.;Grande;Claro;RN;RN - INTERIOR;SMP
03/09/2023;10:11;Reclamação;Atendimento;Atendimento ao cliente;Pendente;SMP;OI S.A.;Grande;Oi;MT;CUIABÁ;SMP
31/12/2022;22:16;Reclamação;Qualidade;Queda de sinal / cobertura inadequada;Pendente;SMP;TELEFONICA BRASIL S.A.;Grande;Vivo;CE;CAUCAIA;SMP
29/05/2023;14:53;Reclamação;Atendimento;Atendimento ao cliente;Respondida;SMP;TELEFONICA BRASIL S.A.;Grande;Vivo;SP;GUARULHOS;SMP
13/10/2023;13:12;Reclamação;Cobrança;Cobrança indevida / surpresa na fatura;Respondida;SMP;NET SERVIÇOS DE COMUNICAÇÃO S.A.;Grande;Claro;ES;CARIACICA;SMP
01/09/2022;13:30;Reclamação;Outros;Outros;Em análise;SMP;CLARO S.A.;Grande;Claro;RS;PORTO ALEGRE;SMP
16/01/2023;10:19;Reclamação;Portabilidade;Portabilidade numérica não efetivada;Respondida;SMP;TIM S.A.;Grande;TIM;PI;PI - INTERIOR;SMP
29/07/2023;15:52;Reclamação;Qualidade;Queda de sinal / cobertura inadequada;Respondida;SMP;CLARO S.A.;Grande;Claro;ES;VITÓRIA;SMP
05/03/2023;10:52;Reclamação;Internet;Velocidade de internet móvel abaixo;Respondida;SMP;TIM S.A.;Grande;TIM;CE;JUAZEIRO DO NORTE;SMP
16/07/2022;16:27;Reclamação;Cobrança;Cobrança indevida / surpresa na fatura;Respondida;SMP;CLARO S.A.;Grande;Claro;SP;SANTOS;SMP
14/06/2023;07:43;Reclamação;Qualidade;Queda de sinal / cobertura inadequada;Respondida;SMP;OI S.A.;Grande;Oi;MG;BELO HORIZONTE;SMP
01/04/2022;17:23;Reclamação;Cobrança;Cobrança indevida / surpresa na fatura;Respondida;SMP;OI S.A.;Grande;Oi;SC;SC - INTERIOR;SMP
09/12/2023;13:10;Reclamação;Atendimento;Atendimento ao cliente;Respondida;SMP;CLARO S.A.;NÃO INFORMADO;Claro;MS;TRÊS LAGOAS;SMP
16/08/2023;12:06;Reclamação;Qualidade;Queda de sinal / cobertura inadequada;Respondida;SMP;CLARO S.A.;Grande;Claro;PR;LONDRINA;SMP
19/03/2023;09:19;Reclamação;Qualidade;Queda de sinal / cobertura inadequada;Respondida;SMP;TIM S.A.;Grande;TIM;BA;FEIRA DE SANTANA;SMP
20/04/2022;19:59;Reclamação;Internet;Velocidade de internet móvel abaixo;Respondida;SMP;CLARO S.A.;Grande;Claro;PA;SANTARÉM;SMP
31/07/2022;20:31;Reclamação;Portabilidade;Portabilidade numérica não efetivada;Respondida;SMP;TIM S.A.;Grande;TIM;GO;ANÁPOLIS;SMP
16/08/2023;22:54;Reclamação;Cobrança;N/A;Respondida;SMP;CLARO S.A.;Grande;Claro;RS;PORTO ALEGRE;SMP
27/07/2022;22:02;Reclamação;Atendimento;Atendimento ao cliente;Respondida;SMP;CLARO S.A.;Grande;Claro;BA;SALVADOR;SMP
29/06/2023;10:57;Reclamação;Qualidade;Queda de sinal / cobertura inadequada;Respondida;SMP;TELEFONICA BRASIL S.A.;Grande;Vivo;MG;CONTAGEM;SMP
25/07/2022;17:27;Reclamação;Qualidade;Queda de sinal / cobertura inadequada;Respondida;SMP;TELEFONICA BRASIL S.A.;Grande;Vivo;MG;JUIZ DE FORA;SMP
22/11/2022;14:07;Reclamação;Qualidade;Queda de sinal / cobertura inadequada;Respondida;SMP;TELEFONICA BRASIL S.A.;Grande;Vivo;SP;CAMPINAS;SMP
05/01/2022;07:17;Reclamação;Cobrança;Cobrança indevida / surpresa na fatura;Respondida;SMP;EMBRATEL S.A.;Grande;Claro;PR;LONDRINA;SMP
01/06/2023;08:04;Reclamação;Internet;Velocidade de internet móvel abaixo;Em análise;SMP;TIM S.A.;Grande;TIM;SP;SANTOS;SMP
05/04/2022;20:45;Reclamação;Cobrança;Cobrança indevida / surpresa na fatura;Respondida;SMP;CLARO S/A;Grande;Claro;GO;APARECIDA DE GOIÂNIA;SMP
24/03/2022;20:37;Reclamação;Portabilidade;Portabilidade numérica não efetivada;Pendente;SMP;EMBRATEL S.A.;Grande;Claro;RJ;DUQUE DE CAXIAS;SMP
25/06/2023;19:43;Reclamação;Qualidade;Queda de sinal / cobertura inadequada;Respondida;SMP;CLARO S.A.;Grande;Claro;RJ;DUQUE DE CAXIAS;SMP
15/03/2023;13:38;Reclamação;Cobrança;Cobrança indevida / surpresa na fatura;Respondida;SMP;CLARO S.A.;Grande;Claro;PB;PB - INTERIOR;SMP
06/03/2023;18:10;Reclamação;Internet;Velocidade de internet móvel abaixo;Respondida;SMP;TIM S.A.;Grande;TIM;PB;PB - INTERIOR;SMP
10/10/2023;12:46;Reclamação;Outros;Outros;Em análise;SMP;TELEFONICA BRASIL S.A.;Grande;Vivo;RJ;NOVA IGUAÇU;SMP
08/09/2022;12:11;Reclamação;Cobrança;Cobrança indevida / surpresa na fatura;Respondida;SMP;Claro S.A.;Grande;Claro;PB;PB - INTERIOR;SMP
15/03/2023;17:25;Reclamação;Qualidade;Queda de sinal / cobertura inadequada;Respondida;SMP;OI S.A.;-;Oi;SP;CAMPINAS;SMP
01/05/2023;17:23;Reclamação;Atendimento;Atendimento ao cliente;Respondida;SMP;OI S.A.;Grande;Oi;RJ;NITERÓI;SMP
12/04/2023;19:46;Reclamação;Cobrança;Cobrança indevida / surpresa na fatura;Respondida;SMP;TELEFONICA BRASIL S.A.;Grande;Vivo;RS;CAXIAS DO SUL;SMP
07/08/2022;22:10;Reclamação;Internet;Velocidade de internet móvel abaixo;Respondida;SMP;CLARO S.A.;Grande;Claro;AM;MANAUS;SMP
10/12/2023;09:22;Reclamação;Internet;Velocidade de internet móvel abaixo;Respondida;SMP;CLARO S.A.;Grande;Claro;MG;BELO HORIZONTE;SMP
15/06/2022;15:45;Reclamação;Cobrança;Cobrança indevida / surpresa na fatura;Respondida;SMP;CLARO S/A;Grande;Claro;PA;MARABÁ;SMP
09/10/2023;22:06;Reclamação;Qualidade;Queda de sinal / cobertura inadequada;Respondida;SMP;CLARO S.A.;Grande;Claro;BA;FEIRA DE SANTANA;SMP
02/01/2022;07:52;Reclamação;Atendimento;Atendimento ao cliente;Respondida;SMP;CLARO S.A.;Grande;Claro;SP;GUARULHOS;SMP
06/09/2023;13:16;Reclamação;Qualidade;Queda de sinal / cobertura inadequada;Pendente;SMP;TIM S.A.;Grande;TIM;SP;CAMPINAS;SMP
27/02/2022;10:26;Reclamação;Cobrança;Cobrança indevida / surpresa na fatura;Pendente;SMP;TELEFONICA BRASIL S.A.;Grande;Vivo;RJ;NOVA IGUAÇU;SMP
01/12/2022;09:51;Reclamação;Cobrança;Cobrança indevida / surpresa na fatura;Respondida;SMP;OI S.A.;Grande;Oi;BA;VITÓRIA DA CONQUISTA;SMP
28/05/2022;12:27;Reclamação;Qualidade;Queda de sinal / cobertura inadequada;Respondida;SMP;TELEFONICA BRASIL S.A.;Grande;Vivo;MG;CONTAGEM;SMP
08/01/2022;19:38;Reclamação;Internet;Velocidade de internet móvel abaixo;Respondida;SMP;CLARO S.A.;Grande;Claro;SP;CAMPINAS;SMP
26/09/2022;15:51;Reclamação;Portabilidade;Portabilidade numérica não efetivada;Respondida;SMP;TELEFONICA BRASIL S.A.;Grande;Vivo;SP;SOROCABA;SMP
09/01/2022;21:54;Reclamação;Internet;Velocidade de internet móvel abaixo;Respondida;SMP;OI S.A.;Grande;Oi;PR;LONDRINA;SMP
18/06/2022;13:13;Reclamação;Portabilidade;Portabilidade numérica não efetivada;Respondida;SMP;CLARO S.A.;Grande;Claro;RS;CANOAS;SMP
22/10/2023;16:18;Reclamação;Internet;Velocidade de internet móvel abaixo;Respondida;SMP;TIM S.A.;Grande;TIM;SP;GUARULHOS;SMP
02/08/2023;21:17;Reclamação;Outros;Outros;Respondida;SMP;CLARO S/A;Grande;Claro;DF;TAGUATINGA;SMP
12/05/2022;08:26;Reclamação;Internet;Velocidade de internet móvel abaixo;Em análise;SMP;-;Grande;Claro;SP;CAMPINAS;SMP
21/11/2023;08:39;Reclamação;Atendimento;Atendimento ao cliente;Respondida;SMP;OI S.A.;Grande;Oi;BA;FEIRA DE SANTANA;SMP
05/08/2022;12:21;Reclamação;Internet;Velocidade de internet móvel abaixo;Pendente;SMP;Tim S.A.;Grande;TIM;SP;CAMPINAS;SMP
04/06/2022;17:36;Reclamação;Qualidade;Queda de sinal / cobertura inadequada;Respondida;SMP;NET SERVIÇOS DE COMUNICAÇÃO S.A.;Grande;Claro;BA;SALVADOR;SMP
25/07/2023;21:50;Reclamação;Cobrança;Cobrança indevida / surpresa na fatura;Respondida;SMP;CLARO S.A.;Grande;Claro;SP;SOROCABA;SMP
19/03/2022;11:08;Reclamação;Portabilidade;Portabilidade numérica não efetivada;Respondida;SMP;TELEFONICA BRASIL S.A.;Grande;Vivo;SP;SANTOS;SMP
11/04/2023;20:18;Reclamação;Cobrança;Cobrança indevida / surpresa na fatura;Respondida;SMP;TELEFONICA BRASIL S.A.;Grande;Vivo;RN;RN - INTERIOR;SMP
16/11/2023;21:24;Reclamação;Internet;Velocidade de internet móvel abaixo;Respondida;SMP;TIM S.A.;Grande;TIM;DF;CEILÂNDIA;SMP
05/03/2023;11:14;Reclamação;Cobrança;Cobrança indevida / surpresa na fatura;Respondida;SMP;CLARO S.A.;Grande;Claro;MG;JUIZ DE FORA;SMP
08/06/2023;14:15;Reclamação;Qualidade;Queda de sinal / cobertura inadequada;Respondida;SMP;TIM S.A.;Grande;TIM;SP;SÃO PAULO;SMP
10/01/2022;09:31;Reclamação;Qualidade;Queda de sinal / cobertura inadequada;Respondida;SMP;Tim S.A.;Grande;TIM;MA;SÃO LUÍS;SMP
02/07/2023;15:18;Reclamação;Internet;Velocidade de internet móvel abaixo;Respondida;SMP;OI S.A.;Grande;Oi;BA;SALVADOR;SMP
16/10/2023;10:49;Reclamação;-;Cobrança indevida / surpresa na fatura;Respondida;SMP;TELEFONICA BRASIL S.A.;Grande;Vivo;GO;ANÁPOLIS;SMP
20/09/2023;18:51;Reclamação;Qualidade;Queda de sinal / cobertura inadequada;Pendente;SMP;CLARO S.A.;Grande;Claro;RJ;DUQUE DE CAXIAS;SMP
06/09/2023;08:25;Reclamação;Qualidade;Queda de sinal / cobertura inadequada;Respondida;SMP;Tim S.A.;Grande;TIM;PR;PONTA GROSSA;SMP
30/05/2023;07:54;Reclamação;Portabilidade;Portabilidade numérica não efetivada;Respondida;SMP;CLARO S.A.;Grande;Claro;BA;FEIRA DE SANTANA;SMP
19/03/2022;15:56;Reclamação;Portabilidade;Portabilidade numérica não efetivada;Respondida;SMP;TIM S.A.;Grande;TIM;RS;PELOTAS;SMP
08/04/2023;14:07;Reclamação;Qualidade;Queda de sinal / cobertura inadequada;Pendente;SMP;TIM S.A.;Grande;TIM;GO;GOIÂNIA;SMP
27/04/2022;11:35;Reclamação;Internet;N/A;Respondida;SMP;OI S.A.;Grande;Oi;CE;SOBRAL;SMP
01/11/2023;15:48;Reclamação;Cobrança;Cobrança indevida / surpresa na fatura;Respondida;SMP;TIM S.A.;Grande;TIM;AM;PARINTINS;SMP
01/11/2023;18:04;Reclamação;Qualidade;Queda de sinal / cobertura inadequada;Respondida;SMP;CLARO S.A.;Grande;Claro;MA;SÃO LUÍS;SMP
02/01/2022;14:38;Reclamação;Qualidade;Queda de sinal / cobertura inadequada;Pendente;SMP;CLARO S.A.;Grande;Claro;MG;UBERLÂNDIA;SMP
27/02/2023;07:58;Reclamação;Internet;Velocidade de internet móvel abaixo;Respondida;SMP;TELEFONICA BRASIL S.A.;Grande;Vivo;ES;CARIACICA;SMP
26/01/2023;09:24;Reclamação;Qualidade;Queda de sinal / cobertura inadequada;Respondida;SMP;CLARO S.A.;Grande;Claro;GO;ANÁPOLIS;SMP
02/10/2023;09:14;Reclamação;Internet;Velocidade de internet móvel abaixo;Respondida;SMP;CLARO S.A.;Grande;Claro;AC;AC - INTERIOR;SMP
16/08/2023;16:29;Reclamação;Cobrança;Cobrança indevida / surpresa na fatura;Pendente;SMP;TELEFONICA BRASIL S.A.;Grande;Vivo;SP;SÃO PAULO;SMP
06/09/2023;12:55;Reclamação;Qualidade;Queda de sinal / cobertura inadequada;Pendente;SMP;CLARO S.A.;Grande;Claro;ES;CARIACICA;SMP
16/10/2023;13:13;Reclamação;Atendimento;Atendimento ao cliente;Pendente;SMP;TIM S.A.;Grande;TIM;BA;FEIRA DE SANTANA;SMP
06/06/2023;22:57;Reclamação;Portabilidade;Portabilidade numérica não efetivada;Respondida;SMP;CLARO S.A.;Grande;Claro;RN;RN - INTERIOR;SMP
24/03/2022;22:39;Reclamação;Cobrança;Cobrança indevida / surpresa na fatura;Respondida;SMP;TIM S.A.;Grande;TIM;AM;ITACOATIARA;SMP
07/02/2023;08:02;Reclamação;Outros;Outros;Respondida;SMP;CLARO S.A.;Grande;Claro;MG;BELO HORIZONTE;SMP
08/09/2023;10:44;Reclamação;Portabilidade;Portabilidade numérica não efetivada;Respondida;SMP;CLARO S/A;Grande;Claro;MG;UBERLÂNDIA;SMP
26/06/2022;10:45;Reclamação;Internet;Velocidade de internet móvel abaixo;Pendente;SMP;TIM S.A.;Grande;TIM;RN;RN - INTERIOR;SMP
10/11/2023;16:57;Reclamação;Portabilidade;Portabilidade numérica não efetivada;Respondida;SMP;CLARO S.A.;Grande;Claro;RJ;NOVA IGUAÇU;SMP
16/11/2023;11:42;Reclamação;Qualidade;Queda de sinal / cobertura inadequada;Respondida;SMP;CLARO S.A.;Grande;Claro;TO;TO - INTERIOR;SMP
25/07/2022;20:21;Reclamação;Cobrança;Cobrança indevida / surpresa na fatura;Pendente;SMP;TIM S.A.;Grande;TIM;PE;OLINDA;SMP
18/06/2022;13:46;Reclamação;Qualidade;Queda de sinal / cobertura inadequada;Respondida;SMP;TIM S.A.;Grande;TIM;PA;MARABÁ;SMP
18/04/2023;16:39;Reclamação;Cobrança;Cobrança indevida / surpresa na fatura;Em análise;SMP;NET SERVIÇOS DE COMUNICAÇÃO S.A.;Grande;Claro;ES;VILA VELHA;SMP
20/02/2022;10:01;Reclamação;Internet;Velocidade de internet móvel abaixo;Respondida;SMP;TIM S.A.;Grande;TIM;SC;SC - INTERIOR;SMP
23/02/2023;09:15;Reclamação;Cobrança;Cobrança indevida / surpresa na fatura;Respondida;SMP;CLARO S.A.;Grande;Claro;RJ;NOVA IGUAÇU;SMP
21/09/2022;08:30;Reclamação;Cobrança;Cobrança indevida / surpresa na fatura;Respondida;SMP;CLARO S.A.;Grande;Claro;RN;RN - INTERIOR;SMP
01/05/2022;12:06;Reclamação;Cobrança;Cobrança indevida / surpresa na fatura;Respondida;SMP;CLARO S.A.;Grande;Claro;RJ;NITERÓI;SMP
26/10/2022;18:14;Reclamação;Cobrança;Cobrança indevida / surpresa na fatura;Pendente;SMP;TIM S.A.;Grande;TIM;AM;ITACOATIARA;SMP
07/08/2023;19:55;Reclamação;Internet;Velocidade de internet móvel abaixo;Respondida;SMP;NÃO INFORMADO;-;Claro;MT;CUIABÁ;SMP
23/12/2022;09:27;Reclamação;Internet;Velocidade de internet móvel abaixo;Pendente;SMP;TELEFONICA BRASIL S.A.;Grande;Vivo;PE;RECIFE;SMP
13/09/2022;17:51;Reclamação;NÃO INFORMADO;Queda de sinal / cobertura inadequada;Respondida;SMP;TELEFONICA BRASIL S.A.;Grande;Vivo;RJ;RIO DE JANEIRO;SMP
11/03/2023;09:05;Reclamação;Cobrança;Cobrança indevida / surpresa na fatura;Em análise;SMP;CLARO S.A.;Grande;Claro;MG;BELO HORIZONTE;SMP
24/02/2023;20:51;Reclamação;Qualidade;Queda de sinal / cobertura inadequada;Respondida;SMP;CLARO S.A.;Grande;Claro;MG;UBERLÂNDIA;SMP
28/12/2022;13:51;Reclamação;Cobrança;Cobrança indevida / surpresa na fatura;Respondida;SMP;CLARO S.A.;Grande;Claro;RR;RR - INTERIOR;SMP
26/05/2023;19:10;Reclamação;Cobrança;Cobrança indevida / surpresa na fatura;Respondida;SMP;SERCOMTEL S.A. - TELECOMUNICAÇÕES;Pequeno;Sercomtel;MS;TRÊS LAGOAS;SMP
23/02/2022;17:44;Reclamação;Cobrança;Cobrança indevida / surpresa na fatura;Pendente;SMP;TELEFONICA BRASIL S.A.;Grande;Vivo;MG;CONTAGEM;SMP
28/07/2023;18:00;Reclamação;Cobrança;Cobrança indevida / surpresa na fatura;Respondida;SMP;TELEFONICA BRASIL S.A.;Grande;Vivo;MG;CONTAGEM;SMP
05/07/2022;13:43;Reclamação;Cobrança;Cobrança indevida / surpresa na fatura;Respondida;SMP;NET SERVIÇOS DE COMUNICAÇÃO S.A.;Grande;Claro;CE;FORTALEZA;SMP
10/04/2022;16:47;Reclamação;Qualidade;Queda de sinal / cobertura inadequada;Respondida;SMP;TELEFONICA BRASIL S.A.;Grande;Vivo;AC;AC - INTERIOR;SMP
03/09/2022;22:24;Reclamação;Portabilidade;Portabilidade numérica não efetivada;Respondida;SMP;CLARO S.A.;Grande;Claro;SP;SOROCABA;SMP
16/02/2023;20:17;Reclamação;Qualidade;Queda de sinal / cobertura inadequada;Respondida;SMP;NET SERVIÇOS DE COMUNICAÇÃO S.A.;Grande;Claro;SC;SC - INTERIOR;SMP
21/10/2023;20:34;Reclamação;Cobrança;Cobrança indevida / surpresa na fatura;Respondida;SMP;TELEFONICA BRASIL S.A.;Grande;Vivo;SP;SÃO PAULO;SMP
12/09/2022;14:00;Reclamação;Internet;Velocidade de internet móvel abaixo;Respondida;SMP;TIM S.A.;Grande;TIM;MS;TRÊS LAGOAS;SMP
17/07/2023;16:43;Reclamação;N/A;Queda de sinal / cobertura inadequada;Pendente;SMP;OI S.A.;Grande;-;ES;CARIACICA;SMP
11/03/2023;16:10;Reclamação;Internet;Velocidade de internet móvel abaixo;Pendente;SMP;TIM S.A.;Grande;TIM;SC;SC - INTERIOR;SMP
23/06/2023;22:25;Reclamação;Cobrança;Cobrança indevida / surpresa na fatura;Respondida;SMP;TELEFONICA BRASIL S.A.;Grande;Vivo;SP;GUARULHOS;SMP
15/01/2023;11:26;Reclamação;Outros;Outros;Respondida;SMP;OI S.A.;Grande;Oi;MG;UBERLÂNDIA;SMP
05/10/2023;20:10;Reclamação;Cobrança;Cobrança indevida / surpresa na fatura;Respondida;SMP;CLARO S.A.;Grande;Claro;RJ;RIO DE JANEIRO;SMP
05/09/2023;10:28;Reclamação;Cobrança;Cobrança indevida / surpresa na fatura;Respondida;SMP;CLARO S.A.;Grande;Claro;CE;SOBRAL;SMP
20/11/2023;19:27;Reclamação;Outros;Outros;Respondida;SMP;NET SERVIÇOS DE COMUNICAÇÃO S.A.;Grande;Claro;SP;SANTOS;SMP
10/08/2023;11:10;Reclamação;Cobrança;Cobrança indevida / surpresa na fatura;Respondida;SMP;NET SERVIÇOS DE COMUNICAÇÃO S.A.;Grande;Claro;BA;SALVADOR;SMP
23/02/2022;07:33;Reclamação;Cobrança;Cobrança indevida / surpresa na fatura;Respondida;SMP;TELEFONICA BRASIL S.A.;Grande;Vivo;SP;SANTOS;SMP
18/05/2023;21:07;Reclamação;Atendimento;Atendimento ao cliente;Respondida;SMP;TIM S.A.;Grande;TIM;GO;GOIÂNIA;SMP
16/10/2023;20:40;Reclamação;Internet;Velocidade de internet móvel abaixo;Respondida;SMP;CLARO S/A;Grande;Claro;RJ;NOVA IGUAÇU;SMP
13/03/2022;08:53;Reclamação;Portabilidade;Portabilidade numérica não efetivada;Respondida;SMP;OI S.A.;Grande;Oi;MG;BELO HORIZONTE;SMP
20/01/2023;19:20;Reclamação;Qualidade;Queda de sinal / cobertura inadequada;Respondida;SMP;TIM S.A.;Grande;TIM;PB;PB - INTERIOR;SMP
28/06/2023;12:55;Reclamação;Portabilidade;Portabilidade numérica não efetivada;Respondida;SMP;CLARO S.A.; ;Claro;SP;SÃO PAULO;SMP
10/06/2023;16:21;Reclamação;Cobrança;Cobrança indevida / surpresa na fatura;Respondida;SMP;CLARO S.A.;Grande;Claro;SC;SC - INTERIOR;SMP
06/01/2023;07:45;Reclamação;Portabilidade;Portabilidade numérica não efetivada;Respondida;SMP;TIM S.A.;Grande;TIM;AL;AL - INTERIOR;SMP
20/09/2022;18:22;Reclamação;Internet;Velocidade de internet móvel abaixo;Respondida;SMP;OI S.A.;Grande;Oi;RS;CANOAS;SMP
12/07/2022;15:55;Reclamação;Atendimento;Atendimento ao cliente;Pendente;SMP;CLARO S.A.;Grande;Claro;SP;GUARULHOS;SMP
29/07/2023;10:14;Reclamação;Cobrança;Cobrança indevida / surpresa na fatura;Respondida;SMP;TIM S.A.;Grande;TIM;AM;PARINTINS;SMP
30/09/2023;20:42;Reclamação;Internet;Velocidade de internet móvel abaixo;Em análise;SMP;CLARO S.A.;Grande;Claro;MT;CUIABÁ;SMP
19/09/2022;14:19;Reclamação;Cobrança;Cobrança indevida / surpresa na fatura;Pendente;SMP;TELEFONICA BRASIL S.A.;Grande;Vivo;PR;CURITIBA;SMP
04/06/2023;15:23;Reclamação;Cobrança;Cobrança indevida / surpresa na fatura;Pendente;SMP;CLARO S.A.;NÃO INFORMADO; ;CE;JUAZEIRO DO NORTE;SMP
08/02/2023;08:27;Reclamação;Internet;Velocidade de internet móvel abaixo;Respondida;SMP;EMBRATEL S.A.;Grande;Claro;PR;MARINGÁ;SMP
22/02/2022;21:10;Reclamação;Internet;Velocidade de internet móvel abaixo;Respondida;SMP;TIM S.A.; ;TIM;RN;RN - INTERIOR;SMP
14/10/2023;08:09;Reclamação;Atendimento;Atendimento ao cliente;Respondida;SMP;CLARO S.A.;Grande;Claro;PR;CURITIBA;SMP
26/11/2022;12:53;Reclamação;Qualidade;Queda de sinal / cobertura inadequada;Respondida;SMP;Oi S.A.;Grande;Oi;SC;SC - INTERIOR;SMP
04/12/2023;09:41;Reclamação;Outros;Outros;Respondida;SMP;NET SERVIÇOS DE COMUNICAÇÃO S.A.;Grande;Claro;PA;MARABÁ;SMP
06/05/2023;20:19;Reclamação;Qualidade;Queda de sinal / cobertura inadequada;Pendente;SMP;OI S.A.;Grande;N/A;ES;VITÓRIA;SMP
15/04/2022;16:11;Reclamação;Qualidade;Queda de sinal / cobertura inadequada;Pendente;SMP;CLARO S.A.;Grande;Claro;SP;SANTOS;SMP
23/11/2022;08:26;Reclamação;Qualidade;Queda de sinal / cobertura inadequada;Respondida;SMP;TELEFONICA BRASIL S.A.;Grande;Vivo;PR;PONTA GROSSA;SMP
07/09/2023;22:07;Reclamação;Qualidade;Queda de sinal / cobertura inadequada;Em análise;SMP;TELEFONICA BRASIL S.A.;Grande;Vivo;RJ;NOVA IGUAÇU;SMP
05/12/2022;11:54;Reclamação;Qualidade;Queda de sinal / cobertura inadequada;Respondida;SMP;CLARO S/A;Grande;Claro;PE;CARUARU;SMP
18/01/2022;19:19;Reclamação;Cobrança;Cobrança indevida / surpresa na fatura;Respondida;SMP;CLARO S.A.;Grande;Claro;PR;CURITIBA;SMP
05/06/2022;13:51;Reclamação;Atendimento;Atendimento ao cliente;Respondida;SMP;OI S.A.;Grande;Oi;RS;CAXIAS DO SUL;SMP
16/06/2023;19:49;Reclamação;Portabilidade;Portabilidade numérica não efetivada;Respondida;SMP;OI S.A.;Grande;Oi;SP;GUARULHOS;SMP
05/08/2023;15:29;Reclamação;Cobrança;Cobrança indevida / surpresa na fatura;Respondida;SMP;TIM S.A.;Grande;TIM;PI;PI - INTERIOR;SMP
08/12/2023;09:07;Reclamação;Outros;Outros;Respondida;SMP;NET SERVIÇOS DE COMUNICAÇÃO S.A.;Grande;Claro;SP;SANTOS;SMP
22/01/2023;14:37;Reclamação;Qualidade;Queda de sinal / cobertura inadequada;Respondida;SMP;OI S.A.;Grande;Oi;PB;PB - INTERIOR;SMP
25/06/2022;11:24;Reclamação;Outros;Outros;Pendente;SMP;TELEFONICA BRASIL S.A.;Grande;Vivo;CE;CAUCAIA;SMP
30/08/2022;09:17;Reclamação;Cobrança;Cobrança indevida / surpresa na fatura;Respondida;SMP;TIM S.A.;Grande;TIM;PA;MARABÁ;SMP
05/09/2023;11:14;Reclamação;Internet;Velocidade de internet móvel abaixo;Respondida;SMP;CLARO S.A.;Grande;Claro;RS;PORTO ALEGRE;SMP
30/09/2023;17:59;Reclamação;Qualidade;Queda de sinal / cobertura inadequada;Respondida;SMP;TIM S.A.;Grande;TIM;PE;OLINDA;SMP
06/09/2022;22:50;Reclamação;Portabilidade;-;Respondida;SMP;N/A;Grande;Claro;SP;SANTOS;SMP
19/11/2023;22:17;Reclamação;Internet;Velocidade de internet móvel abaixo;Respondida;SMP;TIM S.A.;Grande;TIM;SP;CAMPINAS;SMP
03/03/2023;08:44;Reclamação;Cobrança;Cobrança indevida / surpresa na fatura;Respondida;SMP;CLARO S/A;Grande;Claro;SP;SOROCABA;SMP
07/12/2023;22:17;Reclamação;Qualidade;Queda de sinal / cobertura inadequada;Respondida;SMP;Tim S.A.;Grande;TIM;PR;LONDRINA;SMP
10/07/2023;18:51;Reclamação;Portabilidade;Portabilidade numérica não efetivada;Respondida;SMP;TIM S.A.;Grande;TIM;AL;AL - INTERIOR;SMP
28/08/2023;09:14;Reclamação;Qualidade;Queda de sinal / cobertura inadequada;Pendente;SMP;CLARO S.A.;Grande;Claro;RJ;RIO DE JANEIRO;SMP
03/02/2023;17:33;Reclamação;Cobrança;Cobrança indevida / surpresa na fatura;Em análise;SMP;NET SERVIÇOS DE COMUNICAÇÃO S.A.;Grande;Claro;SP;SANTOS;SMP
19/02/2022;07:52;Reclamação;Cobrança;Cobrança indevida / surpresa na fatura;Respondida;SMP;OI S.A.;Grande;Oi;RJ;RIO DE JANEIRO;SMP
31/03/2022;19:21;Reclamação;Qualidade;Queda de sinal / cobertura inadequada;Respondida;SMP;TELEFONICA BRASIL S.A.;Grande;Vivo;PA;SANTARÉM;SMP
13/09/2022;19:34;Reclamação;Atendimento;Atendimento ao cliente;Pendente;SMP;TIM S.A.;Grande;TIM;MA;SÃO LUÍS;SMP
18/09/2022;14:26;Reclamação;Internet;Velocidade de internet móvel abaixo;Respondida;SMP;TELEFONICA BRASIL S.A.;Grande;Vivo;SC;SC - INTERIOR;SMP
06/12/2023;15:07;Reclamação;Portabilidade;Portabilidade numérica não efetivada;Respondida;SMP;TELEFONICA BRASIL S.A.;Grande;Vivo;SC;SC - INTERIOR;SMP
16/04/2023;13:09;Reclamação;Internet;Velocidade de internet móvel abaixo;Em análise;SMP;TELEFONICA BRASIL S.A.;Grande;Vivo;PR;LONDRINA;SMP
31/10/2023;15:15;Reclamação;Portabilidade;Portabilidade numérica não efetivada;Respondida;SMP;TIM S.A.;Grande;TIM;PR;PONTA GROSSA;SMP
16/03/2022;11:18;Reclamação;Qualidade;Queda de sinal / cobertura inadequada;Pendente;SMP;TIM S.A.;Grande;TIM;MT;SINOP;SMP
22/05/2023;14:24;Reclamação;Qualidade;Queda de sinal / cobertura inadequada;Respondida;SMP;CLARO S.A.;Grande;Claro;PE;CARUARU;SMP
09/01/2023;12:24;Reclamação;Internet;Velocidade de internet móvel abaixo;Respondida;SMP;TIM S.A.;Grande;TIM;PA;BELÉM;SMP
16/03/2023;08:54;Reclamação;Portabilidade;Portabilidade numérica não efetivada;Respondida;SMP;TELEFONICA BRASIL S.A.;Grande;Vivo;DF;CEILÂNDIA;SMP
16/06/2023;15:15;Reclamação;Atendimento;Atendimento ao cliente;Respondida;SMP;NET SERVIÇOS DE COMUNICAÇÃO S.A.;Grande;Claro;GO;GOIÂNIA;SMP
12/04/2022;07:18;Reclamação;Qualidade;Queda de sinal / cobertura inadequada;Respondida;SMP;TELEFONICA BRASIL S.A.;Grande;Vivo;PB;PB - INTERIOR;SMP
12/03/2022;18:01;Reclamação;Qualidade;Queda de sinal / cobertura inadequada;Respondida;SMP;OI S.A.;Grande;Oi;BA;SALVADOR;SMP
19/12/2022;20:53;Reclamação;Qualidade;Queda de sinal / cobertura inadequada;Respondida;SMP;OI S.A.;Grande;Oi;ES;CARIACICA;SMP
24/09/2022;20:15;Reclamação;Internet;Velocidade de internet móvel abaixo;Respondida;SMP;CLARO S.A.;Grande;Claro;PR;CURITIBA;SMP
13/06/2023;19:41;Reclamação;Cobrança;Cobrança indevida / surpresa na fatura;Respondida;SMP;TIM S.A.;Grande;TIM;PA;BELÉM;SMP
18/11/2022;20:19;Reclamação;Internet;Velocidade de internet móvel abaixo;Respondida;SMP;TIM S.A.;Grande;TIM;RN;RN - INTERIOR;SMP
19/09/2022;16:24;Reclamação;Portabilidade;Portabilidade numérica não efetivada;Respondida;SMP;TIM S.A.;Grande;TIM;PR;PONTA GROSSA;SMP
09/06/2023;11:18;Reclamação;Cobrança;Cobrança indevida / surpresa na fatura;Pendente;SMP;CLARO S.A.;Grande;Claro;MG;CONTAGEM;SMP
30/04/2022;09:22;Reclamação;Portabilidade;Portabilidade numérica não efetivada;Respondida;SMP;CLARO S.A.;Grande;Claro;BA;SALVADOR;SMP
01/07/2023;15:05;Reclamação;Cobrança;Cobrança indevida / surpresa na fatura;Respondida;SMP;EMBRATEL S.A.;Grande;Claro;MS;CAMPO GRANDE;SMP
09/04/2023;14:12;Reclamação;Portabilidade;Portabilidade numérica não efetivada;Respondida;SMP;CLARO S.A.;Grande;Claro;BA;VITÓRIA DA CONQUISTA;SMP
29/07/2023;14:49;Reclamação;Cobrança;Cobrança indevida / surpresa na fatura;Respondida;SMP;TELEFONICA BRASIL S.A.;Grande;Vivo;RJ;RIO DE JANEIRO;SMP
04/05/2023;08:23;Reclamação;Cobrança; ;Respondida;SMP;TELEFONICA BRASIL S.A.;Grande;Vivo;BA;SALVADOR;SMP
04/08/2022;19:34;Reclamação;Portabilidade;Portabilidade numérica não efetivada;Respondida;SMP;TIM S.A.;Grande;TIM;BA;FEIRA DE SANTANA;SMP
22/11/2023;11:00;Reclamação;Qualidade;Queda de sinal / cobertura inadequada;Respondida;SMP;TELEFONICA BRASIL S.A.;Grande;Vivo;MG;UBERLÂNDIA;SMP
04/06/2023;10:41;Reclamação;Cobrança;Cobrança indevida / surpresa na fatura;Pendente;SMP;TIM S.A.;Grande;TIM;CE;SOBRAL;SMP
18/11/2022;19:38;Reclamação;Atendimento;Atendimento ao cliente;Pendente;SMP;TELEFONICA BRASIL S.A.;Grande;Vivo;MG;BELO HORIZONTE;SMP
26/05/2022;12:27;Reclamação;Portabilidade;Portabilidade numérica não efetivada;Em análise;SMP;CLARO S.A.;Grande;Claro;MT;SINOP;SMP
18/02/2022;14:55;Reclamação;Cobrança;Cobrança indevida / surpresa na fatura;Pendente;SMP;TELEFONICA BRASIL S.A.;Grande;Vivo;DF;TAGUATINGA;SMP
09/10/2022;09:34;Reclamação;Qualidade;Queda de sinal / cobertura inadequada;Pendente;SMP;CLARO S.A.;Grande;Claro;RJ;NOVA IGUAÇU;SMP
11/02/2022;19:50;Reclamação;Qualidade;Queda de sinal / cobertura inadequada;Respondida;SMP;TIM S.A.;Grande;TIM;RJ;NOVA IGUAÇU;SMP
16/07/2023;17:32;Reclamação;Qualidade;Queda de sinal / cobertura inadequada;Em análise;SMP;TELEFONICA BRASIL S.A.;Grande;Vivo;CE;SOBRAL;SMP
02/11/2023;19:00;Reclamação;Internet;Velocidade de internet móvel abaixo;Respondida;SMP;CLARO S.A.;Grande;Claro;MG;JUIZ DE FORA;SMP
19/04/2023;13:06;Reclamação;Cobrança;Cobrança indevida / surpresa na fatura;Respondida;SMP;CLARO S.A.;Grande;Claro;SP;CAMPINAS;SMP
20/05/2022;12:01;Reclamação;Cobrança;Cobrança indevida / surpresa na fatura;Em análise;SMP;CLARO S.A.;Grande;Claro;DF;CEILÂNDIA;SMP
25/05/2023;07:31;Reclamação;Internet;Velocidade de internet móvel abaixo;Respondida;SMP;TIM S.A.;Grande;TIM;SP;SÃO PAULO;SMP
13/05/2022;13:26;Reclamação;Atendimento;Atendimento ao cliente;Em análise;SMP;TIM S.A.;Grande;TIM;MG;JUIZ DE FORA;SMP
28/04/2022;08:14;Reclamação;Internet;Velocidade de internet móvel abaixo;Respondida;SMP;OI S.A.;Grande;Oi;RS;CANOAS;SMP
03/09/2023;22:24;Reclamação;Portabilidade;Portabilidade numérica não efetivada;Em análise;SMP;TELEFONICA BRASIL S.A.;Grande;Vivo;BA;VITÓRIA DA CONQUISTA;SMP
08/01/2022;17:54;Reclamação;Cobrança;Cobrança indevida / surpresa na fatura;Respondida;SMP;-;Grande;Vivo;PR;PONTA GROSSA;SMP
15/05/2023;15:56;Reclamação;Cobrança;-;Pendente;SMP;TELEFONICA BRASIL S.A.;Grande;Vivo;SP;SÃO PAULO;SMP
14/11/2022;18:28;Reclamação;Qualidade;Queda de sinal / cobertura inadequada;Respondida;SMP;TIM S.A.;Grande;TIM;PR;MARINGÁ;SMP
17/05/2023;12:04;Reclamação;Cobrança;Cobrança indevida / surpresa na fatura;Respondida;SMP;OI S.A.;Grande;Oi;SP;GUARULHOS;SMP
18/08/2022;11:04;Reclamação;Internet;Velocidade de internet móvel abaixo;Respondida;SMP;TELEFONICA BRASIL S.A.;Grande;Vivo;BA;FEIRA DE SANTANA;SMP
03/04/2023;22:39;Reclamação;Internet;Velocidade de internet móvel abaixo;Pendente;SMP;TIM S.A.;Grande;TIM;AM;MANAUS;SMP
20/11/2023;18:32;Reclamação;Atendimento;Atendimento ao cliente;Respondida;SMP;TELEFONICA BRASIL S.A.;Grande;Vivo;RJ;RIO DE JANEIRO;SMP
21/08/2022;14:31;Reclamação;Atendimento;Atendimento ao cliente;Respondida;SMP;TELEFONICA BRASIL S.A.;Grande;Vivo;SP;GUARULHOS;SMP
12/06/2022;17:35;Reclamação;Internet;Velocidade de internet móvel abaixo;Respondida;SMP;TELEFONICA BRASIL S.A.;Grande;Vivo;AM;MANAUS;SMP
30/03/2023;20:54;Reclamação;Qualidade;Queda de sinal / cobertura inadequada;Pendente;SMP;CLARO S.A.;Grande;Claro;PR;PONTA GROSSA;SMP
10/02/2023;10:39;Reclamação;Qualidade;Queda de sinal / cobertura inadequada;Em análise;SMP;TELEFONICA BRASIL S.A.;Grande;Vivo;MS;TRÊS LAGOAS;SMP
24/07/2023;21:12;Reclamação;Qualidade;Queda de sinal / cobertura inadequada;Respondida;SMP;OI S.A.;Grande;Oi;PA;MARABÁ;SMP
10/03/2022;16:46;Reclamação;Portabilidade;Portabilidade numérica não efetivada;Respondida;SMP;TELEFONICA BRASIL S.A.;Grande;Vivo;BA;FEIRA DE SANTANA;SMP
23/12/2022;09:32;Reclamação;Cobrança;Cobrança indevida / surpresa na fatura;Respondida;SMP;NET SERVIÇOS DE COMUNICAÇÃO S.A.;Grande;Claro;SC;SC - INTERIOR;SMP
12/06/2022;12:58;Reclamação;Cobrança;Cobrança indevida / surpresa na fatura;Respondida;SMP;CLARO S.A.;Grande;Claro;BA;VITÓRIA DA CONQUISTA;SMP
20/01/2023;22:16;Reclamação;Cobrança;Cobrança indevida / surpresa na fatura;Respondida;SMP;CLARO S.A.;Grande;Claro;MG;CONTAGEM;SMP
29/04/2023;14:24;Reclamação;Portabilidade;Portabilidade numérica não efetivada;Em análise;SMP;NET SERVIÇOS DE COMUNICAÇÃO S.A.;Grande;Claro;PE;RECIFE;SMP
29/03/2022;18:18;Reclamação;Portabilidade;Portabilidade numérica não efetivada;Respondida;SMP;CLARO S.A.;Grande;Claro;MA;TIMON;SMP
26/05/2023;22:00;Reclamação;Cobrança;Cobrança indevida / surpresa na fatura;Respondida;SMP;CLARO S.A.;Grande;Claro;CE;SOBRAL;SMP
12/08/2022;07:58;Reclamação;Portabilidade;Portabilidade numérica não efetivada;Pendente;SMP;TELEFONICA BRASIL S.A.;Grande;Vivo;ES;CARIACICA;SMP
19/08/2023;22:04;Reclamação;Cobrança;Cobrança indevida / surpresa na fatura;Respondida;SMP;NET SERVIÇOS DE COMUNICAÇÃO S.A.;Grande;Claro;CE;JUAZEIRO DO NORTE;SMP
26/03/2022;21:25;Reclamação;Cobrança;Cobrança indevida / surpresa na fatura;Respondida;SMP;CLARO S.A.;Grande;Claro;MG;JUIZ DE FORA;SMP
09/01/2022;08:52;Reclamação;Cobrança;Cobrança indevida / surpresa na fatura;Respondida;SMP;CLARO S/A;Grande;Claro;SE;SE - INTERIOR;SMP
10/05/2023;19:12;Reclamação;Qualidade;Queda de sinal / cobertura inadequada;Respondida;SMP;TELEFONICA BRASIL S.A.;Grande;Vivo;SP;GUARULHOS;SMP
24/07/2022;13:05;Reclamação;Cobrança;Cobrança indevida / surpresa na fatura;Pendente;SMP;CLARO S.A.;Grande;Claro;SP;SOROCABA;SMP
21/11/2022;16:33;Reclamação;Qualidade;Queda de sinal / cobertura inadequada;Respondida;SMP;NET SERVIÇOS DE COMUNICAÇÃO S.A.;Grande;Claro;MG;UBERLÂNDIA;SMP
04/10/2022;10:01;Reclamação;-;Cobrança indevida / surpresa na fatura;Respondida;SMP;TELEFONICA BRASIL S.A.;Grande;Vivo;PR;LONDRINA;SMP
06/12/2023;16:00;Reclamação;Cobrança;Cobrança indevida / surpresa na fatura;Pendente;SMP;OI S.A.;Grande;Oi;PE;PETROLINA;SMP
18/07/2023;20:57;Reclamação;Atendimento;N/A;Respondida;SMP;OI S.A.;Grande;Oi;MA;IMPERATRIZ;SMP
26/12/2023;15:53;Reclamação;Portabilidade;Portabilidade numérica não efetivada;Respondida;SMP;TIM S.A.;Grande;TIM;SP;CAMPINAS;SMP
14/04/2023;17:09;Reclamação;Internet;Velocidade de internet móvel abaixo;Respondida;SMP;CLARO S.A.;Grande;Claro;RJ;RIO DE JANEIRO;SMP
18/06/2022;12:52;Reclamação;Cobrança;Cobrança indevida / surpresa na fatura;Respondida;SMP;CLARO S/A;NÃO INFORMADO;Claro;MG;CONTAGEM;SMP
10/03/2023;14:21;Reclamação;Cobrança;Cobrança indevida / surpresa na fatura;Em análise;SMP;CLARO S/A;Grande;Claro;SP;SOROCABA;SMP
28/09/2023;07:50;Reclamação;Atendimento;Atendimento ao cliente;Pendente;SMP;TELEFONICA BRASIL S.A.;Grande;Vivo;ES;VILA VELHA;SMP
06/03/2022;08:28;Reclamação;Portabilidade;Portabilidade numérica não efetivada;Respondida;SMP;CLARO S.A.;Grande;Claro;SE;SE - INTERIOR;SMP
08/11/2023;16:10;Reclamação;Internet;Velocidade de internet móvel abaixo;Pendente;SMP;CLARO S.A.;Grande;Claro;GO;APARECIDA DE GOIÂNIA;SMP
17/06/2022;12:32;Reclamação;Internet;Velocidade de internet móvel abaixo;Pendente;SMP;CLARO S/A;Grande;Claro;RN;RN - INTERIOR;SMP
18/09/2022;10:03;Reclamação;Cobrança;Cobrança indevida / surpresa na fatura;Respondida;SMP;CLARO S/A;Grande;Claro;PR;PONTA GROSSA;SMP
30/10/2022;17:54;Reclamação;Outros;Outros;Respondida;SMP;TIM S.A.;Grande;TIM;RS;PELOTAS;SMP
28/03/2022;13:12;Reclamação;Internet;Velocidade de internet móvel abaixo;Respondida;SMP;TELEFONICA BRASIL S.A.;Grande;Vivo;ES;CARIACICA;SMP
28/11/2022;14:09;Reclamação;Qualidade;Queda de sinal / cobertura inadequada;Respondida;SMP;TELEFONICA BRASIL S.A.;Grande;Vivo;MA;IMPERATRIZ;SMP
16/10/2023;15:11;Reclamação;Cobrança;Cobrança indevida / surpresa na fatura;Respondida;SMP;Tim S.A.;Grande;TIM;MT;CUIABÁ;SMP
08/03/2023;13:43;Reclamação;NÃO INFORMADO;Cobrança indevida / surpresa na fatura;Respondida;SMP;CLARO S.A.;Grande;N/A;AM;ITACOATIARA;SMP
29/10/2022;21:39;Reclamação;Portabilidade;Portabilidade numérica não efetivada;Respondida;SMP;CLARO S.A.;Grande;Claro;GO;ANÁPOLIS;SMP
05/05/2023;09:13;Reclamação;Cobrança;Cobrança indevida / surpresa na fatura;Respondida;SMP;Claro S.A.;Grande;Claro;SP;GUARULHOS;SMP
09/12/2023;17:52;Reclamação;Cobrança;Cobrança indevida / surpresa na fatura;Pendente;SMP;TELEFONICA BRASIL S.A.;Grande;Vivo;SP;SANTOS;SMP
20/11/2022;10:34;Reclamação;Qualidade;Queda de sinal / cobertura inadequada;Respondida;SMP;EMBRATEL S.A.;Grande;Claro;RN;RN - INTERIOR;SMP
13/01/2023;12:28;Reclamação;Cobrança;Cobrança indevida / surpresa na fatura;Pendente;SMP;CLARO S/A;Grande;Claro;SP;CAMPINAS;SMP
12/03/2023;12:42;Reclamação;Cobrança;Cobrança indevida / surpresa na fatura;Respondida;SMP;CLARO S.A.;Grande;Claro;SP;SOROCABA;SMP
15/11/2023;14:04;Reclamação;Internet;Velocidade de internet móvel abaixo;Respondida;SMP;TELEFONICA BRASIL S.A.;Grande;Vivo;MS;DOURADOS;SMP
15/10/2022;14:18;Reclamação;Qualidade;Queda de sinal / cobertura inadequada;Pendente;SMP;TIM S.A.;Grande;TIM;MG;UBERLÂNDIA;SMP
14/07/2023;08:28;Reclamação;Internet;Velocidade de internet móvel abaixo;Respondida;SMP;TELEFONICA BRASIL S.A.;Grande;Vivo;SP;CAMPINAS;SMP
31/03/2023;19:52;Reclamação;Internet;Velocidade de internet móvel abaixo;Respondida;SMP;CLARO S.A.;Grande;Claro;RS;PELOTAS;SMP
12/12/2023;21:05;Reclamação;Qualidade;Queda de sinal / cobertura inadequada;Em análise;SMP;TELEFONICA BRASIL S.A.;Grande;Vivo;MG;BELO HORIZONTE;SMP
06/12/2023;07:37;Reclamação;Cobrança;Cobrança indevida / surpresa na fatura;Respondida;SMP;CLARO S.A.;Grande;Claro;PE;OLINDA;SMP
24/07/2023;15:47;Reclamação;Internet;Velocidade de internet móvel abaixo;Respondida;SMP;NET SERVIÇOS DE COMUNICAÇÃO S.A.;Grande;Claro;MA;IMPERATRIZ;SMP
25/01/2023;09:39;Reclamação;Portabilidade;Portabilidade numérica não efetivada;Respondida;SMP;TELEFONICA BRASIL S.A.;Grande;Vivo;MG;CONTAGEM;SMP
25/07/2023;08:09;Reclamação;Internet;Velocidade de internet móvel abaixo;Respondida;SMP;EMBRATEL S.A.;Grande;Claro;MS;TRÊS LAGOAS;SMP
29/09/2022;15:08;Reclamação;Qualidade;Queda de sinal / cobertura inadequada;Em análise;SMP;CLARO S.A.;Grande;Claro;SP;SÃO PAULO;SMP
02/12/2022;18:06;Reclamação;Cobrança;Cobrança indevida / surpresa na fatura;Respondida;SMP;CLARO S/A;Grande;Claro;DF;CEILÂNDIA;SMP
21/12/2023;18:48;Reclamação;Internet;Velocidade de internet móvel abaixo;Respondida;SMP;NET SERVIÇOS DE COMUNICAÇÃO S.A.;Grande;Claro;PR;PONTA GROSSA;SMP
10/07/2022;09:18;Reclamação;Internet;Velocidade de internet móvel abaixo;Respondida;SMP;CLARO S.A.;Grande;Claro;AM;ITACOATIARA;SMP
19/06/2022;12:56;Reclamação;Internet;Velocidade de internet móvel abaixo;Respondida;SMP;TELEFONICA BRASIL S.A.;Grande;Vivo;SP;SANTOS;SMP
24/02/2023;22:52;Reclamação;Cobrança;Cobrança indevida / surpresa na fatura;Respondida;SMP;CLARO S.A.;Grande;Claro;MG;BELO HORIZONTE;SMP
15/04/2023;10:24;Reclamação;Cobrança;Cobrança indevida / surpresa na fatura;Respondida;SMP;TELEFONICA BRASIL S.A.;Grande;Vivo;MG;UBERLÂNDIA;SMP
24/06/2022;07:13;Reclamação;Internet;Velocidade de internet móvel abaixo;Respondida;SMP;TELEFONICA BRASIL S.A.;Grande;Vivo;SP;CAMPINAS;SMP
15/07/2023;21:37;Reclamação;Cobrança;Cobrança indevida / surpresa na fatura;Pendente;SMP;OI S.A.;Grande;Oi;GO;APARECIDA DE GOIÂNIA;SMP
14/12/2023;13:05;Reclamação;Internet;Velocidade de internet móvel abaixo;Respondida;SMP;CLARO S/A;Grande;Claro;BA;SALVADOR;SMP
15/05/2022;11:37;Reclamação;Qualidade;Queda de sinal / cobertura inadequada;Respondida;SMP;CLARO S.A.;Grande;Claro;MG;CONTAGEM;SMP
08/10/2023;08:10;Reclamação;Qualidade;Queda de sinal / cobertura inadequada;Respondida;SMP;TIM S.A.;Grande;TIM;SP;GUARULHOS;SMP
27/05/2022;12:51;Reclamação;Cobrança;Cobrança indevida / surpresa na fatura;Respondida;SMP;CLARO S.A.;Grande;Claro;MG;CONTAGEM;SMP
27/09/2023;16:53;Reclamação; ;Queda de sinal / cobertura inadequada;Em análise;SMP;CLARO S.A.;Grande;Claro;SE;SE - INTERIOR;SMP
08/11/2022;21:26;Reclamação;Outros;Outros;Pendente;SMP;OI S.A.;Grande;Oi;MG;UBERLÂNDIA;SMP
08/06/2023;18:20;Reclamação;Portabilidade;Portabilidade numérica não efetivada;Respondida;SMP;CLARO S.A.;Grande;Claro;RN;RN - INTERIOR;SMP
20/11/2023;22:28;Reclamação;Qualidade;Queda de sinal / cobertura inadequada;Respondida;SMP;CLARO S.A.;Grande;Claro;RS;PELOTAS;SMP
25/04/2022;20:42;Reclamação;Qualidade;Queda de sinal / cobertura inadequada;Respondida;SMP;TIM S.A.;Grande;TIM;AM;PARINTINS;SMP
17/12/2022;11:29;Reclamação;Cobrança;Cobrança indevida / surpresa na fatura;Respondida;SMP;TELEFONICA BRASIL S.A.;Grande;Vivo;MG;UBERLÂNDIA;SMP
13/08/2023;17:24;Reclamação;Portabilidade;Portabilidade numérica não efetivada;Respondida;SMP;CLARO S.A.;Grande;Claro;PE;PETROLINA;SMP
11/01/2022;15:48;Reclamação;Portabilidade;Portabilidade numérica não efetivada;Respondida;SMP;EMBRATEL S.A.;Grande;Claro;MG;JUIZ DE FORA;SMP
28/09/2023;21:33;Reclamação;Internet;Velocidade de internet móvel abaixo;Respondida;SMP;OI S.A.;Grande;Oi;RJ;NITERÓI;SMP
11/02/2023;16:45;Reclamação;Internet;Velocidade de internet móvel abaixo;Respondida;SMP;TIM S.A.;Grande;TIM;RS;PORTO ALEGRE;SMP
21/12/2023;13:40;Reclamação;Qualidade;Queda de sinal / cobertura inadequada;Em análise;SMP;OI S.A.;Grande;Oi;DF;TAGUATINGA;SMP
25/05/2022;12:46;Reclamação;Qualidade;Queda de sinal / cobertura inadequada;Respondida;SMP;TELEFONICA BRASIL S.A.;Grande;Vivo;RJ;RIO DE JANEIRO;SMP
26/02/2023;17:43;Reclamação;Internet;Velocidade de internet móvel abaixo;Pendente;SMP;TIM S.A.;Grande;TIM;RJ;NITERÓI;SMP
22/03/2023;07:15;Reclamação;Qualidade;Queda de sinal / cobertura inadequada;Respondida;SMP;TIM S.A.;Grande;TIM;RJ;RIO DE JANEIRO;SMP
02/01/2023;11:11;Reclamação;Cobrança;Cobrança indevida / surpresa na fatura;Respondida;SMP;-;Pequeno;Sercomtel;SP;SANTOS;SMP
26/07/2023;12:19;Reclamação;Cobrança;Cobrança indevida / surpresa na fatura;Respondida;SMP;TELEFONICA BRASIL S.A.;Grande;Vivo;SP;SOROCABA;SMP
29/10/2022;18:09;Reclamação;Qualidade;Queda de sinal / cobertura inadequada;Pendente;SMP;TIM S.A.;Grande;TIM;MS;DOURADOS;SMP
17/11/2022;16:23;Reclamação;Qualidade;NÃO INFORMADO;Pendente;SMP;Telefonica Brasil S.A.;Grande;Vivo;BA;SALVADOR;SMP
26/01/2023;07:31;Reclamação;Qualidade;Queda de sinal / cobertura inadequada;Respondida;SMP;CLARO S.A.;Grande;Claro;MT;SINOP;SMP
29/08/2023;22:36;Reclamação;-;Queda de sinal / cobertura inadequada;Em análise;SMP;TELEFONICA BRASIL S.A.;Grande;Vivo;MG;BELO HORIZONTE;SMP
10/11/2022;18:45;Reclamação;Portabilidade;Portabilidade numérica não efetivada;Em análise;SMP;TIM S.A.;Grande;TIM;DF;TAGUATINGA;SMP
28/02/2022;20:31;Reclamação; ;Cobrança indevida / surpresa na fatura;Em análise;SMP;TELEFONICA BRASIL S.A.;Grande;Vivo;TO;TO - INTERIOR;SMP
02/08/2022;16:50;Reclamação;Qualidade;Queda de sinal / cobertura inadequada;Respondida;SMP;TELEFONICA BRASIL S.A.;Grande;Vivo;SP;SOROCABA;SMP
31/05/2023;10:49;Reclamação;Internet;Velocidade de internet móvel abaixo;Em análise;SMP;OI S.A.;Grande;Oi;PA;MARABÁ;SMP
01/11/2023;17:46;Reclamação;Portabilidade;Portabilidade numérica não efetivada;Pendente;SMP;TELEFONICA BRASIL S.A.;Grande;-;RJ;NITERÓI;SMP
19/10/2023;15:18;Reclamação;Cobrança;Cobrança indevida / surpresa na fatura;Em análise;SMP;CLARO S.A.;N/A; ;SP;SANTOS;SMP
10/05/2022;09:14;Reclamação;Outros;Outros;Respondida;SMP;TELEFONICA BRASIL S.A.;Grande;Vivo;MA;TIMON;SMP
15/03/2022;10:36;Reclamação;Internet;Velocidade de internet móvel abaixo;Em análise;SMP;TIM S.A.;Grande;TIM;DF;CEILÂNDIA;SMP
24/12/2023;19:35;Reclamação;Cobrança;Cobrança indevida / surpresa na fatura;Respondida;SMP;TIM S.A.;Grande;TIM;PB;PB - INTERIOR;SMP
27/07/2023;10:50;Reclamação;Portabilidade;Portabilidade numérica não efetivada;Respondida;SMP;CLARO S.A.;Grande;Claro;RS;PORTO ALEGRE;SMP
07/04/2023;07:25;Reclamação;Internet;Velocidade de internet móvel abaixo;Respondida;SMP;SERCOMTEL S.A. - TELECOMUNICAÇÕES;Pequeno;Sercomtel;SC;SC - INTERIOR;SMP
07/01/2023;16:02;Reclamação;Internet;Velocidade de internet móvel abaixo;Respondida;SMP;TIM S.A.;Grande;TIM;SP;SOROCABA;SMP
06/07/2023;18:51;Reclamação;Portabilidade;Portabilidade numérica não efetivada;Respondida;SMP;CLARO S.A.;Grande;Claro;DF;TAGUATINGA;SMP
26/01/2022;11:15;Reclamação;Portabilidade;Portabilidade numérica não efetivada;Em análise;SMP;TIM S.A.;N/A;TIM;CE;CAUCAIA;SMP
06/08/2023;17:56;Reclamação;Portabilidade;Portabilidade numérica não efetivada;Respondida;SMP;TELEFONICA BRASIL S.A.;Grande;Vivo;GO;APARECIDA DE GOIÂNIA;SMP
05/10/2023;21:33;Reclamação;Cobrança;Cobrança indevida / surpresa na fatura;Respondida;SMP;CLARO S.A.;Grande;Claro;BA;FEIRA DE SANTANA;SMP
15/07/2022;20:04;Reclamação;Outros;Outros;Respondida;SMP;TIM S.A.;Grande;TIM;GO;GOIÂNIA;SMP
19/08/2023;21:48;Reclamação;Outros;Outros;Respondida;SMP;CLARO S.A.;Grande;Claro;AC;AC - INTERIOR;SMP
22/09/2023;13:57;Reclamação;Atendimento;Atendimento ao cliente;Em análise;SMP;CLARO S.A.;Grande;Claro;PE;OLINDA;SMP
23/11/2023;15:13;Reclamação;Outros;Outros;Respondida;SMP;OI S.A.;Grande;Oi;SP;SANTOS;SMP
05/08/2022;12:10;Reclamação;Internet;Velocidade de internet móvel abaixo;Respondida;SMP;TELEFONICA BRASIL S.A.;Grande;Vivo;PE;CARUARU;SMP
12/11/2023;18:52;Reclamação;Atendimento;Atendimento ao cliente;Respondida;SMP;OI S.A.;Grande;Oi;PR;MARINGÁ;SMP
24/09/2023;20:39;Reclamação;Qualidade;Queda de sinal / cobertura inadequada;Pendente;SMP;TIM S.A.;Grande;TIM;BA;SALVADOR;SMP
22/02/2022;15:23;Reclamação;Atendimento;Atendimento ao cliente;Pendente;SMP;TELEFONICA BRASIL S.A.;Grande;Vivo;TO;TO - INTERIOR;SMP
20/05/2023;07:51;Reclamação;Portabilidade;Portabilidade numérica não efetivada;Respondida;SMP;CLARO S.A.;NÃO INFORMADO;Claro;SP;SANTOS;SMP
11/01/2022;18:32;Reclamação;Cobrança;Cobrança indevida / surpresa na fatura;Respondida;SMP;CLARO S.A.;Grande;Claro;SP;SÃO PAULO;SMP
25/07/2023;15:06;Reclamação; ;Queda de sinal / cobertura inadequada;Respondida;SMP;TIM S.A.;Grande;TIM;RJ;NITERÓI;SMP
14/04/2022;09:39;Reclamação;Cobrança;Cobrança indevida / surpresa na fatura;Respondida;SMP;TIM S.A.;Grande;TIM;TO;TO - INTERIOR;SMP
02/08/2023;11:31;Reclamação;Qualidade;Queda de sinal / cobertura inadequada;Respondida;SMP;TELEFONICA BRASIL S.A.;Grande;Vivo;RJ;NITERÓI;SMP
28/10/2023;21:56;Reclamação;Cobrança;Cobrança indevida / surpresa na fatura;Em análise;SMP;Claro S.A.;Grande;Claro;DF;CEILÂNDIA;SMP
18/10/2022;18:39;Reclamação;Outros;Outros;Pendente;SMP;CLARO S.A.;Grande;Claro;RN;RN - INTERIOR;SMP
19/04/2023;09:23;Reclamação;Internet;Velocidade de internet móvel abaixo;Pendente;SMP;EMBRATEL S.A.;Grande;Claro;PE;PETROLINA;SMP
24/04/2022;19:58;Reclamação;Internet;Velocidade de internet móvel abaixo;Respondida;SMP;OI S.A.;Grande;Oi;RS;CANOAS;SMP
21/05/2023;11:41;Reclamação;Internet;-;Respondida;SMP;CLARO S.A.;Grande;Claro;SP;GUARULHOS;SMP
30/05/2022;21:26;Reclamação;Atendimento;Atendimento ao cliente;Em análise;SMP;TIM S.A.;Grande;TIM;RJ;RIO DE JANEIRO;SMP
23/01/2022;10:05;Reclamação;Cobrança;Cobrança indevida / surpresa na fatura;Respondida;SMP;CLARO S.A.;Grande;Claro;RS;CAXIAS DO SUL;SMP
27/02/2022;10:00;Reclamação;Internet;Velocidade de internet móvel abaixo;Respondida;SMP;CLARO S.A.;Grande;Claro;PI;PI - INTERIOR;SMP
02/11/2023;14:33;Reclamação;Qualidade;Queda de sinal / cobertura inadequada;Pendente;SMP; ;Grande;Claro;PB;PB - INTERIOR;SMP
31/12/2022;10:44;Reclamação;Internet;Velocidade de internet móvel abaixo;Respondida;SMP;TELEFONICA BRASIL S.A.;Grande;Vivo;SP;SOROCABA;SMP
18/08/2023;15:47;Reclamação;Qualidade;Queda de sinal / cobertura inadequada;Respondida;SMP;CLARO S.A.;Grande;Claro;PE;PETROLINA;SMP
30/12/2023;13:33;Reclamação;Cobrança;Cobrança indevida / surpresa na fatura;Respondida;SMP;OI S.A.;Grande;Oi;ES;VITÓRIA;SMP
02/10/2022;21:40;Reclamação;Qualidade;Queda de sinal / cobertura inadequada;Respondida;SMP;CLARO S.A.;Grande;Claro;BA;FEIRA DE SANTANA;SMP
22/05/2022;14:46;Reclamação;Cobrança;Cobrança indevida / surpresa na fatura;Respondida;SMP;CLARO S.A.;Grande;Claro;PR;CURITIBA;SMP
18/02/2023;07:39;Reclamação;Cobrança;Cobrança indevida / surpresa na fatura;Respondida;SMP;Sercomtel S.A. - Telecomunicações;Pequeno;Sercomtel;SP;SOROCABA;SMP
27/03/2022;09:25;Reclamação;Cobrança;Cobrança indevida / surpresa na fatura;Em análise;SMP;TIM S.A.;Grande;TIM;SP;CAMPINAS;SMP
16/03/2023;09:26;Reclamação;Cobrança;Cobrança indevida / surpresa na fatura;Pendente;SMP;TELEFONICA BRASIL S.A.;Grande;Vivo;PB;PB - INTERIOR;SMP
24/09/2023;11:24;Reclamação;Portabilidade;Portabilidade numérica não efetivada;Respondida;SMP;CLARO S.A.;Grande;Claro;MG;UBERLÂNDIA;SMP
11/08/2023;18:26;Reclamação;Atendimento;Atendimento ao cliente;Pendente;SMP;CLARO S.A.;Grande;Claro;PR;PONTA GROSSA;SMP
08/12/2022;22:51;Reclamação;Qualidade;Queda de sinal / cobertura inadequada;Respondida;SMP;OI S.A.;Grande;Oi;SP;CAMPINAS;SMP
04/11/2023;08:18;Reclamação;Qualidade;Queda de sinal / cobertura inadequada;Respondida;SMP;CLARO S.A.;Grande;Claro;SP;SANTOS;SMP
26/06/2023;13:21;Reclamação;Internet;Velocidade de internet móvel abaixo;Respondida;SMP;SERCOMTEL S.A. - TELECOMUNICAÇÕES;Pequeno;Sercomtel;RN;RN - INTERIOR;SMP
04/11/2023;20:05;Reclamação;Atendimento;Atendimento ao cliente;Respondida;SMP;TELEFONICA BRASIL S.A.;Grande;Vivo;GO;ANÁPOLIS;SMP
23/04/2023;18:01;Reclamação;Cobrança;Cobrança indevida / surpresa na fatura;Respondida;SMP;CLARO S.A.;Grande;Claro;SP;CAMPINAS;SMP
11/04/2023;18:05;Reclamação;Internet;Velocidade de internet móvel abaixo;Respondida;SMP;CLARO S.A.;Grande;Claro;GO;GOIÂNIA;SMP
03/11/2022;17:21;Reclamação;Internet;Velocidade de internet móvel abaixo;Em análise;SMP;CLARO S.A.;Grande;Claro;SP;SÃO PAULO;SMP
08/04/2022;12:21;Reclamação;Qualidade;Queda de sinal / cobertura inadequada;Em análise;SMP;CLARO S.A.;Grande;Claro;PA;SANTARÉM;SMP
22/09/2022;19:50;Reclamação;Atendimento;Atendimento ao cliente;Respondida;SMP;EMBRATEL S.A.;Grande;Claro;PE;CARUARU;SMP
27/03/2022;09:14;Reclamação;Internet;Velocidade de internet móvel abaixo;Respondida;SMP;CLARO S.A.;Grande;Claro;RJ;RIO DE JANEIRO;SMP
14/07/2023;14:42;Reclamação;Outros;Outros;Respondida;SMP;CLARO S.A.;Grande;Claro;PA;ANANINDEUA;SMP
08/04/2022;15:45;Reclamação;Cobrança;Cobrança indevida / surpresa na fatura;Respondida;SMP;TIM S.A.;Grande;TIM;SP;GUARULHOS;SMP
12/02/2022;13:07;Reclamação;Cobrança;Cobrança indevida / surpresa na fatura;Pendente;SMP;CLARO S.A.;Grande;Claro;RJ;NOVA IGUAÇU;SMP
30/01/2022;08:27;Reclamação;Cobrança;Cobrança indevida / surpresa na fatura;Respondida;SMP;TELEFONICA BRASIL S.A.;Grande;Vivo;BA;SALVADOR;SMP
30/09/2022;12:35;Reclamação;Qualidade;Queda de sinal / cobertura inadequada;Respondida;SMP;NET SERVIÇOS DE COMUNICAÇÃO S.A.;Grande;Claro;ES;VILA VELHA;SMP
16/06/2023;10:12;Reclamação;Cobrança;Cobrança indevida / surpresa na fatura;Respondida;SMP;Tim S.A.;Grande;TIM;RJ;DUQUE DE CAXIAS;SMP
06/02/2023;10:30;Reclamação;Cobrança;Cobrança indevida / surpresa na fatura;Respondida;SMP;CLARO S.A.;Grande;Claro;SP;CAMPINAS;SMP
26/09/2023;21:11;Reclamação;Cobrança;Cobrança indevida / surpresa na fatura;Em análise;SMP;CLARO S.A.;Grande;Claro;TO;TO - INTERIOR;SMP
14/02/2022;12:12;Reclamação;Portabilidade;Portabilidade numérica não efetivada;Respondida;SMP;CLARO S.A.;Grande;Claro;RJ;DUQUE DE CAXIAS;SMP
10/02/2022;22:12;Reclamação;Atendimento;Atendimento ao cliente;Respondida;SMP;TELEFONICA BRASIL S.A.;Grande;Vivo;SE;SE - INTERIOR;SMP
27/06/2023;22:32;Reclamação;Cobrança;Cobrança indevida / surpresa na fatura;Em análise;SMP;CLARO S.A.;Grande;Claro;MA;SÃO LUÍS;SMP
01/10/2022;11:11;Reclamação;Cobrança;Cobrança indevida / surpresa na fatura;Respondida;SMP;TELEFONICA BRASIL S.A.;Grande;Vivo;SP;GUARULHOS;SMP
22/09/2023;13:10;Reclamação;Outros;Outros;Respondida;SMP;EMBRATEL S.A.;Grande;Claro;RS;PELOTAS;SMP
19/09/2022;13:18;Reclamação;Cobrança;Cobrança indevida / surpresa na fatura;Respondida;SMP;TIM S.A.;Grande;TIM;SP;SOROCABA;SMP
13/03/2022;10:40;Reclamação;Qualidade;Queda de sinal / cobertura inadequada;Respondida;SMP;CLARO S/A;Grande;Claro;SP;SOROCABA;SMP
16/02/2023;11:04;Reclamação;Qualidade;Queda de sinal / cobertura inadequada;Pendente;SMP;CLARO S.A.;Grande;Claro;RO;RO - INTERIOR;SMP
02/04/2023;16:11;Reclamação;Internet;Velocidade de internet móvel abaixo;Respondida;SMP;CLARO S.A.;Grande;Claro;RS;CANOAS;SMP
16/04/2023;09:13;Reclamação;Cobrança;Cobrança indevida / surpresa na fatura;Em análise;SMP;EMBRATEL S.A.;Grande;Claro;MG;BELO HORIZONTE;SMP
06/07/2023;22:03;Reclamação;Portabilidade;Portabilidade numérica não efetivada;Respondida;SMP;TIM S.A.;Grande;TIM;RJ;RIO DE JANEIRO;SMP
21/07/2023;13:07;Reclamação;Cobrança;Cobrança indevida / surpresa na fatura;Respondida;SMP;TIM S.A.;Grande;TIM;MA;SÃO LUÍS;SMP
20/05/2023;14:01;Reclamação;Qualidade;Queda de sinal / cobertura inadequada;Pendente;SMP;OI S.A.;Grande;Oi;PE;RECIFE;SMP
05/05/2022;09:15;Reclamação;Cobrança;Cobrança indevida / surpresa na fatura;Respondida;SMP;TELEFONICA BRASIL S.A.;Grande;Vivo;RS;CANOAS;SMP
12/08/2022;20:19;Reclamação;Cobrança;Cobrança indevida / surpresa na fatura;Respondida;SMP;CLARO S.A.;Grande;Claro;MG;UBERLÂNDIA;SMP
29/04/2023;13:47;Reclamação;Cobrança;Cobrança indevida / surpresa na fatura;Respondida;SMP;TELEFONICA BRASIL S.A.;Grande;Vivo;MG;CONTAGEM;SMP
04/05/2022;16:40;Reclamação;Qualidade;Queda de sinal / cobertura inadequada;Respondida;SMP;CLARO S.A.;Grande;Claro;PR;MARINGÁ;SMP
08/05/2022;16:28;Reclamação;Qualidade;Queda de sinal / cobertura inadequada;Respondida;SMP;CLARO S.A.;Grande;Claro;SP;SOROCABA;SMP
01/04/2023;09:20;Reclamação;Qualidade;Queda de sinal / cobertura inadequada;Pendente;SMP;OI S.A.;Grande;Oi;ES;CARIACICA;SMP
17/12/2022;14:45;Reclamação;Cobrança;Cobrança indevida / surpresa na fatura;Respondida;SMP;TIM S.A.;Grande;TIM;PE;CARUARU;SMP
11/03/2022;07:26;Reclamação;Outros;Outros;Respondida;SMP;TELEFONICA BRASIL S.A.;Grande;Vivo;PA;BELÉM;SMP
01/01/2022;14:33;Reclamação;Cobrança;Cobrança indevida / surpresa na fatura;Respondida;SMP;EMBRATEL S.A.;Grande;Claro;PE;OLINDA;SMP
15/07/2022;11:18;Reclamação;Cobrança;Cobrança indevida / surpresa na fatura;Respondida;SMP;CLARO S/A;Grande;Claro;RN;RN - INTERIOR;SMP
22/08/2023;11:09;Reclamação;Qualidade;Queda de sinal / cobertura inadequada;Respondida;SMP;TIM S.A.;Grande;TIM;MG;CONTAGEM;SMP
20/12/2023;07:36;Reclamação;Cobrança;Cobrança indevida / surpresa na fatura;Respondida;SMP;TELEFONICA BRASIL S.A.;Grande;Vivo;MT;SINOP;SMP
09/05/2023;16:59;Reclamação;Atendimento;Atendimento ao cliente;Respondida;SMP;TIM S.A.;Grande;TIM;RS;PELOTAS;SMP
16/06/2022;09:22;Reclamação;Portabilidade;NÃO INFORMADO;Respondida;SMP;CLARO S.A.;Grande;Claro;SP;SÃO PAULO;SMP
08/09/2023;07:41;Reclamação;Cobrança;Cobrança indevida / surpresa na fatura;Respondida;SMP;TELEFONICA BRASIL S.A.;Grande;Vivo;RS;CANOAS;SMP
28/04/2023;18:33;Reclamação;Cobrança;Cobrança indevida / surpresa na fatura;Respondida;SMP;TELEFONICA BRASIL S.A.;Grande;Vivo;RS;PORTO ALEGRE;SMP
12/06/2022;11:21;Reclamação;Atendimento;Atendimento ao cliente;Respondida;SMP;TELEFONICA BRASIL S.A.;Grande;Vivo;MT;VÁRZEA GRANDE;SMP
25/07/2023;12:43;Reclamação;Internet;Velocidade de internet móvel abaixo;Respondida;SMP;TELEFONICA BRASIL S.A.;Grande;Vivo;AM;PARINTINS;SMP
13/01/2023;17:44;Reclamação;Internet;Velocidade de internet móvel abaixo;Pendente;SMP;TELEFONICA BRASIL S.A.;Grande;Vivo;SP;SÃO PAULO;SMP
14/03/2022;12:35;Reclamação;Qualidade;Queda de sinal / cobertura inadequada;Respondida;SMP;CLARO S.A.;Grande;Claro;MG;CONTAGEM;SMP
07/12/2022;18:27;Reclamação;Atendimento;Atendimento ao cliente;Respondida;SMP;CLARO S.A.;Grande;Claro;RN;RN - INTERIOR;SMP
08/11/2023;22:40;Reclamação;Qualidade;Queda de sinal / cobertura inadequada;Respondida;SMP;CLARO S.A.;Grande;Claro;CE;SOBRAL;SMP
02/01/2023;16:17;Reclamação;Qualidade;Queda de sinal / cobertura inadequada;Respondida;SMP;OI S.A.;Grande;Oi;BA;SALVADOR;SMP
03/10/2023;12:01;Reclamação;Internet;Velocidade de internet móvel abaixo;Respondida;SMP;NET SERVIÇOS DE COMUNICAÇÃO S.A.;Grande;Claro;MG;CONTAGEM;SMP
07/11/2022;13:18;Reclamação;Cobrança;Cobrança indevida / surpresa na fatura;Respondida;SMP;CLARO S.A.;Grande;Claro;PE;CARUARU;SMP
13/12/2023;07:53;Reclamação;Portabilidade;Portabilidade numérica não efetivada;Pendente;SMP;TIM S.A.;Grande;TIM;BA;SALVADOR;SMP
04/03/2023;14:48;Reclamação;Atendimento;Atendimento ao cliente;Respondida;SMP;TIM S.A.;Grande;TIM;SP;CAMPINAS;SMP
28/04/2023;16:07;Reclamação;Internet;Velocidade de internet móvel abaixo;Pendente;SMP;OI S.A.;Grande;Oi;RS;CAXIAS DO SUL;SMP
29/09/2022;21:46;Reclamação;Portabilidade;Portabilidade numérica não efetivada;Respondida;SMP;TIM S.A.;Grande;TIM;PA;BELÉM;SMP
19/10/2022;13:38;Reclamação;Atendimento;Atendimento ao cliente;Pendente;SMP;TELEFONICA BRASIL S.A.;Grande;Vivo;PR;CURITIBA;SMP
21/11/2022;18:33;Reclamação;Qualidade;Queda de sinal / cobertura inadequada;Respondida;SMP;CLARO S/A;Grande;Claro;RS;CANOAS;SMP
17/08/2023;09:05;Reclamação;Qualidade;Queda de sinal / cobertura inadequada;Pendente;SMP;TELEFONICA BRASIL S.A.;Grande;Vivo;BA;SALVADOR;SMP
24/08/2023;11:55;Reclamação;Qualidade;Queda de sinal / cobertura inadequada;Respondida;SMP;TELEFONICA BRASIL S.A.;Grande;Vivo;MA;IMPERATRIZ;SMP
12/06/2022;19:43;Reclamação;Internet;Velocidade de internet móvel abaixo;Respondida;SMP;CLARO S.A.;Grande;Claro;AM;ITACOATIARA;SMP
10/09/2023;17:52;Reclamação;Portabilidade;Portabilidade numérica não efetivada;Pendente;SMP;CLARO S.A.;Grande;Claro;RJ;RIO DE JANEIRO;SMP
18/09/2023;22:23;Reclamação;Cobrança;Cobrança indevida / surpresa na fatura;Respondida;SMP;EMBRATEL S.A.;Grande; ;RS;CAXIAS DO SUL;SMP
16/10/2023;07:44;Reclamação;Qualidade;Queda de sinal / cobertura inadequada;Pendente;SMP;CLARO S.A.;Grande;Claro;PR;LONDRINA;SMP
09/12/2023;13:06;Reclamação;Qualidade;Queda de sinal / cobertura inadequada;Respondida;SMP;TIM S.A.;Grande;TIM;RS;CANOAS;SMP
03/05/2022;08:21;Reclamação;Internet;Velocidade de internet móvel abaixo;Respondida;SMP;EMBRATEL S.A.;Grande;Claro;SP;SANTOS;SMP
12/04/2023;10:17;Reclamação;Cobrança;Cobrança indevida / surpresa na fatura;Pendente;SMP;NET SERVIÇOS DE COMUNICAÇÃO S.A.;Grande;Claro;MS;CAMPO GRANDE;SMP
02/05/2023;11:10;Reclamação;Cobrança;Cobrança indevida / surpresa na fatura;Respondida;SMP;NET SERVIÇOS DE COMUNICAÇÃO S.A.;Grande;Claro;ES;VITÓRIA;SMP
06/10/2023;10:52;Reclamação;Cobrança;Cobrança indevida / surpresa na fatura;Respondida;SMP;SERCOMTEL S.A. - TELECOMUNICAÇÕES;Pequeno;Sercomtel;PA;BELÉM;SMP
25/12/2022;18:45;Reclamação;Internet;Velocidade de internet móvel abaixo;Respondida;SMP;CLARO S.A.;Grande;Claro;SP;CAMPINAS;SMP
16/08/2023;11:37;Reclamação;Portabilidade;Portabilidade numérica não efetivada;Respondida;SMP;OI S.A.;Grande;Oi;MG;BELO HORIZONTE;SMP
31/01/2022;11:52;Reclamação;Internet;Velocidade de internet móvel abaixo;Em análise;SMP;CLARO S.A.;Grande;Claro;CE;CAUCAIA;SMP
20/11/2022;19:25;Reclamação;Cobrança;Cobrança indevida / surpresa na fatura;Pendente;SMP;TIM S.A.;Grande;TIM;GO;GOIÂNIA;SMP
26/05/2023;16:09;Reclamação;Cobrança;Cobrança indevida / surpresa na fatura;Respondida;SMP;CLARO S.A.;Grande;Claro;BA;SALVADOR;SMP
23/09/2023;09:17;Reclamação;-;Queda de sinal / cobertura inadequada;Respondida;SMP;OI S.A.;Grande;Oi;MA;IMPERATRIZ;SMP
02/06/2022;16:42;Reclamação;Portabilidade;Portabilidade numérica não efetivada;Respondida;SMP;CLARO S.A.;Grande;Claro;PE;OLINDA;SMP
02/11/2022;15:21;Reclamação;Cobrança;Cobrança indevida / surpresa na fatura;Pendente;SMP;TELEFONICA BRASIL S.A.;Grande;Vivo;MS;CAMPO GRANDE;SMP
20/11/2022;21:24;Reclamação;Internet;Velocidade de internet móvel abaixo;Em análise;SMP;OI S.A.;Grande;Oi;PE;OLINDA;SMP
18/05/2022;14:45;Reclamação;Portabilidade;Portabilidade numérica não efetivada;Respondida;SMP;Tim S.A.;Grande;TIM;RJ;RIO DE JANEIRO;SMP
21/02/2023;13:29;Reclamação;Portabilidade;Portabilidade numérica não efetivada;Respondida;SMP;TIM S.A.;Grande;TIM;RS;PORTO ALEGRE;SMP
19/07/2023;11:56;Reclamação;Cobrança;Cobrança indevida / surpresa na fatura;Em análise;SMP;CLARO S.A.;Grande;Claro;AM;MANAUS;SMP
28/10/2022;14:16;Reclamação;Atendimento;Atendimento ao cliente;Respondida;SMP;CLARO S.A.;Grande;Claro;SP;GUARULHOS;SMP
11/04/2022;15:09;Reclamação;Cobrança;Cobrança indevida / surpresa na fatura;Respondida;SMP;TELEFONICA BRASIL S.A.;Grande;Vivo;PB;PB - INTERIOR;SMP
28/05/2023;11:33;Reclamação;Qualidade;Queda de sinal / cobertura inadequada;Respondida;SMP;TIM S.A.;Grande;TIM;PA;ANANINDEUA;SMP
07/05/2023;16:23;Reclamação;Portabilidade;Portabilidade numérica não efetivada;Respondida;SMP;TELEFONICA BRASIL S.A.;Grande;Vivo;MG;CONTAGEM;SMP
25/03/2023;12:33;Reclamação;Cobrança;Cobrança indevida / surpresa na fatura;Respondida;SMP;TIM S.A.;Grande;TIM;SP;CAMPINAS;SMP
26/05/2023;16:15;Reclamação;Cobrança;Cobrança indevida / surpresa na fatura;Respondida;SMP;CLARO S.A.;Grande;Claro;GO;APARECIDA DE GOIÂNIA;SMP
23/11/2022;17:41;Reclamação;Internet;Velocidade de internet móvel abaixo;Respondida;SMP;TELEFONICA BRASIL S.A.;Grande;Vivo;SP;SOROCABA;SMP
20/03/2022;10:57;Reclamação;Qualidade;Queda de sinal / cobertura inadequada;Pendente;SMP;TELEFONICA BRASIL S.A.;Grande;Vivo;AP;AP - INTERIOR;SMP
01/09/2023;14:33;Reclamação;Internet;Velocidade de internet móvel abaixo;Respondida;SMP;EMBRATEL S.A.;Grande;Claro;SP;CAMPINAS;SMP
27/11/2023;07:24;Reclamação;Portabilidade;Portabilidade numérica não efetivada;Respondida;SMP;TIM S.A.;Grande;TIM;MG;CONTAGEM;SMP
11/05/2022;12:10;Reclamação;Internet;Velocidade de internet móvel abaixo;Respondida;SMP;CLARO S.A.;Grande;Claro;AM;PARINTINS;SMP
08/10/2023;07:54;Reclamação;Qualidade;Queda de sinal / cobertura inadequada;Respondida;SMP;CLARO S.A.;Grande;Claro;SP;GUARULHOS;SMP
25/07/2022;18:01;Reclamação;Cobrança;Cobrança indevida / surpresa na fatura;Respondida;SMP;CLARO S.A.;Grande;Claro;CE;JUAZEIRO DO NORTE;SMP
22/04/2023;16:16;Reclamação;Outros;Outros;Respondida;SMP;CLARO S.A.;Grande;Claro;MG;JUIZ DE FORA;SMP
18/04/2023;16:39;Reclamação;Cobrança;Cobrança indevida / surpresa na fatura;Em análise;SMP;NET SERVIÇOS DE COMUNICAÇÃO S.A.;Grande;Claro;ES;VILA VELHA;SMP
25/09/2022;21:25;Reclamação;Qualidade;Queda de sinal / cobertura inadequada;Respondida;SMP;TIM S.A.;Grande;TIM;BA;SALVADOR;SMP
01/06/2022;21:26;Reclamação;Cobrança;Cobrança indevida / surpresa na fatura;Respondida;SMP;CLARO S.A.;Grande; ;SP;SANTOS;SMP
06/11/2023;08:32;Reclamação;Internet;Velocidade de internet móvel abaixo;Respondida;SMP;NET SERVIÇOS DE COMUNICAÇÃO S.A.;Grande;Claro;MS;CAMPO GRANDE;SMP
05/07/2022;19:14;Reclamação;-;Cobrança indevida / surpresa na fatura;Respondida;SMP;TIM S.A.;Grande;TIM;BA;VITÓRIA DA CONQUISTA;SMP
21/03/2023;19:19;Reclamação;Cobrança;Cobrança indevida / surpresa na fatura;Pendente;SMP;OI S.A.;Grande;Oi;SP;SANTOS;SMP
15/09/2023;08:26;Reclamação;Cobrança;Cobrança indevida / surpresa na fatura;Respondida;SMP;TIM S.A.;Grande;TIM;SP;SÃO PAULO;SMP
15/11/2022;18:00;Reclamação;Atendimento;Atendimento ao cliente;Respondida;SMP;CLARO S.A.;Grande;Claro;MA;SÃO LUÍS;SMP
07/02/2023;13:03;Reclamação;Internet;-;Respondida;SMP;CLARO S.A.;Grande;Claro;MS;DOURADOS;SMP
03/07/2022;19:18;Reclamação;Portabilidade;Portabilidade numérica não efetivada;Respondida;SMP;OI S.A.;Grande;Oi;RS;CAXIAS DO SUL;SMP
13/04/2023;08:27;Reclamação;Internet;Velocidade de internet móvel abaixo;Pendente;SMP;NET SERVIÇOS DE COMUNICAÇÃO S.A.;Grande;Claro;PI;PI - INTERIOR;SMP
16/10/2022;18:04;Reclamação;Atendimento;Atendimento ao cliente;Respondida;SMP;SERCOMTEL S.A. - TELECOMUNICAÇÕES;Pequeno;Sercomtel;RJ;NOVA IGUAÇU;SMP
10/01/2022;20:18;Reclamação;Qualidade;Queda de sinal / cobertura inadequada;Pendente;SMP;SERCOMTEL S.A. - TELECOMUNICAÇÕES;Pequeno;Sercomtel;PE;CARUARU;SMP
18/07/2023;15:45;Reclamação;Qualidade;Queda de sinal / cobertura inadequada;Respondida;SMP;TIM S.A.;Grande;TIM;SP;GUARULHOS;SMP
05/01/2022;07:17;Reclamação;Cobrança;Cobrança indevida / surpresa na fatura;Respondida;SMP;EMBRATEL S.A.;Grande;Claro;PR;LONDRINA;SMP
28/06/2023;14:08;Reclamação;Qualidade;Queda de sinal / cobertura inadequada;Respondida;SMP;CLARO S.A.;Grande;Claro;BA;FEIRA DE SANTANA;SMP
09/04/2023;15:25;Reclamação;Portabilidade;Portabilidade numérica não efetivada;Respondida;SMP;TELEFONICA BRASIL S.A.;Grande;Vivo;RJ;NOVA IGUAÇU;SMP
17/04/2022;21:19;Reclamação;Internet;Velocidade de internet móvel abaixo;Respondida;SMP;TIM S.A.;Grande;TIM;MG;CONTAGEM;SMP
19/06/2023;17:35;Reclamação;Internet;Velocidade de internet móvel abaixo;Respondida;SMP;TELEFONICA BRASIL S.A.;Grande;Vivo;RJ;NOVA IGUAÇU;SMP
19/01/2023;09:09;Reclamação;Portabilidade;Portabilidade numérica não efetivada;Respondida;SMP;TIM S.A.;Grande;TIM;RS;PORTO ALEGRE;SMP
27/03/2022;10:32;Reclamação;Qualidade;Queda de sinal / cobertura inadequada;Em análise;SMP;TIM S.A.;Grande;TIM;BA;FEIRA DE SANTANA;SMP
19/02/2022;15:07;Reclamação;Qualidade;Queda de sinal / cobertura inadequada;Respondida;SMP;TELEFONICA BRASIL S.A.;Grande;Vivo;GO;GOIÂNIA;SMP
01/06/2022;16:30;Reclamação;Internet;Velocidade de internet móvel abaixo;Pendente;SMP;TELEFONICA BRASIL S.A.;Grande;Vivo;SP;GUARULHOS;SMP
20/08/2022;19:41;Reclamação;Atendimento;Atendimento ao cliente;Pendente;SMP;OI S.A.;Grande;Oi;DF;TAGUATINGA;SMP
24/10/2023;14:16;Reclamação;Internet;Velocidade de internet móvel abaixo;Pendente;SMP;TIM S.A.;Grande;TIM;RJ;RIO DE JANEIRO;SMP
30/08/2023;14:06;Reclamação;Cobrança;Cobrança indevida / surpresa na fatura;Respondida;SMP;CLARO S.A.;Grande;Claro;MG;CONTAGEM;SMP
13/03/2023;13:43;Reclamação;Cobrança;Cobrança indevida / surpresa na fatura;Respondida;SMP;CLARO S.A.;Grande;Claro;MG;CONTAGEM;SMP
08/08/2023;18:21;Reclamação;Portabilidade;Portabilidade numérica não efetivada;Respondida;SMP;CLARO S.A.;Grande;Claro;GO;GOIÂNIA;SMP
15/10/2022;15:26;Reclamação;Internet;Velocidade de internet móvel abaixo;Respondida;SMP;TELEFONICA BRASIL S.A.;Grande;Vivo;PE;RECIFE;SMP
15/02/2023;20:26;Reclamação;Internet;Velocidade de internet móvel abaixo;Respondida;SMP;OI S.A.;Grande;Oi;PA;MARABÁ;SMP
16/07/2022;09:45;Reclamação;Qualidade;Queda de sinal / cobertura inadequada;Respondida;SMP;TELEFONICA BRASIL S.A.;Grande;Vivo;CE;FORTALEZA;SMP
27/03/2022;07:32;Reclamação;Portabilidade;Portabilidade numérica não efetivada;Respondida;SMP;CLARO S.A.;Grande;Claro;SP;GUARULHOS;SMP
11/03/2023;14:27;Reclamação;Cobrança;Cobrança indevida / surpresa na fatura;Respondida;SMP;CLARO S.A.;Grande;Claro;MG;JUIZ DE FORA;SMP
01/06/2023;11:43;Reclamação;Qualidade;Queda de sinal / cobertura inadequada;Respondida;SMP;OI S.A.;Grande;Oi;MG;UBERLÂNDIA;SMP
01/03/2023;10:05;Reclamação;Internet;Velocidade de internet móvel abaixo;Respondida;SMP;TIM S.A.;Grande;TIM;SP;SOROCABA;SMP
03/11/2022;22:53;Reclamação;Cobrança;Cobrança indevida / surpresa na fatura;Respondida;SMP;TELEFONICA BRASIL S.A.;Grande;Vivo;AP;AP - INTERIOR;SMP
31/08/2023;21:26;Reclamação;Internet;Velocidade de internet móvel abaixo;Em análise;SMP;EMBRATEL S.A.;Grande;Claro;BA;SALVADOR;SMP
24/04/2022;16:40;Reclamação;Atendimento;Atendimento ao cliente;Em análise;SMP;TIM S.A.;Grande;TIM;PA;ANANINDEUA;SMP
16/08/2022;09:41;Reclamação;Cobrança;Cobrança indevida / surpresa na fatura;Respondida;SMP;NET SERVIÇOS DE COMUNICAÇÃO S.A.;Grande;Claro;SP;CAMPINAS;SMP
05/05/2023;07:21;Reclamação;Qualidade;Queda de sinal / cobertura inadequada;Pendente;SMP;OI S.A.;Grande;Oi;TO;TO - INTERIOR;SMP
13/05/2022;11:32;Reclamação;Internet;Velocidade de internet móvel abaixo;Respondida;SMP;TELEFONICA BRASIL S.A.;Grande;Vivo;SP;SANTOS;SMP
30/09/2022;21:38;Reclamação;Internet;Velocidade de internet móvel abaixo;Respondida;SMP;NET SERVIÇOS DE COMUNICAÇÃO S.A.;Grande;Claro;SE;SE - INTERIOR;SMP
16/01/2022;11:38;Reclamação;Cobrança;Cobrança indevida / surpresa na fatura;Respondida;SMP;CLARO S.A.;Grande;Claro;MG;JUIZ DE FORA;SMP
16/06/2022;14:00;Reclamação;Cobrança;Cobrança indevida / surpresa na fatura;Respondida;SMP;TELEFONICA BRASIL S.A.;Grande;Vivo;MG;UBERLÂNDIA;SMP
24/01/2022;08:48;Reclamação;Cobrança;Cobrança indevida / surpresa na fatura;Respondida;SMP;TIM S.A.;Grande;TIM;RN;RN - INTERIOR;SMP
13/12/2022;15:22;Reclamação;Qualidade;N/A;Respondida;SMP;TELEFONICA BRASIL S.A.;Grande;Vivo;RS;CAXIAS DO SUL;SMP
19/05/2022;11:09;Reclamação;Internet;Velocidade de internet móvel abaixo;Respondida;SMP;TIM S.A.;Grande;TIM;CE;CAUCAIA;SMP
06/07/2022;14:02;Reclamação;Qualidade;Queda de sinal / cobertura inadequada;Pendente;SMP;CLARO S.A.;Grande;Claro;MG;BELO HORIZONTE;SMP
06/10/2023;19:13;Reclamação;Outros;Outros;Respondida;SMP;CLARO S.A.;Grande;Claro;PE;RECIFE;SMP
01/01/2022;14:33;Reclamação;Cobrança;Cobrança indevida / surpresa na fatura;Respondida;SMP;EMBRATEL S.A.;Grande;Claro;PE;OLINDA;SMP
04/01/2023;14:22;Reclamação;Qualidade;Queda de sinal / cobertura inadequada;Respondida;SMP;TIM S.A.;Grande;TIM;PA;BELÉM;SMP
10/07/2022;17:04;Reclamação;Cobrança;Cobrança indevida / surpresa na fatura;Em análise;SMP;CLARO S.A.;Grande;Claro;MG;CONTAGEM;SMP
22/06/2022;07:12;Reclamação;Cobrança;Cobrança indevida / surpresa na fatura;Respondida;SMP;CLARO S.A.;Grande;Claro;MG;JUIZ DE FORA;SMP
30/08/2023;12:16;Reclamação;Cobrança;Cobrança indevida / surpresa na fatura;Respondida;SMP;SERCOMTEL S.A. - TELECOMUNICAÇÕES;Pequeno;N/A;GO;APARECIDA DE GOIÂNIA;SMP
14/05/2023;11:20;Reclamação;Qualidade;Queda de sinal / cobertura inadequada;Em análise;SMP;CLARO S.A.;Grande;Claro;PE;PETROLINA;SMP
06/05/2022;14:45;Reclamação;Qualidade;Queda de sinal / cobertura inadequada;Pendente;SMP;TELEFONICA BRASIL S.A.;Grande;Vivo;SP;SÃO PAULO;SMP
15/10/2023;08:53;Reclamação;Outros;Outros;Respondida;SMP;OI S.A.;Grande;Oi;CE;SOBRAL;SMP
30/01/2022;11:55;Reclamação;Outros;Outros;Respondida;SMP;CLARO S.A.;Grande;Claro;RJ;DUQUE DE CAXIAS;SMP
17/01/2023;09:16;Reclamação;Qualidade;Queda de sinal / cobertura inadequada;Respondida;SMP;TELEFONICA BRASIL S.A.;Grande;Vivo;PR;MARINGÁ;SMP
08/10/2022;16:27;Reclamação;Cobrança;Cobrança indevida / surpresa na fatura;Respondida;SMP;TELEFONICA BRASIL S.A.;Grande;Vivo;MG;BELO HORIZONTE;SMP
06/09/2022;12:25;Reclamação;Portabilidade;Portabilidade numérica não efetivada;Respondida;SMP;TELEFONICA BRASIL S.A.;Grande;Vivo;MS;DOURADOS;SMP
28/07/2022;16:48;Reclamação;Internet;Velocidade de internet móvel abaixo;Respondida;SMP;TIM S.A.;Grande;TIM;SP;CAMPINAS;SMP
12/03/2023;20:45;Reclamação;Cobrança;Cobrança indevida / surpresa na fatura;Pendente;SMP;TIM S.A.;Grande; ;MG;UBERLÂNDIA;SMP
19/04/2023;17:59;Reclamação;Atendimento;-;Pendente;SMP;TELEFONICA BRASIL S.A.;Grande;Vivo;RS;CAXIAS DO SUL;SMP
25/06/2023;10:47;Reclamação;Internet;Velocidade de internet móvel abaixo;Pendente;SMP;NET SERVIÇOS DE COMUNICAÇÃO S.A.;Grande;Claro;PA;SANTARÉM;SMP
29/05/2023;11:52;Reclamação;Outros;Outros;Respondida;SMP;TELEFONICA BRASIL S.A.;Grande;Vivo;SC;SC - INTERIOR;SMP
15/03/2022;09:14;Reclamação;Cobrança;Cobrança indevida / surpresa na fatura;Pendente;SMP;TELEFONICA BRASIL S.A.;Grande;Vivo;SP;SOROCABA;SMP
10/11/2022;12:11;Reclamação;Portabilidade;Portabilidade numérica não efetivada;Respondida;SMP;EMBRATEL S.A.;Grande;Claro;SP;SANTOS;SMP
01/02/2022;08:06;Reclamação;Portabilidade;Portabilidade numérica não efetivada;Pendente;SMP;CLARO S.A.;Grande;Claro;PE;OLINDA;SMP
03/05/2022;14:00;Reclamação;Qualidade;Queda de sinal / cobertura inadequada;Pendente;SMP;TELEFONICA BRASIL S.A.;Grande;Vivo;SP;GUARULHOS;SMP
20/04/2022;17:04;Reclamação;Qualidade;Queda de sinal / cobertura inadequada;Pendente;SMP;CLARO S.A.;Grande;Claro;RJ;NOVA IGUAÇU;SMP
18/12/2022;10:48;Reclamação;Internet;Velocidade de internet móvel abaixo;Respondida;SMP;CLARO S.A.;Grande;Claro;CE;JUAZEIRO DO NORTE;SMP
05/04/2022;17:33;Reclamação;Atendimento;Atendimento ao cliente;Respondida;SMP;OI S.A.;Grande;Oi;BA;VITÓRIA DA CONQUISTA;SMP
21/11/2022;10:56;Reclamação;Atendimento;Atendimento ao cliente;Respondida;SMP;TELEFONICA BRASIL S.A.;Grande;Vivo;SP;GUARULHOS;SMP
04/05/2022;14:52;Reclamação;Qualidade;Queda de sinal / cobertura inadequada;Respondida;SMP;TIM S.A.;Grande;TIM;BA;SALVADOR;SMP
08/10/2023;13:35;Reclamação;Portabilidade;Portabilidade numérica não efetivada;Respondida;SMP;CLARO S/A;Grande;Claro;RS;PORTO ALEGRE;SMP
23/01/2023;12:38;Reclamação;Internet;Velocidade de internet móvel abaixo;Respondida;SMP;TELEFONICA BRASIL S.A.;Grande;Vivo;SP;CAMPINAS;SMP
01/02/2023;14:40;Reclamação;Atendimento;Atendimento ao cliente;Respondida;SMP;TIM S.A.;Grande;TIM;SP;SOROCABA;SMP
27/09/2022;14:01;Reclamação;Cobrança;Cobrança indevida / surpresa na fatura;Em análise;SMP;TIM S.A.;Grande;TIM;SP;CAMPINAS;SMP
08/10/2022;18:42;Reclamação;Qualidade;Queda de sinal / cobertura inadequada;Respondida;SMP;CLARO S.A.;Grande;Claro;SP;GUARULHOS;SMP
18/12/2022;09:16;Reclamação;Qualidade;Queda de sinal / cobertura inadequada;Respondida;SMP;CLARO S.A.;Grande;Claro;PR;CURITIBA;SMP
15/04/2022;07:28;Reclamação;Cobrança;Cobrança indevida / surpresa na fatura;Em análise;SMP;CLARO S.A.;Grande;N/A;MG;BELO HORIZONTE;SMP
05/01/2022;17:39;Reclamação;Cobrança;Cobrança indevida / surpresa na fatura;Respondida;SMP;TELEFONICA BRASIL S.A.;Grande;Vivo;MG;BELO HORIZONTE;SMP
09/06/2022;13:05;Reclamação;Portabilidade;Portabilidade numérica não efetivada;Em análise;SMP;CLARO S.A.;Grande;Claro;PA;ANANINDEUA;SMP
06/01/2023;10:05;Reclamação;Cobrança;Cobrança indevida / surpresa na fatura;Respondida;SMP;CLARO S.A.;Grande;Claro;BA;VITÓRIA DA CONQUISTA;SMP
05/11/2023;07:54;Reclamação;Qualidade;Queda de sinal / cobertura inadequada;Respondida;SMP;TELEFONICA BRASIL S.A.;Grande;Vivo;RS;PELOTAS;SMP
11/12/2022;13:07;Reclamação;Internet;Velocidade de internet móvel abaixo;Respondida;SMP;CLARO S.A.;Grande;Claro;SP;SANTOS;SMP
04/08/2022;07:15;Reclamação;Outros;Outros;Pendente;SMP;CLARO S.A.;Grande;Claro;MG;BELO HORIZONTE;SMP
16/10/2023;09:18;Reclamação;Portabilidade;Portabilidade numérica não efetivada;Respondida;SMP;CLARO S.A.;Grande;Claro;PE;PETROLINA;SMP
22/02/2023;12:57;Reclamação;Qualidade;Queda de sinal / cobertura inadequada;Respondida;SMP;OI S.A.;Grande;Oi;BA;SALVADOR;SMP
17/08/2022;21:59;Reclamação;Cobrança;Cobrança indevida / surpresa na fatura;Respondida;SMP;CLARO S/A;Grande;Claro;BA;VITÓRIA DA CONQUISTA;SMP
14/04/2022;15:02;Reclamação;Cobrança;Cobrança indevida / surpresa na fatura;Respondida;SMP;OI S.A.;Grande;Oi;BA;FEIRA DE SANTANA;SMP
23/02/2022;10:50;Reclamação;Qualidade;Queda de sinal / cobertura inadequada;Respondida;SMP;TIM S.A.;Grande;TIM;SP;SÃO PAULO;SMP
19/08/2023;08:27;Reclamação;Internet;Velocidade de internet móvel abaixo;Respondida;SMP;TELEFONICA BRASIL S.A.;Grande;Vivo;MG;UBERLÂNDIA;SMP
21/11/2022;07:28;Reclamação;Cobrança;Cobrança indevida / surpresa na fatura;Em análise;SMP;CLARO S.A.;Grande;Claro;SP;SÃO PAULO;SMP
09/03/2022;21:11;Reclamação;Qualidade;Queda de sinal / cobertura inadequada;Respondida;SMP;TELEFONICA BRASIL S.A.;Grande;Vivo;BA;SALVADOR;SMP
28/04/2022;09:57;Reclamação;Portabilidade;Portabilidade numérica não efetivada;Respondida;SMP;OI S.A.;Grande;Oi;AL;AL - INTERIOR;SMP
25/12/2022;09:02;Reclamação;Qualidade;Queda de sinal / cobertura inadequada;Respondida;SMP;SERCOMTEL S.A. - TELECOMUNICAÇÕES;Pequeno;Sercomtel;RJ;NOVA IGUAÇU;SMP
20/01/2022;14:05;Reclamação;Qualidade;Queda de sinal / cobertura inadequada;Respondida;SMP;Tim S.A.;Grande;TIM;SP;CAMPINAS;SMP
03/11/2022;16:55;Reclamação;Internet;Velocidade de internet móvel abaixo;Pendente;SMP;TIM S.A.;Grande;TIM;SP;SÃO PAULO;SMP
12/05/2023;12:31;Reclamação;Outros;Outros;Pendente;SMP;NET SERVIÇOS DE COMUNICAÇÃO S.A.;Grande;N/A;AL;AL - INTERIOR;SMP
08/08/2023;19:28;Reclamação;Outros;Outros;Respondida;SMP;CLARO S.A.;Grande;Claro;SP;GUARULHOS;SMP
28/09/2022;11:48;Reclamação;Internet;Velocidade de internet móvel abaixo;Em análise;SMP;NET SERVIÇOS DE COMUNICAÇÃO S.A.;Grande;Claro;SC;SC - INTERIOR;SMP
13/08/2023;16:16;Reclamação;Cobrança;Cobrança indevida / surpresa na fatura;Respondida;SMP;Claro S.A.;Grande;Claro;RJ;NOVA IGUAÇU;SMP
20/06/2023;13:50;Reclamação;Internet;Velocidade de internet móvel abaixo;Respondida;SMP;TELEFONICA BRASIL S.A.;Grande;Vivo;SP;SOROCABA;SMP
03/11/2022;20:32;Reclamação;Qualidade;Queda de sinal / cobertura inadequada;Pendente;SMP;CLARO S.A.;Grande;Claro;RJ;NOVA IGUAÇU;SMP
08/02/2023;09:43;Reclamação;Cobrança;Cobrança indevida / surpresa na fatura;Respondida;SMP;Telefonica Brasil S.A.;Grande;Vivo;AL;AL - INTERIOR;SMP
23/01/2023;13:58;Reclamação;Internet;Velocidade de internet móvel abaixo;Em análise;SMP;CLARO S.A.;Grande;Claro;PE;PETROLINA;SMP
14/02/2023;16:35;Reclamação;Portabilidade;Portabilidade numérica não efetivada;Pendente;SMP;OI S.A.;Grande;Oi;SP;GUARULHOS;SMP
20/03/2023;10:37;Reclamação;Qualidade;Queda de sinal / cobertura inadequada;Pendente;SMP;TELEFONICA BRASIL S.A.;Grande;Vivo;RJ;NOVA IGUAÇU;SMP
22/04/2022;16:36;Reclamação;Internet;Velocidade de internet móvel abaixo;Pendente;SMP;TIM S.A.;Grande;TIM;RS;CANOAS;SMP
19/11/2022;17:22;Reclamação;Qualidade;Queda de sinal / cobertura inadequada;Respondida;SMP;CLARO S.A.;Grande;Claro;SP;GUARULHOS;SMP
28/07/2023;16:54;Reclamação;Qualidade;Queda de sinal / cobertura inadequada;Respondida;SMP;OI S.A.;Grande;Oi;GO;APARECIDA DE GOIÂNIA;SMP
02/12/2022;18:40;Reclamação;Cobrança;Cobrança indevida / surpresa na fatura;Pendente;SMP;CLARO S/A;Grande;Claro;BA;SALVADOR;SMP
27/04/2022;09:19;Reclamação;Qualidade;Queda de sinal / cobertura inadequada;Respondida;SMP;CLARO S/A;-;Claro;DF;BRASÍLIA;SMP
13/09/2023;12:45;Reclamação;Portabilidade;Portabilidade numérica não efetivada;Em análise;SMP;TIM S.A.;Grande;TIM;MT;VÁRZEA GRANDE;SMP
01/01/2023;11:49;Reclamação;Qualidade;Queda de sinal / cobertura inadequada;Respondida;SMP;EMBRATEL S.A.;Grande;Claro;SP;CAMPINAS;SMP
30/11/2022;07:42;Reclamação;Atendimento;Atendimento ao cliente;Respondida;SMP;TELEFONICA BRASIL S.A.;Grande;Vivo;AL;AL - INTERIOR;SMP
13/11/2023;09:05;Reclamação;Cobrança;Cobrança indevida / surpresa na fatura;Respondida;SMP;TIM S.A.;Grande;TIM;RS;CAXIAS DO SUL;SMP
15/10/2023;21:30;Reclamação;Internet;Velocidade de internet móvel abaixo;Respondida;SMP;TELEFONICA BRASIL S.A.;Grande;Vivo;MS;TRÊS LAGOAS;SMP
20/12/2023;21:20;Reclamação;Portabilidade;Portabilidade numérica não efetivada;Respondida;SMP;TELEFONICA BRASIL S.A.;Grande;Vivo;CE;FORTALEZA;SMP
23/11/2023;22:25;Reclamação;Outros;Outros;Respondida;SMP;OI S.A.;Grande;Oi;AP;AP - INTERIOR;SMP
06/11/2022;09:40;Reclamação;Internet;Velocidade de internet móvel abaixo;Respondida;SMP;NET SERVIÇOS DE COMUNICAÇÃO S.A.;Grande;Claro;SP;SÃO PAULO;SMP
23/01/2023;21:15;Reclamação;Atendimento;Atendimento ao cliente;Respondida;SMP;CLARO S.A.;Grande;Claro;BA;FEIRA DE SANTANA;SMP
24/05/2022;10:36;Reclamação;Cobrança;Cobrança indevida / surpresa na fatura;Respondida;SMP;TIM S.A.;Grande;TIM;BA;VITÓRIA DA CONQUISTA;SMP
23/09/2023;22:57;Reclamação;Internet;Velocidade de internet móvel abaixo;Pendente;SMP;CLARO S.A.;Grande;Claro;BA;FEIRA DE SANTANA;SMP
20/03/2023;22:47;Reclamação;Cobrança;Cobrança indevida / surpresa na fatura;Pendente;SMP;EMBRATEL S.A.;Grande;Claro;SP;GUARULHOS;SMP
12/03/2023;07:43;Reclamação;Cobrança;Cobrança indevida / surpresa na fatura;Respondida;SMP;CLARO S.A.;Grande;Claro;BA;VITÓRIA DA CONQUISTA;SMP
03/09/2022;21:35;Reclamação;Internet;Velocidade de internet móvel abaixo;Respondida;SMP;CLARO S.A.;Grande;Claro;RS;PORTO ALEGRE;SMP
09/09/2023;14:19;Reclamação;Cobrança;Cobrança indevida / surpresa na fatura;Respondida;SMP;TELEFONICA BRASIL S.A.;Grande;Vivo;RS;CAXIAS DO SUL;SMP
01/04/2023;12:03;Reclamação;Atendimento;Atendimento ao cliente;Respondida;SMP;EMBRATEL S.A.;Grande;Claro;PR;LONDRINA;SMP
07/02/2022;21:30;Reclamação;Qualidade;Queda de sinal / cobertura inadequada;Em análise;SMP;CLARO S.A.;Grande;Claro;PB;PB - INTERIOR;SMP
25/08/2022;11:29;Reclamação;Cobrança;Cobrança indevida / surpresa na fatura;Respondida;SMP;TELEFONICA BRASIL S.A.;Grande;Vivo;TO;TO - INTERIOR;SMP
21/06/2022;21:23;Reclamação;Cobrança;Cobrança indevida / surpresa na fatura;Respondida;SMP;TELEFONICA BRASIL S.A.;Grande;Vivo;RS;PORTO ALEGRE;SMP
02/06/2023;22:47;Reclamação;Internet;Velocidade de internet móvel abaixo;Respondida;SMP;TELEFONICA BRASIL S.A.;Grande;Vivo;BA;FEIRA DE SANTANA;SMP
14/09/2023;16:47;Reclamação;Qualidade;Queda de sinal / cobertura inadequada;Respondida;SMP;CLARO S.A.;Grande;Claro;RJ;RIO DE JANEIRO;SMP
22/05/2023;18:59;Reclamação;Qualidade;Queda de sinal / cobertura inadequada;Pendente;SMP;TELEFONICA BRASIL S.A.;Grande;Vivo;SP;CAMPINAS;SMP
19/04/2022;09:49;Reclamação;Internet;Velocidade de internet móvel abaixo;Respondida;SMP;TELEFONICA BRASIL S.A.;Grande;Vivo;RJ;NITERÓI;SMP
06/10/2023;12:56;Reclamação;Portabilidade;Portabilidade numérica não efetivada;Pendente;SMP;TELEFONICA BRASIL S.A.;Grande;Vivo;RJ;DUQUE DE CAXIAS;SMP
09/06/2023;16:50;Reclamação;Outros;Outros;Respondida;SMP;CLARO S.A.;Grande;Claro;RN;RN - INTERIOR;SMP
18/06/2023;22:26;Reclamação;Atendimento;Atendimento ao cliente;Respondida;SMP;TIM S.A.;Grande;TIM;SP;SANTOS;SMP
07/01/2022;19:21;Reclamação;Qualidade;Queda de sinal / cobertura inadequada;Pendente;SMP;TELEFONICA BRASIL S.A.;Grande;Vivo;SP;CAMPINAS;SMP
23/08/2023;16:47;Reclamação;Cobrança;Cobrança indevida / surpresa na fatura;Pendente;SMP;SERCOMTEL S.A. - TELECOMUNICAÇÕES;Pequeno;Sercomtel;PE;CARUARU;SMP
13/10/2023;14:21;Reclamação;Portabilidade;Portabilidade numérica não efetivada;Pendente;SMP;EMBRATEL S.A.;Grande;Claro;GO;APARECIDA DE GOIÂNIA;SMP
22/12/2023;07:31;Reclamação;Internet;Velocidade de internet móvel abaixo;Respondida;SMP;TELEFONICA BRASIL S.A.;Grande;Vivo;RJ;RIO DE JANEIRO;SMP
29/07/2022;19:30;Reclamação;Cobrança;Cobrança indevida / surpresa na fatura;Pendente;SMP;OI S.A.;Grande;Oi;MG;UBERLÂNDIA;SMP
02/03/2022;21:33;Reclamação;Outros;Outros;Respondida;SMP;TELEFONICA BRASIL S.A.;Grande;Vivo;TO;TO - INTERIOR;SMP
24/02/2022;21:35;Reclamação;Portabilidade;Portabilidade numérica não efetivada;Respondida;SMP;CLARO S/A;Grande;Claro;RS;PORTO ALEGRE;SMP
20/01/2022;19:42;Reclamação;Cobrança;Cobrança indevida / surpresa na fatura;Respondida;SMP;TIM S.A.;Grande;TIM;MG;JUIZ DE FORA;SMP
23/12/2022;18:11;Reclamação;Internet;N/A;Respondida;SMP;TELEFONICA BRASIL S.A.;Grande;Vivo;SP;CAMPINAS;SMP
07/03/2022;22:30;Reclamação;Qualidade;Queda de sinal / cobertura inadequada;Respondida;SMP;TELEFONICA BRASIL S.A.;Grande;Vivo;PE;CARUARU;SMP
28/06/2023;07:11;Reclamação;Cobrança;Cobrança indevida / surpresa na fatura;Respondida;SMP;CLARO S.A.;Grande;Claro;BA;SALVADOR;SMP
29/07/2023;07:19;Reclamação;Internet;Velocidade de internet móvel abaixo;Respondida;SMP;TELEFONICA BRASIL S.A.;Grande;Vivo;TO;TO - INTERIOR;SMP
09/12/2022;15:12;Reclamação;Internet;Velocidade de internet móvel abaixo;Respondida;SMP;TELEFONICA BRASIL S.A.;Grande;Vivo;PA;SANTARÉM;SMP
27/01/2022;20:07;Reclamação;Cobrança;Cobrança indevida / surpresa na fatura;Respondida;SMP;CLARO S.A.;Grande;Claro;MG;BELO HORIZONTE;SMP
24/06/2022;13:09;Reclamação;Internet;Velocidade de internet móvel abaixo;Respondida;SMP;TELEFONICA BRASIL S.A.;Grande;Vivo;CE;CAUCAIA;SMP
11/05/2022;09:22;Reclamação;Cobrança;N/A;Respondida;SMP;CLARO S.A.;Grande;Claro;SP;GUARULHOS;SMP
30/05/2022;11:35;Reclamação;Atendimento;Atendimento ao cliente;Respondida;SMP;OI S.A.;Grande;Oi;ES;CARIACICA;SMP
09/10/2022;08:12;Reclamação;Cobrança;Cobrança indevida / surpresa na fatura;Respondida;SMP;TIM S.A.;Grande;TIM;PI;PI - INTERIOR;SMP
16/10/2023;13:37;Reclamação;Qualidade;Queda de sinal / cobertura inadequada;Respondida;SMP;TELEFONICA BRASIL S.A.;Grande;Vivo;MS;TRÊS LAGOAS;SMP
15/05/2023;08:47;Reclamação;Internet;Velocidade de internet móvel abaixo;Respondida;SMP;OI S.A.;Grande;Oi;AL;AL - INTERIOR;SMP
24/05/2023;16:24;Reclamação;Atendimento;Atendimento ao cliente;Respondida;SMP;EMBRATEL S.A.;Grande;Claro;MT;SINOP;SMP
08/07/2022;12:15;Reclamação;Cobrança;Cobrança indevida / surpresa na fatura;Pendente;SMP;TIM S.A.;Grande;TIM;MT;CUIABÁ;SMP
03/12/2023;21:24;Reclamação;Cobrança;Cobrança indevida / surpresa na fatura;Respondida;SMP;TIM S.A.;Grande;TIM;RJ;NITERÓI;SMP
28/12/2023;21:42;Reclamação;Internet;Velocidade de internet móvel abaixo;Respondida;SMP;OI S.A.;Grande;Oi;SP;SANTOS;SMP
09/10/2023;21:41;Reclamação;Cobrança;Cobrança indevida / surpresa na fatura;Respondida;SMP;Sercomtel S.A. - Telecomunicações;Pequeno;Sercomtel;RS;PORTO ALEGRE;SMP
21/02/2022;15:54;Reclamação;Internet;Velocidade de internet móvel abaixo;Respondida;SMP;CLARO S.A.;Grande;Claro;MG;JUIZ DE FORA;SMP
14/12/2023;16:46;Reclamação;Internet;Velocidade de internet móvel abaixo;Respondida;SMP;NET SERVIÇOS DE COMUNICAÇÃO S.A.;Grande;Claro;MG;JUIZ DE FORA;SMP
03/07/2022;08:55;Reclamação;Internet;Velocidade de internet móvel abaixo;Respondida;SMP;CLARO S.A.;Grande;Claro;RS;PELOTAS;SMP
09/09/2022;20:01;Reclamação;Qualidade;Queda de sinal / cobertura inadequada;Respondida;SMP;CLARO S.A.;Grande;Claro;SP;GUARULHOS;SMP
26/07/2022;18:22;Reclamação;Cobrança;Cobrança indevida / surpresa na fatura;Respondida;SMP;TIM S.A.;Grande;TIM;PB;PB - INTERIOR;SMP
10/12/2023;12:18;Reclamação;Portabilidade;Portabilidade numérica não efetivada;Respondida;SMP;TELEFONICA BRASIL S.A.;Grande;Vivo;PR;LONDRINA;SMP
03/12/2023;07:32;Reclamação;Qualidade;Queda de sinal / cobertura inadequada;Respondida;SMP;CLARO S.A.;Grande;Claro;MG;JUIZ DE FORA;SMP
07/08/2022;17:02;Reclamação;Internet;Velocidade de internet móvel abaixo;Respondida;SMP;NÃO INFORMADO;Grande;TIM;CE;JUAZEIRO DO NORTE;SMP
13/03/2023;13:12;Reclamação;Cobrança; ;Respondida;SMP;CLARO S.A.;Grande;Claro;GO;APARECIDA DE GOIÂNIA;SMP
06/03/2022;17:51;Reclamação;Qualidade;Queda de sinal / cobertura inadequada;Respondida;SMP;NET SERVIÇOS DE COMUNICAÇÃO S.A.;Grande;Claro;GO;GOIÂNIA;SMP
23/11/2022;21:15;Reclamação;Qualidade;Queda de sinal / cobertura inadequada;Em análise;SMP;OI S.A.;Grande;Oi;AL;AL - INTERIOR;SMP
16/09/2023;13:13;Reclamação;Internet;Velocidade de internet móvel abaixo;Pendente;SMP;TIM S.A.;Grande;TIM;DF;TAGUATINGA;SMP
19/01/2022;14:54;Reclamação;Internet;Velocidade de internet móvel abaixo;Respondida;SMP;TELEFONICA BRASIL S.A.;Grande;Vivo;PA;BELÉM;SMP
07/02/2023;08:15;Reclamação;Qualidade;Queda de sinal / cobertura inadequada;Respondida;SMP;NET SERVIÇOS DE COMUNICAÇÃO S.A.;Grande;Claro;SP;GUARULHOS;SMP
29/01/2022;09:44;Reclamação;Cobrança;Cobrança indevida / surpresa na fatura;Respondida;SMP;TIM S.A.;Grande;TIM;PE;OLINDA;SMP
01/10/2022;16:01;Reclamação;Cobrança;Cobrança indevida / surpresa na fatura;Respondida;SMP;TIM S.A.;Grande;TIM;RS;PELOTAS;SMP
08/11/2023;12:12;Reclamação;Cobrança;Cobrança indevida / surpresa na fatura;Respondida;SMP;TELEFONICA BRASIL S.A.;Grande;Vivo;BA;SALVADOR;SMP
30/05/2022;10:47;Reclamação;Cobrança;Cobrança indevida / surpresa na fatura;Pendente;SMP;TIM S.A.;Grande;TIM;MG;CONTAGEM;SMP
15/03/2023;20:29;Reclamação;Atendimento;Atendimento ao cliente;Respondida;SMP;TIM S.A.;Grande;TIM;PE;RECIFE;SMP
23/04/2022;22:37;Reclamação;Qualidade;Queda de sinal / cobertura inadequada;Respondida;SMP;CLARO S.A.;Grande;Claro;PA;MARABÁ;SMP
03/03/2023;07:49;Reclamação;Qualidade;Queda de sinal / cobertura inadequada;Respondida;SMP;SERCOMTEL S.A. - TELECOMUNICAÇÕES;Pequeno;Sercomtel;RR;RR - INTERIOR;SMP
20/10/2023;15:35;Reclamação;Qualidade;Queda de sinal / cobertura inadequada;Respondida;SMP;TIM S.A.;Grande;TIM;MG;CONTAGEM;SMP
19/10/2023;07:11;Reclamação; ;Cobrança indevida / surpresa na fatura;Respondida;SMP;TIM S.A.;Grande;TIM;PR;MARINGÁ;SMP
18/02/2022;15:06;Reclamação;NÃO INFORMADO;Atendimento ao cliente;Respondida;SMP;Telefonica Brasil S.A.;Grande;Vivo;RR;RR - INTERIOR;SMP
17/09/2022;12:01;Reclamação;Internet;Velocidade de internet móvel abaixo;Respondida;SMP;CLARO S.A.;Grande;Claro;RJ;NITERÓI;SMP
19/09/2023;09:48;Reclamação;Internet;Velocidade de internet móvel abaixo;Respondida;SMP;TELEFONICA BRASIL S.A.;Grande;Vivo;MA;SÃO LUÍS;SMP
31/10/2023;14:59;Reclamação;Cobrança;Cobrança indevida / surpresa na fatura;Respondida;SMP;-;N/A;Claro;SP;SÃO PAULO;SMP
04/07/2023;10:15;Reclamação;Qualidade;Queda de sinal / cobertura inadequada;Respondida;SMP;Claro S.A.;Grande;Claro;ES;VITÓRIA;SMP
11/02/2023;13:01;Reclamação;Portabilidade;Portabilidade numérica não efetivada;Respondida;SMP;TELEFONICA BRASIL S.A.;Grande;Vivo;RJ;NOVA IGUAÇU;SMP
04/04/2023;17:21;Reclamação;Atendimento;Atendimento ao cliente;Em análise;SMP;TELEFONICA BRASIL S.A.;Grande;Vivo;GO;GOIÂNIA;SMP
07/03/2022;10:02;Reclamação;Atendimento;Atendimento ao cliente;Respondida;SMP;CLARO S.A.;Grande;Claro;SP;SÃO PAULO;SMP
06/12/2022;16:58;Reclamação;Cobrança;Cobrança indevida / surpresa na fatura;Respondida;SMP;TELEFONICA BRASIL S.A.;Grande;Vivo;MG;CONTAGEM;SMP
27/04/2022;09:34;Reclamação;Portabilidade;Portabilidade numérica não efetivada;Respondida;SMP;TELEFONICA BRASIL S.A.;Grande;Vivo;MS;CAMPO GRANDE;SMP
08/09/2023;20:04;Reclamação;Internet;Velocidade de internet móvel abaixo;Respondida;SMP;Telefonica Brasil S.A.;Grande;Vivo;PI;PI - INTERIOR;SMP
06/10/2022;10:17;Reclamação;Qualidade;Queda de sinal / cobertura inadequada;Em análise;SMP;CLARO S/A;Grande;Claro;SP;SOROCABA;SMP
09/04/2022;09:31;Reclamação;Cobrança;Cobrança indevida / surpresa na fatura;Em análise;SMP;CLARO S.A.;Grande;Claro;ES;CARIACICA;SMP
28/10/2022;17:05;Reclamação;Cobrança;Cobrança indevida / surpresa na fatura;Pendente;SMP;TIM S.A.;Grande;TIM;DF;BRASÍLIA;SMP
21/05/2023;15:54;Reclamação;Internet;Velocidade de internet móvel abaixo;Pendente;SMP;Claro S.A.;Grande;Claro;MG;UBERLÂNDIA;SMP
02/12/2023;21:20;Reclamação;Portabilidade;Portabilidade numérica não efetivada;Respondida;SMP;CLARO S.A.;Grande;Claro;SP;SOROCABA;SMP
21/01/2022;08:45;Reclamação;Cobrança;Cobrança indevida / surpresa na fatura;Respondida;SMP;CLARO S.A.;Grande;Claro;RJ;NOVA IGUAÇU;SMP
12/09/2023;21:17;Reclamação;Qualidade;Queda de sinal / cobertura inadequada;Respondida;SMP;CLARO S/A;Grande;Claro;MA;TIMON;SMP
05/08/2023;19:49;Reclamação;Internet;Velocidade de internet móvel abaixo;Respondida;SMP;SERCOMTEL S.A. - TELECOMUNICAÇÕES;Pequeno;Sercomtel;SP;SOROCABA;SMP
27/03/2023;20:04;Reclamação;Qualidade;Queda de sinal / cobertura inadequada;Respondida;SMP;TELEFONICA BRASIL S.A.;Grande;Vivo;MS;TRÊS LAGOAS;SMP
04/03/2023;09:18;Reclamação;Atendimento;Atendimento ao cliente;Respondida;SMP;OI S.A.;Grande;Oi;MG;BELO HORIZONTE;SMP
15/08/2023;08:39;Reclamação;NÃO INFORMADO;Velocidade de internet móvel abaixo;Em análise;SMP;CLARO S.A.;Grande;Claro;GO;APARECIDA DE GOIÂNIA;SMP
14/06/2023;22:51;Reclamação;Cobrança;Cobrança indevida / surpresa na fatura;Em análise;SMP;OI S.A.;Grande;Oi;RJ;DUQUE DE CAXIAS;SMP
10/12/2023;19:42;Reclamação;Portabilidade;Portabilidade numérica não efetivada;Respondida;SMP;EMBRATEL S.A.;Grande;Claro;PE;RECIFE;SMP
10/12/2022;18:38;Reclamação;Cobrança;Cobrança indevida / surpresa na fatura;Respondida;SMP;EMBRATEL S.A.;Grande;Claro;MA;IMPERATRIZ;SMP
26/12/2022;17:39;Reclamação;Internet;Velocidade de internet móvel abaixo;Em análise;SMP;CLARO S.A.;Grande;Claro;PR;LONDRINA;SMP
12/10/2023;14:39;Reclamação;Qualidade;Queda de sinal / cobertura inadequada;Respondida;SMP;OI S.A.;Grande;Oi;MG;UBERLÂNDIA;SMP
02/10/2022;17:32;Reclamação; ;N/A;Respondida;SMP;CLARO S.A.;Grande;Claro;MG;UBERLÂNDIA;SMP
16/10/2022;08:34;Reclamação;Qualidade;Queda de sinal / cobertura inadequada;Em análise;SMP;NET SERVIÇOS DE COMUNICAÇÃO S.A.;Grande;Claro;MG;UBERLÂNDIA;SMP
04/09/2023;20:54;Reclamação;Outros;Outros;Respondida;SMP;CLARO S.A.;Grande;Claro;RJ;NOVA IGUAÇU;SMP
16/03/2023;10:00;Reclamação;Cobrança;Cobrança indevida / surpresa na fatura;Respondida;SMP;CLARO S/A;Grande;Claro;PB;PB - INTERIOR;SMP
13/06/2023;14:22;Reclamação;Cobrança; ;Respondida;SMP;TELEFONICA BRASIL S.A.;Grande;Vivo;RO;RO - INTERIOR;SMP
01/02/2022;14:20;Reclamação;Qualidade;Queda de sinal / cobertura inadequada;Pendente;SMP;CLARO S/A;Grande;Claro;PA;BELÉM;SMP
22/04/2023;15:25;Reclamação;Qualidade;Queda de sinal / cobertura inadequada;Em análise;SMP;CLARO S.A.;Grande;Claro;SP;SOROCABA;SMP
25/02/2023;10:30;Reclamação;Cobrança;Cobrança indevida / surpresa na fatura;Respondida;SMP;NET SERVIÇOS DE COMUNICAÇÃO S.A.;Grande;Claro;PI;PI - INTERIOR;SMP
04/05/2023;10:19;Reclamação;Internet;Velocidade de internet móvel abaixo;Em análise;SMP;OI S.A.;NÃO INFORMADO;Oi;PB;PB - INTERIOR;SMP
16/12/2023;17:59;Reclamação;Atendimento;Atendimento ao cliente;Respondida;SMP;Oi S.A.;Grande;Oi;MG;CONTAGEM;SMP
27/06/2023;11:18;Reclamação;Portabilidade;Portabilidade numérica não efetivada;Respondida;SMP;TIM S.A.;Grande;TIM;SP;SOROCABA;SMP
11/05/2023;09:30;Reclamação;Portabilidade;Portabilidade numérica não efetivada;Respondida;SMP;CLARO S.A.;Grande;Claro;MA;TIMON;SMP
11/10/2023;13:08;Reclamação;Internet;Velocidade de internet móvel abaixo;Respondida;SMP;CLARO S.A.;Grande;Claro;BA;VITÓRIA DA CONQUISTA;SMP
09/01/2023;19:50;Reclamação;Cobrança;Cobrança indevida / surpresa na fatura;Respondida;SMP;TELEFONICA BRASIL S.A.;Grande;Vivo;RJ;RIO DE JANEIRO;SMP
13/01/2023;15:36;Reclamação;Internet;Velocidade de internet móvel abaixo;Respondida;SMP;TIM S.A.;Grande;TIM;RJ;NITERÓI;SMP
06/04/2022;17:12;Reclamação;Qualidade;Queda de sinal / cobertura inadequada;Respondida;SMP;TELEFONICA BRASIL S.A.;Grande;Vivo;RJ;NOVA IGUAÇU;SMP
08/06/2022;14:27;Reclamação;Atendimento;Atendimento ao cliente;Respondida;SMP;SERCOMTEL S.A. - TELECOMUNICAÇÕES;Pequeno;Sercomtel;AL;AL - INTERIOR;SMP
25/12/2022;11:57;Reclamação;Portabilidade;Portabilidade numérica não efetivada;Respondida;SMP;CLARO S.A.;Grande;Claro;GO;ANÁPOLIS;SMP
24/05/2022;11:39;Reclamação;Qualidade;Queda de sinal / cobertura inadequada;Respondida;SMP;NET SERVIÇOS DE COMUNICAÇÃO S.A.;Grande;Claro;RR;RR - INTERIOR;SMP
17/09/2023;14:12;Reclamação;Cobrança;Cobrança indevida / surpresa na fatura;Pendente;SMP;EMBRATEL S.A.;Grande;Claro;ES;VILA VELHA;SMP
17/07/2023;20:16;Reclamação;Portabilidade;Portabilidade numérica não efetivada;Respondida;SMP;CLARO S.A.;Grande;Claro;SP;SANTOS;SMP
29/03/2022;13:28;Reclamação;Qualidade;Queda de sinal / cobertura inadequada;Respondida;SMP;CLARO S.A.;Grande;Claro;SP;SÃO PAULO;SMP
01/04/2022;08:51;Reclamação;Portabilidade;Portabilidade numérica não efetivada;Em análise;SMP;CLARO S.A.;Grande;Claro;MT;VÁRZEA GRANDE;SMP
06/11/2022;12:02;Reclamação;Atendimento;Atendimento ao cliente;Em análise;SMP;CLARO S.A.;Grande;Claro;RS;CANOAS;SMP
23/06/2022;20:38;Reclamação; ;Velocidade de internet móvel abaixo;Respondida;SMP;CLARO S.A.;Grande;Claro;SP;CAMPINAS;SMP
09/05/2023;13:01;Reclamação;Internet;Velocidade de internet móvel abaixo;Respondida;SMP;Claro S.A.;Grande;Claro;RJ;RIO DE JANEIRO;SMP
02/05/2023;15:34;Reclamação;Atendimento;Atendimento ao cliente;Em análise;SMP;TIM S.A.;Grande;TIM;PR;PONTA GROSSA;SMP
21/11/2023;19:14;Reclamação;Qualidade;Queda de sinal / cobertura inadequada;Pendente;SMP;OI S.A.;Grande;Oi;MG;BELO HORIZONTE;SMP
31/07/2022;07:17;Reclamação;Cobrança;Cobrança indevida / surpresa na fatura;Respondida;SMP;Telefonica Brasil S.A.;Grande;NÃO INFORMADO;PB;PB - INTERIOR;SMP
28/03/2022;09:18;Reclamação;Atendimento;-;Pendente;SMP;TIM S.A.;Grande;TIM;BA;FEIRA DE SANTANA;SMP
26/06/2023;20:39;Reclamação;Cobrança;Cobrança indevida / surpresa na fatura;Respondida;SMP;CLARO S.A.;Grande;Claro;PE;RECIFE;SMP
30/01/2022;09:55;Reclamação;Internet;Velocidade de internet móvel abaixo;Respondida;SMP;N/A;Grande;Claro;MG;JUIZ DE FORA;SMP
15/09/2023;08:46;Reclamação;Internet;Velocidade de internet móvel abaixo;Em análise;SMP;CLARO S/A;Grande;Claro;PE;RECIFE;SMP
23/08/2023;11:50;Reclamação;Internet;Velocidade de internet móvel abaixo;Respondida;SMP;CLARO S.A.;Grande;Claro;SP;SÃO PAULO;SMP
21/01/2023;17:27;Reclamação;Portabilidade;Portabilidade numérica não efetivada;Respondida;SMP;TIM S.A.;Grande;TIM;BA;FEIRA DE SANTANA;SMP
26/11/2022;09:44;Reclamação;Cobrança;Cobrança indevida / surpresa na fatura;Respondida;SMP;TIM S.A.;Grande; ;GO;APARECIDA DE GOIÂNIA;SMP
08/05/2023;14:56;Reclamação;Qualidade;Queda de sinal / cobertura inadequada;Pendente;SMP;TIM S.A.;Grande;TIM;RJ;DUQUE DE CAXIAS;SMP
31/01/2023;21:40;Reclamação;Outros;-;Respondida;SMP;OI S.A.;Grande;Oi;RS;PELOTAS;SMP
03/08/2022;20:05;Reclamação;Atendimento;Atendimento ao cliente;Respondida;SMP;CLARO S.A.;Grande;Claro;CE;CAUCAIA;SMP
20/09/2022;18:13;Reclamação;Qualidade;Queda de sinal / cobertura inadequada;Pendente;SMP;CLARO S.A.;Grande;Claro;SC;SC - INTERIOR;SMP
10/07/2022;17:27;Reclamação;NÃO INFORMADO;Atendimento ao cliente;Respondida;SMP;CLARO S.A.;Grande;Claro;RJ;DUQUE DE CAXIAS;SMP
30/01/2023;22:16;Reclamação;Cobrança;Cobrança indevida / surpresa na fatura;Respondida;SMP;OI S.A.;Grande;Oi;PR;PONTA GROSSA;SMP
15/04/2023;20:11;Reclamação;N/A;Atendimento ao cliente;Pendente;SMP;Tim S.A.;Grande;TIM;GO;APARECIDA DE GOIÂNIA;SMP
09/08/2023;14:21;Reclamação;Cobrança;Cobrança indevida / surpresa na fatura;Respondida;SMP;NET SERVIÇOS DE COMUNICAÇÃO S.A.;Grande;Claro;AC;AC - INTERIOR;SMP
02/03/2023;13:21;Reclamação;Qualidade;Queda de sinal / cobertura inadequada;Respondida;SMP;TIM S.A.;Grande;TIM;RJ;RIO DE JANEIRO;SMP
30/08/2022;16:07;Reclamação;Internet; ;Respondida;SMP;NET SERVIÇOS DE COMUNICAÇÃO S.A.;Grande;Claro;RR;RR - INTERIOR;SMP
17/11/2022;12:59;Reclamação;Cobrança;Cobrança indevida / surpresa na fatura;Em análise;SMP;TELEFONICA BRASIL S.A.;Grande;Vivo;RS;PELOTAS;SMP
14/12/2022;11:48;Reclamação;Qualidade;Queda de sinal / cobertura inadequada;Respondida;SMP;OI S.A.;Grande;Oi;SP;GUARULHOS;SMP
24/03/2022;22:30;Reclamação;Internet;Velocidade de internet móvel abaixo;Respondida;SMP;CLARO S.A.;Grande;Claro;PR;MARINGÁ;SMP
14/07/2022;12:48;Reclamação;Outros;Outros;Em análise;SMP;TELEFONICA BRASIL S.A.;Grande;Vivo;CE;CAUCAIA;SMP
06/09/2023;08:16;Reclamação;Cobrança;Cobrança indevida / surpresa na fatura;Respondida;SMP;Oi S.A.;Grande;Oi;AM;PARINTINS;SMP
25/03/2023;09:43;Reclamação;Internet;Velocidade de internet móvel abaixo;Respondida;SMP;TELEFONICA BRASIL S.A.;Grande;Vivo;GO;GOIÂNIA;SMP
25/08/2023;07:53;Reclamação;Cobrança;Cobrança indevida / surpresa na fatura;Respondida;SMP;CLARO S.A.;Grande;Claro;PI;PI - INTERIOR;SMP
13/12/2022;11:23;Reclamação;Qualidade;Queda de sinal / cobertura inadequada;Respondida;SMP;TIM S.A.;Grande;TIM;CE;FORTALEZA;SMP
28/11/2023;19:12;Reclamação;Qualidade;Queda de sinal / cobertura inadequada;Respondida;SMP;TELEFONICA BRASIL S.A.;Grande;Vivo;ES;VITÓRIA;SMP
06/08/2023;11:31;Reclamação;Qualidade;Queda de sinal / cobertura inadequada;Pendente;SMP;CLARO S.A.;Grande;Claro;SC;SC - INTERIOR;SMP
08/01/2022;13:55;Reclamação;Cobrança;Cobrança indevida / surpresa na fatura;Respondida;SMP;CLARO S.A.;Grande;Claro;RO;RO - INTERIOR;SMP
03/06/2022;15:09;Reclamação;Internet;Velocidade de internet móvel abaixo;Respondida;SMP;CLARO S.A.;Grande;Claro;BA;SALVADOR;SMP
18/12/2022;21:53;Reclamação;Qualidade;Queda de sinal / cobertura inadequada;Respondida;SMP;Claro S.A.;Grande;Claro;PB;PB - INTERIOR;SMP
31/01/2022;13:01;Reclamação;Portabilidade;Portabilidade numérica não efetivada;Respondida;SMP;Telefonica Brasil S.A.;Grande;Vivo;RJ;RIO DE JANEIRO;SMP
18/09/2023;19:01;Reclamação;Outros;Outros;Respondida;SMP;TELEFONICA BRASIL S.A.;Grande;Vivo;MA;TIMON;SMP
16/11/2023;07:52;Reclamação;Cobrança;Cobrança indevida / surpresa na fatura;Respondida;SMP;TIM S.A.;Grande;TIM;RS;PORTO ALEGRE;SMP
30/10/2023;22:32;Reclamação;Internet;Velocidade de internet móvel abaixo;Respondida;SMP;CLARO S.A.;Grande;Claro;PA;BELÉM;SMP
12/09/2022;14:39;Reclamação;Cobrança;Cobrança indevida / surpresa na fatura;Respondida;SMP;CLARO S.A.;Grande;Claro;SP;SOROCABA;SMP
27/09/2022;17:03;Reclamação;Internet;Velocidade de internet móvel abaixo;Respondida;SMP;CLARO S.A.;Grande;Claro;AM;ITACOATIARA;SMP
28/12/2023;09:01;Reclamação;Portabilidade;Portabilidade numérica não efetivada;Respondida;SMP;NET SERVIÇOS DE COMUNICAÇÃO S.A.;Grande;Claro;SP;CAMPINAS;SMP
26/06/2023;07:02;Reclamação;Cobrança;Cobrança indevida / surpresa na fatura;Respondida;SMP;CLARO S/A;Grande;Claro;PR;PONTA GROSSA;SMP
13/11/2023;11:05;Reclamação;Qualidade;Queda de sinal / cobertura inadequada;Em análise;SMP;TELEFONICA BRASIL S.A.;Grande;Vivo;MG;CONTAGEM;SMP
07/08/2023;16:07;Reclamação;Cobrança;Cobrança indevida / surpresa na fatura;Respondida;SMP;TIM S.A.;Grande;TIM;RJ;RIO DE JANEIRO;SMP
31/12/2023;15:12;Reclamação;Qualidade;Queda de sinal / cobertura inadequada;Respondida;SMP;TELEFONICA BRASIL S.A.;Grande;Vivo;RJ;NITERÓI;SMP
21/07/2023;09:23;Reclamação;Atendimento;Atendimento ao cliente;Respondida;SMP;TELEFONICA BRASIL S.A.;Grande;Vivo;AM;PARINTINS;SMP
17/02/2023;18:45;Reclamação;Internet;Velocidade de internet móvel abaixo;Em análise;SMP;EMBRATEL S.A.;Grande;Claro;PR;MARINGÁ;SMP
17/07/2023;09:17;Reclamação;Qualidade;Queda de sinal / cobertura inadequada;Pendente;SMP;TELEFONICA BRASIL S.A.;Grande;Vivo;CE;CAUCAIA;SMP
11/10/2022;22:59;Reclamação;Portabilidade;Portabilidade numérica não efetivada;Respondida;SMP;OI S.A.;Grande;Oi;RN;RN - INTERIOR;SMP
28/06/2023;18:50;Reclamação;Cobrança;Cobrança indevida / surpresa na fatura;Respondida;SMP;CLARO S.A.;Grande;Claro;PB;PB - INTERIOR;SMP
29/08/2023;08:53;Reclamação;Cobrança;Cobrança indevida / surpresa na fatura;Respondida;SMP;OI S.A.;Grande;Oi;SP;SOROCABA;SMP
04/09/2023;09:29;Reclamação;Internet;Velocidade de internet móvel abaixo;Respondida;SMP;CLARO S.A.;Grande;Claro;BA;FEIRA DE SANTANA;SMP
11/11/2023;21:39;Reclamação;Atendimento;Atendimento ao cliente;Respondida;SMP;OI S.A.;Grande;Oi;BA;SALVADOR;SMP
25/09/2023;14:38;Reclamação;Internet;Velocidade de internet móvel abaixo;Pendente;SMP;TELEFONICA BRASIL S.A.;Grande;Vivo;SP;CAMPINAS;SMP
19/04/2023;09:24;Reclamação;Internet;Velocidade de internet móvel abaixo;Respondida;SMP;TELEFONICA BRASIL S.A.;Grande;Vivo;AL;AL - INTERIOR;SMP
09/08/2022;10:11;Reclamação;Internet;Velocidade de internet móvel abaixo;Pendente;SMP;TELEFONICA BRASIL S.A.;Grande;Vivo;PA;BELÉM;SMP
23/10/2023;07:49;Reclamação;Internet;Velocidade de internet móvel abaixo;Respondida;SMP;OI S.A.;Grande;Oi;RJ;NITERÓI;SMP
20/01/2023;12:30;Reclamação;Portabilidade;Portabilidade numérica não efetivada;Respondida;SMP;CLARO S.A.;Grande;Claro;RS;CAXIAS DO SUL;SMP
12/10/2022;18:40;Reclamação;Cobrança;Cobrança indevida / surpresa na fatura;Respondida;SMP;TELEFONICA BRASIL S.A.;Grande;Vivo;GO;GOIÂNIA;SMP
11/11/2023;21:04;Reclamação;Outros;Outros;Respondida;SMP;NET SERVIÇOS DE COMUNICAÇÃO S.A.;Grande;Claro;RS;CANOAS;SMP
26/06/2023;22:08;Reclamação;Qualidade;Queda de sinal / cobertura inadequada;Respondida;SMP;TIM S.A.;Grande;TIM;RS;CAXIAS DO SUL;SMP
04/09/2023;17:32;Reclamação;Cobrança;Cobrança indevida / surpresa na fatura;Respondida;SMP;CLARO S.A.;Grande;Claro;RJ;RIO DE JANEIRO;SMP
21/01/2022;10:38;Reclamação;N/A;Outros;Pendente;SMP;CLARO S.A.;Grande;Claro;MA;TIMON;SMP
04/02/2022;19:08;Reclamação;Cobrança;Cobrança indevida / surpresa na fatura;Pendente;SMP;TIM S.A.;Grande;TIM;SP;CAMPINAS;SMP
17/04/2023;20:14;Reclamação;Cobrança;Cobrança indevida / surpresa na fatura;Respondida;SMP;CLARO S.A.;Grande;Claro;RJ;RIO DE JANEIRO;SMP
02/02/2022;16:23;Reclamação;Portabilidade;Portabilidade numérica não efetivada;Pendente;SMP;CLARO S.A.;Grande;Claro;GO;APARECIDA DE GOIÂNIA;SMP
24/01/2023;21:11;Reclamação;Atendimento;Atendimento ao cliente;Em análise;SMP;TELEFONICA BRASIL S.A.;Grande;Vivo;MA;IMPERATRIZ;SMP
28/04/2023;18:25;Reclamação;Outros;Outros;Respondida;SMP;TELEFONICA BRASIL S.A.;Grande;Vivo;DF;TAGUATINGA;SMP
20/02/2022;07:16;Reclamação;Qualidade;-;Respondida;SMP;TIM S.A.;Grande;TIM;PR;MARINGÁ;SMP
19/05/2023;10:18;Reclamação;Cobrança;Cobrança indevida / surpresa na fatura;Respondida;SMP;EMBRATEL S.A.;Grande;Claro;RJ;RIO DE JANEIRO;SMP
16/02/2023;18:01;Reclamação;Qualidade;Queda de sinal / cobertura inadequada;Respondida;SMP;NÃO INFORMADO;Grande;Claro;RJ;DUQUE DE CAXIAS;SMP
30/06/2022;16:55;Reclamação;Atendimento;Atendimento ao cliente;Em análise;SMP;NET SERVIÇOS DE COMUNICAÇÃO S.A.;Grande;Claro;SC;SC - INTERIOR;SMP
23/04/2023;16:45;Reclamação;Cobrança;Cobrança indevida / surpresa na fatura;Respondida;SMP;OI S.A.;Grande;Oi;AL;AL - INTERIOR;SMP
15/01/2023;09:40;Reclamação;Qualidade;Queda de sinal / cobertura inadequada;Respondida;SMP;TELEFONICA BRASIL S.A.;Grande;Vivo;PE;RECIFE;SMP
24/08/2023;12:49;Reclamação;Cobrança;Cobrança indevida / surpresa na fatura;Respondida;SMP;CLARO S/A;Grande;Claro;PA;BELÉM;SMP
15/01/2022;22:50;Reclamação;Portabilidade;Portabilidade numérica não efetivada;Respondida;SMP;CLARO S.A.;Grande;Claro;AM;MANAUS;SMP
10/06/2022;22:52;Reclamação;Outros;Outros;Respondida;SMP;CLARO S.A.;Grande;Claro;SP;SANTOS;SMP
22/04/2023;16:36;Reclamação;Cobrança;Cobrança indevida / surpresa na fatura;Respondida;SMP;TIM S.A.;Grande;TIM;PE;RECIFE;SMP
18/08/2023;13:43;Reclamação;Atendimento;Atendimento ao cliente;Respondida;SMP;CLARO S/A;Grande;Claro;PR;LONDRINA;SMP
10/10/2023;10:42;Reclamação;Cobrança;Cobrança indevida / surpresa na fatura;Respondida;SMP;OI S.A.;Grande;-;PE;OLINDA;SMP
12/07/2022;12:29;Reclamação;Portabilidade;Portabilidade numérica não efetivada;Pendente;SMP;Claro S.A.;Grande;Claro;SE;SE - INTERIOR;SMP
24/02/2023;22:09;Reclamação;Qualidade;Queda de sinal / cobertura inadequada;Respondida;SMP;CLARO S.A.;Grande;Claro;SP;SÃO PAULO;SMP
29/04/2023;19:26;Reclamação;Qualidade;Queda de sinal / cobertura inadequada;Respondida;SMP;OI S.A.;Grande;Oi;PE;RECIFE;SMP
03/06/2023;16:24;Reclamação;Portabilidade;Portabilidade numérica não efetivada;Em análise;SMP;TELEFONICA BRASIL S.A.;Grande;Vivo;GO;ANÁPOLIS;SMP
04/10/2022;10:14;Reclamação;Internet;Velocidade de internet móvel abaixo;Pendente;SMP;EMBRATEL S.A.;Grande;Claro;PB;PB - INTERIOR;SMP
17/02/2022;17:11;Reclamação;Portabilidade;Portabilidade numérica não efetivada;Respondida;SMP;TELEFONICA BRASIL S.A.;Grande;Vivo;CE;JUAZEIRO DO NORTE;SMP
21/03/2022;12:10;Reclamação;-;Portabilidade numérica não efetivada;Respondida;SMP;CLARO S.A.;Grande;Claro;PR;LONDRINA;SMP
15/04/2022;20:47;Reclamação;Portabilidade;Portabilidade numérica não efetivada;Respondida;SMP;NET SERVIÇOS DE COMUNICAÇÃO S.A.;Grande;Claro;SP;GUARULHOS;SMP
03/09/2023;21:15;Reclamação;Internet;Velocidade de internet móvel abaixo;Pendente;SMP;CLARO S.A.;Grande;Claro;CE;JUAZEIRO DO NORTE;SMP
12/11/2023;20:14;Reclamação;Cobrança;Cobrança indevida / surpresa na fatura;Pendente;SMP;CLARO S.A.;Grande;Claro;SP;SANTOS;SMP
20/01/2023;09:56;Reclamação;Qualidade;Queda de sinal / cobertura inadequada;Respondida;SMP;TELEFONICA BRASIL S.A.;Grande;Vivo;PR;MARINGÁ;SMP
08/05/2023;11:07;Reclamação;Atendimento;Atendimento ao cliente;Em análise;SMP;TELEFONICA BRASIL S.A.;Grande;Vivo;PB;PB - INTERIOR;SMP
12/12/2022;22:13;Reclamação;Portabilidade;Portabilidade numérica não efetivada;Respondida;SMP;NET SERVIÇOS DE COMUNICAÇÃO S.A.;Grande;Claro;PE;OLINDA;SMP
08/07/2023;13:23;Reclamação;Internet;Velocidade de internet móvel abaixo;Respondida;SMP;CLARO S.A.;Grande;Claro;PB;PB - INTERIOR;SMP
30/01/2023;20:06;Reclamação;Cobrança;Cobrança indevida / surpresa na fatura;Respondida;SMP;Oi S.A.;Grande;Oi;BA;VITÓRIA DA CONQUISTA;SMP
18/05/2022;09:21;Reclamação;Internet; ;Respondida;SMP;TIM S.A.;Grande;TIM;RS;PORTO ALEGRE;SMP
28/06/2022;11:53;Reclamação;Outros; ;Respondida;SMP;TIM S.A.;Grande;TIM;RS;CAXIAS DO SUL;SMP
24/02/2022;16:55;Reclamação;Cobrança;Cobrança indevida / surpresa na fatura;Respondida;SMP;OI S.A.;Grande;Oi;MG;BELO HORIZONTE;SMP
25/03/2022;14:02;Reclamação;Cobrança;Cobrança indevida / surpresa na fatura;Respondida;SMP;CLARO S.A.;Grande;Claro;PA;ANANINDEUA;SMP
15/02/2022;13:06;Reclamação;Qualidade;Queda de sinal / cobertura inadequada;Respondida;SMP;NET SERVIÇOS DE COMUNICAÇÃO S.A.;Grande;Claro;SC;SC - INTERIOR;SMP
14/08/2023;17:10;Reclamação;Internet;Velocidade de internet móvel abaixo;Em análise;SMP;CLARO S/A;Grande;Claro;RJ;RIO DE JANEIRO;SMP
07/09/2022;10:02;Reclamação;Outros;Outros;Respondida;SMP;Claro S.A.;Grande;Claro;BA;SALVADOR;SMP
24/09/2023;08:25;Reclamação;Qualidade;Queda de sinal / cobertura inadequada;Respondida;SMP;TELEFONICA BRASIL S.A.;Grande;Vivo;RJ;DUQUE DE CAXIAS;SMP
30/03/2023;19:10;Reclamação;Cobrança;Cobrança indevida / surpresa na fatura;Respondida;SMP;CLARO S.A.;Grande;Claro;MG;JUIZ DE FORA;SMP
21/06/2023;15:30;Reclamação;Qualidade;Queda de sinal / cobertura inadequada;Em análise;SMP;TIM S.A.;Grande;TIM;SP;SÃO PAULO;SMP
28/10/2023;22:12;Reclamação;Cobrança;Cobrança indevida / surpresa na fatura;Respondida;SMP;TIM S.A.;Grande;TIM;AM;MANAUS;SMP
24/02/2023;21:09;Reclamação;Internet;NÃO INFORMADO;Respondida;SMP;TELEFONICA BRASIL S.A.;Grande;Vivo;SP;SÃO PAULO;SMP
10/09/2023;08:27;Reclamação;Cobrança;Cobrança indevida / surpresa na fatura;Respondida;SMP;NET SERVIÇOS DE COMUNICAÇÃO S.A.;Grande;Claro;PA;MARABÁ;SMP
13/02/2023;16:11;Reclamação;Portabilidade;Portabilidade numérica não efetivada;Pendente;SMP;CLARO S.A.;Grande;Claro;GO;ANÁPOLIS;SMP
28/08/2022;09:07;Reclamação;Cobrança;Cobrança indevida / surpresa na fatura;Respondida;SMP;TELEFONICA BRASIL S.A.;Grande;Vivo;MT;SINOP;SMP
22/08/2023;22:45;Reclamação;Internet;Velocidade de internet móvel abaixo;Respondida;SMP;TELEFONICA BRASIL S.A.;Grande;Vivo;RS;PELOTAS;SMP
18/04/2023;11:03;Reclamação;Qualidade;Queda de sinal / cobertura inadequada;Respondida;SMP;CLARO S.A.;Grande;Claro;GO;APARECIDA DE GOIÂNIA;SMP
15/07/2023;09:15;Reclamação;Cobrança;Cobrança indevida / surpresa na fatura;Respondida;SMP;TIM S.A.;Grande;TIM;PR;PONTA GROSSA;SMP
03/08/2023;09:47;Reclamação;Cobrança;Cobrança indevida / surpresa na fatura;Pendente;SMP;TIM S.A.;Grande;TIM;MG;UBERLÂNDIA;SMP
30/05/2023;10:04;Reclamação;Qualidade;Queda de sinal / cobertura inadequada;Respondida;SMP;TELEFONICA BRASIL S.A.;Grande;Vivo;SP;SOROCABA;SMP
14/01/2023;17:05;Reclamação;Cobrança;Cobrança indevida / surpresa na fatura;Respondida;SMP;CLARO S/A;Grande;Claro;PE;PETROLINA;SMP
04/04/2023;12:19;Reclamação;Qualidade;Queda de sinal / cobertura inadequada;Em análise;SMP;TELEFONICA BRASIL S.A.; ;Vivo;PA;BELÉM;SMP
02/10/2023;13:58;Reclamação;Internet;Velocidade de internet móvel abaixo;Respondida;SMP;Oi S.A.;Grande;Oi;SP;SOROCABA;SMP
20/02/2023;21:20;Reclamação;Portabilidade;Portabilidade numérica não efetivada;Em análise;SMP;CLARO S.A.;Grande;Claro;SP;GUARULHOS;SMP
04/01/2023;09:08;Reclamação;Qualidade;Queda de sinal / cobertura inadequada;Respondida;SMP;Telefonica Brasil S.A.;Grande;Vivo;ES;CARIACICA;SMP
18/04/2022;10:30;Reclamação;Internet;Velocidade de internet móvel abaixo;Respondida;SMP;CLARO S.A.;Grande;Claro;SP;GUARULHOS;SMP
17/04/2022;13:05;Reclamação;Internet;Velocidade de internet móvel abaixo;Respondida;SMP;Claro S.A.;Grande;Claro;RS;CAXIAS DO SUL;SMP
21/12/2022;10:48;Reclamação; ;Velocidade de internet móvel abaixo;Respondida;SMP;TIM S.A.;Grande;TIM;MG;UBERLÂNDIA;SMP
03/09/2022;09:15;Reclamação;Internet;Velocidade de internet móvel abaixo;Respondida;SMP;TIM S.A.;Grande;TIM;PR;LONDRINA;SMP
24/09/2023;13:04;Reclamação;Portabilidade;Portabilidade numérica não efetivada;Em análise;SMP;TELEFONICA BRASIL S.A.;Grande;Vivo;PR;PONTA GROSSA;SMP
14/11/2022;08:25;Reclamação;Portabilidade;Portabilidade numérica não efetivada;Pendente;SMP;TELEFONICA BRASIL S.A.;Grande;Vivo;SP;GUARULHOS;SMP
09/02/2022;07:32;Reclamação;Cobrança;Cobrança indevida / surpresa na fatura;Pendente;SMP;CLARO S/A;Grande;Claro;PB;PB - INTERIOR;SMP
06/09/2022;07:43;Reclamação;Cobrança;Cobrança indevida / surpresa na fatura;Respondida;SMP;OI S.A.;Grande;Oi;MG;CONTAGEM;SMP
05/10/2022;15:54;Reclamação;Qualidade;-;Pendente;SMP;TIM S.A.;Grande;TIM;GO;ANÁPOLIS;SMP
25/09/2022;07:54;Reclamação;Qualidade;Queda de sinal / cobertura inadequada;Respondida;SMP;OI S.A.;Grande;Oi;MA;TIMON;SMP
06/08/2023;21:13;Reclamação;Internet;Velocidade de internet móvel abaixo;Respondida;SMP;TELEFONICA BRASIL S.A.;Grande;Vivo;RJ;DUQUE DE CAXIAS;SMP
29/10/2023;20:41;Reclamação;Portabilidade;Portabilidade numérica não efetivada;Em análise;SMP;TIM S.A.;Grande;TIM;PA;ANANINDEUA;SMP
27/01/2023;19:35;Reclamação;Cobrança;Cobrança indevida / surpresa na fatura;Pendente;SMP;CLARO S/A;Grande;Claro;PR;LONDRINA;SMP
07/09/2022;14:03;Reclamação;Internet;Velocidade de internet móvel abaixo;Pendente;SMP;NET SERVIÇOS DE COMUNICAÇÃO S.A.;Grande;Claro;PI;PI - INTERIOR;SMP
21/04/2023;12:24;Reclamação;Internet;NÃO INFORMADO;Pendente;SMP;CLARO S.A.;Grande;Claro;SP;SÃO PAULO;SMP
28/02/2023;17:50;Reclamação;Outros;Outros;Respondida;SMP;TELEFONICA BRASIL S.A.;Grande;-;SP;SOROCABA;SMP
14/07/2022;13:33;Reclamação;Atendimento;Atendimento ao cliente;Pendente;SMP;CLARO S.A.;Grande;Claro;RJ;DUQUE DE CAXIAS;SMP
24/10/2023;09:35;Reclamação;Cobrança;Cobrança indevida / surpresa na fatura;Respondida;SMP;TELEFONICA BRASIL S.A.;Grande;Vivo;SP;SÃO PAULO;SMP
28/04/2023;21:16;Reclamação;Internet;Velocidade de internet móvel abaixo;Respondida;SMP;OI S.A.;Grande;Oi;SP;GUARULHOS;SMP
16/05/2023;21:52;Reclamação;Outros;Outros;Em análise;SMP;TIM S.A.;Grande;-;ES;VILA VELHA;SMP
07/06/2022;19:21;Reclamação;Portabilidade;Portabilidade numérica não efetivada;Respondida;SMP;OI S.A.;Grande;Oi;SP;CAMPINAS;SMP
11/02/2022;17:39;Reclamação;Portabilidade;Portabilidade numérica não efetivada;Respondida;SMP;OI S.A.;Grande;Oi;RS;CAXIAS DO SUL;SMP
07/10/2023;14:17;Reclamação;Qualidade;Queda de sinal / cobertura inadequada;Em análise;SMP;TELEFONICA BRASIL S.A.;Grande;Vivo;MG;CONTAGEM;SMP
15/01/2023;10:48;Reclamação;Qualidade;Queda de sinal / cobertura inadequada;Respondida;SMP;CLARO S.A.;Grande;Claro;PE;PETROLINA;SMP
29/07/2023;08:22;Reclamação;Cobrança;Cobrança indevida / surpresa na fatura;Respondida;SMP;CLARO S.A.;Grande;Claro;MG;UBERLÂNDIA;SMP
06/01/2022;19:12;Reclamação;Cobrança;Cobrança indevida / surpresa na fatura;Pendente;SMP;EMBRATEL S.A.;Grande;Claro;PA;BELÉM;SMP
09/07/2022;21:04;Reclamação;Internet;Velocidade de internet móvel abaixo;Respondida;SMP;TELEFONICA BRASIL S.A.;Grande;Vivo;MG;CONTAGEM;SMP
01/04/2022;08:06;Reclamação;Qualidade;Queda de sinal / cobertura inadequada;Respondida;SMP;CLARO S.A.;Grande;Claro;BA;FEIRA DE SANTANA;SMP
13/08/2023;09:37;Reclamação;Cobrança;Cobrança indevida / surpresa na fatura;Respondida;SMP;NET SERVIÇOS DE COMUNICAÇÃO S.A.;Grande;Claro;MG;JUIZ DE FORA;SMP
25/06/2023;09:06;Reclamação;Cobrança;Cobrança indevida / surpresa na fatura;Respondida;SMP;TELEFONICA BRASIL S.A.;Grande;Vivo;RS;CANOAS;SMP
28/04/2023;14:25;Reclamação;Cobrança;Cobrança indevida / surpresa na fatura;Respondida;SMP;CLARO S.A.;Grande;Claro;MS;CAMPO GRANDE;SMP
19/02/2023;19:51;Reclamação;Cobrança;Cobrança indevida / surpresa na fatura;Respondida;SMP;TELEFONICA BRASIL S.A.;Grande;Vivo;PE;CARUARU;SMP
24/07/2023;22:36;Reclamação;Internet;Velocidade de internet móvel abaixo;Respondida;SMP;CLARO S/A;Grande;Claro;PI;PI - INTERIOR;SMP
20/07/2022;22:36;Reclamação;Cobrança;Cobrança indevida / surpresa na fatura;Respondida;SMP;TELEFONICA BRASIL S.A.;Grande;Vivo;SP;SÃO PAULO;SMP
26/05/2023;08:22;Reclamação;Internet;Velocidade de internet móvel abaixo;Em análise;SMP;CLARO S.A.;NÃO INFORMADO;Claro;RS;CAXIAS DO SUL;SMP
19/02/2023;15:21;Reclamação;N/A;Cobrança indevida / surpresa na fatura;Pendente;SMP;CLARO S.A.;Grande;Claro;MG;CONTAGEM;SMP
08/10/2022;15:03;Reclamação;Internet;Velocidade de internet móvel abaixo;Respondida;SMP;OI S.A.;Grande;Oi;PE;CARUARU;SMP
02/10/2022;14:43;Reclamação;Qualidade;Queda de sinal / cobertura inadequada;Pendente;SMP;Telefonica Brasil S.A.;Grande;Vivo;SP;SÃO PAULO;SMP
13/01/2022;22:38;Reclamação;Internet;Velocidade de internet móvel abaixo;Respondida;SMP;CLARO S.A.;Grande;Claro;ES;CARIACICA;SMP
27/11/2023;14:37;Reclamação;Internet;Velocidade de internet móvel abaixo;Respondida;SMP;TELEFONICA BRASIL S.A.;Grande;Vivo;RN;RN - INTERIOR;SMP
08/03/2023;22:06;Reclamação;Cobrança;Cobrança indevida / surpresa na fatura;Em análise;SMP;TELEFONICA BRASIL S.A.;Grande;Vivo;RJ;NITERÓI;SMP
11/01/2023;20:15;Reclamação;Atendimento;Atendimento ao cliente;Respondida;SMP;TIM S.A.;Grande;TIM;BA;FEIRA DE SANTANA;SMP
06/06/2022;13:22;Reclamação;Cobrança;Cobrança indevida / surpresa na fatura;Respondida;SMP;CLARO S.A.;Grande;Claro;SC;SC - INTERIOR;SMP
25/07/2023;19:30;Reclamação;Cobrança;Cobrança indevida / surpresa na fatura;Respondida;SMP;CLARO S.A.;Grande;Claro;SP;SÃO PAULO;SMP
13/02/2022;08:52;Reclamação;Cobrança;Cobrança indevida / surpresa na fatura;Em análise;SMP;TIM S.A.;Grande;TIM;PE;CARUARU;SMP
30/03/2022;12:01;Reclamação;Internet;Velocidade de internet móvel abaixo;Pendente;SMP;CLARO S.A.;Grande;Claro;MG;UBERLÂNDIA;SMP
28/09/2023;17:31;Reclamação;Cobrança;Cobrança indevida / surpresa na fatura;Pendente;SMP;TIM S.A.;Grande;TIM;MA;TIMON;SMP
14/02/2022;16:18;Reclamação;-;Cobrança indevida / surpresa na fatura;Pendente;SMP;TIM S.A.;Grande;TIM;RJ;RIO DE JANEIRO;SMP
16/01/2022;15:22;Reclamação;Internet;Velocidade de internet móvel abaixo;Respondida;SMP;TIM S.A.;Grande;TIM;SC;SC - INTERIOR;SMP
03/09/2022;13:02;Reclamação;Outros;Outros;Respondida;SMP;TIM S.A.;Grande;TIM;PI;PI - INTERIOR;SMP
30/07/2023;19:34;Reclamação;-;Queda de sinal / cobertura inadequada;Pendente;SMP;OI S.A.;Grande;Oi;MG;JUIZ DE FORA;SMP
16/12/2023;14:49;Reclamação;Cobrança;Cobrança indevida / surpresa na fatura;Pendente;SMP;CLARO S.A.;Grande;Claro;SP;GUARULHOS;SMP
03/02/2022;13:21;Reclamação;Internet;Velocidade de internet móvel abaixo;Respondida;SMP;CLARO S.A.;Grande;Claro;PB;PB - INTERIOR;SMP
09/05/2023;22:50;Reclamação;Internet;Velocidade de internet móvel abaixo;Respondida;SMP;CLARO S.A.;Grande;Claro;SE;SE - INTERIOR;SMP
07/08/2023;15:31;Reclamação;Qualidade;Queda de sinal / cobertura inadequada;Respondida;SMP;CLARO S.A.;Grande;Claro;SP;SÃO PAULO;SMP
30/10/2022;08:17;Reclamação;Qualidade;Queda de sinal / cobertura inadequada;Em análise;SMP;CLARO S.A.;Grande;Claro;PE;PETROLINA;SMP
29/08/2023;12:39;Reclamação;Atendimento;Atendimento ao cliente;Pendente;SMP;CLARO S.A.;Grande;Claro;SP;CAMPINAS;SMP
06/02/2022;11:23;Reclamação;Internet;Velocidade de internet móvel abaixo;Pendente;SMP;OI S.A.;Grande;Oi;SC;SC - INTERIOR;SMP
27/05/2023;12:59;Reclamação;Qualidade;Queda de sinal / cobertura inadequada;Respondida;SMP;CLARO S.A.;Grande;Claro;PE;OLINDA;SMP
07/02/2022;12:49;Reclamação;Qualidade;Queda de sinal / cobertura inadequada;Respondida;SMP;OI S.A.;Grande;Oi;AM;ITACOATIARA;SMP
01/05/2023;12:11;Reclamação;Outros;Outros;Respondida;SMP;TELEFONICA BRASIL S.A.;Grande;Vivo;SP;SOROCABA;SMP
13/03/2022;16:22;Reclamação;Cobrança;Cobrança indevida / surpresa na fatura;Pendente;SMP;CLARO S.A.;Grande;Claro;RJ;DUQUE DE CAXIAS;SMP
11/10/2023;22:04;Reclamação;Portabilidade;Portabilidade numérica não efetivada;Pendente;SMP;TELEFONICA BRASIL S.A.;Grande;Vivo;SP;SÃO PAULO;SMP
07/04/2022;09:07;Reclamação;Qualidade;Queda de sinal / cobertura inadequada;Respondida;SMP;TIM S.A.;Grande;TIM;PR;CURITIBA;SMP
13/08/2022;15:28;Reclamação;Portabilidade;Portabilidade numérica não efetivada;Respondida;SMP;CLARO S.A.;Grande;Claro;MG;UBERLÂNDIA;SMP
07/08/2022;18:04;Reclamação;Qualidade;Queda de sinal / cobertura inadequada;Respondida;SMP;TIM S.A.;Grande;TIM;MG;CONTAGEM;SMP
26/04/2022;10:55;Reclamação;Outros;Outros;Respondida;SMP;TELEFONICA BRASIL S.A.;Grande;Vivo;AM;ITACOATIARA;SMP
18/08/2023;21:32;Reclamação;Internet;Velocidade de internet móvel abaixo;Respondida;SMP;NET SERVIÇOS DE COMUNICAÇÃO S.A.;Grande;Claro;GO;ANÁPOLIS;SMP
17/02/2023;19:17;Reclamação;Portabilidade;Portabilidade numérica não efetivada;Respondida;SMP;TIM S.A.;Grande;TIM;SP;SÃO PAULO;SMP
11/10/2022;19:43;Reclamação;Portabilidade;Portabilidade numérica não efetivada;Pendente;SMP;TIM S.A.;Grande;TIM;RS;PELOTAS;SMP
28/06/2023;10:18;Reclamação;Portabilidade;N/A;Pendente;SMP;TELEFONICA BRASIL S.A.;Grande;Vivo;RS;PORTO ALEGRE;SMP
25/08/2022;09:15;Reclamação;Atendimento;Atendimento ao cliente;Respondida;SMP;NET SERVIÇOS DE COMUNICAÇÃO S.A.;Grande;Claro;AM;MANAUS;SMP
23/12/2022;08:20;Reclamação;Internet;Velocidade de internet móvel abaixo;Respondida;SMP;CLARO S/A;Grande;Claro;MG;UBERLÂNDIA;SMP
27/06/2023;09:59;Reclamação;Internet;Velocidade de internet móvel abaixo;Respondida;SMP;TELEFONICA BRASIL S.A.;Grande;Vivo;BA;SALVADOR;SMP
29/12/2022;19:00;Reclamação;Cobrança;NÃO INFORMADO;Respondida;SMP;TELEFONICA BRASIL S.A.;Grande;Vivo;SP;SÃO PAULO;SMP
02/10/2022;11:14;Reclamação;Qualidade;N/A;Respondida;SMP;CLARO S.A.;Grande;Claro;MG;CONTAGEM;SMP
17/10/2023;11:58;Reclamação;Atendimento;Atendimento ao cliente;Respondida;SMP;CLARO S.A.;Grande;Claro;MA;SÃO LUÍS;SMP
05/09/2022;13:09;Reclamação;Qualidade;Queda de sinal / cobertura inadequada;Respondida;SMP;TELEFONICA BRASIL S.A.;Grande;Vivo;MT;SINOP;SMP
24/03/2023;14:02;Reclamação;Cobrança;Cobrança indevida / surpresa na fatura;Respondida;SMP;TIM S.A.;Grande;TIM;SP;GUARULHOS;SMP
24/12/2023;09:27;Reclamação;Qualidade;Queda de sinal / cobertura inadequada;Pendente;SMP;TIM S.A.;Grande;TIM;RJ;NOVA IGUAÇU;SMP
20/09/2022;10:15;Reclamação;Cobrança;Cobrança indevida / surpresa na fatura;Respondida;SMP;TIM S.A.;Grande;TIM;SP;SÃO PAULO;SMP
02/03/2023;14:11;Reclamação;Qualidade;Queda de sinal / cobertura inadequada;Em análise;SMP;TIM S.A.;Grande;TIM;PR;PONTA GROSSA;SMP
27/07/2022;14:38;Reclamação;Internet;Velocidade de internet móvel abaixo;Respondida;SMP;TIM S.A.;Grande;TIM;MG;JUIZ DE FORA;SMP
15/11/2022;17:11;Reclamação;Outros;Outros;Respondida;SMP;TELEFONICA BRASIL S.A.;Grande;Vivo;SP;SÃO PAULO;SMP
03/12/2023;20:50;Reclamação;Cobrança;Cobrança indevida / surpresa na fatura;Respondida;SMP;OI S.A.;Grande;Oi;MG;JUIZ DE FORA;SMP
15/04/2022;21:53;Reclamação;Outros;Outros;Pendente;SMP;CLARO S.A.;Grande;Claro;RS;PELOTAS;SMP
05/01/2022;10:03;Reclamação;Internet;Velocidade de internet móvel abaixo;Pendente;SMP;NET SERVIÇOS DE COMUNICAÇÃO S.A.;Grande;Claro;PA;SANTARÉM;SMP
28/10/2022;07:54;Reclamação;Atendimento;Atendimento ao cliente;Respondida;SMP;EMBRATEL S.A.;Grande;Claro;RN;RN - INTERIOR;SMP
13/09/2022;18:17;Reclamação;Cobrança;Cobrança indevida / surpresa na fatura;Pendente;SMP;CLARO S.A.;Grande;Claro;SP;CAMPINAS;SMP
19/04/2023;16:41;Reclamação;Internet;Velocidade de internet móvel abaixo;Pendente;SMP;Claro S.A.;Grande;Claro;SP;CAMPINAS;SMP
03/12/2022;16:09;Reclamação;Qualidade;Queda de sinal / cobertura inadequada;Respondida;SMP;TELEFONICA BRASIL S.A.;Grande;Vivo;SC;SC - INTERIOR;SMP
22/06/2023;20:09;Reclamação;Cobrança;Cobrança indevida / surpresa na fatura;Em análise;SMP;OI S.A.;Grande;Oi;RJ;NITERÓI;SMP
16/01/2023;15:39;Reclamação;Cobrança;Cobrança indevida / surpresa na fatura;Respondida;SMP;CLARO S.A.;Grande;Claro;AP;AP - INTERIOR;SMP
09/01/2022;13:14;Reclamação;Cobrança;N/A;Respondida;SMP;TIM S.A.;Grande;TIM;PI;PI - INTERIOR;SMP
30/12/2022;12:30;Reclamação;Internet;Velocidade de internet móvel abaixo;Respondida;SMP;N/A;Grande;Vivo;MT;CUIABÁ;SMP
03/08/2023;19:01;Reclamação;Portabilidade;Portabilidade numérica não efetivada;Respondida;SMP;CLARO S.A.;Grande;Claro;SP;SOROCABA;SMP
13/12/2023;22:55;Reclamação;Outros;Outros;Pendente;SMP;OI S.A.;Grande;Oi;RS;PELOTAS;SMP
07/03/2023;19:36;Reclamação;Internet;Velocidade de internet móvel abaixo;Respondida;SMP;TELEFONICA BRASIL S.A.;Grande;Vivo;CE;CAUCAIA;SMP
22/03/2022;22:22;Reclamação;-;Cobrança indevida / surpresa na fatura;Respondida;SMP;NET SERVIÇOS DE COMUNICAÇÃO S.A.;Grande;Claro;CE;SOBRAL;SMP
23/02/2023;11:23;Reclamação;Internet;Velocidade de internet móvel abaixo;Pendente;SMP;CLARO S.A.;Grande;Claro;RJ;NOVA IGUAÇU;SMP
18/04/2023;19:00;Reclamação;Qualidade;Queda de sinal / cobertura inadequada;Respondida;SMP;TELEFONICA BRASIL S.A.;Grande;Vivo;MG;CONTAGEM;SMP
18/11/2023;07:52;Reclamação;Qualidade;Queda de sinal / cobertura inadequada;Respondida;SMP;TELEFONICA BRASIL S.A.;Grande;Vivo;MG;CONTAGEM;SMP
19/03/2023;09:12;Reclamação;Portabilidade;Portabilidade numérica não efetivada;Respondida;SMP;EMBRATEL S.A.;Grande;Claro;PE;CARUARU;SMP
22/05/2022;09:17;Reclamação;Qualidade;Queda de sinal / cobertura inadequada;Respondida;SMP;CLARO S.A.;Grande;Claro;SC;SC - INTERIOR;SMP
10/01/2022;22:22;Reclamação;Cobrança;Cobrança indevida / surpresa na fatura;Respondida;SMP;CLARO S.A.;Grande;Claro;SP;SÃO PAULO;SMP
27/04/2023;16:04;Reclamação;Portabilidade;Portabilidade numérica não efetivada;Respondida;SMP;TIM S.A.;Grande;TIM;RJ;RIO DE JANEIRO;SMP
28/02/2023;15:03;Reclamação;Portabilidade;NÃO INFORMADO;Respondida;SMP;TELEFONICA BRASIL S.A.;Grande;Vivo;CE;SOBRAL;SMP
12/09/2022;17:53;Reclamação;Cobrança;Cobrança indevida / surpresa na fatura;Respondida;SMP;CLARO S.A.;Grande;Claro;CE;FORTALEZA;SMP
30/06/2022;16:46;Reclamação;Internet;Velocidade de internet móvel abaixo;Respondida;SMP;SERCOMTEL S.A. - TELECOMUNICAÇÕES;Pequeno;Sercomtel;MG;CONTAGEM;SMP
03/10/2022;08:28;Reclamação;Portabilidade;Portabilidade numérica não efetivada;Respondida;SMP;CLARO S.A.;Grande;Claro;CE;FORTALEZA;SMP
08/11/2023;20:08;Reclamação;Outros;Outros;Pendente;SMP;-;Grande;TIM;MG;BELO HORIZONTE;SMP
04/12/2022;13:18;Reclamação;Cobrança;Cobrança indevida / surpresa na fatura;Respondida;SMP;TIM S.A.;Grande;TIM;SP;CAMPINAS;SMP
27/08/2023;14:59;Reclamação;Qualidade;Queda de sinal / cobertura inadequada;Respondida;SMP;TELEFONICA BRASIL S.A.;Grande;Vivo;CE;JUAZEIRO DO NORTE;SMP
23/12/2023;09:35;Reclamação;Internet;Velocidade de internet móvel abaixo;Respondida;SMP;NET SERVIÇOS DE COMUNICAÇÃO S.A.;Grande;Claro;RJ;NOVA IGUAÇU;SMP
03/10/2023;18:07;Reclamação;Portabilidade;Portabilidade numérica não efetivada;Respondida;SMP;OI S.A.;Grande;Oi;RJ;NITERÓI;SMP
30/01/2023;07:51;Reclamação;Internet;Velocidade de internet móvel abaixo;Em análise;SMP;CLARO S/A;Grande;Claro;MA;IMPERATRIZ;SMP
10/05/2023;21:46;Reclamação;Cobrança;Cobrança indevida / surpresa na fatura;Respondida;SMP;CLARO S.A.;Grande;Claro;PA;ANANINDEUA;SMP
04/12/2023;07:40;Reclamação;Qualidade;Queda de sinal / cobertura inadequada;Respondida;SMP;TELEFONICA BRASIL S.A.;Grande;Vivo;GO;GOIÂNIA;SMP
19/11/2023;12:44;Reclamação;Qualidade;Queda de sinal / cobertura inadequada;Respondida;SMP;CLARO S/A;Grande;Claro;SP;CAMPINAS;SMP
14/10/2023;19:37;Reclamação;Cobrança;Cobrança indevida / surpresa na fatura;Respondida;SMP;CLARO S.A.;Grande;Claro;PE;RECIFE;SMP
28/07/2023;07:13;Reclamação;Cobrança;Cobrança indevida / surpresa na fatura;Em análise;SMP;TELEFONICA BRASIL S.A.;Grande;Vivo;BA;SALVADOR;SMP
29/07/2023;19:20;Reclamação;Atendimento;Atendimento ao cliente;Respondida;SMP;Telefonica Brasil S.A.;Grande;Vivo;ES;VITÓRIA;SMP
14/06/2022;16:02;Reclamação;Portabilidade;Portabilidade numérica não efetivada;Pendente;SMP;CLARO S.A.;Grande;Claro;MG;CONTAGEM;SMP
27/08/2023;10:06;Reclamação;Cobrança;Cobrança indevida / surpresa na fatura;Respondida;SMP;Telefonica Brasil S.A.;Grande;Vivo;MG;UBERLÂNDIA;SMP
29/01/2023;12:26;Reclamação;Qualidade;Queda de sinal / cobertura inadequada;Respondida;SMP;TIM S.A.;Grande;TIM;RJ;DUQUE DE CAXIAS;SMP
06/07/2022;07:51;Reclamação;Cobrança;Cobrança indevida / surpresa na fatura;Respondida;SMP;TELEFONICA BRASIL S.A.;Grande;Vivo;PE;CARUARU;SMP
08/02/2023;22:47;Reclamação;Cobrança;Cobrança indevida / surpresa na fatura;Respondida;SMP;TELEFONICA BRASIL S.A.;Grande;Vivo;GO;GOIÂNIA;SMP
22/01/2022;11:10;Reclamação;Qualidade;Queda de sinal / cobertura inadequada;Respondida;SMP;CLARO S.A.;Grande;Claro;RS;PORTO ALEGRE;SMP
12/10/2023;13:02;Reclamação;Qualidade;Queda de sinal / cobertura inadequada;Respondida;SMP;TIM S.A.;Grande;TIM;PA;BELÉM;SMP
09/10/2023;16:15;Reclamação;Cobrança;Cobrança indevida / surpresa na fatura;Respondida;SMP;Telefonica Brasil S.A.;Grande;Vivo;SC;SC - INTERIOR;SMP
14/03/2022;17:32;Reclamação;Portabilidade;Portabilidade numérica não efetivada;Respondida;SMP;TIM S.A.;Grande;TIM;SP;CAMPINAS;SMP
09/12/2023;10:34;Reclamação;Qualidade;Queda de sinal / cobertura inadequada;Respondida;SMP;TELEFONICA BRASIL S.A.;Grande;Vivo;SP;GUARULHOS;SMP
05/07/2022;18:24;Reclamação;Internet;Velocidade de internet móvel abaixo;Em análise;SMP;CLARO S.A.;Grande;Claro;PE;OLINDA;SMP
18/07/2022;11:09;Reclamação;Internet;Velocidade de internet móvel abaixo;Respondida;SMP;NET SERVIÇOS DE COMUNICAÇÃO S.A.;Grande;Claro;RJ;DUQUE DE CAXIAS;SMP
16/12/2023;11:58;Reclamação;Cobrança;Cobrança indevida / surpresa na fatura;Respondida;SMP;TELEFONICA BRASIL S.A.;Grande;Vivo;RJ;DUQUE DE CAXIAS;SMP
20/05/2022;16:31;Reclamação;Portabilidade;Portabilidade numérica não efetivada;Pendente;SMP;TIM S.A.;Grande;TIM;SP;GUARULHOS;SMP
07/04/2023;07:33;Reclamação;Portabilidade;Portabilidade numérica não efetivada;Pendente;SMP;TELEFONICA BRASIL S.A.;Grande;Vivo;RS;PORTO ALEGRE;SMP
20/03/2022;07:27;Reclamação;Atendimento;Atendimento ao cliente;Respondida;SMP;CLARO S.A.;Grande;Claro;MT;VÁRZEA GRANDE;SMP
30/10/2022;22:05;Reclamação;Qualidade;Queda de sinal / cobertura inadequada;Respondida;SMP;CLARO S.A.;Grande;Claro;MS;CAMPO GRANDE;SMP
31/08/2023;08:05;Reclamação;Internet;Velocidade de internet móvel abaixo;Respondida;SMP;TELEFONICA BRASIL S.A.;Grande;Vivo;PE;PETROLINA;SMP
09/08/2022;14:05;Reclamação;Qualidade;Queda de sinal / cobertura inadequada;Respondida;SMP;OI S.A.;Grande;Oi;SP;CAMPINAS;SMP
09/01/2023;20:55;Reclamação;Cobrança;Cobrança indevida / surpresa na fatura;Em análise;SMP;TIM S.A.;Grande;TIM;GO;APARECIDA DE GOIÂNIA;SMP
13/01/2023;07:39;Reclamação;-;Cobrança indevida / surpresa na fatura;Respondida;SMP;Telefonica Brasil S.A.;Grande;Vivo;RO;RO - INTERIOR;SMP
31/05/2022;21:49;Reclamação;Qualidade;Queda de sinal / cobertura inadequada;Respondida;SMP;CLARO S.A.;Grande;Claro;PR;CURITIBA;SMP
19/08/2022;19:17;Reclamação;Qualidade;Queda de sinal / cobertura inadequada;Pendente;SMP;CLARO S.A.;Grande;Claro;SP;SOROCABA;SMP
17/12/2023;21:32;Reclamação;Cobrança;Cobrança indevida / surpresa na fatura;Em análise;SMP;Claro S.A.;Grande;Claro;SP;SANTOS;SMP
16/07/2023;12:23;Reclamação;Cobrança;Cobrança indevida / surpresa na fatura;Respondida;SMP;CLARO S.A.;Grande;Claro;SP;CAMPINAS;SMP
12/04/2023;09:30;Reclamação;Qualidade;Queda de sinal / cobertura inadequada;Respondida;SMP;TIM S.A.;Grande;TIM;DF;BRASÍLIA;SMP
13/05/2022;13:18;Reclamação;Portabilidade;Portabilidade numérica não efetivada;Pendente;SMP;TIM S.A.;Grande;TIM;SP;SOROCABA;SMP
01/07/2022;16:01;Reclamação;Qualidade;Queda de sinal / cobertura inadequada;Respondida;SMP;TELEFONICA BRASIL S.A.;Grande;Vivo;BA;SALVADOR;SMP
10/05/2023;08:24;Reclamação;Qualidade;Queda de sinal / cobertura inadequada;Respondida;SMP;CLARO S.A.;Grande;Claro;MA;TIMON;SMP
02/03/2023;13:43;Reclamação;Atendimento;Atendimento ao cliente;Respondida;SMP;SERCOMTEL S.A. - TELECOMUNICAÇÕES;Pequeno;Sercomtel;DF;CEILÂNDIA;SMP
30/11/2023;09:51;Reclamação;Cobrança;NÃO INFORMADO;Respondida;SMP;TIM S.A.;Grande;TIM;MG;JUIZ DE FORA;SMP
07/11/2022;17:29;Reclamação;Atendimento;Atendimento ao cliente;Respondida;SMP;TELEFONICA BRASIL S.A.;Grande;Vivo;RJ;RIO DE JANEIRO;SMP
21/06/2022;11:11;Reclamação;Portabilidade;Portabilidade numérica não efetivada;Respondida;SMP;CLARO S.A.;Grande;Claro;SP;SOROCABA;SMP
04/06/2022;07:01;Reclamação;Qualidade;Queda de sinal / cobertura inadequada;Respondida;SMP;CLARO S.A.;Grande;Claro;ES;CARIACICA;SMP
19/08/2023;21:00;Reclamação;Internet;Velocidade de internet móvel abaixo;Pendente;SMP;OI S.A.;Grande;Oi;PA;BELÉM;SMP
06/11/2022;13:49;Reclamação;Qualidade;Queda de sinal / cobertura inadequada;Respondida;SMP;TIM S.A.;Grande;TIM;CE;CAUCAIA;SMP
02/06/2023;15:38;Reclamação;Cobrança;Cobrança indevida / surpresa na fatura;Pendente;SMP;CLARO S.A.;Grande;Claro;MG;JUIZ DE FORA;SMP
06/05/2022;08:05;Reclamação;Qualidade;N/A;Respondida;SMP;OI S.A.;Grande;Oi;PE;CARUARU;SMP
09/01/2022;08:51;Reclamação;Atendimento;NÃO INFORMADO;Respondida;SMP;CLARO S.A.;Grande;Claro;SP;GUARULHOS;SMP
03/09/2023;13:11;Reclamação;Atendimento;Atendimento ao cliente;Respondida;SMP;CLARO S.A.;Grande;Claro;CE;FORTALEZA;SMP
18/06/2023;21:08;Reclamação;Internet;Velocidade de internet móvel abaixo;Respondida;SMP;CLARO S/A;Grande;Claro;SC;SC - INTERIOR;SMP
29/01/2022;21:17;Reclamação;Cobrança;Cobrança indevida / surpresa na fatura;Respondida;SMP;TIM S.A.;Grande;TIM;SP;SOROCABA;SMP
27/08/2023;17:52;Reclamação;Portabilidade;Portabilidade numérica não efetivada;Respondida;SMP;TIM S.A.;Grande;TIM;AM;PARINTINS;SMP
29/03/2023;15:58;Reclamação;Cobrança;Cobrança indevida / surpresa na fatura;Respondida;SMP;CLARO S.A.;Grande;Claro;RJ;RIO DE JANEIRO;SMP
18/10/2022;16:18;Reclamação;Cobrança;Cobrança indevida / surpresa na fatura;Pendente;SMP;Tim S.A.;Grande;TIM;SP;CAMPINAS;SMP
01/08/2022;16:08;Reclamação;Internet;Velocidade de internet móvel abaixo;Respondida;SMP;CLARO S.A.;Grande;Claro;PA;MARABÁ;SMP
09/02/2023;09:28;Reclamação;Cobrança;Cobrança indevida / surpresa na fatura;Respondida;SMP;CLARO S/A; ;Claro;PI;PI - INTERIOR;SMP
07/02/2022;14:09;Reclamação;Cobrança;Cobrança indevida / surpresa na fatura;Respondida;SMP;CLARO S.A.;Grande;Claro;MT;CUIABÁ;SMP
30/09/2022;21:19;Reclamação;NÃO INFORMADO;Queda de sinal / cobertura inadequada;Pendente;SMP;TELEFONICA BRASIL S.A.; ;NÃO INFORMADO;SP;SÃO PAULO;SMP
05/09/2023;15:59;Reclamação;Cobrança;Cobrança indevida / surpresa na fatura;Respondida;SMP;TELEFONICA BRASIL S.A.;Grande;Vivo;MT;SINOP;SMP
29/11/2022;09:28;Reclamação;Cobrança;Cobrança indevida / surpresa na fatura;Respondida;SMP;TELEFONICA BRASIL S.A.;Grande;Vivo;SP;SANTOS;SMP
11/04/2022;11:38;Reclamação;Internet;Velocidade de internet móvel abaixo;Respondida;SMP;TELEFONICA BRASIL S.A.;Grande;Vivo;PB;PB - INTERIOR;SMP
15/02/2023;16:47;Reclamação;Qualidade;Queda de sinal / cobertura inadequada;Em análise;SMP;Net Serviços De Comunicação S.A.;Grande; ;SP;CAMPINAS;SMP
28/01/2023;08:35;Reclamação;Outros;N/A;Pendente;SMP;TIM S.A.;Grande;TIM;MS;CAMPO GRANDE;SMP
22/08/2022;17:47;Reclamação;Cobrança;Cobrança indevida / surpresa na fatura;Pendente;SMP;TELEFONICA BRASIL S.A.;Grande;Vivo;PB;PB - INTERIOR;SMP
30/11/2022;22:20;Reclamação;Cobrança;Cobrança indevida / surpresa na fatura;Pendente;SMP;TELEFONICA BRASIL S.A.;Grande;Vivo;MA;SÃO LUÍS;SMP
30/06/2022;11:40;Reclamação;Cobrança;Cobrança indevida / surpresa na fatura;Pendente;SMP;CLARO S.A.; ;Claro;RJ;NOVA IGUAÇU;SMP
27/09/2022;11:43;Reclamação;Qualidade;Queda de sinal / cobertura inadequada;Respondida;SMP;CLARO S.A.;Grande;Claro;SP;SOROCABA;SMP
01/12/2023;12:47;Reclamação;Internet;Velocidade de internet móvel abaixo;Respondida;SMP;NET SERVIÇOS DE COMUNICAÇÃO S.A.;Grande;Claro;AP;AP - INTERIOR;SMP
19/09/2023;16:05;Reclamação;Atendimento;Atendimento ao cliente;Respondida;SMP;TIM S.A.;Grande;TIM;MT;SINOP;SMP
18/08/2023;22:07;Reclamação;Portabilidade;Portabilidade numérica não efetivada;Respondida;SMP;EMBRATEL S.A.;Grande;Claro;AC;AC - INTERIOR;SMP
19/03/2022;08:05;Reclamação;Cobrança;Cobrança indevida / surpresa na fatura;Respondida;SMP;TIM S.A.;Grande;TIM;SC;SC - INTERIOR;SMP
04/07/2023;21:20;Reclamação;Atendimento;Atendimento ao cliente;Respondida;SMP;CLARO S.A.;Grande;Claro;PB;PB - INTERIOR;SMP
02/02/2023;08:35;Reclamação;Qualidade;Queda de sinal / cobertura inadequada;Respondida;SMP;CLARO S.A.;Grande;Claro;SP;CAMPINAS;SMP
13/01/2022;07:50;Reclamação;Atendimento;Atendimento ao cliente;Pendente;SMP;TIM S.A.;Grande;TIM;MG;JUIZ DE FORA;SMP
25/10/2023;16:54;Reclamação;Internet;Velocidade de internet móvel abaixo;Respondida;SMP;TIM S.A.;Grande;TIM;PA;MARABÁ;SMP
19/05/2022;10:54;Reclamação;Cobrança;Cobrança indevida / surpresa na fatura;Respondida;SMP;TELEFONICA BRASIL S.A.;Grande;Vivo;AL;AL - INTERIOR;SMP
31/05/2022;11:49;Reclamação;Internet;Velocidade de internet móvel abaixo;Respondida;SMP;TELEFONICA BRASIL S.A.;Grande;Vivo;MG;BELO HORIZONTE;SMP
27/03/2022;20:15;Reclamação;Cobrança;Cobrança indevida / surpresa na fatura;Respondida;SMP;NET SERVIÇOS DE COMUNICAÇÃO S.A.;Grande;Claro;SP;SOROCABA;SMP
23/12/2023;09:12;Reclamação;Qualidade;Queda de sinal / cobertura inadequada;Respondida;SMP;OI S.A.;Grande;Oi;RJ;RIO DE JANEIRO;SMP
24/01/2022;09:50;Reclamação;Portabilidade;Portabilidade numérica não efetivada;Respondida;SMP;TELEFONICA BRASIL S.A.;Grande;Vivo;SP;SÃO PAULO;SMP
26/01/2022;16:55;Reclamação;Qualidade;Queda de sinal / cobertura inadequada;Pendente;SMP;CLARO S.A.;Grande;Claro;BA;FEIRA DE SANTANA;SMP
10/05/2022;22:58;Reclamação;Cobrança;Cobrança indevida / surpresa na fatura;Respondida;SMP;TIM S.A.;Grande;TIM;MA;TIMON;SMP
06/12/2022;13:24;Reclamação;Cobrança;Cobrança indevida / surpresa na fatura;Pendente;SMP;TELEFONICA BRASIL S.A.;Grande;Vivo;PA;ANANINDEUA;SMP
04/12/2023;12:01;Reclamação;Qualidade;Queda de sinal / cobertura inadequada;Respondida;SMP;TIM S.A.;Grande;TIM;CE;FORTALEZA;SMP
27/07/2023;11:25;Reclamação;Qualidade;Queda de sinal / cobertura inadequada;Respondida;SMP;CLARO S.A.;Grande;Claro;RJ;RIO DE JANEIRO;SMP
26/12/2023;16:11;Reclamação;Cobrança;Cobrança indevida / surpresa na fatura;Respondida;SMP;CLARO S.A.;Grande;Claro;AL;AL - INTERIOR;SMP
12/07/2022;07:22;Reclamação;Cobrança;Cobrança indevida / surpresa na fatura;Em análise;SMP;CLARO S.A.;Grande;Claro;MS;CAMPO GRANDE;SMP
21/05/2022;16:29;Reclamação;Cobrança;Cobrança indevida / surpresa na fatura;Respondida;SMP;CLARO S/A;Grande;Claro;RS;CANOAS;SMP
31/08/2023;21:09;Reclamação;Qualidade;Queda de sinal / cobertura inadequada;Respondida;SMP;TELEFONICA BRASIL S.A.;Grande;Vivo;SP;SANTOS;SMP
07/05/2022;11:24;Reclamação;Qualidade;Queda de sinal / cobertura inadequada;Pendente;SMP;TIM S.A.;Grande;TIM;SP;SÃO PAULO;SMP
29/11/2023;13:40;Reclamação;Cobrança;Cobrança indevida / surpresa na fatura;Respondida;SMP;CLARO S.A.;Grande;Claro;SP;CAMPINAS;SMP
02/05/2023;09:37;Reclamação;Cobrança;Cobrança indevida / surpresa na fatura;Respondida;SMP;TELEFONICA BRASIL S.A.;Grande;Vivo;MG;BELO HORIZONTE;SMP
15/02/2022;14:12;Reclamação;Cobrança;Cobrança indevida / surpresa na fatura;Pendente;SMP;TELEFONICA BRASIL S.A.;Grande;Vivo;BA;SALVADOR;SMP
21/09/2022;11:06;Reclamação;Internet;Velocidade de internet móvel abaixo;Respondida;SMP;TIM S.A.;Grande;TIM;RJ;NITERÓI;SMP
15/04/2022;14:12;Reclamação;Portabilidade;Portabilidade numérica não efetivada;Respondida;SMP;CLARO S.A.;Grande;Claro;SP;SOROCABA;SMP
21/04/2022;11:18;Reclamação;Internet;Velocidade de internet móvel abaixo;Pendente;SMP;CLARO S.A.;Grande;Claro;SP;SÃO PAULO;SMP
13/09/2022;18:40;Reclamação;Atendimento;Atendimento ao cliente;Respondida;SMP;OI S.A.;Grande;Oi;SP;CAMPINAS;SMP
01/06/2022;11:31;Reclamação;Cobrança;Cobrança indevida / surpresa na fatura;Respondida;SMP;TELEFONICA BRASIL S.A.;Grande;Vivo;MG;JUIZ DE FORA;SMP
02/11/2022;22:04;Reclamação;Portabilidade;Portabilidade numérica não efetivada;Respondida;SMP;NET SERVIÇOS DE COMUNICAÇÃO S.A.;Grande;Claro;MA;TIMON;SMP
03/07/2022;19:18;Reclamação;Portabilidade;Portabilidade numérica não efetivada;Respondida;SMP;OI S.A.;Grande;Oi;RS;CAXIAS DO SUL;SMP
28/03/2023;14:41;Reclamação;Cobrança;Cobrança indevida / surpresa na fatura;Respondida;SMP;CLARO S/A;Grande;Claro;MG;JUIZ DE FORA;SMP
21/05/2022;18:34;Reclamação;Cobrança;Cobrança indevida / surpresa na fatura;Pendente;SMP;OI S.A.;Grande;Oi;PE;RECIFE;SMP
24/05/2022;12:27;Reclamação;Cobrança;Cobrança indevida / surpresa na fatura;Respondida;SMP;NET SERVIÇOS DE COMUNICAÇÃO S.A.;Grande;Claro;BA;VITÓRIA DA CONQUISTA;SMP
27/02/2022;17:21;Reclamação;Cobrança;Cobrança indevida / surpresa na fatura;Respondida;SMP;TIM S.A.;Grande;TIM;PE;OLINDA;SMP
13/09/2023;16:27;Reclamação;Internet;Velocidade de internet móvel abaixo;Respondida;SMP;CLARO S.A.;Grande;Claro;PR;PONTA GROSSA;SMP
27/02/2022;14:36;Reclamação;Qualidade;Queda de sinal / cobertura inadequada;Respondida;SMP;CLARO S.A.;Grande;Claro;PR;MARINGÁ;SMP
23/10/2022;07:10;Reclamação;Internet;Velocidade de internet móvel abaixo;Pendente;SMP;CLARO S.A.;Grande;Claro;SE;SE - INTERIOR;SMP
20/02/2023;18:16;Reclamação;Outros;Outros;Respondida;SMP;CLARO S/A;Grande;Claro;CE;CAUCAIA;SMP
29/09/2022;10:11;Reclamação;N/A;Queda de sinal / cobertura inadequada;Em análise;SMP;NET SERVIÇOS DE COMUNICAÇÃO S.A.;Grande;Claro;DF;CEILÂNDIA;SMP
11/04/2022;20:09;Reclamação;Atendimento;Atendimento ao cliente;Respondida;SMP;TIM S.A.;Grande;TIM;SP;CAMPINAS;SMP
18/03/2022;16:25;Reclamação;Cobrança;Cobrança indevida / surpresa na fatura;Respondida;SMP;CLARO S/A;Grande;Claro;DF;BRASÍLIA;SMP
02/03/2022;14:03;Reclamação;Cobrança;Cobrança indevida / surpresa na fatura;Pendente;SMP;CLARO S.A.;Grande;Claro;MG;UBERLÂNDIA;SMP
15/12/2023;10:52;Reclamação;Cobrança;Cobrança indevida / surpresa na fatura;Respondida;SMP;TELEFONICA BRASIL S.A.;Grande;Vivo;SP;SÃO PAULO;SMP
10/07/2022;18:05;Reclamação;Cobrança;Cobrança indevida / surpresa na fatura;Em análise;SMP;TELEFONICA BRASIL S.A.;Grande;Vivo;SP;SÃO PAULO;SMP
28/10/2023;17:02;Reclamação;Qualidade;Queda de sinal / cobertura inadequada;Respondida;SMP;CLARO S/A;Grande;Claro;PA;MARABÁ;SMP
22/12/2022;21:47;Reclamação;Cobrança;Cobrança indevida / surpresa na fatura;Pendente;SMP;TELEFONICA BRASIL S.A.;Grande;Vivo;SP;SÃO PAULO;SMP
01/05/2023;16:39;Reclamação;Cobrança;Cobrança indevida / surpresa na fatura;Respondida;SMP;CLARO S.A.;Grande;Claro;RJ;NITERÓI;SMP
27/06/2023;12:43;Reclamação;Qualidade;Queda de sinal / cobertura inadequada;Respondida;SMP;TELEFONICA BRASIL S.A.;Grande;Vivo;MG;BELO HORIZONTE;SMP
28/06/2023;09:35;Reclamação;Qualidade;Queda de sinal / cobertura inadequada;Respondida;SMP;CLARO S.A.;Grande;Claro;PR;MARINGÁ;SMP
26/09/2022;20:10;Reclamação;Cobrança;Cobrança indevida / surpresa na fatura;Pendente;SMP;SERCOMTEL S.A. - TELECOMUNICAÇÕES;Pequeno;Sercomtel;PE;CARUARU;SMP
08/04/2023;08:54;Reclamação;Cobrança;Cobrança indevida / surpresa na fatura;Respondida;SMP;CLARO S.A.;Grande;Claro;MG;BELO HORIZONTE;SMP
02/10/2022;14:54;Reclamação;Cobrança;Cobrança indevida / surpresa na fatura;Respondida;SMP;CLARO S.A.;Grande;Claro;MG;BELO HORIZONTE;SMP
14/10/2022;10:08;Reclamação;Atendimento;Atendimento ao cliente;Respondida;SMP;NET SERVIÇOS DE COMUNICAÇÃO S.A.;N/A;Claro;SP;SANTOS;SMP
28/07/2023;11:27;Reclamação;Internet;Velocidade de internet móvel abaixo;Respondida;SMP;SERCOMTEL S.A. - TELECOMUNICAÇÕES;Pequeno;Sercomtel;RS;PELOTAS;SMP
15/06/2023;08:55;Reclamação;Cobrança;Cobrança indevida / surpresa na fatura;Respondida;SMP;Tim S.A.;Grande;TIM;MA;IMPERATRIZ;SMP
23/11/2023;07:53;Reclamação;Internet;Velocidade de internet móvel abaixo;Respondida;SMP;TIM S.A.;Grande;TIM;SE;SE - INTERIOR;SMP
26/10/2023;20:55;Reclamação;Internet;Velocidade de internet móvel abaixo;Respondida;SMP;TELEFONICA BRASIL S.A.;Grande;Vivo;PA;SANTARÉM;SMP
22/07/2022;18:06;Reclamação;Internet;Velocidade de internet móvel abaixo;Pendente;SMP;CLARO S.A.;Grande;Claro;SP;SANTOS;SMP
22/08/2022;12:57;Reclamação;Outros;Outros;Respondida;SMP;TELEFONICA BRASIL S.A.;Grande;Vivo;ES;CARIACICA;SMP
09/12/2022;08:03;Reclamação;Cobrança;Cobrança indevida / surpresa na fatura;Respondida;SMP;CLARO S.A.;Grande;Claro;TO;TO - INTERIOR;SMP
13/04/2023;16:30;Reclamação;Qualidade;Queda de sinal / cobertura inadequada;Pendente;SMP;Telefonica Brasil S.A.;Grande;Vivo;RJ;RIO DE JANEIRO;SMP
26/07/2023;22:03;Reclamação;Qualidade;Queda de sinal / cobertura inadequada;Respondida;SMP;TELEFONICA BRASIL S.A.;Grande;Vivo;RJ;RIO DE JANEIRO;SMP
05/08/2022;07:10;Reclamação;Cobrança;Cobrança indevida / surpresa na fatura;Pendente;SMP;TELEFONICA BRASIL S.A.;Grande;Vivo;SP;CAMPINAS;SMP
28/04/2023;11:55;Reclamação;Cobrança;Cobrança indevida / surpresa na fatura;Pendente;SMP;EMBRATEL S.A.;Grande;Claro;RJ;DUQUE DE CAXIAS;SMP
10/12/2023;18:14;Reclamação;Internet;Velocidade de internet móvel abaixo;Respondida;SMP;TELEFONICA BRASIL S.A.;Grande;Vivo;SP;GUARULHOS;SMP
20/03/2023;14:33;Reclamação;Cobrança;Cobrança indevida / surpresa na fatura;Respondida;SMP;NET SERVIÇOS DE COMUNICAÇÃO S.A.;Grande;Claro;SP;SOROCABA;SMP
28/06/2023;12:30;Reclamação;Outros;Outros;Respondida;SMP;CLARO S.A.;Grande;Claro;PR;LONDRINA;SMP
19/05/2023;12:58;Reclamação;Qualidade;Queda de sinal / cobertura inadequada;Respondida;SMP;TIM S.A.;Grande;TIM;PR;CURITIBA;SMP
30/06/2023;09:41;Reclamação;Portabilidade;Portabilidade numérica não efetivada;Pendente;SMP;CLARO S.A.;Grande;Claro;RJ;NITERÓI;SMP
08/08/2023;18:55;Reclamação;Qualidade;Queda de sinal / cobertura inadequada;Respondida;SMP;TELEFONICA BRASIL S.A.;Grande;Vivo;SP;SANTOS;SMP
20/04/2022;10:19;Reclamação;Atendimento;Atendimento ao cliente;Pendente;SMP;TIM S.A.;Grande;TIM;SC;SC - INTERIOR;SMP
21/03/2023;09:01;Reclamação;Atendimento;Atendimento ao cliente;Pendente;SMP;TIM S.A.;Grande;TIM;RJ;NITERÓI;SMP
10/03/2023;07:34;Reclamação;Atendimento;NÃO INFORMADO;Respondida;SMP;OI S.A.;Grande;Oi;RJ;NOVA IGUAÇU;SMP
06/07/2022;10:11;Reclamação;Qualidade;Queda de sinal / cobertura inadequada;Respondida;SMP;CLARO S.A.;Grande;Claro;SP;GUARULHOS;SMP
01/12/2022;08:56;Reclamação;Outros;Outros;Em análise;SMP;TELEFONICA BRASIL S.A.;Grande;Vivo;SE;SE - INTERIOR;SMP
21/10/2023;08:32;Reclamação;Portabilidade;Portabilidade numérica não efetivada;Respondida;SMP;TIM S.A.;Grande;TIM;PI;PI - INTERIOR;SMP
15/09/2022;12:06;Reclamação;Cobrança;Cobrança indevida / surpresa na fatura;Pendente;SMP;TELEFONICA BRASIL S.A.;Grande;Vivo;RJ;NITERÓI;SMP
19/05/2023;09:16;Reclamação;Qualidade;Queda de sinal / cobertura inadequada;Em análise;SMP;TELEFONICA BRASIL S.A.;Grande;Vivo;RS;PORTO ALEGRE;SMP
10/10/2022;19:55;Reclamação;Cobrança;Cobrança indevida / surpresa na fatura;Respondida;SMP;N/A;Grande;Claro;MG;JUIZ DE FORA;SMP
18/06/2022;21:32;Reclamação;Cobrança;Cobrança indevida / surpresa na fatura;Respondida;SMP;Claro S.A.; ;Claro;CE;JUAZEIRO DO NORTE;SMP
13/04/2022;22:06;Reclamação;Internet;Velocidade de internet móvel abaixo;Respondida;SMP;TELEFONICA BRASIL S.A.;Grande;Vivo;RJ;RIO DE JANEIRO;SMP
04/01/2023;08:50;Reclamação;Qualidade;Queda de sinal / cobertura inadequada;Em análise;SMP;TELEFONICA BRASIL S.A.;Grande;Vivo;SC;SC - INTERIOR;SMP
29/04/2023;09:48;Reclamação;Cobrança;Cobrança indevida / surpresa na fatura;Respondida;SMP;TELEFONICA BRASIL S.A.;Grande;Vivo;RR;RR - INTERIOR;SMP
24/04/2022;20:17;Reclamação;Cobrança;Cobrança indevida / surpresa na fatura;Respondida;SMP;SERCOMTEL S.A. - TELECOMUNICAÇÕES;Pequeno;Sercomtel;MG;CONTAGEM;SMP
18/12/2023;15:12;Reclamação;Cobrança;Cobrança indevida / surpresa na fatura;Respondida;SMP;TELEFONICA BRASIL S.A.;Grande;Vivo;DF;BRASÍLIA;SMP
14/08/2022;19:33;Reclamação;Qualidade;Queda de sinal / cobertura inadequada;Em análise;SMP;Sercomtel S.A. - Telecomunicações;Pequeno;Sercomtel;SP;CAMPINAS;SMP
26/12/2023;17:20;Reclamação;Qualidade;Queda de sinal / cobertura inadequada;Respondida;SMP;TIM S.A.;Grande;TIM;RJ;DUQUE DE CAXIAS;SMP
04/08/2022;16:39;Reclamação;N/A;Queda de sinal / cobertura inadequada;Pendente;SMP;OI S.A.;Grande;Oi;SP;SOROCABA;SMP
22/08/2022;22:40;Reclamação;Cobrança;Cobrança indevida / surpresa na fatura;Respondida;SMP;CLARO S.A.;Grande;Claro;MS;TRÊS LAGOAS;SMP
23/12/2023;13:25;Reclamação;Portabilidade;Portabilidade numérica não efetivada;Respondida;SMP;Embratel S.A.;Grande;Claro;SP;GUARULHOS;SMP
02/03/2022;20:04;Reclamação;N/A;Atendimento ao cliente;Pendente;SMP;TELEFONICA BRASIL S.A.;Grande;Vivo;GO;APARECIDA DE GOIÂNIA;SMP
12/07/2023;21:35;Reclamação;Qualidade;Queda de sinal / cobertura inadequada;Pendente;SMP;TIM S.A.;Grande;TIM;RS;CAXIAS DO SUL;SMP
26/07/2023;09:26;Reclamação;Qualidade;Queda de sinal / cobertura inadequada;Respondida;SMP;NET SERVIÇOS DE COMUNICAÇÃO S.A.;Grande;Claro;SP;GUARULHOS;SMP
16/07/2022;20:06;Reclamação;Cobrança;Cobrança indevida / surpresa na fatura;Pendente;SMP;CLARO S.A.;Grande;Claro;MG;BELO HORIZONTE;SMP
26/11/2023;12:16;Reclamação;Qualidade;Queda de sinal / cobertura inadequada;Pendente;SMP;TIM S.A.;Grande;TIM;PB;PB - INTERIOR;SMP
26/01/2023;11:56;Reclamação;Portabilidade;Portabilidade numérica não efetivada;Respondida;SMP;CLARO S.A.;Grande;Claro;PB;PB - INTERIOR;SMP
25/10/2023;16:27;Reclamação;Atendimento;Atendimento ao cliente;Pendente;SMP;CLARO S.A.;Grande;Claro;MT;SINOP;SMP
05/12/2023;17:09;Reclamação;Atendimento;Atendimento ao cliente;Pendente;SMP;CLARO S.A.;Grande;Claro;MG;UBERLÂNDIA;SMP
06/11/2023;20:39;Reclamação;Atendimento;Atendimento ao cliente;Respondida;SMP;CLARO S.A.;Grande;Claro;RJ;DUQUE DE CAXIAS;SMP
25/11/2023;16:14;Reclamação;Portabilidade;Portabilidade numérica não efetivada;Pendente;SMP;TIM S.A.;Grande;TIM;SP;SOROCABA;SMP
24/03/2023;16:45;Reclamação;Cobrança;Cobrança indevida / surpresa na fatura;Pendente;SMP;TELEFONICA BRASIL S.A.;Grande;Vivo;MG;CONTAGEM;SMP
07/01/2023;19:22;Reclamação;Outros;Outros;Pendente;SMP;CLARO S.A.;Grande;Claro;SP;SOROCABA;SMP
01/08/2022;14:05;Reclamação;Internet;Velocidade de internet móvel abaixo;Respondida;SMP;TELEFONICA BRASIL S.A.;-;Vivo;SC;SC - INTERIOR;SMP
25/03/2023;10:54;Reclamação;Internet;Velocidade de internet móvel abaixo;Respondida;SMP;OI S.A.;Grande;Oi;RS;PELOTAS;SMP
05/02/2022;19:28;Reclamação;Outros;Outros;Respondida;SMP;CLARO S.A.;Grande;Claro;SC;SC - INTERIOR;SMP
20/10/2023;11:40;Reclamação;Qualidade;Queda de sinal / cobertura inadequada;Pendente;SMP;CLARO S.A.;Grande;Claro;RJ;DUQUE DE CAXIAS;SMP
26/12/2022;22:30;Reclamação;Cobrança;Cobrança indevida / surpresa na fatura;Respondida;SMP;OI S.A.;Grande;Oi;PE;CARUARU;SMP
30/03/2022;19:17;Reclamação;Internet;Velocidade de internet móvel abaixo;Respondida;SMP;TELEFONICA BRASIL S.A.;Grande;Vivo;MA;SÃO LUÍS;SMP
26/08/2023;08:34;Reclamação;Cobrança;Cobrança indevida / surpresa na fatura;Respondida;SMP;TELEFONICA BRASIL S.A.;Grande;Vivo;PR;MARINGÁ;SMP
14/05/2022;11:00;Reclamação;Qualidade;Queda de sinal / cobertura inadequada;Respondida;SMP;Tim S.A.;Grande;TIM;MG;CONTAGEM;SMP
09/03/2022;10:31;Reclamação;Internet;Velocidade de internet móvel abaixo;Em análise;SMP;TIM S.A.;Grande;TIM;PE;PETROLINA;SMP
07/03/2022;12:59;Reclamação;Cobrança;Cobrança indevida / surpresa na fatura;Respondida;SMP;NET SERVIÇOS DE COMUNICAÇÃO S.A.;Grande;Claro;RS;PELOTAS;SMP
16/04/2022;18:34;Reclamação;Qualidade;Queda de sinal / cobertura inadequada;Respondida;SMP;TIM S.A.;Grande;TIM;GO;APARECIDA DE GOIÂNIA;SMP
22/09/2023;15:50;Reclamação;Qualidade;Queda de sinal / cobertura inadequada;Pendente;SMP;TIM S.A.;Grande;TIM;BA;SALVADOR;SMP
25/12/2022;11:57;Reclamação;Internet;Velocidade de internet móvel abaixo;Respondida;SMP;CLARO S.A.;Grande;Claro;SP;SOROCABA;SMP
18/06/2023;17:09;Reclamação;Cobrança;Cobrança indevida / surpresa na fatura;Respondida;SMP;TELEFONICA BRASIL S.A.;Grande;Vivo;SP;SOROCABA;SMP
14/08/2023;15:13;Reclamação;Atendimento;Atendimento ao cliente;Pendente;SMP;TELEFONICA BRASIL S.A.;Grande;Vivo;MG;JUIZ DE FORA;SMP
02/07/2022;14:10;Reclamação;Internet;Velocidade de internet móvel abaixo;Respondida;SMP;TIM S.A.;Grande;TIM;PA;SANTARÉM;SMP
08/04/2022;21:17;Reclamação;Atendimento;Atendimento ao cliente;Respondida;SMP;CLARO S.A.;Grande;Claro;RJ;RIO DE JANEIRO;SMP
19/10/2023;15:18;Reclamação;Outros;Outros;Em análise;SMP;NET SERVIÇOS DE COMUNICAÇÃO S.A.;Grande;Claro;AP;AP - INTERIOR;SMP
11/12/2022;21:06;Reclamação;Qualidade;Queda de sinal / cobertura inadequada;Respondida;SMP;TELEFONICA BRASIL S.A.;Grande;Vivo;CE;CAUCAIA;SMP
25/11/2022;16:18;Reclamação;Portabilidade;Portabilidade numérica não efetivada;Pendente;SMP;NET SERVIÇOS DE COMUNICAÇÃO S.A.;Grande;Claro;RN;RN - INTERIOR;SMP
13/10/2022;15:02;Reclamação;Qualidade;Queda de sinal / cobertura inadequada;Pendente;SMP;OI S.A.;Grande;Oi;SP;SÃO PAULO;SMP
22/08/2022;16:39;Reclamação;Internet;Velocidade de internet móvel abaixo;Respondida;SMP;CLARO S.A.;Grande;Claro;RJ;NITERÓI;SMP
08/05/2023;09:11;Reclamação;Internet;Velocidade de internet móvel abaixo;Respondida;SMP;TELEFONICA BRASIL S.A.;Grande;Vivo;SP;GUARULHOS;SMP
21/11/2022;11:49;Reclamação;Cobrança;Cobrança indevida / surpresa na fatura;Respondida;SMP;CLARO S.A.;Grande;Claro;MG;CONTAGEM;SMP
23/10/2022;17:50;Reclamação;Qualidade;Queda de sinal / cobertura inadequada;Respondida;SMP;CLARO S/A; ;Claro;PI;PI - INTERIOR;SMP
12/11/2023;22:14;Reclamação;Outros;Outros;Respondida;SMP;TIM S.A.;Grande;TIM;SP;GUARULHOS;SMP
02/01/2023;20:47;Reclamação;Qualidade;Queda de sinal / cobertura inadequada;Respondida;SMP;CLARO S.A.;Grande;Claro;RS;PORTO ALEGRE;SMP
02/10/2022;07:37;Reclamação;NÃO INFORMADO;Velocidade de internet móvel abaixo;Respondida;SMP;CLARO S/A;Grande;Claro;MA;IMPERATRIZ;SMP
05/12/2022;17:21;Reclamação;Qualidade;Queda de sinal / cobertura inadequada;Respondida;SMP;-;Grande;Vivo;SP;SOROCABA;SMP
31/10/2022;20:50;Reclamação;Qualidade;Queda de sinal / cobertura inadequada;Respondida;SMP;CLARO S.A.;Grande;Claro;MG;UBERLÂNDIA;SMP
14/02/2022;19:36;Reclamação;Outros;Outros;Pendente;SMP;SERCOMTEL S.A. - TELECOMUNICAÇÕES;Pequeno;Sercomtel;BA;FEIRA DE SANTANA;SMP
15/05/2023;19:43;Reclamação;Cobrança;Cobrança indevida / surpresa na fatura;Respondida;SMP;CLARO S.A.;Grande;Claro;SP;SANTOS;SMP
13/03/2023;11:17;Reclamação;Cobrança;Cobrança indevida / surpresa na fatura;Respondida;SMP;NET SERVIÇOS DE COMUNICAÇÃO S.A.;Grande;Claro;PA;BELÉM;SMP
23/09/2022;09:56;Reclamação;Outros;Outros;Respondida;SMP;CLARO S.A.;Grande;Claro;BA;SALVADOR;SMP
04/10/2022;19:38;Reclamação;Portabilidade;Portabilidade numérica não efetivada;Respondida;SMP;TELEFONICA BRASIL S.A.;Grande;Vivo;DF;CEILÂNDIA;SMP
02/08/2023;18:17;Reclamação;Cobrança;Cobrança indevida / surpresa na fatura;Respondida;SMP;NET SERVIÇOS DE COMUNICAÇÃO S.A.;Grande;Claro;SP;SANTOS;SMP
14/09/2023;08:11;Reclamação;Atendimento;Atendimento ao cliente;Respondida;SMP;TIM S.A.;Grande;TIM;PB;PB - INTERIOR;SMP
30/10/2022;19:12;Reclamação;Internet;Velocidade de internet móvel abaixo;Respondida;SMP;CLARO S/A;Grande;Claro;RS;CAXIAS DO SUL;SMP
05/11/2022;12:20;Reclamação;Cobrança;Cobrança indevida / surpresa na fatura;Respondida;SMP;-;Grande;Claro;RJ;NOVA IGUAÇU;SMP
10/09/2022;20:55;Reclamação;Qualidade;Queda de sinal / cobertura inadequada;Em análise;SMP;TIM S.A.;Grande;TIM;RJ;RIO DE JANEIRO;SMP
18/01/2022;19:19;Reclamação;Cobrança;Cobrança indevida / surpresa na fatura;Respondida;SMP;CLARO S.A.;Grande;Claro;PR;CURITIBA;SMP
03/04/2022;12:26;Reclamação;Portabilidade;Portabilidade numérica não efetivada;Respondida;SMP;CLARO S.A.;Grande;Claro;SP;SÃO PAULO;SMP
22/03/2022;20:55;Reclamação;Qualidade;Queda de sinal / cobertura inadequada;Respondida;SMP;TIM S.A.;Grande;TIM;SP;GUARULHOS;SMP
31/05/2023;22:35;Reclamação;Cobrança;Cobrança indevida / surpresa na fatura;Respondida;SMP;CLARO S.A.;Grande;Claro;SP;SOROCABA;SMP
03/12/2023;21:38;Reclamação;Atendimento;Atendimento ao cliente;Respondida;SMP;TELEFONICA BRASIL S.A.;Grande;Vivo;SP;SANTOS;SMP
07/12/2022;22:58;Reclamação;Internet;Velocidade de internet móvel abaixo;Respondida;SMP;CLARO S.A.;Grande;Claro;PA;BELÉM;SMP
09/04/2022;15:15;Reclamação;Internet;Velocidade de internet móvel abaixo;Pendente;SMP;Sercomtel S.A. - Telecomunicações;Pequeno;Sercomtel;PR;MARINGÁ;SMP
27/07/2023;15:33;Reclamação;Cobrança;Cobrança indevida / surpresa na fatura;Respondida;SMP;TELEFONICA BRASIL S.A.;Grande;Vivo;RJ;NITERÓI;SMP
09/06/2023;10:20;Reclamação;Outros;Outros;Pendente;SMP;CLARO S.A.;Grande;Claro;BA;VITÓRIA DA CONQUISTA;SMP
29/11/2023;16:30;Reclamação;Qualidade;Queda de sinal / cobertura inadequada;Respondida;SMP;CLARO S.A.;Grande;Claro;BA;VITÓRIA DA CONQUISTA;SMP
11/09/2023;18:31;Reclamação;Qualidade;Queda de sinal / cobertura inadequada;Pendente;SMP;CLARO S.A.;Grande;Claro;CE;CAUCAIA;SMP
11/02/2022;17:40;Reclamação;Qualidade;Queda de sinal / cobertura inadequada;Respondida;SMP;NET SERVIÇOS DE COMUNICAÇÃO S.A.;Grande;Claro;SP;GUARULHOS;SMP
03/04/2022;07:31;Reclamação;Cobrança;Cobrança indevida / surpresa na fatura;Respondida;SMP;CLARO S.A.;Grande;Claro;BA;SALVADOR;SMP
04/09/2023;20:18;Reclamação;Cobrança;Cobrança indevida / surpresa na fatura;Respondida;SMP;TELEFONICA BRASIL S.A.;Grande;Vivo;SP;SÃO PAULO;SMP
22/07/2022;14:35;Reclamação;Cobrança;Cobrança indevida / surpresa na fatura;Respondida;SMP;CLARO S.A.;Grande;Claro;SP;SÃO PAULO;SMP
20/07/2023;18:18;Reclamação;Cobrança;Cobrança indevida / surpresa na fatura;Respondida;SMP;CLARO S.A.;Grande;Claro;DF;TAGUATINGA;SMP
08/03/2023;19:05;Reclamação;-;Atendimento ao cliente;Pendente;SMP;OI S.A.;Grande;Oi;MG;CONTAGEM;SMP
22/07/2023;21:43;Reclamação;Qualidade;Queda de sinal / cobertura inadequada;Respondida;SMP;OI S.A.;Grande;Oi;RJ;DUQUE DE CAXIAS;SMP
06/02/2022;21:41;Reclamação;Atendimento;Atendimento ao cliente;Em análise;SMP;TELEFONICA BRASIL S.A.;Grande;Vivo;RN;RN - INTERIOR;SMP
17/01/2023;14:52;Reclamação; ;Atendimento ao cliente;Respondida;SMP;TIM S.A.;Grande;TIM;PA;BELÉM;SMP
02/10/2023;15:29;Reclamação;Portabilidade;Portabilidade numérica não efetivada;Respondida;SMP;TIM S.A.;Grande;TIM;MG;CONTAGEM;SMP
14/06/2023;11:57;Reclamação;Outros;Outros;Respondida;SMP;TIM S.A.;Grande;TIM;SP;SÃO PAULO;SMP
24/09/2023;08:58;Reclamação;Internet;Velocidade de internet móvel abaixo;Respondida;SMP;Tim S.A.;Grande;TIM;PE;RECIFE;SMP
05/10/2023;09:08;Reclamação;Qualidade;Queda de sinal / cobertura inadequada;Respondida;SMP;TELEFONICA BRASIL S.A.;Grande;Vivo;PE;PETROLINA;SMP
02/09/2023;12:56;Reclamação;Qualidade;Queda de sinal / cobertura inadequada;Respondida;SMP;OI S.A.;Grande;Oi;SP;GUARULHOS;SMP
13/07/2023;16:52;Reclamação;Cobrança;Cobrança indevida / surpresa na fatura;Em análise;SMP;TELEFONICA BRASIL S.A.;Grande;NÃO INFORMADO;SP;SOROCABA;SMP
28/01/2023;16:15;Reclamação;Atendimento;Atendimento ao cliente;Em análise;SMP;EMBRATEL S.A.;Grande;Claro;SP;SÃO PAULO;SMP
15/07/2023;15:31;Reclamação;Atendimento;Atendimento ao cliente;Respondida;SMP;TELEFONICA BRASIL S.A.;Grande;Vivo;PR;MARINGÁ;SMP
20/04/2022;12:09;Reclamação;Internet;Velocidade de internet móvel abaixo;Respondida;SMP;TIM S.A.;Grande;TIM;RJ;DUQUE DE CAXIAS;SMP
25/01/2023;15:19;Reclamação;Internet;Velocidade de internet móvel abaixo;Pendente;SMP;CLARO S/A;-;Claro;GO;APARECIDA DE GOIÂNIA;SMP
10/10/2022;16:14;Reclamação;Portabilidade;Portabilidade numérica não efetivada;Respondida;SMP;TIM S.A.;Grande;TIM;SE;SE - INTERIOR;SMP
04/08/2023;22:50;Reclamação;Internet;Velocidade de internet móvel abaixo;Em análise;SMP;TELEFONICA BRASIL S.A.;Grande;Vivo;SC;SC - INTERIOR;SMP
23/06/2022;14:24;Reclamação;Cobrança;Cobrança indevida / surpresa na fatura;Respondida;SMP;EMBRATEL S.A.;Grande;Claro;RS;CAXIAS DO SUL;SMP
29/05/2022;19:54;Reclamação;Qualidade;Queda de sinal / cobertura inadequada;Pendente;SMP;TELEFONICA BRASIL S.A.;Grande;Vivo;AL;AL - INTERIOR;SMP
06/12/2022;18:14;Reclamação;Internet;Velocidade de internet móvel abaixo;Respondida;SMP;TIM S.A.;Grande;TIM;SP;SÃO PAULO;SMP
20/05/2023;13:29;Reclamação;Cobrança;Cobrança indevida / surpresa na fatura;Respondida;SMP;CLARO S/A;Grande;Claro;SP;SANTOS;SMP
07/09/2023;20:02;Reclamação;Qualidade;Queda de sinal / cobertura inadequada;Pendente;SMP;Net Serviços De Comunicação S.A.;Grande;Claro;RN;RN - INTERIOR;SMP
23/04/2023;10:59;Reclamação;Qualidade;Queda de sinal / cobertura inadequada;Pendente;SMP;OI S.A.;Grande;Oi;RJ;NOVA IGUAÇU;SMP
05/10/2023;15:29;Reclamação;Cobrança;Cobrança indevida / surpresa na fatura;Respondida;SMP;CLARO S.A.;Grande;Claro;PE;PETROLINA;SMP
15/09/2022;08:23;Reclamação;Internet;Velocidade de internet móvel abaixo;Respondida;SMP;CLARO S.A.;Grande;Claro;BA;VITÓRIA DA CONQUISTA;SMP
03/10/2023;21:40;Reclamação;Qualidade;Queda de sinal / cobertura inadequada;Pendente;SMP;TIM S.A.;Grande;TIM;PA;MARABÁ;SMP
26/03/2022;09:31;Reclamação;Internet;Velocidade de internet móvel abaixo;Respondida;SMP;CLARO S.A.;Grande;Claro;SP;SOROCABA;SMP
31/07/2022;16:02;Reclamação;Internet;Velocidade de internet móvel abaixo;Pendente;SMP;SERCOMTEL S.A. - TELECOMUNICAÇÕES;Pequeno;Sercomtel;PA;BELÉM;SMP
23/01/2023;08:47;Reclamação;Internet;Velocidade de internet móvel abaixo;Respondida;SMP;TELEFONICA BRASIL S.A.;Grande;Vivo;BA;VITÓRIA DA CONQUISTA;SMP
17/10/2023;21:07;Reclamação;Cobrança;Cobrança indevida / surpresa na fatura;Respondida;SMP;TELEFONICA BRASIL S.A.;Grande;Vivo;SP;SANTOS;SMP
30/06/2023;07:21;Reclamação;Internet;Velocidade de internet móvel abaixo;Pendente;SMP;CLARO S.A.;Grande;Claro;SP;CAMPINAS;SMP
10/12/2022;07:32;Reclamação;Outros;Outros;Respondida;SMP;TELEFONICA BRASIL S.A.;Grande;Vivo;GO;APARECIDA DE GOIÂNIA;SMP
09/06/2022;12:23;Reclamação;Internet;Velocidade de internet móvel abaixo;Respondida;SMP;NET SERVIÇOS DE COMUNICAÇÃO S.A.;Grande;Claro;SP;GUARULHOS;SMP
11/08/2022;09:57;Reclamação;N/A;Cobrança indevida / surpresa na fatura;Respondida;SMP;TELEFONICA BRASIL S.A.;Grande;Vivo;SP;SOROCABA;SMP
02/12/2023;14:20;Reclamação;Internet;Velocidade de internet móvel abaixo;Respondida;SMP;CLARO S.A.;Grande;Claro;GO;ANÁPOLIS;SMP
25/11/2022;20:27;Reclamação;Atendimento;Atendimento ao cliente;Respondida;SMP;OI S.A.;Grande;Oi;CE;FORTALEZA;SMP
17/06/2022;09:40;Reclamação; ;Outros;Respondida;SMP;TELEFONICA BRASIL S.A.;Grande;Vivo;SP;CAMPINAS;SMP
22/12/2022;17:40;Reclamação;Portabilidade;Portabilidade numérica não efetivada;Respondida;SMP;OI S.A.;Grande;Oi;SP;CAMPINAS;SMP
08/07/2023;09:25;Reclamação;Portabilidade;Portabilidade numérica não efetivada;Respondida;SMP;CLARO S.A.;Grande;Claro;PR;MARINGÁ;SMP
24/04/2023;16:19;Reclamação;Internet;Velocidade de internet móvel abaixo;Respondida;SMP;OI S.A.;Grande;Oi;MG;CONTAGEM;SMP
17/12/2023;12:47;Reclamação;Qualidade;Queda de sinal / cobertura inadequada;Respondida;SMP;OI S.A.;Grande;Oi;MG;JUIZ DE FORA;SMP
21/05/2022;20:33;Reclamação;Internet;Velocidade de internet móvel abaixo;Respondida;SMP;OI S.A.;Grande;Oi;SP;GUARULHOS;SMP
16/07/2023;10:46;Reclamação;Qualidade;Queda de sinal / cobertura inadequada;Respondida;SMP;NET SERVIÇOS DE COMUNICAÇÃO S.A.;Grande;Claro;MS;TRÊS LAGOAS;SMP
22/06/2023;10:36;Reclamação;Portabilidade;Portabilidade numérica não efetivada;Respondida;SMP;CLARO S.A.;Grande;Claro;RJ;DUQUE DE CAXIAS;SMP
04/02/2022;09:14;Reclamação;Outros;Outros;Respondida;SMP;CLARO S/A;Grande;Claro;MS;CAMPO GRANDE;SMP
18/09/2023;13:44;Reclamação;Internet;Velocidade de internet móvel abaixo;Respondida;SMP;TIM S.A.;Grande;TIM;MG;UBERLÂNDIA;SMP
14/09/2023;18:26;Reclamação;Cobrança;Cobrança indevida / surpresa na fatura;Respondida;SMP;TELEFONICA BRASIL S.A.;Grande;Vivo;SP;SÃO PAULO;SMP
22/04/2023;10:27;Reclamação;Internet;Velocidade de internet móvel abaixo;Respondida;SMP;EMBRATEL S.A.;Grande;Claro;SP;SANTOS;SMP
22/11/2023;09:02;Reclamação;Cobrança;Cobrança indevida / surpresa na fatura;Em análise;SMP;CLARO S/A;Grande;Claro;SP;SÃO PAULO;SMP
07/03/2023;14:51;Reclamação;Cobrança;Cobrança indevida / surpresa na fatura;Respondida;SMP;Telefonica Brasil S.A.;Grande;Vivo;CE;SOBRAL;SMP
05/01/2023;15:59;Reclamação;Internet;Velocidade de internet móvel abaixo;Em análise;SMP;CLARO S/A;Grande;Claro;PE;RECIFE;SMP
26/07/2023;15:01;Reclamação;Portabilidade;Portabilidade numérica não efetivada;Respondida;SMP;CLARO S.A.;Grande;Claro;SP;GUARULHOS;SMP
22/09/2023;10:25;Reclamação;Outros;Outros;Em análise;SMP;CLARO S.A.;Grande;Claro;DF;BRASÍLIA;SMP
08/12/2023;15:03;Reclamação;Outros;Outros;Em análise;SMP;TIM S.A.;Grande;TIM;SP;CAMPINAS;SMP
17/12/2022;09:41;Reclamação;Internet;Velocidade de internet móvel abaixo;Respondida;SMP;NET SERVIÇOS DE COMUNICAÇÃO S.A.;Grande;Claro;RS;CANOAS;SMP
24/12/2023;07:23;Reclamação;Atendimento;Atendimento ao cliente;Respondida;SMP;SERCOMTEL S.A. - TELECOMUNICAÇÕES;Pequeno;Sercomtel;TO;TO - INTERIOR;SMP
10/05/2023;16:01;Reclamação;Cobrança;Cobrança indevida / surpresa na fatura;Respondida;SMP;TIM S.A.;Grande;TIM;BA;FEIRA DE SANTANA;SMP
08/04/2023;15:06;Reclamação;Portabilidade;Portabilidade numérica não efetivada;Pendente;SMP;CLARO S.A.;Grande;Claro;RN;RN - INTERIOR;SMP
30/01/2022;11:15;Reclamação;Atendimento;Atendimento ao cliente;Respondida;SMP;TELEFONICA BRASIL S.A.;Grande;Vivo;MG;JUIZ DE FORA;SMP
29/08/2023;07:19;Reclamação;Qualidade;Queda de sinal / cobertura inadequada;Respondida;SMP;TELEFONICA BRASIL S.A.;Grande;Vivo;RS;PELOTAS;SMP
01/04/2023;12:03;Reclamação;Qualidade;Queda de sinal / cobertura inadequada;Respondida;SMP;CLARO S.A.;Grande;Claro;PE;OLINDA;SMP
01/08/2023;08:34;Reclamação;Qualidade;Queda de sinal / cobertura inadequada;Respondida;SMP;NET SERVIÇOS DE COMUNICAÇÃO S.A.;Grande;Claro;PA;SANTARÉM;SMP
19/11/2023;07:10;Reclamação;Atendimento;Atendimento ao cliente;Em análise;SMP;CLARO S.A.;Grande;Claro;PE;CARUARU;SMP
18/09/2022;19:04;Reclamação;Internet;Velocidade de internet móvel abaixo;Pendente;SMP;OI S.A.;Grande;Oi;PE;PETROLINA;SMP
14/12/2022;12:03;Reclamação;Outros;Outros;Respondida;SMP;TELEFONICA BRASIL S.A.;Grande;Vivo;CE;FORTALEZA;SMP
06/08/2023;13:23;Reclamação;Internet;Velocidade de internet móvel abaixo;Respondida;SMP;TIM S.A.;Grande;TIM;AP;AP - INTERIOR;SMP
26/02/2022;12:20;Reclamação;Cobrança;Cobrança indevida / surpresa na fatura;Respondida;SMP;CLARO S.A.;Grande;Claro;SP;GUARULHOS;SMP
14/07/2022;12:29;Reclamação;Internet;Velocidade de internet móvel abaixo;Em análise;SMP;CLARO S.A.;Grande;Claro;GO;ANÁPOLIS;SMP
15/04/2023;15:21;Reclamação;Qualidade;Queda de sinal / cobertura inadequada;Respondida;SMP;Claro S.A.;Grande;Claro;MS;TRÊS LAGOAS;SMP
14/07/2023;15:17;Reclamação;Cobrança;Cobrança indevida / surpresa na fatura;Respondida;SMP;Tim S.A.;Grande;TIM;BA;SALVADOR;SMP
06/06/2022;07:04;Reclamação;Internet;Velocidade de internet móvel abaixo;Respondida;SMP;TELEFONICA BRASIL S.A.;Grande;Vivo;DF;BRASÍLIA;SMP
24/03/2023;19:36;Reclamação;Cobrança;Cobrança indevida / surpresa na fatura;Respondida;SMP;CLARO S.A.;Grande;Claro;ES;VILA VELHA;SMP
01/02/2023;10:34;Reclamação;Internet;Velocidade de internet móvel abaixo;Pendente;SMP;SERCOMTEL S.A. - TELECOMUNICAÇÕES;Pequeno;Sercomtel;SP;CAMPINAS;SMP
26/06/2023;09:25;Reclamação;Qualidade;Queda de sinal / cobertura inadequada;Respondida;SMP;TIM S.A.;Grande;TIM;BA;SALVADOR;SMP
11/07/2022;22:03;Reclamação; ;Cobrança indevida / surpresa na fatura;Respondida;SMP;TIM S.A.;Grande;TIM;SP;CAMPINAS;SMP
23/10/2022;08:32;Reclamação;Cobrança;Cobrança indevida / surpresa na fatura;Respondida;SMP;CLARO S.A.;Grande;Claro;CE;FORTALEZA;SMP
26/09/2023;17:40;Reclamação;Outros;Outros;Respondida;SMP;TIM S.A.;Grande;TIM;SP;SÃO PAULO;SMP
12/11/2023;18:44;Reclamação;Cobrança;Cobrança indevida / surpresa na fatura;Respondida;SMP;TIM S.A.;Grande;TIM;MS;DOURADOS;SMP
13/12/2022;12:35;Reclamação;Cobrança;Cobrança indevida / surpresa na fatura;Em análise;SMP;TIM S.A.;Grande;TIM;SC;SC - INTERIOR;SMP
22/04/2022;17:35;Reclamação;Qualidade;Queda de sinal / cobertura inadequada;Em análise;SMP;NET SERVIÇOS DE COMUNICAÇÃO S.A.;Grande;Claro;MG;CONTAGEM;SMP
10/03/2022;20:31;Reclamação;NÃO INFORMADO;Cobrança indevida / surpresa na fatura;Respondida;SMP;TIM S.A.;Grande;TIM;SP;SANTOS;SMP
10/09/2023;22:50;Reclamação;Internet;Velocidade de internet móvel abaixo;Respondida;SMP;CLARO S.A.;Grande;Claro;SP;GUARULHOS;SMP
13/08/2022;18:51;Reclamação;Internet;Velocidade de internet móvel abaixo;Respondida;SMP;TELEFONICA BRASIL S.A.;Grande;Vivo;PI;PI - INTERIOR;SMP
20/10/2023;22:24;Reclamação;Qualidade;Queda de sinal / cobertura inadequada;Respondida;SMP;OI S.A.;Grande;Oi;PE;RECIFE;SMP
21/01/2023;17:07;Reclamação;Qualidade;Queda de sinal / cobertura inadequada;Respondida;SMP;CLARO S.A.;N/A;Claro;PE;OLINDA;SMP
25/01/2023;11:10;Reclamação;Outros;Outros;Respondida;SMP;TELEFONICA BRASIL S.A.;Grande;Vivo;PA;ANANINDEUA;SMP
14/09/2022;11:56;Reclamação;Internet;Velocidade de internet móvel abaixo;Respondida;SMP;TELEFONICA BRASIL S.A.;Grande;Vivo;SP;SÃO PAULO;SMP
07/02/2023;16:20;Reclamação;Atendimento;Atendimento ao cliente;Respondida;SMP;OI S.A.;Grande;Oi;RJ;NOVA IGUAÇU;SMP
15/12/2022;18:51;Reclamação;Internet;Velocidade de internet móvel abaixo;Pendente;SMP;CLARO S.A.;Grande;Claro;SP;SOROCABA;SMP
17/12/2022;09:28;Reclamação;Internet;Velocidade de internet móvel abaixo;Respondida;SMP;CLARO S.A.;Grande;Claro;SP;CAMPINAS;SMP
27/11/2023;19:28;Reclamação;Internet;Velocidade de internet móvel abaixo;Pendente;SMP;TELEFONICA BRASIL S.A.;Grande;Vivo;MA;IMPERATRIZ;SMP
10/12/2023;16:06;Reclamação;Qualidade;Queda de sinal / cobertura inadequada;Respondida;SMP;TELEFONICA BRASIL S.A.;Grande;Vivo;RJ;NITERÓI;SMP
21/08/2022;20:36;Reclamação;Qualidade;N/A;Em análise;SMP;TIM S.A.;Grande;TIM;RS;PELOTAS;SMP
16/03/2023;20:40;Reclamação;Atendimento;Atendimento ao cliente;Respondida;SMP;SERCOMTEL S.A. - TELECOMUNICAÇÕES;Pequeno;Sercomtel;RJ;RIO DE JANEIRO;SMP
11/10/2023;17:50;Reclamação;Cobrança;Cobrança indevida / surpresa na fatura;Respondida;SMP;TELEFONICA BRASIL S.A.;Grande;Vivo;BA;FEIRA DE SANTANA;SMP
17/09/2023;09:20;Reclamação;Cobrança;Cobrança indevida / surpresa na fatura;Respondida;SMP;TIM S.A.;Grande;TIM;SC;SC - INTERIOR;SMP
21/05/2023;21:35;Reclamação;Portabilidade;Portabilidade numérica não efetivada;Respondida;SMP;CLARO S.A.;Grande;Claro;PR;MARINGÁ;SMP
21/02/2023;18:44;Reclamação;Atendimento;-;Respondida;SMP;CLARO S.A.;Grande;NÃO INFORMADO;SP;SÃO PAULO;SMP
18/03/2023;16:53;Reclamação;-;Queda de sinal / cobertura inadequada;Em análise;SMP;TIM S.A.;Grande;TIM;BA;FEIRA DE SANTANA;SMP
25/06/2022;10:04;Reclamação;Qualidade;Queda de sinal / cobertura inadequada;Respondida;SMP;OI S.A.;Grande;Oi;SP;SÃO PAULO;SMP
12/11/2023;08:30;Reclamação;Atendimento;Atendimento ao cliente;Respondida;SMP;TELEFONICA BRASIL S.A.;Grande;Vivo;BA;FEIRA DE SANTANA;SMP
28/05/2022;22:53;Reclamação;Internet;Velocidade de internet móvel abaixo;Respondida;SMP;TIM S.A.;Grande;TIM;RS;CANOAS;SMP
18/12/2023;08:42;Reclamação;Cobrança;Cobrança indevida / surpresa na fatura;Respondida;SMP;Telefonica Brasil S.A.;Grande;Vivo;ES;VITÓRIA;SMP
26/01/2023;07:54;Reclamação;Cobrança;Cobrança indevida / surpresa na fatura;Respondida;SMP;TIM S.A.;Grande;TIM;GO;APARECIDA DE GOIÂNIA;SMP
09/04/2023;09:48;Reclamação;Cobrança;Cobrança indevida / surpresa na fatura;Respondida;SMP;CLARO S.A.;Grande;Claro;BA;FEIRA DE SANTANA;SMP
05/03/2022;20:35;Reclamação;Cobrança;Cobrança indevida / surpresa na fatura;Respondida;SMP;TELEFONICA BRASIL S.A.;Grande;Vivo;AC;AC - INTERIOR;SMP
06/11/2022;22:05;Reclamação;Cobrança;Cobrança indevida / surpresa na fatura;Respondida;SMP;OI S.A.;Grande;Oi;SP;GUARULHOS;SMP
29/05/2023;17:11;Reclamação;Internet;Velocidade de internet móvel abaixo;Respondida;SMP;TELEFONICA BRASIL S.A.;Grande;Vivo;RJ;DUQUE DE CAXIAS;SMP
11/11/2022;09:39;Reclamação;Cobrança;Cobrança indevida / surpresa na fatura;Respondida;SMP;TELEFONICA BRASIL S.A.;Grande;Vivo;CE;SOBRAL;SMP
20/11/2023;19:08;Reclamação;Qualidade;Queda de sinal / cobertura inadequada;Em análise;SMP;CLARO S.A.;Grande;Claro;RJ;DUQUE DE CAXIAS;SMP
27/09/2023;19:07;Reclamação;Internet;Velocidade de internet móvel abaixo;Respondida;SMP;TELEFONICA BRASIL S.A.;Grande;-;BA;FEIRA DE SANTANA;SMP
26/11/2023;19:29;Reclamação;Cobrança;Cobrança indevida / surpresa na fatura;Respondida;SMP;TELEFONICA BRASIL S.A.;Grande;Vivo;MS;CAMPO GRANDE;SMP
12/04/2023;14:47;Reclamação;Atendimento;Atendimento ao cliente;Respondida;SMP;EMBRATEL S.A.;Grande;Claro;AP;AP - INTERIOR;SMP
10/12/2023;11:00;Reclamação;Portabilidade;Portabilidade numérica não efetivada;Respondida;SMP;CLARO S.A.;Grande;Claro;BA;VITÓRIA DA CONQUISTA;SMP
06/04/2022;14:29;Reclamação;Cobrança;Cobrança indevida / surpresa na fatura;Respondida;SMP;CLARO S.A.;Grande;Claro;PR;LONDRINA;SMP
10/11/2022;14:33;Reclamação;Qualidade;Queda de sinal / cobertura inadequada;Respondida;SMP;CLARO S.A.;Grande;Claro;MG;BELO HORIZONTE;SMP
12/02/2023;17:15;Reclamação;Cobrança;Cobrança indevida / surpresa na fatura;Respondida;SMP;TELEFONICA BRASIL S.A.;Grande;Vivo;PB;PB - INTERIOR;SMP
14/03/2022;22:27;Reclamação;Cobrança;Cobrança indevida / surpresa na fatura;Respondida;SMP;TELEFONICA BRASIL S.A.;Grande;Vivo;RJ;NOVA IGUAÇU;SMP
28/11/2023;13:32;Reclamação;Outros;Outros;Respondida;SMP;CLARO S.A.;Grande;Claro;RN;RN - INTERIOR;SMP
20/06/2022;11:41;Reclamação;Cobrança;Cobrança indevida / surpresa na fatura;Respondida;SMP;TELEFONICA BRASIL S.A.;Grande;Vivo;PB;PB - INTERIOR;SMP
09/08/2022;22:44;Reclamação;Internet;Velocidade de internet móvel abaixo;Pendente;SMP;TIM S.A.;Grande;TIM;GO;ANÁPOLIS;SMP
11/10/2022;21:38;Reclamação;Qualidade;Queda de sinal / cobertura inadequada;Respondida;SMP;CLARO S.A.;Grande;Claro;SP;GUARULHOS;SMP
07/01/2023;14:01;Reclamação;Portabilidade;Portabilidade numérica não efetivada;Pendente;SMP;TELEFONICA BRASIL S.A.;Grande;-;RN;RN - INTERIOR;SMP
07/05/2022;20:11;Reclamação;Qualidade;Queda de sinal / cobertura inadequada;Respondida;SMP;TELEFONICA BRASIL S.A.;Grande;Vivo;SE;SE - INTERIOR;SMP
01/01/2022;22:23;Reclamação;Cobrança;Cobrança indevida / surpresa na fatura;Respondida;SMP;TELEFONICA BRASIL S.A.;Grande;Vivo;BA;VITÓRIA DA CONQUISTA;SMP
22/04/2023;12:53;Reclamação;Portabilidade;Portabilidade numérica não efetivada;Respondida;SMP;CLARO S.A.;Grande;Claro;RS;PELOTAS;SMP
07/09/2022;19:59;Reclamação;Internet;Velocidade de internet móvel abaixo;Respondida;SMP;TELEFONICA BRASIL S.A.;Grande;Vivo;SP;CAMPINAS;SMP
13/08/2022;18:51;Reclamação;Internet;Velocidade de internet móvel abaixo;Respondida;SMP;TELEFONICA BRASIL S.A.;Grande;Vivo;PI;PI - INTERIOR;SMP
09/08/2023;13:43;Reclamação;Atendimento;Atendimento ao cliente;Respondida;SMP;TIM S.A.;Grande;TIM;BA;SALVADOR;SMP
14/04/2022;11:09;Reclamação;Cobrança;Cobrança indevida / surpresa na fatura;Em análise;SMP;TIM S.A.;Grande;TIM;MG;CONTAGEM;SMP
30/08/2022;16:07;Reclamação;Internet; ;Respondida;SMP;NET SERVIÇOS DE COMUNICAÇÃO S.A.;Grande;Claro;RR;RR - INTERIOR;SMP
06/05/2022;16:25;Reclamação;Internet;Velocidade de internet móvel abaixo;Pendente;SMP;TELEFONICA BRASIL S.A.;NÃO INFORMADO;Vivo;RJ;RIO DE JANEIRO;SMP
16/11/2022;22:17;Reclamação;Portabilidade;Portabilidade numérica não efetivada;Respondida;SMP;TIM S.A.;Grande;TIM;MA;IMPERATRIZ;SMP
18/07/2023;09:43;Reclamação;Cobrança;Cobrança indevida / surpresa na fatura;Respondida;SMP;TELEFONICA BRASIL S.A.;Grande;Vivo;SP;CAMPINAS;SMP
26/11/2023;13:06;Reclamação;Atendimento;Atendimento ao cliente;Respondida;SMP;CLARO S.A.;Grande;Claro;MS;DOURADOS;SMP
24/03/2023;15:08;Reclamação;Portabilidade;Portabilidade numérica não efetivada;Respondida;SMP;TELEFONICA BRASIL S.A.;Grande;Vivo;PE;RECIFE;SMP
27/10/2023;09:53;Reclamação;Internet;Velocidade de internet móvel abaixo;Em análise;SMP;TIM S.A.;Grande;TIM;RJ;NOVA IGUAÇU;SMP
03/12/2023;10:37;Reclamação;Qualidade;Queda de sinal / cobertura inadequada;Pendente;SMP;TIM S.A.;Grande;TIM;PE;CARUARU;SMP
09/05/2023;08:09;Reclamação;Internet;Velocidade de internet móvel abaixo;Respondida;SMP;CLARO S.A.;Grande;Claro;PE;PETROLINA;SMP
07/07/2022;12:03;Reclamação;Internet;Velocidade de internet móvel abaixo;Pendente;SMP;CLARO S.A.;Grande;Claro;PA;SANTARÉM;SMP
08/08/2023;13:13;Reclamação;Cobrança;Cobrança indevida / surpresa na fatura;Respondida;SMP;OI S.A.;Grande;Oi;BA;FEIRA DE SANTANA;SMP
19/10/2022;18:17;Reclamação;Cobrança;Cobrança indevida / surpresa na fatura;Respondida;SMP;TELEFONICA BRASIL S.A.;Grande;Vivo;SP;CAMPINAS;SMP
02/07/2022;21:38;Reclamação;Portabilidade;Portabilidade numérica não efetivada;Pendente;SMP;CLARO S.A.;Grande;Claro;SP;SÃO PAULO;SMP
08/03/2023;20:54;Reclamação;Cobrança;Cobrança indevida / surpresa na fatura;Respondida;SMP;CLARO S.A.;Grande;Claro;AM;ITACOATIARA;SMP
04/05/2022;20:17;Reclamação;Internet;Velocidade de internet móvel abaixo;Em análise;SMP;Telefonica Brasil S.A.;Grande;Vivo;PR;PONTA GROSSA;SMP
15/08/2023;16:52;Reclamação;Qualidade;Queda de sinal / cobertura inadequada;Pendente;SMP;TELEFONICA BRASIL S.A.;Grande;Vivo;PR;LONDRINA;SMP
22/09/2023;19:31;Reclamação;Atendimento;Atendimento ao cliente;Pendente;SMP;CLARO S.A.;Grande;Claro;SP;GUARULHOS;SMP
25/12/2023;11:52;Reclamação;Cobrança;Cobrança indevida / surpresa na fatura;Em análise;SMP;CLARO S.A.;Grande;Claro;PA;MARABÁ;SMP
13/06/2022;16:51;Reclamação;Portabilidade;Portabilidade numérica não efetivada;Pendente;SMP;OI S.A.;Grande;Oi;CE;SOBRAL;SMP
13/05/2022;13:58;Reclamação;Internet;Velocidade de internet móvel abaixo;Respondida;SMP;Claro S.A.;Grande;Claro;RJ;NITERÓI;SMP
03/12/2022;20:04;Reclamação;Atendimento;Atendimento ao cliente;Em análise;SMP;TELEFONICA BRASIL S.A.;Grande;Vivo;SP;SÃO PAULO;SMP
05/07/2022;18:58;Reclamação;Cobrança;Cobrança indevida / surpresa na fatura;Respondida;SMP;CLARO S.A.;Grande;Claro;SP;SÃO PAULO;SMP
28/09/2023;13:42;Reclamação;Qualidade;Queda de sinal / cobertura inadequada;Pendente;SMP;NET SERVIÇOS DE COMUNICAÇÃO S.A.;Grande;Claro;SP;SÃO PAULO;SMP
13/03/2023;10:08;Reclamação;Qualidade;Queda de sinal / cobertura inadequada;Respondida;SMP;CLARO S.A.;Grande;Claro;SP;CAMPINAS;SMP
02/03/2022;16:15;Reclamação;Internet;Velocidade de internet móvel abaixo;Respondida;SMP;TIM S.A.;Grande;TIM;GO;GOIÂNIA;SMP
01/05/2023;19:32;Reclamação;Cobrança;Cobrança indevida / surpresa na fatura;Pendente;SMP;TELEFONICA BRASIL S.A.;Grande;Vivo;SC;SC - INTERIOR;SMP
03/01/2023;11:59;Reclamação;Internet;Velocidade de internet móvel abaixo;Pendente;SMP;OI S.A.;Grande;Oi;RS;PORTO ALEGRE;SMP
26/05/2022;09:52;Reclamação;Internet;Velocidade de internet móvel abaixo;Respondida;SMP;TELEFONICA BRASIL S.A.;Grande;Vivo;SC;SC - INTERIOR;SMP
05/06/2022;07:09;Reclamação;Qualidade;Queda de sinal / cobertura inadequada;Respondida;SMP;TIM S.A.;Grande;TIM;SC;SC - INTERIOR;SMP
07/06/2022;15:51;Reclamação;Internet;Velocidade de internet móvel abaixo;Respondida;SMP;N/A;Grande;Claro;MG;JUIZ DE FORA;SMP
24/11/2023;19:09;Reclamação;Cobrança;Cobrança indevida / surpresa na fatura;Respondida;SMP;OI S.A.;Grande;N/A;RJ;NOVA IGUAÇU;SMP
13/04/2022;13:54;Reclamação;Atendimento;Atendimento ao cliente;Respondida;SMP;TIM S.A.;Grande;TIM;MG;BELO HORIZONTE;SMP
24/01/2023;19:17;Reclamação;Atendimento;Atendimento ao cliente;Pendente;SMP;NET SERVIÇOS DE COMUNICAÇÃO S.A.;Grande;Claro;SP;SANTOS;SMP
04/12/2023;07:20;Reclamação;Qualidade;Queda de sinal / cobertura inadequada;Respondida;SMP;TIM S.A.;Grande;TIM;RJ;DUQUE DE CAXIAS;SMP
27/04/2022;13:37;Reclamação;Outros;Outros;Pendente;SMP;TIM S.A.;Grande;TIM;PA;MARABÁ;SMP
05/03/2022;17:40;Reclamação;Internet;Velocidade de internet móvel abaixo;Respondida;SMP;N/A;Grande;Claro;RJ;NOVA IGUAÇU;SMP
03/12/2023;18:20;Reclamação;Internet;Velocidade de internet móvel abaixo;Pendente;SMP;EMBRATEL S.A.;Grande;Claro;GO;APARECIDA DE GOIÂNIA;SMP
31/12/2022;11:18;Reclamação;Cobrança;Cobrança indevida / surpresa na fatura;Respondida;SMP;NET SERVIÇOS DE COMUNICAÇÃO S.A.;Grande;Claro;BA;VITÓRIA DA CONQUISTA;SMP
19/03/2023;22:10;Reclamação;Internet; ;Respondida;SMP;CLARO S/A;Grande;Claro;SP;CAMPINAS;SMP
06/07/2022;20:17;Reclamação;Cobrança;Cobrança indevida / surpresa na fatura;Respondida;SMP;NET SERVIÇOS DE COMUNICAÇÃO S.A.;Grande;Claro;MG;UBERLÂNDIA;SMP
15/01/2022;17:33;Reclamação;Atendimento;Atendimento ao cliente;Respondida;SMP;EMBRATEL S.A.;Grande;Claro;PR;CURITIBA;SMP
16/09/2023;17:55;Reclamação;Qualidade;Queda de sinal / cobertura inadequada;Em análise;SMP;TELEFONICA BRASIL S.A.;Grande;Vivo;SP;SOROCABA;SMP
08/02/2023;13:22;Reclamação;Qualidade;Queda de sinal / cobertura inadequada;Pendente;SMP;TIM S.A.;Grande;TIM;PE;RECIFE;SMP
03/03/2023;13:17;Reclamação;Cobrança;Cobrança indevida / surpresa na fatura;Respondida;SMP;CLARO S.A.;Grande;Claro;RJ;NOVA IGUAÇU;SMP
08/04/2022;15:45;Reclamação;Internet;Velocidade de internet móvel abaixo;Respondida;SMP;CLARO S.A.;Grande;Claro;SC;SC - INTERIOR;SMP
16/09/2022;08:50;Reclamação;NÃO INFORMADO;Portabilidade numérica não efetivada;Respondida;SMP;OI S.A.;Grande;Oi;SC;SC - INTERIOR;SMP
19/02/2022;21:21;Reclamação;Outros;Outros;Respondida;SMP;CLARO S.A.;Grande;Claro;SP;GUARULHOS;SMP
14/07/2022;12:37;Reclamação;Cobrança;Cobrança indevida / surpresa na fatura;Respondida;SMP;TIM S.A.;Grande;TIM;AM;ITACOATIARA;SMP
06/09/2022;12:32;Reclamação;Outros;Outros;Respondida;SMP;CLARO S.A.;Grande;Claro;SP;SOROCABA;SMP
06/07/2022;08:29;Reclamação;Internet;Velocidade de internet móvel abaixo;Respondida;SMP;TELEFONICA BRASIL S.A.;Grande;Vivo;RJ;NITERÓI;SMP
12/03/2022;11:11;Reclamação; ;Outros;Respondida;SMP;TELEFONICA BRASIL S.A.;Grande;Vivo;SP;SÃO PAULO;SMP
23/07/2023;12:24;Reclamação;Portabilidade;Portabilidade numérica não efetivada;Respondida;SMP;CLARO S/A;Grande;Claro;MS;TRÊS LAGOAS;SMP
28/09/2022;08:28;Reclamação;Qualidade;Queda de sinal / cobertura inadequada;Em análise;SMP;CLARO S.A.;Grande;Claro;PE;CARUARU;SMP
14/05/2023;18:30;Reclamação;Cobrança;Cobrança indevida / surpresa na fatura;Respondida;SMP;TIM S.A.;Grande;TIM;SE;SE - INTERIOR;SMP
18/05/2022;11:16;Reclamação;Qualidade;Queda de sinal / cobertura inadequada;Respondida;SMP;EMBRATEL S.A.;Grande;Claro;MA;IMPERATRIZ;SMP
24/07/2022;19:28;Reclamação;Portabilidade;Portabilidade numérica não efetivada;Em análise;SMP;TELEFONICA BRASIL S.A.;Grande;Vivo;SP;GUARULHOS;SMP
07/05/2023;17:08;Reclamação;Qualidade;Queda de sinal / cobertura inadequada;Respondida;SMP;TELEFONICA BRASIL S.A.;Grande;Vivo;RJ;DUQUE DE CAXIAS;SMP
12/02/2022;07:59;Reclamação;Cobrança;Cobrança indevida / surpresa na fatura;Pendente;SMP;TELEFONICA BRASIL S.A.;Grande;Vivo;RS;CAXIAS DO SUL;SMP
29/04/2022;18:52;Reclamação;Portabilidade;Portabilidade numérica não efetivada;Respondida;SMP;TIM S.A.;NÃO INFORMADO;TIM;MA;SÃO LUÍS;SMP
10/09/2022;20:23;Reclamação;Internet;Velocidade de internet móvel abaixo;Respondida;SMP;NET SERVIÇOS DE COMUNICAÇÃO S.A.;Grande;Claro;MG;CONTAGEM;SMP
20/11/2023;13:18;Reclamação;Cobrança;Cobrança indevida / surpresa na fatura;Em análise;SMP;TIM S.A.;Grande;TIM;PE;CARUARU;SMP
20/02/2023;13:44;Reclamação;Cobrança;Cobrança indevida / surpresa na fatura;Respondida;SMP;OI S.A.;Grande;Oi;GO;GOIÂNIA;SMP
30/07/2023;16:44;Reclamação;Internet;Velocidade de internet móvel abaixo;Respondida;SMP;TIM S.A.;Grande;TIM;RJ;NITERÓI;SMP
26/03/2022;19:29;Reclamação;Atendimento;Atendimento ao cliente;Respondida;SMP;NET SERVIÇOS DE COMUNICAÇÃO S.A.;Grande;Claro;MA;TIMON;SMP
10/08/2023;12:57;Reclamação;Cobrança;Cobrança indevida / surpresa na fatura;Respondida;SMP;OI S.A.;Grande;Oi;GO;APARECIDA DE GOIÂNIA;SMP
02/05/2022;17:11;Reclamação;Internet;Velocidade de internet móvel abaixo;Respondida;SMP;OI S.A.;Grande;Oi;RJ;NOVA IGUAÇU;SMP
19/03/2023;21:22;Reclamação;Internet;Velocidade de internet móvel abaixo;Respondida;SMP;NET SERVIÇOS DE COMUNICAÇÃO S.A.;Grande;Claro;SE;SE - INTERIOR;SMP
26/07/2022;13:59;Reclamação;Atendimento;Atendimento ao cliente;Em análise;SMP;NET SERVIÇOS DE COMUNICAÇÃO S.A.;Grande;Claro;PE;RECIFE;SMP
17/08/2023;21:27;Reclamação;Cobrança;Cobrança indevida / surpresa na fatura;Respondida;SMP;OI S.A.;Grande;Oi;PA;SANTARÉM;SMP
10/12/2022;13:04;Reclamação;Portabilidade;Portabilidade numérica não efetivada;Respondida;SMP;TELEFONICA BRASIL S.A.;Grande;Vivo;RN;RN - INTERIOR;SMP
23/12/2023;15:13;Reclamação;Cobrança;Cobrança indevida / surpresa na fatura;Respondida;SMP;TELEFONICA BRASIL S.A.; ;Vivo;SP;CAMPINAS;SMP
21/08/2023;12:43;Reclamação;Qualidade;Queda de sinal / cobertura inadequada;Respondida;SMP;TIM S.A.;Grande;TIM;PE;OLINDA;SMP
24/12/2023;16:12;Reclamação;Internet;Velocidade de internet móvel abaixo;Respondida;SMP;TELEFONICA BRASIL S.A.;Grande;Vivo;RJ;DUQUE DE CAXIAS;SMP
13/10/2023;10:34;Reclamação;Cobrança;Cobrança indevida / surpresa na fatura;Em análise;SMP;CLARO S.A.;Grande;Claro;CE;JUAZEIRO DO NORTE;SMP
13/04/2022;11:41;Reclamação;Atendimento;Atendimento ao cliente;Respondida;SMP;CLARO S.A.;Grande;Claro;SP;GUARULHOS;SMP
15/02/2022;20:20;Reclamação;Atendimento;Atendimento ao cliente;Respondida;SMP;TIM S.A.;Grande;TIM;MT;SINOP;SMP
12/11/2022;07:51;Reclamação;-;Queda de sinal / cobertura inadequada;Respondida;SMP;CLARO S.A.;Grande;Claro;MA;SÃO LUÍS;SMP
19/08/2022;07:06;Reclamação;Outros;Outros;Respondida;SMP;TELEFONICA BRASIL S.A.;Grande;Vivo;SP;SÃO PAULO;SMP
30/04/2022;18:06;Reclamação;Atendimento;Atendimento ao cliente;Respondida;SMP;OI S.A.;Grande;Oi;RS;CANOAS;SMP
19/07/2022;13:48;Reclamação;Atendimento;Atendimento ao cliente;Respondida;SMP;CLARO S.A.;Grande;Claro;ES;VITÓRIA;SMP
11/07/2022;16:21;Reclamação;Outros;Outros;Respondida;SMP;EMBRATEL S.A.;Grande;Claro;PA;ANANINDEUA;SMP
08/12/2022;21:53;Reclamação;Internet;Velocidade de internet móvel abaixo;Respondida;SMP;CLARO S.A.;Grande;Claro;CE;JUAZEIRO DO NORTE;SMP
21/07/2023;12:53;Reclamação; ;Cobrança indevida / surpresa na fatura;Respondida;SMP;CLARO S.A.;Grande;Claro;MG;UBERLÂNDIA;SMP
23/09/2023;21:22;Reclamação;Cobrança;Cobrança indevida / surpresa na fatura;Respondida;SMP;TELEFONICA BRASIL S.A.;Grande;Vivo;SP;SÃO PAULO;SMP
28/04/2023;14:41;Reclamação;Qualidade;Queda de sinal / cobertura inadequada;Respondida;SMP;TIM S.A.;Grande;TIM;MG;JUIZ DE FORA;SMP
01/04/2022;19:54;Reclamação;Qualidade;Queda de sinal / cobertura inadequada;Respondida;SMP;TIM S.A.;Grande;TIM;RS;PELOTAS;SMP
30/04/2022;15:42;Reclamação;Cobrança;Cobrança indevida / surpresa na fatura;Respondida;SMP;Telefonica Brasil S.A.;Grande;Vivo;AL;AL - INTERIOR;SMP
29/07/2023;07:09;Reclamação;Portabilidade;Portabilidade numérica não efetivada;Respondida;SMP;CLARO S.A.;Grande;Claro;SP;SOROCABA;SMP
13/01/2023;14:27;Reclamação;Cobrança;Cobrança indevida / surpresa na fatura;Respondida;SMP;OI S.A.;Grande;Oi;PR;CURITIBA;SMP
26/07/2022;16:35;Reclamação;Cobrança;Cobrança indevida / surpresa na fatura;Respondida;SMP;TIM S.A.;Grande;TIM;MG;BELO HORIZONTE;SMP
21/09/2022;14:20;Reclamação;Atendimento;Atendimento ao cliente;Respondida;SMP;TELEFONICA BRASIL S.A.;Grande;Vivo;RJ;DUQUE DE CAXIAS;SMP
04/02/2023;14:50;Reclamação;Internet;Velocidade de internet móvel abaixo;Pendente;SMP;TELEFONICA BRASIL S.A.;Grande;Vivo;SC;SC - INTERIOR;SMP
16/01/2022;10:05;Reclamação;Portabilidade;Portabilidade numérica não efetivada;Respondida;SMP;TIM S.A.;Grande;TIM;RJ;NITERÓI;SMP
16/01/2023;22:27;Reclamação;Qualidade;Queda de sinal / cobertura inadequada;Respondida;SMP;TIM S.A.;Grande;TIM;PE;PETROLINA;SMP
14/05/2023;07:39;Reclamação;Qualidade;Queda de sinal / cobertura inadequada;Respondida;SMP;TIM S.A.;Grande;TIM;SP;SOROCABA;SMP
23/10/2023;15:46;Reclamação;Cobrança;Cobrança indevida / surpresa na fatura;Respondida;SMP;TELEFONICA BRASIL S.A.;Grande;Vivo;SP;GUARULHOS;SMP
21/07/2022;11:50;Reclamação;Qualidade;Queda de sinal / cobertura inadequada;Pendente;SMP;OI S.A.;Grande;Oi;CE;JUAZEIRO DO NORTE;SMP
31/10/2023;10:45;Reclamação;Qualidade;Queda de sinal / cobertura inadequada;Respondida;SMP;TELEFONICA BRASIL S.A.;Grande;Vivo;RN;RN - INTERIOR;SMP
03/08/2023;20:28;Reclamação;Portabilidade;Portabilidade numérica não efetivada;Pendente;SMP;EMBRATEL S.A.;Grande;Claro;MG;CONTAGEM;SMP
06/06/2023;22:16;Reclamação;Outros;Outros;Respondida;SMP;OI S.A.;Grande;Oi;RJ;NITERÓI;SMP
30/07/2023;15:15;Reclamação;Portabilidade;Portabilidade numérica não efetivada;Respondida;SMP;CLARO S.A.;Grande;Claro;CE;SOBRAL;SMP
20/06/2023;10:42;Reclamação;Qualidade;Queda de sinal / cobertura inadequada;Em análise;SMP;TIM S.A.;Grande;TIM;SP;CAMPINAS;SMP
01/10/2022;09:31;Reclamação;Cobrança;Cobrança indevida / surpresa na fatura;Respondida;SMP;CLARO S.A.;Grande;Claro;SP;SANTOS;SMP
21/08/2023;07:22;Reclamação;Cobrança;Cobrança indevida / surpresa na fatura;Respondida;SMP;EMBRATEL S.A.;Grande;Claro;DF;CEILÂNDIA;SMP
23/11/2022;22:17;Reclamação;Cobrança;Cobrança indevida / surpresa na fatura;Respondida;SMP;CLARO S/A;Grande;Claro;BA;FEIRA DE SANTANA;SMP
21/02/2023;21:27;Reclamação;Qualidade;Queda de sinal / cobertura inadequada;Pendente;SMP;TIM S.A.;Grande;TIM;MA;IMPERATRIZ;SMP
08/07/2023;21:16;Reclamação;Qualidade;Queda de sinal / cobertura inadequada;Respondida;SMP;TELEFONICA BRASIL S.A.;Grande;Vivo;SP;SÃO PAULO;SMP
31/08/2022;13:37;Reclamação;Atendimento;Atendimento ao cliente;Respondida;SMP;TELEFONICA BRASIL S.A.;Grande;Vivo;SP;SÃO PAULO;SMP
25/01/2022;11:31;Reclamação;Atendimento;Atendimento ao cliente;Respondida;SMP;CLARO S.A.;Grande;Claro;RJ;NITERÓI;SMP
24/07/2023;20:01;Reclamação;Internet;Velocidade de internet móvel abaixo;Respondida;SMP;TELEFONICA BRASIL S.A.;Grande;Vivo;AL;AL - INTERIOR;SMP
03/07/2022;12:38;Reclamação;Qualidade;Queda de sinal / cobertura inadequada;Respondida;SMP;TELEFONICA BRASIL S.A.;Grande;Vivo;PA;SANTARÉM;SMP
23/05/2023;09:44;Reclamação;Qualidade;-;Respondida;SMP;TIM S.A.;Grande;TIM;SP;GUARULHOS;SMP
12/10/2023;08:48;Reclamação;Qualidade;Queda de sinal / cobertura inadequada;Pendente;SMP;OI S.A.;Grande;Oi;MA;TIMON;SMP
21/12/2022;15:38;Reclamação;Cobrança;Cobrança indevida / surpresa na fatura;Respondida;SMP;OI S.A.;Grande;N/A;SE;SE - INTERIOR;SMP
16/09/2023;12:10;Reclamação;Portabilidade;Portabilidade numérica não efetivada;Respondida;SMP;Telefonica Brasil S.A.;Grande;Vivo;PI;PI - INTERIOR;SMP
04/08/2022;07:50;Reclamação;Atendimento;Atendimento ao cliente;Respondida;SMP;CLARO S.A.;Grande;Claro;BA;SALVADOR;SMP
26/08/2022;14:06;Reclamação;Internet;Velocidade de internet móvel abaixo;Respondida;SMP;TELEFONICA BRASIL S.A.;Grande;Vivo;SP;SANTOS;SMP
31/12/2022;22:48;Reclamação;Atendimento;Atendimento ao cliente;Respondida;SMP;CLARO S/A;Grande;Claro;SP;SÃO PAULO;SMP
04/06/2023;13:38;Reclamação;Cobrança;Cobrança indevida / surpresa na fatura;Respondida;SMP;SERCOMTEL S.A. - TELECOMUNICAÇÕES;Pequeno;Sercomtel;BA;SALVADOR;SMP
13/03/2023;07:07;Reclamação;Cobrança;Cobrança indevida / surpresa na fatura;Respondida;SMP;CLARO S/A;Grande;Claro;BA;SALVADOR;SMP
17/03/2022;15:52;Reclamação;Internet;N/A;Respondida;SMP;OI S.A.;Grande;Oi;SP;SOROCABA;SMP
08/05/2023;20:05;Reclamação;Cobrança;Cobrança indevida / surpresa na fatura;Respondida;SMP;CLARO S.A.;Grande;Claro;SP;GUARULHOS;SMP
16/02/2023;14:52;Reclamação;Cobrança;Cobrança indevida / surpresa na fatura;Em análise;SMP;TIM S.A.;Grande;TIM;AM;ITACOATIARA;SMP
06/05/2023;10:27;Reclamação;Atendimento;Atendimento ao cliente;Respondida;SMP;CLARO S.A.;Grande;Claro;PA;BELÉM;SMP
08/02/2023;19:04;Reclamação;Qualidade;Queda de sinal / cobertura inadequada;Respondida;SMP;CLARO S.A.;Grande;Claro;SC;SC - INTERIOR;SMP
21/09/2022;16:27;Reclamação;Internet;Velocidade de internet móvel abaixo;Pendente;SMP;NET SERVIÇOS DE COMUNICAÇÃO S.A.;Grande;Claro;MG;JUIZ DE FORA;SMP
27/12/2023;18:49;Reclamação;Internet;Velocidade de internet móvel abaixo;Respondida;SMP;TIM S.A.;Grande;TIM;CE;CAUCAIA;SMP
12/04/2022;18:19;Reclamação;Qualidade;Queda de sinal / cobertura inadequada;Respondida;SMP;TELEFONICA BRASIL S.A.;Grande;Vivo;SP;SÃO PAULO;SMP
27/11/2023;14:22;Reclamação;Cobrança;Cobrança indevida / surpresa na fatura;Respondida;SMP;TELEFONICA BRASIL S.A.;Grande;Vivo;RJ;NITERÓI;SMP
25/09/2022;13:14;Reclamação;Cobrança;Cobrança indevida / surpresa na fatura;Respondida;SMP;NET SERVIÇOS DE COMUNICAÇÃO S.A.;Grande;Claro;SP;GUARULHOS;SMP
19/11/2022;21:55;Reclamação;Internet;Velocidade de internet móvel abaixo;Respondida;SMP;CLARO S.A.;Grande;Claro;RJ;NITERÓI;SMP
22/01/2022;17:59;Reclamação;Qualidade;Queda de sinal / cobertura inadequada;Pendente;SMP;TELEFONICA BRASIL S.A.;Grande;Vivo;RJ;DUQUE DE CAXIAS;SMP
29/09/2022;18:16;Reclamação;Qualidade;Queda de sinal / cobertura inadequada;Respondida;SMP;TELEFONICA BRASIL S.A.;Grande;Vivo;MG;UBERLÂNDIA;SMP
29/09/2023;10:17;Reclamação;Cobrança;Cobrança indevida / surpresa na fatura;Respondida;SMP;TIM S.A.;Grande;TIM;PB;PB - INTERIOR;SMP
25/01/2022;20:14;Reclamação;Outros;Outros;Pendente;SMP;Claro S.A.;Grande;Claro;SP;SANTOS;SMP
11/06/2023;15:07;Reclamação;Qualidade;Queda de sinal / cobertura inadequada;Respondida;SMP;TELEFONICA BRASIL S.A.;Grande;Vivo;GO;APARECIDA DE GOIÂNIA;SMP
11/10/2022;15:44;Reclamação;Internet;Velocidade de internet móvel abaixo;Em análise;SMP;TELEFONICA BRASIL S.A.;Grande;Vivo;MS;DOURADOS;SMP
11/10/2023;14:20;Reclamação;N/A;Cobrança indevida / surpresa na fatura;Em análise;SMP;TELEFONICA BRASIL S.A.;Grande;Vivo;RJ;NOVA IGUAÇU;SMP
27/12/2022;16:19;Reclamação;Qualidade;Queda de sinal / cobertura inadequada;Em análise;SMP;OI S.A.;Grande;Oi;MS;CAMPO GRANDE;SMP
11/08/2022;20:59;Reclamação;Portabilidade;Portabilidade numérica não efetivada;Respondida;SMP;TIM S.A.;Grande;TIM;RN;RN - INTERIOR;SMP
19/05/2023;21:05;Reclamação;Qualidade;Queda de sinal / cobertura inadequada;Respondida;SMP;NET SERVIÇOS DE COMUNICAÇÃO S.A.;Grande;Claro;SP;SOROCABA;SMP
06/12/2022;16:28;Reclamação;Cobrança;Cobrança indevida / surpresa na fatura;Pendente;SMP;CLARO S/A;Grande;Claro;RS;PELOTAS;SMP
03/10/2023;20:44;Reclamação;Cobrança;Cobrança indevida / surpresa na fatura;Respondida;SMP;CLARO S.A.;Grande;Claro;MG;BELO HORIZONTE;SMP
08/12/2022;19:20;Reclamação;Cobrança;Cobrança indevida / surpresa na fatura;Pendente;SMP;TIM S.A.;Grande;TIM;SP;GUARULHOS;SMP
05/07/2022;12:36;Reclamação;Outros;Outros;Respondida;SMP;TELEFONICA BRASIL S.A.;Grande;Vivo;SP;SOROCABA;SMP
24/07/2023;18:02;Reclamação;Internet;Velocidade de internet móvel abaixo;Respondida;SMP;TELEFONICA BRASIL S.A.;Grande; ;AL;AL - INTERIOR;SMP
19/04/2023;13:06;Reclamação;Cobrança;Cobrança indevida / surpresa na fatura;Respondida;SMP;CLARO S.A.;Grande;Claro;SP;CAMPINAS;SMP
02/12/2022;18:02;Reclamação;Portabilidade;Portabilidade numérica não efetivada;Respondida;SMP;CLARO S.A.;Grande;Claro;DF;BRASÍLIA;SMP
09/04/2023;20:57;Reclamação;Qualidade;Queda de sinal / cobertura inadequada;Respondida;SMP;TELEFONICA BRASIL S.A.;Grande;Vivo;PE;CARUARU;SMP
06/11/2023;09:35;Reclamação;Cobrança;Cobrança indevida / surpresa na fatura;Em análise;SMP;TIM S.A.;Grande;TIM;RN;RN - INTERIOR;SMP
17/07/2023;10:05;Reclamação;Portabilidade;-;Respondida;SMP;TIM S.A.;Grande;TIM;SP;SOROCABA;SMP
10/09/2023;22:58;Reclamação;Qualidade;Queda de sinal / cobertura inadequada;Respondida;SMP;TIM S.A.;-;TIM;PA;SANTARÉM;SMP
03/09/2022;09:41;Reclamação;Cobrança;Cobrança indevida / surpresa na fatura;Em análise;SMP;CLARO S.A.;Grande;Claro;RJ;DUQUE DE CAXIAS;SMP
06/01/2023;17:09;Reclamação;Cobrança;Cobrança indevida / surpresa na fatura;Respondida;SMP;CLARO S.A.;Grande;Claro;SP;SÃO PAULO;SMP
30/06/2023;21:31;Reclamação;Internet;Velocidade de internet móvel abaixo;Respondida;SMP;TELEFONICA BRASIL S.A.;Grande;Vivo;TO;TO - INTERIOR;SMP
22/01/2022;16:14;Reclamação;Qualidade;Queda de sinal / cobertura inadequada;Pendente;SMP;CLARO S.A.;Grande;Claro;RS;CANOAS;SMP
25/04/2022;17:42;Reclamação;Qualidade;Queda de sinal / cobertura inadequada;Respondida;SMP;CLARO S.A.;Grande;Claro;CE;JUAZEIRO DO NORTE;SMP
29/09/2023;18:02;Reclamação;Cobrança;Cobrança indevida / surpresa na fatura;Respondida;SMP;OI S.A.;Grande;Oi;BA;SALVADOR;SMP
17/08/2023;10:30;Reclamação;Atendimento;Atendimento ao cliente;Respondida;SMP;CLARO S.A.;Grande;Claro;CE;JUAZEIRO DO NORTE;SMP
26/07/2023;21:08;Reclamação;Portabilidade;Portabilidade numérica não efetivada;Respondida;SMP;TIM S.A.;Grande;TIM;MT;CUIABÁ;SMP
09/05/2023;09:42;Reclamação;Qualidade;Queda de sinal / cobertura inadequada;Pendente;SMP;TIM S.A.;Grande;TIM;PE;CARUARU;SMP
21/10/2023;15:36;Reclamação;Atendimento;Atendimento ao cliente;Respondida;SMP;OI S.A.;Grande;Oi;MG;UBERLÂNDIA;SMP
26/08/2023;10:47;Reclamação;Cobrança;Cobrança indevida / surpresa na fatura;Respondida;SMP;TELEFONICA BRASIL S.A.;Grande;Vivo;PA;SANTARÉM;SMP
25/09/2022;20:29;Reclamação;Internet;Velocidade de internet móvel abaixo;Respondida;SMP;Oi S.A.;Grande;Oi;BA;SALVADOR;SMP
28/09/2023;18:52;Reclamação;Qualidade;Queda de sinal / cobertura inadequada;Respondida;SMP;CLARO S.A.;Grande;Claro;BA;SALVADOR;SMP
26/12/2023;18:11;Reclamação;Atendimento;Atendimento ao cliente;Respondida;SMP;TELEFONICA BRASIL S.A.;Grande;Vivo;RN;RN - INTERIOR;SMP
22/10/2022;11:26;Reclamação;Cobrança;Cobrança indevida / surpresa na fatura;Respondida;SMP;Tim S.A.;-;TIM;ES;CARIACICA;SMP
14/11/2022;07:22;Reclamação;Atendimento;Atendimento ao cliente;Respondida;SMP;EMBRATEL S.A.;Grande;Claro;MS;DOURADOS;SMP
27/04/2022;12:50;Reclamação;Internet;Velocidade de internet móvel abaixo;Respondida;SMP;CLARO S.A.;Grande;Claro;RO;RO - INTERIOR;SMP
17/10/2022;08:11;Reclamação;Qualidade;Queda de sinal / cobertura inadequada;Respondida;SMP;NET SERVIÇOS DE COMUNICAÇÃO S.A.;Grande;Claro;RN;RN - INTERIOR;SMP
05/11/2023;19:02;Reclamação;Cobrança;Cobrança indevida / surpresa na fatura;Em análise;SMP;OI S.A.;Grande;Oi;PE;PETROLINA;SMP
28/05/2022;20:31;Reclamação;Atendimento;Atendimento ao cliente;Em análise;SMP;NET SERVIÇOS DE COMUNICAÇÃO S.A.;Grande;Claro;SE;SE - INTERIOR;SMP
29/10/2022;14:04;Reclamação;Qualidade;Queda de sinal / cobertura inadequada;Pendente;SMP;TELEFONICA BRASIL S.A.;Grande;Vivo;GO;ANÁPOLIS;SMP
09/10/2023;20:18;Reclamação;Cobrança;Cobrança indevida / surpresa na fatura;Respondida;SMP;CLARO S.A.;Grande;Claro;MG;BELO HORIZONTE;SMP
29/10/2022;21:58;Reclamação;Internet;Velocidade de internet móvel abaixo;Respondida;SMP;CLARO S.A.;Grande;Claro;BA;FEIRA DE SANTANA;SMP
28/04/2022;10:28;Reclamação;Outros;Outros;Respondida;SMP;Tim S.A.;Grande;TIM;MG;UBERLÂNDIA;SMP
05/11/2023;11:46;Reclamação;Cobrança;Cobrança indevida / surpresa na fatura;Pendente;SMP;TIM S.A.;Grande;TIM;PE;CARUARU;SMP
10/12/2022;14:04;Reclamação;Atendimento;Atendimento ao cliente;Pendente;SMP;EMBRATEL S.A.;Grande;Claro;CE;SOBRAL;SMP
12/09/2022;18:33;Reclamação;Portabilidade;Portabilidade numérica não efetivada;Respondida;SMP;TELEFONICA BRASIL S.A.;Grande;Vivo;MS;DOURADOS;SMP
08/01/2022;09:01;Reclamação;Internet;Velocidade de internet móvel abaixo;Respondida;SMP;TIM S.A.;Grande;TIM;SP;CAMPINAS;SMP
18/06/2022;10:29;Reclamação;Cobrança;Cobrança indevida / surpresa na fatura;Em análise;SMP;TELEFONICA BRASIL S.A.;Grande;Vivo;SP;GUARULHOS;SMP
13/12/2023;09:22;Reclamação;Cobrança;Cobrança indevida / surpresa na fatura;Em análise;SMP;CLARO S.A.;Grande;Claro;RJ;RIO DE JANEIRO;SMP
29/07/2022;21:31;Reclamação;Qualidade;Queda de sinal / cobertura inadequada;Respondida;SMP;TELEFONICA BRASIL S.A.;Grande;Vivo;BA;SALVADOR;SMP
04/04/2022;16:42;Reclamação;Cobrança;Cobrança indevida / surpresa na fatura;Respondida;SMP;NET SERVIÇOS DE COMUNICAÇÃO S.A.;Grande;Claro;DF;CEILÂNDIA;SMP
24/03/2023;16:20;Reclamação;Internet;Velocidade de internet móvel abaixo;Respondida;SMP;NET SERVIÇOS DE COMUNICAÇÃO S.A.;Grande;Claro;BA;FEIRA DE SANTANA;SMP
25/04/2023;15:02;Reclamação;Cobrança;Cobrança indevida / surpresa na fatura;Respondida;SMP;CLARO S.A.;Grande;Claro;RJ;NITERÓI;SMP
13/08/2023;22:23;Reclamação;Qualidade;Queda de sinal / cobertura inadequada;Respondida;SMP;NET SERVIÇOS DE COMUNICAÇÃO S.A.;Grande;Claro;CE;JUAZEIRO DO NORTE;SMP
30/01/2022;09:20;Reclamação;Portabilidade;Portabilidade numérica não efetivada;Respondida;SMP;OI S.A.;Grande;Oi;AM;MANAUS;SMP
16/12/2022;16:34;Reclamação;Qualidade;Queda de sinal / cobertura inadequada;Respondida;SMP;CLARO S/A;Grande;Claro;SP;SANTOS;SMP
06/09/2022;10:32;Reclamação;Qualidade;Queda de sinal / cobertura inadequada;Pendente;SMP;CLARO S.A.;Grande;Claro;MG;UBERLÂNDIA;SMP
04/08/2022;08:50;Reclamação;Cobrança;Cobrança indevida / surpresa na fatura;Respondida;SMP;TELEFONICA BRASIL S.A.;Grande;Vivo;PA;ANANINDEUA;SMP
30/05/2022;08:45;Reclamação;Qualidade;Queda de sinal / cobertura inadequada;Respondida;SMP;TIM S.A.;Grande;TIM;PR;LONDRINA;SMP
22/06/2022;11:46;Reclamação;Cobrança;Cobrança indevida / surpresa na fatura;Respondida;SMP;NET SERVIÇOS DE COMUNICAÇÃO S.A.;Grande;Claro;RS;CAXIAS DO SUL;SMP
14/02/2022;18:08;Reclamação;Qualidade;Queda de sinal / cobertura inadequada;Pendente;SMP;CLARO S.A.;Grande;Claro;MG;JUIZ DE FORA;SMP
13/11/2023;16:02;Reclamação;Cobrança;Cobrança indevida / surpresa na fatura;Respondida;SMP;CLARO S.A.;Grande;Claro;BA;VITÓRIA DA CONQUISTA;SMP
17/01/2023;22:23;Reclamação;Cobrança;Cobrança indevida / surpresa na fatura;Respondida;SMP;TIM S.A.;Grande;TIM;PR;CURITIBA;SMP
15/11/2022;09:43;Reclamação;Cobrança;Cobrança indevida / surpresa na fatura;Pendente;SMP;TELEFONICA BRASIL S.A.;Grande;Vivo;SP;SANTOS;SMP
23/02/2022;07:58;Reclamação;Cobrança;Cobrança indevida / surpresa na fatura;Respondida;SMP;SERCOMTEL S.A. - TELECOMUNICAÇÕES;Pequeno;Sercomtel;AP;AP - INTERIOR;SMP
21/05/2022;20:02;Reclamação;Cobrança;Cobrança indevida / surpresa na fatura;Pendente;SMP;TIM S.A.;Grande;TIM;PR;LONDRINA;SMP
05/07/2022;14:10;Reclamação;Cobrança;Cobrança indevida / surpresa na fatura;Respondida;SMP;TIM S.A.;Grande;TIM;RS;CAXIAS DO SUL;SMP
28/11/2023;22:10;Reclamação;Qualidade;Queda de sinal / cobertura inadequada;Respondida;SMP;TIM S.A.;Grande;TIM;SC;SC - INTERIOR;SMP
01/08/2023;13:43;Reclamação;Qualidade;Queda de sinal / cobertura inadequada;Respondida;SMP;TELEFONICA BRASIL S.A.;Grande;Vivo;PR;CURITIBA;SMP
15/12/2022;20:37;Reclamação;Internet;Velocidade de internet móvel abaixo;Pendente;SMP;TELEFONICA BRASIL S.A.;Grande;Vivo;RJ;DUQUE DE CAXIAS;SMP
25/09/2022;12:29;Reclamação;Atendimento;Atendimento ao cliente;Respondida;SMP;TELEFONICA BRASIL S.A.;Grande;Vivo;MG;UBERLÂNDIA;SMP
12/04/2023;22:28;Reclamação;Qualidade;Queda de sinal / cobertura inadequada;Respondida;SMP;CLARO S.A.;Grande;Claro;MT;SINOP;SMP
13/04/2023;19:41;Reclamação;Portabilidade;Portabilidade numérica não efetivada;Em análise;SMP;CLARO S.A.;Grande;Claro;MA;IMPERATRIZ;SMP
03/09/2022;14:13;Reclamação;Qualidade;Queda de sinal / cobertura inadequada;Pendente;SMP;CLARO S.A.;Grande;Claro;MT;SINOP;SMP
30/11/2023;08:17;Reclamação;Internet;Velocidade de internet móvel abaixo;Em análise;SMP;CLARO S.A.;Grande;Claro;RJ;NOVA IGUAÇU;SMP
10/02/2023;20:33;Reclamação;Qualidade;Queda de sinal / cobertura inadequada;Respondida;SMP;CLARO S.A.;Grande;Claro;SP;SÃO PAULO;SMP
15/07/2022;11:35;Reclamação;Portabilidade;Portabilidade numérica não efetivada;Respondida;SMP;CLARO S.A.;Grande;Claro;CE;SOBRAL;SMP
07/06/2023;11:25;Reclamação;Internet;Velocidade de internet móvel abaixo;Respondida;SMP;SERCOMTEL S.A. - TELECOMUNICAÇÕES;Pequeno;Sercomtel;BA;FEIRA DE SANTANA;SMP
05/06/2022;22:03;Reclamação;Outros;Outros;Respondida;SMP;TELEFONICA BRASIL S.A.;Grande;Vivo;RJ;NITERÓI;SMP
05/09/2022;13:43;Reclamação;Qualidade;Queda de sinal / cobertura inadequada;Respondida;SMP;CLARO S.A.;Grande;Claro;RJ;DUQUE DE CAXIAS;SMP
28/08/2022;16:25;Reclamação;Cobrança;Cobrança indevida / surpresa na fatura;Respondida;SMP;Oi S.A.;Grande;Oi;MA;IMPERATRIZ;SMP
18/10/2023;13:03;Reclamação;Qualidade;Queda de sinal / cobertura inadequada;Respondida;SMP;NET SERVIÇOS DE COMUNICAÇÃO S.A.;Grande;Claro;SP;SÃO PAULO;SMP
30/10/2023;14:38;Reclamação;Portabilidade;Portabilidade numérica não efetivada;Respondida;SMP;TIM S.A.;Grande;TIM;MT;VÁRZEA GRANDE;SMP
12/04/2023;22:14;Reclamação;Internet;Velocidade de internet móvel abaixo;Respondida;SMP;TELEFONICA BRASIL S.A.;Grande;Vivo;PR;LONDRINA;SMP
08/05/2022;12:52;Reclamação;Atendimento;Atendimento ao cliente;Respondida;SMP;Tim S.A.;Grande;TIM;RJ;NOVA IGUAÇU;SMP
14/06/2023;13:20;Reclamação;Portabilidade;Portabilidade numérica não efetivada;Respondida;SMP;TIM S.A.;Grande;TIM;PI;PI - INTERIOR;SMP
25/05/2022;15:01;Reclamação;Outros;Outros;Em análise;SMP;CLARO S.A.;Grande;Claro;SP;SANTOS;SMP
26/10/2022;13:14;Reclamação;Qualidade;Queda de sinal / cobertura inadequada;Respondida;SMP;EMBRATEL S.A.;Grande;Claro;PR;LONDRINA;SMP
31/12/2022;09:15;Reclamação;Internet;Velocidade de internet móvel abaixo;Respondida;SMP;CLARO S.A.;Grande;Claro;SP;SOROCABA;SMP
13/11/2023;09:18;Reclamação;Qualidade;Queda de sinal / cobertura inadequada;Em análise;SMP;Claro S.A.;Grande;Claro;BA;SALVADOR;SMP
25/02/2023;18:13;Reclamação;Qualidade;Queda de sinal / cobertura inadequada;Respondida;SMP;CLARO S.A.;Grande;Claro;AL;AL - INTERIOR;SMP
01/09/2022;14:47;Reclamação;Portabilidade;Portabilidade numérica não efetivada;Em análise;SMP;NET SERVIÇOS DE COMUNICAÇÃO S.A.;Grande;Claro;SP;SÃO PAULO;SMP
07/11/2022;12:38;Reclamação;Cobrança;Cobrança indevida / surpresa na fatura;Respondida;SMP;TELEFONICA BRASIL S.A.;Grande;Vivo;SP;GUARULHOS;SMP
18/04/2023;17:57;Reclamação;Portabilidade;Portabilidade numérica não efetivada;Respondida;SMP;OI S.A.;Grande;Oi;PR;LONDRINA;SMP
20/02/2023;12:53;Reclamação;Qualidade;Queda de sinal / cobertura inadequada;Respondida;SMP;NET SERVIÇOS DE COMUNICAÇÃO S.A.;Grande;Claro;SP;SÃO PAULO;SMP
24/07/2023;09:02;Reclamação;N/A;Cobrança indevida / surpresa na fatura;Respondida;SMP;EMBRATEL S.A.;Grande;Claro;PR;CURITIBA;SMP
25/04/2023;17:43;Reclamação;Cobrança;Cobrança indevida / surpresa na fatura;Respondida;SMP;CLARO S.A.;Grande;Claro;CE;SOBRAL;SMP
30/05/2022;11:53;Reclamação;Portabilidade;Portabilidade numérica não efetivada;Respondida;SMP;TELEFONICA BRASIL S.A.;Grande;Vivo;RJ;DUQUE DE CAXIAS;SMP
29/01/2023;19:12;Reclamação;Atendimento;Atendimento ao cliente;Pendente;SMP;NET SERVIÇOS DE COMUNICAÇÃO S.A.;Grande;Claro;MG;UBERLÂNDIA;SMP
29/05/2023;13:31;Reclamação;Atendimento;Atendimento ao cliente;Respondida;SMP;TELEFONICA BRASIL S.A.;Grande;Vivo;BA;VITÓRIA DA CONQUISTA;SMP
04/08/2022;17:54;Reclamação;Portabilidade;Portabilidade numérica não efetivada;Respondida;SMP;NET SERVIÇOS DE COMUNICAÇÃO S.A.;Grande;Claro;RJ;DUQUE DE CAXIAS;SMP
15/10/2022;16:39;Reclamação;Qualidade;Queda de sinal / cobertura inadequada;Pendente;SMP;TIM S.A.;Grande;TIM;RN;RN - INTERIOR;SMP
21/05/2023;17:24;Reclamação;Qualidade;Queda de sinal / cobertura inadequada;Pendente;SMP;TIM S.A.;Grande;TIM;CE;CAUCAIA;SMP
09/10/2022;11:35;Reclamação;Internet;Velocidade de internet móvel abaixo;Respondida;SMP;TELEFONICA BRASIL S.A.;Grande;Vivo;MG;JUIZ DE FORA;SMP
05/11/2022;22:52;Reclamação;Cobrança;Cobrança indevida / surpresa na fatura;Respondida;SMP;EMBRATEL S.A.;Grande;Claro;MT;SINOP;SMP
07/02/2023;10:52;Reclamação;Internet;Velocidade de internet móvel abaixo;Respondida;SMP;CLARO S.A.;Grande;Claro;BA;FEIRA DE SANTANA;SMP
05/04/2022;07:32;Reclamação;Outros;Outros;Pendente;SMP;NET SERVIÇOS DE COMUNICAÇÃO S.A.;Grande;Claro;PE;RECIFE;SMP
01/11/2023;17:10;Reclamação;Cobrança;Cobrança indevida / surpresa na fatura;Respondida;SMP;CLARO S.A.;Grande;Claro;BA;SALVADOR;SMP
04/12/2023;21:27;Reclamação;Cobrança;Cobrança indevida / surpresa na fatura;Respondida;SMP;Net Serviços De Comunicação S.A.;Grande;Claro;PA;SANTARÉM;SMP
08/05/2023;08:35;Reclamação;Cobrança;Cobrança indevida / surpresa na fatura;Respondida;SMP;TELEFONICA BRASIL S.A.;Grande;Vivo;RJ;RIO DE JANEIRO;SMP
04/05/2022;12:09;Reclamação;Internet;Velocidade de internet móvel abaixo;Em análise;SMP;CLARO S.A.;Grande;Claro;ES;CARIACICA;SMP
01/04/2023;22:39;Reclamação;Qualidade;Queda de sinal / cobertura inadequada;Respondida;SMP;OI S.A.;Grande;Oi;SP;GUARULHOS;SMP
06/10/2022;08:41;Reclamação;Qualidade;Queda de sinal / cobertura inadequada;Em análise;SMP;SERCOMTEL S.A. - TELECOMUNICAÇÕES;Pequeno;Sercomtel;PR;LONDRINA;SMP
04/12/2022;08:59;Reclamação;Internet;Velocidade de internet móvel abaixo;Pendente;SMP;TELEFONICA BRASIL S.A.;Grande;Vivo;RO;RO - INTERIOR;SMP
26/06/2023;10:49;Reclamação;Internet;Velocidade de internet móvel abaixo;Pendente;SMP;TELEFONICA BRASIL S.A.;Grande;Vivo;MG;JUIZ DE FORA;SMP
18/01/2023;10:17;Reclamação;Cobrança;Cobrança indevida / surpresa na fatura;Respondida;SMP;TIM S.A.;Grande;TIM;MT;CUIABÁ;SMP
20/08/2023;07:47;Reclamação;Outros;Outros;Respondida;SMP;EMBRATEL S.A.;Grande;Claro;GO;GOIÂNIA;SMP
25/07/2023;19:53;Reclamação;Qualidade;Queda de sinal / cobertura inadequada;Respondida;SMP;TIM S.A.;Grande;TIM;AM;ITACOATIARA;SMP
15/05/2022;15:09;Reclamação;Cobrança;Cobrança indevida / surpresa na fatura;Respondida;SMP;EMBRATEL S.A.;Grande;Claro;PA;ANANINDEUA;SMP
18/02/2022;12:51;Reclamação;Qualidade;Queda de sinal / cobertura inadequada;Respondida;SMP;TIM S.A.;Grande;TIM;SP;SOROCABA;SMP
05/08/2022;16:21;Reclamação;Internet;Velocidade de internet móvel abaixo;Respondida;SMP;TIM S.A.;Grande;TIM;SP;SANTOS;SMP
15/03/2023;08:15;Reclamação;Cobrança;Cobrança indevida / surpresa na fatura;Respondida;SMP;OI S.A.;Grande;Oi;GO;GOIÂNIA;SMP
30/10/2022;17:24;Reclamação;Cobrança;Cobrança indevida / surpresa na fatura;Respondida;SMP;TELEFONICA BRASIL S.A.;Grande;Vivo;PE;CARUARU;SMP
06/11/2023;22:20;Reclamação;Cobrança;Cobrança indevida / surpresa na fatura;Respondida;SMP;CLARO S.A.;Grande;Claro;SP;SÃO PAULO;SMP
16/06/2023;21:07;Reclamação;Cobrança;Cobrança indevida / surpresa na fatura;Pendente;SMP;EMBRATEL S.A.;Grande;Claro;SC;SC - INTERIOR;SMP
09/12/2023;15:31;Reclamação;Atendimento;Atendimento ao cliente;Respondida;SMP;CLARO S.A.;Grande;Claro;RJ;RIO DE JANEIRO;SMP
19/10/2022;09:25;Reclamação;Internet;Velocidade de internet móvel abaixo;Respondida;SMP;TELEFONICA BRASIL S.A.;Grande;Vivo;SP;GUARULHOS;SMP
21/03/2023;09:39;Reclamação;Cobrança;Cobrança indevida / surpresa na fatura;Respondida;SMP;TIM S.A.;Grande;TIM;PR;MARINGÁ;SMP
20/11/2023;21:37;Reclamação;Internet;Velocidade de internet móvel abaixo;Respondida;SMP;TELEFONICA BRASIL S.A.;Grande;Vivo;RJ;DUQUE DE CAXIAS;SMP
30/05/2023;18:09;Reclamação;Internet;Velocidade de internet móvel abaixo;Em análise;SMP;EMBRATEL S.A.;Grande;Claro;DF;BRASÍLIA;SMP
24/08/2023;14:11;Reclamação;Qualidade;Queda de sinal / cobertura inadequada;Em análise;SMP;EMBRATEL S.A.;Grande;Claro;PR;LONDRINA;SMP
24/03/2023;07:26;Reclamação;Cobrança;Cobrança indevida / surpresa na fatura;Respondida;SMP;TIM S.A.;Grande;TIM;RJ;NITERÓI;SMP
26/12/2023;22:03;Reclamação;Internet;Velocidade de internet móvel abaixo;Pendente;SMP;TELEFONICA BRASIL S.A.;Grande;Vivo;BA;VITÓRIA DA CONQUISTA;SMP
11/05/2022;22:47;Reclamação;Qualidade;Queda de sinal / cobertura inadequada;Respondida;SMP;TELEFONICA BRASIL S.A.;Grande;Vivo;RJ;DUQUE DE CAXIAS;SMP
02/07/2022;16:29;Reclamação;Qualidade;Queda de sinal / cobertura inadequada;Respondida;SMP;NET SERVIÇOS DE COMUNICAÇÃO S.A.;Grande;-;PA;SANTARÉM;SMP
16/08/2023;12:04;Reclamação;Internet;Velocidade de internet móvel abaixo;Respondida;SMP;CLARO S.A.;Grande;Claro;AM;MANAUS;SMP
30/12/2023;10:20;Reclamação;Cobrança;Cobrança indevida / surpresa na fatura;Respondida;SMP;NET SERVIÇOS DE COMUNICAÇÃO S.A.;Grande;Claro;SP;SÃO PAULO;SMP
04/12/2022;16:16;Reclamação;Atendimento;Atendimento ao cliente;Em análise;SMP;CLARO S.A.;Grande;Claro;SP;SANTOS;SMP
21/11/2023;12:12;Reclamação;Internet;Velocidade de internet móvel abaixo;Respondida;SMP;TELEFONICA BRASIL S.A.;Grande;Vivo;CE;SOBRAL;SMP
08/01/2023;15:08;Reclamação;Portabilidade;Portabilidade numérica não efetivada;Respondida;SMP;-;Grande;TIM;RJ;RIO DE JANEIRO;SMP
10/07/2023;15:48;Reclamação;Cobrança;Cobrança indevida / surpresa na fatura;Respondida;SMP;CLARO S/A;Grande;Claro;BA;SALVADOR;SMP
01/11/2022;15:41;Reclamação;Cobrança;Cobrança indevida / surpresa na fatura;Pendente;SMP;TIM S.A.;Grande;TIM;RS;PORTO ALEGRE;SMP
28/11/2022;15:09;Reclamação;Cobrança;Cobrança indevida / surpresa na fatura;Respondida;SMP;CLARO S.A.;Grande;Claro;SP;CAMPINAS;SMP
13/11/2022;22:56;Reclamação;Internet;Velocidade de internet móvel abaixo;Respondida;SMP;OI S.A.;Grande;Oi;ES;VILA VELHA;SMP
19/08/2023;22:57;Reclamação;Cobrança;Cobrança indevida / surpresa na fatura;Respondida;SMP;TELEFONICA BRASIL S.A.;Grande;Vivo;SP;CAMPINAS;SMP
04/07/2022;08:29;Reclamação;Outros;Outros;Pendente;SMP;CLARO S.A.;Grande;Claro;SP;SOROCABA;SMP
19/03/2023;13:28;Reclamação;Cobrança;Cobrança indevida / surpresa na fatura;Respondida;SMP;OI S.A.;Grande;Oi;SP;GUARULHOS;SMP
11/06/2023;09:41;Reclamação;Qualidade;Queda de sinal / cobertura inadequada;Pendente;SMP;CLARO S.A.;Grande;Claro;MG;BELO HORIZONTE;SMP
18/06/2022;20:09;Reclamação;Cobrança;Cobrança indevida / surpresa na fatura;Pendente;SMP;CLARO S/A;Grande;Claro;SP;SOROCABA;SMP
15/03/2023;08:10;Reclamação;Cobrança;Cobrança indevida / surpresa na fatura;Respondida;SMP;TELEFONICA BRASIL S.A.;Grande;Vivo;SP;SANTOS;SMP
10/12/2023;14:41;Reclamação;Qualidade;Queda de sinal / cobertura inadequada;Respondida;SMP;TIM S.A.;Grande;TIM;RJ;RIO DE JANEIRO;SMP
26/12/2022;22:27;Reclamação;Portabilidade;Portabilidade numérica não efetivada;Respondida;SMP;NET SERVIÇOS DE COMUNICAÇÃO S.A.;Grande;Claro;BA;SALVADOR;SMP
30/03/2022;17:49;Reclamação;Outros;Outros;Respondida;SMP;EMBRATEL S.A.;Grande;Claro;PA;BELÉM;SMP
25/08/2022;09:50;Reclamação;Qualidade;Queda de sinal / cobertura inadequada;Respondida;SMP;TELEFONICA BRASIL S.A.;Grande;Vivo;RJ;NITERÓI;SMP
15/07/2022;08:53;Reclamação;Qualidade;Queda de sinal / cobertura inadequada;Respondida;SMP;OI S.A.;Grande;Oi;AP;AP - INTERIOR;SMP
24/02/2023;19:28;Reclamação;Qualidade;Queda de sinal / cobertura inadequada;Em análise;SMP;OI S.A.;Grande;Oi;SP;GUARULHOS;SMP
13/06/2022;14:42;Reclamação;Qualidade;Queda de sinal / cobertura inadequada;Em análise;SMP;NET SERVIÇOS DE COMUNICAÇÃO S.A.;Grande;Claro;BA;FEIRA DE SANTANA;SMP
25/04/2023;20:55;Reclamação;Qualidade;Queda de sinal / cobertura inadequada;Respondida;SMP;TIM S.A.;Grande;TIM;RJ;NOVA IGUAÇU;SMP
11/09/2022;08:47;Reclamação;Cobrança;Cobrança indevida / surpresa na fatura;Respondida;SMP;OI S.A.;Grande;Oi;CE;FORTALEZA;SMP
18/04/2022;18:23;Reclamação;Cobrança;Cobrança indevida / surpresa na fatura;Em análise;SMP;TIM S.A.;Grande;TIM;RJ;NOVA IGUAÇU;SMP
15/09/2023;16:59;Reclamação; ;Portabilidade numérica não efetivada;Respondida;SMP;EMBRATEL S.A.;Grande;Claro;SP;SÃO PAULO;SMP
10/03/2023;19:51;Reclamação;Cobrança;Cobrança indevida / surpresa na fatura;Respondida;SMP;TELEFONICA BRASIL S.A.;Grande;Vivo;ES;VITÓRIA;SMP
12/02/2022;08:36;Reclamação;Portabilidade;Portabilidade numérica não efetivada;Pendente;SMP;OI S.A.;Grande;Oi;RS;CANOAS;SMP
06/01/2022;07:59;Reclamação;Cobrança;Cobrança indevida / surpresa na fatura;Em análise;SMP;TIM S.A.;Grande;TIM;BA;VITÓRIA DA CONQUISTA;SMP
01/02/2022;07:23;Reclamação;Qualidade;Queda de sinal / cobertura inadequada;Respondida;SMP;CLARO S.A.;Grande;Claro;AC;AC - INTERIOR;SMP
05/03/2023;18:58;Reclamação;Cobrança;Cobrança indevida / surpresa na fatura;Respondida;SMP;TIM S.A.;Grande;TIM;SP;SOROCABA;SMP
04/06/2023;22:45;Reclamação;Qualidade;Queda de sinal / cobertura inadequada;Pendente;SMP;TELEFONICA BRASIL S.A.;Grande;Vivo;MS;DOURADOS;SMP
24/03/2022;13:56;Reclamação;Internet;Velocidade de internet móvel abaixo;Respondida;SMP;TELEFONICA BRASIL S.A.;Grande;Vivo;DF;BRASÍLIA;SMP
22/10/2023;08:58;Reclamação;Internet;Velocidade de internet móvel abaixo;Respondida;SMP;TIM S.A.;Grande;TIM;PI;PI - INTERIOR;SMP
09/11/2022;19:01;Reclamação;Cobrança;Cobrança indevida / surpresa na fatura;Respondida;SMP;TIM S.A.;Grande;TIM;BA;FEIRA DE SANTANA;SMP
05/09/2022;15:11;Reclamação;Portabilidade;Portabilidade numérica não efetivada;Respondida;SMP;CLARO S.A.;Grande;Claro;MG;CONTAGEM;SMP
07/06/2023;18:32;Reclamação;Portabilidade;Portabilidade numérica não efetivada;Respondida;SMP;TIM S.A.;Grande;TIM;DF;BRASÍLIA;SMP
10/09/2023;20:26;Reclamação;Cobrança;Cobrança indevida / surpresa na fatura;Respondida;SMP;TIM S.A.;Grande;TIM;MG;JUIZ DE FORA;SMP
08/08/2022;22:02;Reclamação;Portabilidade;Portabilidade numérica não efetivada;Respondida;SMP;TIM S.A.;Grande;TIM;GO;ANÁPOLIS;SMP
02/10/2023;18:11;Reclamação;Qualidade; ;Respondida;SMP;N/A;Grande;Oi;RJ;RIO DE JANEIRO;SMP
15/11/2022;09:01;Reclamação;Atendimento;Atendimento ao cliente;Pendente;SMP;TIM S.A.;Grande;TIM;RJ;NOVA IGUAÇU;SMP
08/04/2022;10:52;Reclamação;Cobrança;Cobrança indevida / surpresa na fatura;Respondida;SMP;CLARO S.A.;Grande;NÃO INFORMADO;MA;TIMON;SMP
07/04/2023;18:55;Reclamação;Portabilidade;NÃO INFORMADO;Em análise;SMP;EMBRATEL S.A.;Grande;Claro;SP;SANTOS;SMP
19/04/2022;19:19;Reclamação;Internet;Velocidade de internet móvel abaixo;Respondida;SMP;TELEFONICA BRASIL S.A.;Grande;Vivo;RJ;RIO DE JANEIRO;SMP
03/05/2022;21:09;Reclamação;Cobrança;Cobrança indevida / surpresa na fatura;Em análise;SMP;TELEFONICA BRASIL S.A.;Grande;Vivo;PB;PB - INTERIOR;SMP
31/10/2023;14:10;Reclamação;Portabilidade;Portabilidade numérica não efetivada;Respondida;SMP;CLARO S.A.;Grande;-;PA;BELÉM;SMP
25/07/2022;19:33;Reclamação;Cobrança;Cobrança indevida / surpresa na fatura;Pendente;SMP;TIM S.A.;Grande;TIM;MG;UBERLÂNDIA;SMP
09/03/2022;10:21;Reclamação;Internet;Velocidade de internet móvel abaixo;Respondida;SMP;CLARO S/A;Grande;Claro;MG;UBERLÂNDIA;SMP
25/06/2022;21:46;Reclamação;Cobrança;Cobrança indevida / surpresa na fatura;Respondida;SMP;CLARO S.A.;Grande;Claro;BA;FEIRA DE SANTANA;SMP
01/06/2023;14:17;Reclamação;Qualidade;Queda de sinal / cobertura inadequada;Respondida;SMP;TELEFONICA BRASIL S.A.;Grande;Vivo;AM;MANAUS;SMP
30/10/2023;15:40;Reclamação;Qualidade;Queda de sinal / cobertura inadequada;Respondida;SMP;CLARO S.A.;Grande;Claro;PR;MARINGÁ;SMP
20/10/2023;16:10;Reclamação;Cobrança;Cobrança indevida / surpresa na fatura;Respondida;SMP;TELEFONICA BRASIL S.A.;Grande;Vivo;PE;CARUARU;SMP
05/04/2022;07:18;Reclamação;Internet;N/A;Pendente;SMP;TELEFONICA BRASIL S.A.;Grande;Vivo;DF;TAGUATINGA;SMP
30/10/2023;19:58;Reclamação;Qualidade;Queda de sinal / cobertura inadequada;Respondida;SMP;OI S.A.;Grande;Oi;BA;SALVADOR;SMP
17/01/2023;21:05;Reclamação;Internet;Velocidade de internet móvel abaixo;Respondida;SMP;TELEFONICA BRASIL S.A.;Grande;Vivo;RJ;NITERÓI;SMP
17/01/2023;21:48;Reclamação;Atendimento;Atendimento ao cliente;Respondida;SMP;TELEFONICA BRASIL S.A.;N/A;Vivo;RS;PORTO ALEGRE;SMP
13/03/2023;14:37;Reclamação;Qualidade;Queda de sinal / cobertura inadequada;Respondida;SMP;TIM S.A.;Grande;TIM;RR;RR - INTERIOR;SMP
05/02/2023;18:25;Reclamação;Qualidade;Queda de sinal / cobertura inadequada;Respondida;SMP;TELEFONICA BRASIL S.A.;Grande;Vivo;AC;AC - INTERIOR;SMP
18/12/2023;13:32;Reclamação;Qualidade;Queda de sinal / cobertura inadequada;Respondida;SMP;CLARO S.A.;Grande;Claro;PE;PETROLINA;SMP
02/01/2023;10:49;Reclamação;Atendimento;-;Respondida;SMP;TELEFONICA BRASIL S.A.;Grande;Vivo;RO;RO - INTERIOR;SMP
09/11/2023;19:32;Reclamação;Internet;Velocidade de internet móvel abaixo;Respondida;SMP;NET SERVIÇOS DE COMUNICAÇÃO S.A.;Grande;Claro;MA;IMPERATRIZ;SMP
29/03/2023;17:06;Reclamação;Qualidade;Queda de sinal / cobertura inadequada;Respondida;SMP;OI S.A.;Grande;Oi;PE;RECIFE;SMP
19/02/2023;17:41;Reclamação;Internet;Velocidade de internet móvel abaixo;Em análise;SMP;CLARO S.A.;Grande;Claro;PB;PB - INTERIOR;SMP
21/06/2022;08:40;Reclamação;Qualidade;Queda de sinal / cobertura inadequada;Pendente;SMP;OI S.A.;Grande;Oi;SP;SÃO PAULO;SMP
26/10/2023;19:24;Reclamação;Atendimento;Atendimento ao cliente;Respondida;SMP;NET SERVIÇOS DE COMUNICAÇÃO S.A.;Grande;Claro;SP;GUARULHOS;SMP
30/06/2022;16:42;Reclamação;Cobrança;Cobrança indevida / surpresa na fatura;Respondida;SMP;NET SERVIÇOS DE COMUNICAÇÃO S.A.;Grande;Claro;RJ;NOVA IGUAÇU;SMP
09/11/2022;15:12;Reclamação;Cobrança;Cobrança indevida / surpresa na fatura;Respondida;SMP;TELEFONICA BRASIL S.A.;Grande;Vivo;SP;CAMPINAS;SMP
03/09/2023;15:43;Reclamação;NÃO INFORMADO;Portabilidade numérica não efetivada;Pendente;SMP;CLARO S/A;Grande;Claro;RJ;RIO DE JANEIRO;SMP
12/12/2023;14:45;Reclamação;Cobrança;Cobrança indevida / surpresa na fatura;Respondida;SMP;CLARO S/A;Grande;Claro;MS;DOURADOS;SMP
20/02/2022;20:31;Reclamação;Qualidade;Queda de sinal / cobertura inadequada;Respondida;SMP;CLARO S.A.;Grande;Claro;PI;PI - INTERIOR;SMP
14/07/2023;10:15;Reclamação;Portabilidade;Portabilidade numérica não efetivada;Respondida;SMP;NET SERVIÇOS DE COMUNICAÇÃO S.A.;Grande;Claro;RS;CAXIAS DO SUL;SMP
11/03/2022;14:49;Reclamação;Atendimento;Atendimento ao cliente;Respondida;SMP;OI S.A.;Grande;Oi;MA;SÃO LUÍS;SMP
18/04/2023;11:04;Reclamação;Cobrança;Cobrança indevida / surpresa na fatura;Em análise;SMP;CLARO S.A.;Grande;Claro;PR;MARINGÁ;SMP
14/04/2022;10:54;Reclamação;Portabilidade;Portabilidade numérica não efetivada;Respondida;SMP;TIM S.A.;Grande;TIM;RS;PORTO ALEGRE;SMP
20/09/2022;12:19;Reclamação;Qualidade;Queda de sinal / cobertura inadequada;Em análise;SMP;CLARO S.A.;Grande;Claro;MT;VÁRZEA GRANDE;SMP
07/10/2023;18:20;Reclamação;Atendimento;Atendimento ao cliente;Respondida;SMP;TELEFONICA BRASIL S.A.;Grande;Vivo;RS;CANOAS;SMP
18/03/2023;08:33;Reclamação;Portabilidade;Portabilidade numérica não efetivada;Respondida;SMP;CLARO S.A.;Grande;Claro;PB;PB - INTERIOR;SMP
30/04/2022;16:37;Reclamação;Cobrança;Cobrança indevida / surpresa na fatura;Respondida;SMP;CLARO S.A.;Grande;Claro;SP;GUARULHOS;SMP
13/04/2022;16:59;Reclamação;Portabilidade;Portabilidade numérica não efetivada;Respondida;SMP;CLARO S.A.;Grande;Claro;CE;CAUCAIA;SMP
14/04/2023;20:10;Reclamação;Cobrança;Cobrança indevida / surpresa na fatura;Respondida;SMP;CLARO S/A;Grande;Claro;SP;SANTOS;SMP
19/03/2022;10:27;Reclamação;-;Queda de sinal / cobertura inadequada;Respondida;SMP;OI S.A.;Grande;Oi;RS;PORTO ALEGRE;SMP
21/08/2022;19:37;Reclamação;Cobrança;Cobrança indevida / surpresa na fatura;Respondida;SMP;TELEFONICA BRASIL S.A.;Grande;-;SP;CAMPINAS;SMP
25/12/2022;17:26;Reclamação;Outros;Outros;Pendente;SMP;OI S.A.;N/A;Oi;BA;SALVADOR;SMP
02/08/2023;21:17;Reclamação;Outros;Outros;Respondida;SMP;CLARO S/A;Grande;Claro;DF;TAGUATINGA;SMP
24/09/2023;19:03;Reclamação;Cobrança;Cobrança indevida / surpresa na fatura;Pendente;SMP;TELEFONICA BRASIL S.A.;Grande;Vivo;SP;CAMPINAS;SMP
17/01/2023;17:57;Reclamação;Cobrança;Cobrança indevida / surpresa na fatura;Pendente;SMP;CLARO S.A.;Grande;Claro;RJ;NOVA IGUAÇU;SMP
29/10/2022;07:40;Reclamação;Cobrança;Cobrança indevida / surpresa na fatura;Respondida;SMP;NET SERVIÇOS DE COMUNICAÇÃO S.A.;Grande;Claro;RS;PELOTAS;SMP
07/04/2023;09:57;Reclamação;Atendimento;Atendimento ao cliente;Respondida;SMP;EMBRATEL S.A.;Grande;Claro;SP;SANTOS;SMP
22/02/2022;19:09;Reclamação;Portabilidade;Portabilidade numérica não efetivada;Respondida;SMP;TIM S.A.;Grande;TIM;SP;SOROCABA;SMP
18/05/2022;11:01;Reclamação;Cobrança;Cobrança indevida / surpresa na fatura;Respondida;SMP;TELEFONICA BRASIL S.A.;Grande;Vivo;RJ;NITERÓI;SMP
16/02/2022;15:28;Reclamação;Cobrança;Cobrança indevida / surpresa na fatura;Respondida;SMP;TIM S.A.;Grande;TIM;SE;SE - INTERIOR;SMP
24/02/2023;13:03;Reclamação;Cobrança;Cobrança indevida / surpresa na fatura;Pendente;SMP;TIM S.A.;Grande;TIM;AM;ITACOATIARA;SMP
17/10/2022;08:33;Reclamação; ;Cobrança indevida / surpresa na fatura;Pendente;SMP;CLARO S.A.;Grande;Claro;SC;SC - INTERIOR;SMP
23/01/2023;07:03;Reclamação;Atendimento;Atendimento ao cliente;Respondida;SMP;TIM S.A.;Grande;TIM;PR;PONTA GROSSA;SMP
19/12/2023;11:03;Reclamação;Atendimento;Atendimento ao cliente;Respondida;SMP;TIM S.A.;Grande;TIM;RJ;NITERÓI;SMP
22/04/2023;10:11;Reclamação;Internet;Velocidade de internet móvel abaixo;Respondida;SMP;CLARO S.A.;Grande;Claro;PA;MARABÁ;SMP
09/07/2022;17:25;Reclamação;Portabilidade;Portabilidade numérica não efetivada;Em análise;SMP;NET SERVIÇOS DE COMUNICAÇÃO S.A.;Grande;Claro;SP;SÃO PAULO;SMP
16/12/2023;20:42;Reclamação;Internet;Velocidade de internet móvel abaixo;Respondida;SMP;Telefonica Brasil S.A.;Grande;Vivo;SP;CAMPINAS;SMP
31/12/2023;09:21;Reclamação;Qualidade;Queda de sinal / cobertura inadequada;Respondida;SMP;CLARO S.A.;Grande;Claro;RJ;RIO DE JANEIRO;SMP
08/06/2022;09:13;Reclamação;Cobrança;Cobrança indevida / surpresa na fatura;Respondida;SMP;CLARO S.A.;Grande;Claro;SP;SÃO PAULO;SMP
17/05/2022;10:33;Reclamação;Outros;Outros;Respondida;SMP;TIM S.A.;Grande;TIM;BA;VITÓRIA DA CONQUISTA;SMP
22/08/2023;10:46;Reclamação;Atendimento;Atendimento ao cliente;Respondida;SMP;NET SERVIÇOS DE COMUNICAÇÃO S.A.;Grande;Claro;MS;CAMPO GRANDE;SMP
19/11/2022;07:14;Reclamação;Cobrança;Cobrança indevida / surpresa na fatura;Em análise;SMP;TELEFONICA BRASIL S.A.;Grande;Vivo;RS;CANOAS;SMP
16/10/2022;11:32;Reclamação;Internet;Velocidade de internet móvel abaixo;Respondida;SMP;CLARO S.A.;Grande;Claro;RS;CANOAS;SMP
24/02/2022;13:45;Reclamação;Portabilidade;Portabilidade numérica não efetivada;Em análise;SMP;TIM S.A.;Grande;TIM;BA;FEIRA DE SANTANA;SMP
12/09/2022;22:13;Reclamação;Cobrança;Cobrança indevida / surpresa na fatura;Respondida;SMP;TELEFONICA BRASIL S.A.;Grande;Vivo;PR;CURITIBA;SMP
02/04/2022;17:52;Reclamação;Qualidade;Queda de sinal / cobertura inadequada;Respondida;SMP;CLARO S.A.;Grande;Claro;PE;RECIFE;SMP
05/03/2022;11:59;Reclamação;Qualidade;Queda de sinal / cobertura inadequada;Respondida;SMP;CLARO S.A.;Grande;Claro;SP;SOROCABA;SMP
06/03/2022;11:14;Reclamação;Qualidade;Queda de sinal / cobertura inadequada;Respondida;SMP;TELEFONICA BRASIL S.A.;Grande;Vivo;SP;GUARULHOS;SMP
04/01/2023;21:30;Reclamação;Cobrança;Cobrança indevida / surpresa na fatura;Respondida;SMP;TELEFONICA BRASIL S.A.;Grande;Vivo;RJ;NOVA IGUAÇU;SMP
21/02/2023;18:05;Reclamação;Internet;Velocidade de internet móvel abaixo;Pendente;SMP;TELEFONICA BRASIL S.A.;Grande;Vivo;SP;SÃO PAULO;SMP
01/06/2022;21:26;Reclamação;Cobrança;Cobrança indevida / surpresa na fatura;Respondida;SMP;CLARO S.A.;Grande; ;SP;SANTOS;SMP
11/06/2022;20:41;Reclamação;Internet;Velocidade de internet móvel abaixo;Respondida;SMP;SERCOMTEL S.A. - TELECOMUNICAÇÕES;Pequeno;Sercomtel;RJ;RIO DE JANEIRO;SMP
25/02/2023;14:46;Reclamação;Qualidade;Queda de sinal / cobertura inadequada;Respondida;SMP;TIM S.A.;Grande;TIM;PE;OLINDA;SMP
27/02/2022;16:52;Reclamação;Cobrança;Cobrança indevida / surpresa na fatura;Em análise;SMP;OI S.A.;Grande;Oi;RS;PORTO ALEGRE;SMP
30/06/2023;14:13;Reclamação;Qualidade;Queda de sinal / cobertura inadequada;Respondida;SMP;SERCOMTEL S.A. - TELECOMUNICAÇÕES;Pequeno;Sercomtel;RJ;DUQUE DE CAXIAS;SMP
05/08/2022;08:20;Reclamação;Qualidade;Queda de sinal / cobertura inadequada;Respondida;SMP;CLARO S.A.;Grande;Claro;RJ;NITERÓI;SMP
07/02/2023;12:11;Reclamação;Atendimento;N/A;Pendente;SMP;NET SERVIÇOS DE COMUNICAÇÃO S.A.;Grande;Claro;SP;SANTOS;SMP
22/04/2023;17:38;Reclamação;Portabilidade;Portabilidade numérica não efetivada;Respondida;SMP;OI S.A.;Grande;Oi;PI;PI - INTERIOR;SMP
03/03/2022;17:25;Reclamação;Cobrança;Cobrança indevida / surpresa na fatura;Respondida;SMP;OI S.A.;Grande;Oi;RJ;NITERÓI;SMP
16/03/2023;20:41;Reclamação;Atendimento;Atendimento ao cliente;Respondida;SMP;CLARO S.A.;Grande;Claro;SP;SOROCABA;SMP
04/06/2022;20:26;Reclamação;Cobrança;Cobrança indevida / surpresa na fatura;Respondida;SMP;Claro S.A.;Grande;Claro;MG;JUIZ DE FORA;SMP
14/08/2022;07:22;Reclamação;Portabilidade;Portabilidade numérica não efetivada;Respondida;SMP;TELEFONICA BRASIL S.A.;Grande;Vivo;SP;CAMPINAS;SMP
23/05/2023;11:54;Reclamação;Portabilidade;Portabilidade numérica não efetivada;Pendente;SMP;CLARO S.A.;Grande;Claro;RS;PORTO ALEGRE;SMP
06/09/2022;12:18;Reclamação;Portabilidade;Portabilidade numérica não efetivada;Respondida;SMP;CLARO S.A.;Grande;Claro;RS;CANOAS;SMP
24/06/2023;15:58;Reclamação;Atendimento;Atendimento ao cliente;Em análise;SMP;CLARO S.A.;Grande;Claro;GO;APARECIDA DE GOIÂNIA;SMP
03/06/2023;10:01;Reclamação;Portabilidade;Portabilidade numérica não efetivada;Respondida;SMP;TELEFONICA BRASIL S.A.;Grande;Vivo;SC;SC - INTERIOR;SMP
27/09/2022;10:31;Reclamação;Outros;Outros;Respondida;SMP;CLARO S.A.;Grande;Claro;SP;CAMPINAS;SMP
12/02/2022;16:42;Reclamação;Outros;-;Respondida;SMP;NET SERVIÇOS DE COMUNICAÇÃO S.A.;Grande;Claro;MA;SÃO LUÍS;SMP
26/09/2023;07:01;Reclamação;Cobrança;Cobrança indevida / surpresa na fatura;Pendente;SMP;CLARO S.A.;Grande;Claro;DF;CEILÂNDIA;SMP
20/09/2022;15:49;Reclamação;Internet;Velocidade de internet móvel abaixo;Pendente;SMP;TIM S.A.;Grande;TIM;GO;APARECIDA DE GOIÂNIA;SMP
27/03/2022;20:50;Reclamação;Internet;Velocidade de internet móvel abaixo;Respondida;SMP;TIM S.A.;Grande;TIM;SP;SÃO PAULO;SMP
26/05/2022;08:49;Reclamação;Atendimento;Atendimento ao cliente;Respondida;SMP;CLARO S.A.;Grande;Claro;ES;CARIACICA;SMP
09/01/2023;11:31;Reclamação;Qualidade;Queda de sinal / cobertura inadequada;Pendente;SMP;CLARO S.A.;Grande;Claro;CE;FORTALEZA;SMP
11/09/2022;18:53;Reclamação;Internet;Velocidade de internet móvel abaixo;Pendente;SMP;OI S.A.;Grande;Oi;PR;MARINGÁ;SMP
03/08/2022;10:46;Reclamação;Internet;Velocidade de internet móvel abaixo;Pendente;SMP;TELEFONICA BRASIL S.A.;Grande;Vivo;BA;SALVADOR;SMP
14/09/2022;12:17;Reclamação;Internet;Velocidade de internet móvel abaixo;Respondida;SMP;SERCOMTEL S.A. - TELECOMUNICAÇÕES;Pequeno;Sercomtel;MG;BELO HORIZONTE;SMP
02/01/2023;07:16;Reclamação;Cobrança;Cobrança indevida / surpresa na fatura;Respondida;SMP;TIM S.A.;Grande;TIM;BA;SALVADOR;SMP
18/09/2022;21:03;Reclamação;Cobrança;Cobrança indevida / surpresa na fatura;Respondida;SMP;TIM S.A.;Grande;TIM;RJ;NITERÓI;SMP
13/03/2023;15:24;Reclamação;Cobrança;Cobrança indevida / surpresa na fatura;Respondida;SMP;CLARO S.A.;Grande;Claro;MA;SÃO LUÍS;SMP
02/08/2023;20:56;Reclamação; ;Atendimento ao cliente;Respondida;SMP;CLARO S.A.;Grande;Claro;RS;PELOTAS;SMP
07/06/2023;15:14;Reclamação;Qualidade;Queda de sinal / cobertura inadequada;Respondida;SMP;TIM S.A.;Grande;TIM;PE;PETROLINA;SMP
13/07/2022;07:39;Reclamação;Cobrança;Cobrança indevida / surpresa na fatura;Respondida;SMP;CLARO S.A.;Grande;Claro;AM;PARINTINS;SMP
06/02/2023;20:15;Reclamação;Outros;Outros;Respondida;SMP;CLARO S.A.;Grande;NÃO INFORMADO;SP;GUARULHOS;SMP
01/12/2023;08:24;Reclamação;Atendimento;Atendimento ao cliente;Respondida;SMP;TIM S.A.;Grande;TIM;PB;PB - INTERIOR;SMP
02/10/2022;18:48;Reclamação;Atendimento;Atendimento ao cliente;Respondida;SMP;OI S.A.;Grande;Oi;MG;BELO HORIZONTE;SMP
04/03/2022;13:24;Reclamação;Portabilidade;Portabilidade numérica não efetivada;Respondida;SMP;CLARO S.A.;Grande;Claro;PB;PB - INTERIOR;SMP
22/04/2022;15:10;Reclamação;Cobrança;Cobrança indevida / surpresa na fatura;Respondida;SMP;CLARO S.A.;Grande;Claro;PB;PB - INTERIOR;SMP
02/12/2023;17:41;Reclamação;Cobrança;Cobrança indevida / surpresa na fatura;Respondida;SMP;CLARO S.A.;Grande;Claro;SC;SC - INTERIOR;SMP
24/08/2023;17:46;Reclamação;Cobrança;Cobrança indevida / surpresa na fatura;Pendente;SMP;TELEFONICA BRASIL S.A.; ;Vivo;PA;ANANINDEUA;SMP
19/02/2022;11:49;Reclamação;Atendimento;Atendimento ao cliente;Respondida;SMP;OI S.A.;Grande;Oi;PE;RECIFE;SMP
25/01/2023;18:16;Reclamação;Internet;Velocidade de internet móvel abaixo;Pendente;SMP;EMBRATEL S.A.;Grande;Claro;RJ;DUQUE DE CAXIAS;SMP
01/03/2023;07:16;Reclamação;Cobrança;Cobrança indevida / surpresa na fatura;Respondida;SMP;TELEFONICA BRASIL S.A.;Grande;Vivo;SP;GUARULHOS;SMP
04/10/2022;10:56;Reclamação;Atendimento;Atendimento ao cliente;Respondida;SMP;TELEFONICA BRASIL S.A.;Grande;Vivo;PR;MARINGÁ;SMP
27/05/2023;21:36;Reclamação;Qualidade;Queda de sinal / cobertura inadequada;Pendente;SMP;TELEFONICA BRASIL S.A.;Grande;Vivo;SP;CAMPINAS;SMP
13/06/2023;13:25;Reclamação;Atendimento;Atendimento ao cliente;Pendente;SMP;CLARO S.A.;Grande;Claro;AL;AL - INTERIOR;SMP
06/11/2023;22:24;Reclamação;Outros;Outros;Pendente;SMP;TELEFONICA BRASIL S.A.;Grande;Vivo;MG;BELO HORIZONTE;SMP
19/05/2023;20:28;Reclamação;Cobrança;Cobrança indevida / surpresa na fatura;Respondida;SMP;SERCOMTEL S.A. - TELECOMUNICAÇÕES;Pequeno;Sercomtel;SP;CAMPINAS;SMP
08/09/2022;15:05;Reclamação;Qualidade;Queda de sinal / cobertura inadequada;Pendente;SMP;CLARO S.A.;Grande;Claro;PR;MARINGÁ;SMP
27/11/2022;11:43;Reclamação;Cobrança;Cobrança indevida / surpresa na fatura;Pendente;SMP;TELEFONICA BRASIL S.A.;Grande;Vivo;RO;RO - INTERIOR;SMP
16/05/2022;18:59;Reclamação;Qualidade;Queda de sinal / cobertura inadequada;Respondida;SMP;TIM S.A.;Grande;TIM;SP;SANTOS;SMP
07/09/2022;10:33;Reclamação;Outros;Outros;Em análise;SMP;TIM S.A.;Grande;TIM;CE;FORTALEZA;SMP
09/02/2023;17:50;Reclamação;Atendimento;Atendimento ao cliente;Respondida;SMP;OI S.A.;Grande;Oi;SE;SE - INTERIOR;SMP
02/02/2022;11:20;Reclamação;Cobrança;Cobrança indevida / surpresa na fatura;Respondida;SMP;CLARO S.A.;Grande;Claro;SP;SÃO PAULO;SMP
05/05/2022;21:27;Reclamação;Atendimento;Atendimento ao cliente;Respondida;SMP;TELEFONICA BRASIL S.A.;Grande;Vivo;SP;SÃO PAULO;SMP
14/07/2023;15:07;Reclamação;Internet;Velocidade de internet móvel abaixo;Respondida;SMP;CLARO S.A.;Grande;Claro;SC;SC - INTERIOR;SMP
15/01/2022;11:14;Reclamação;Portabilidade;Portabilidade numérica não efetivada;Respondida;SMP;TELEFONICA BRASIL S.A.;Grande;N/A;PR;CURITIBA;SMP
04/10/2023;14:30;Reclamação;Cobrança;Cobrança indevida / surpresa na fatura;Pendente;SMP;TELEFONICA BRASIL S.A.;Grande; ;MG;UBERLÂNDIA;SMP
14/08/2022;09:05;Reclamação;Atendimento;N/A;Respondida;SMP;TIM S.A.;Grande;TIM;SP;CAMPINAS;SMP
29/08/2022;16:57;Reclamação;Qualidade;Queda de sinal / cobertura inadequada;Pendente;SMP;TIM S.A.;Grande;TIM;MG;CONTAGEM;SMP
27/07/2023;21:55;Reclamação;Portabilidade;Portabilidade numérica não efetivada;Respondida;SMP;CLARO S.A.;Grande;Claro;RR;RR - INTERIOR;SMP
18/04/2023;12:14;Reclamação;Cobrança;Cobrança indevida / surpresa na fatura;Respondida;SMP;OI S.A.;Grande;Oi;SP;SANTOS;SMP
13/07/2022;17:42;Reclamação;Cobrança;Cobrança indevida / surpresa na fatura;Respondida;SMP;CLARO S.A.;Grande;Claro;MG;JUIZ DE FORA;SMP
26/11/2023;09:33;Reclamação;Internet;Velocidade de internet móvel abaixo;Respondida;SMP;CLARO S.A.;Grande;Claro;CE;FORTALEZA;SMP
29/05/2023;20:00;Reclamação;Qualidade;Queda de sinal / cobertura inadequada;Respondida;SMP;NET SERVIÇOS DE COMUNICAÇÃO S.A.;Grande;Claro;MG;BELO HORIZONTE;SMP
28/03/2023;12:30;Reclamação;Qualidade;Queda de sinal / cobertura inadequada;Respondida;SMP;Claro S.A.;Grande;Claro;SP;GUARULHOS;SMP
20/10/2023;21:54;Reclamação;Qualidade;Queda de sinal / cobertura inadequada;Respondida;SMP;CLARO S.A.;Grande;Claro;PR;PONTA GROSSA;SMP
06/06/2022;11:33;Reclamação;Qualidade;NÃO INFORMADO;Respondida;SMP;NET SERVIÇOS DE COMUNICAÇÃO S.A.;Grande;Claro;PR;LONDRINA;SMP
28/06/2023;12:56;Reclamação;Qualidade;Queda de sinal / cobertura inadequada;Pendente;SMP;CLARO S.A.;Grande;Claro;SP;CAMPINAS;SMP
19/06/2023;20:27;Reclamação;Cobrança;Cobrança indevida / surpresa na fatura;Pendente;SMP;TELEFONICA BRASIL S.A.;Grande;Vivo;PA;MARABÁ;SMP
04/06/2022;11:05;Reclamação;Internet;Velocidade de internet móvel abaixo;Em análise;SMP;TELEFONICA BRASIL S.A.;Grande;Vivo;RJ;DUQUE DE CAXIAS;SMP
11/07/2023;21:29;Reclamação;Qualidade;Queda de sinal / cobertura inadequada;Respondida;SMP;TIM S.A.;Grande;TIM;MS;CAMPO GRANDE;SMP
19/11/2022;19:09;Reclamação;Cobrança;Cobrança indevida / surpresa na fatura;Respondida;SMP;TIM S.A.;Grande;TIM;CE;SOBRAL;SMP
13/06/2023;22:20;Reclamação;Cobrança;Cobrança indevida / surpresa na fatura;Respondida;SMP;TELEFONICA BRASIL S.A.;Grande;Vivo;MA;SÃO LUÍS;SMP
18/04/2022;12:13;Reclamação;Cobrança;Cobrança indevida / surpresa na fatura;Respondida;SMP;CLARO S/A;Grande;Claro;RS;CANOAS;SMP
07/12/2023;18:17;Reclamação;Atendimento;Atendimento ao cliente;Respondida;SMP;TIM S.A.;Grande;TIM;SP;SOROCABA;SMP
15/02/2022;12:18;Reclamação;Cobrança;Cobrança indevida / surpresa na fatura;Respondida;SMP;NET SERVIÇOS DE COMUNICAÇÃO S.A.;Grande;Claro;PR;LONDRINA;SMP
13/07/2022;07:56;Reclamação;Atendimento;Atendimento ao cliente;Respondida;SMP;OI S.A.;Grande;Oi;RS;PELOTAS;SMP
28/12/2022;14:22;Reclamação;Internet;Velocidade de internet móvel abaixo;Respondida;SMP;NET SERVIÇOS DE COMUNICAÇÃO S.A.;Grande;Claro;MA;SÃO LUÍS;SMP
30/08/2022;13:33;Reclamação;Internet;Velocidade de internet móvel abaixo;Respondida;SMP;TIM S.A.;Grande;TIM;RS;CANOAS;SMP
31/07/2022;11:23;Reclamação;Qualidade;Queda de sinal / cobertura inadequada;Em análise;SMP;CLARO S.A.;Grande;Claro;BA;FEIRA DE SANTANA;SMP
29/09/2022;10:46;Reclamação;Portabilidade;Portabilidade numérica não efetivada;Respondida;SMP;TIM S.A.;Grande;TIM;SP;SÃO PAULO;SMP
08/08/2022;19:18;Reclamação;Internet;Velocidade de internet móvel abaixo;Pendente;SMP;Claro S.A.;Grande;Claro;SP;SOROCABA;SMP
23/01/2023;09:27;Reclamação;Qualidade;Queda de sinal / cobertura inadequada;Respondida;SMP;EMBRATEL S.A.;Grande;Claro;RJ;NOVA IGUAÇU;SMP
25/10/2023;21:48;Reclamação;Cobrança;Cobrança indevida / surpresa na fatura;Respondida;SMP;TELEFONICA BRASIL S.A.;Grande;Vivo;RJ;NOVA IGUAÇU;SMP
06/10/2022;13:39;Reclamação;Qualidade;Queda de sinal / cobertura inadequada;Respondida;SMP;CLARO S.A.;Grande;Claro;MT;VÁRZEA GRANDE;SMP
30/07/2023;12:13;Reclamação;-;Portabilidade numérica não efetivada;Respondida;SMP;OI S.A.;Grande;Oi;AM;ITACOATIARA;SMP
24/03/2023;08:35;Reclamação;Atendimento;Atendimento ao cliente;Respondida;SMP;TELEFONICA BRASIL S.A.;Grande;Vivo;MA;TIMON;SMP
23/09/2022;13:37;Reclamação;Internet;Velocidade de internet móvel abaixo;Respondida;SMP;NÃO INFORMADO;Grande;TIM;SP;SANTOS;SMP
14/10/2022;10:53;Reclamação;Qualidade;Queda de sinal / cobertura inadequada;Respondida;SMP;CLARO S.A.;Grande;Claro;DF;TAGUATINGA;SMP
01/12/2022;22:02;Reclamação;Qualidade;Queda de sinal / cobertura inadequada;Respondida;SMP;CLARO S.A.;Grande;Claro;SC;SC - INTERIOR;SMP
16/08/2023;09:28;Reclamação;Internet;Velocidade de internet móvel abaixo;Em análise;SMP;TELEFONICA BRASIL S.A.;Grande;Vivo;SP;SÃO PAULO;SMP
16/05/2022;14:36;Reclamação;Qualidade;Queda de sinal / cobertura inadequada;Em análise;SMP;CLARO S.A.;Grande;Claro;BA;VITÓRIA DA CONQUISTA;SMP
19/05/2022;18:24;Reclamação;Cobrança;Cobrança indevida / surpresa na fatura;Respondida;SMP;TELEFONICA BRASIL S.A.;Grande;Vivo;BA;FEIRA DE SANTANA;SMP
10/03/2023;16:47;Reclamação;Atendimento;Atendimento ao cliente;Respondida;SMP;TELEFONICA BRASIL S.A.;Grande;Vivo;PE;PETROLINA;SMP
10/09/2022;12:18;Reclamação;Qualidade;Queda de sinal / cobertura inadequada;Respondida;SMP;TIM S.A.;Grande;TIM;SP;SÃO PAULO;SMP
13/01/2023;19:20;Reclamação;Internet;Velocidade de internet móvel abaixo;Respondida;SMP;OI S.A.;Grande;Oi;GO;ANÁPOLIS;SMP
27/07/2022;17:31;Reclamação;Qualidade;Queda de sinal / cobertura inadequada;Respondida;SMP;SERCOMTEL S.A. - TELECOMUNICAÇÕES;Pequeno;Sercomtel;BA;FEIRA DE SANTANA;SMP
06/09/2022;14:41;Reclamação;Portabilidade;Portabilidade numérica não efetivada;Respondida;SMP;CLARO S.A.;Grande;Claro;SP;SANTOS;SMP
23/04/2023;18:13;Reclamação;Qualidade;Queda de sinal / cobertura inadequada;Em análise;SMP;OI S.A.;N/A;Oi;RJ;RIO DE JANEIRO;SMP
26/10/2023;07:56;Reclamação;Outros;Outros;Em análise;SMP;TELEFONICA BRASIL S.A.;Grande;Vivo;SP;GUARULHOS;SMP
15/08/2023;09:13;Reclamação;Qualidade;Queda de sinal / cobertura inadequada;Respondida;SMP;OI S.A.;Grande;Oi;MA;IMPERATRIZ;SMP
08/01/2022;13:15;Reclamação;Atendimento;Atendimento ao cliente;Pendente;SMP;TIM S.A.;Grande;TIM;CE;SOBRAL;SMP
19/09/2023;17:24;Reclamação;Atendimento;Atendimento ao cliente;Respondida;SMP;TIM S.A.;Grande;TIM;SP;GUARULHOS;SMP
14/04/2023;21:01;Reclamação;Qualidade;Queda de sinal / cobertura inadequada;Respondida;SMP;Claro S/A;Grande;Claro;MA;TIMON;SMP
16/12/2023;10:30;Reclamação;Portabilidade;Portabilidade numérica não efetivada;Respondida;SMP;TELEFONICA BRASIL S.A.;Grande;Vivo;SP;SÃO PAULO;SMP
29/03/2022;08:47;Reclamação;Internet;Velocidade de internet móvel abaixo;Pendente;SMP;CLARO S.A.;Grande;Claro;RN;RN - INTERIOR;SMP
02/02/2022;10:23;Reclamação;Portabilidade;Portabilidade numérica não efetivada;Respondida;SMP;OI S.A.;Grande;Oi;MG;CONTAGEM;SMP
30/11/2023;19:23;Reclamação;Qualidade;Queda de sinal / cobertura inadequada;Respondida;SMP;TELEFONICA BRASIL S.A.;Grande;Vivo;MG;UBERLÂNDIA;SMP
05/11/2023;14:11;Reclamação;Internet;Velocidade de internet móvel abaixo;Respondida;SMP;EMBRATEL S.A.;Grande;Claro;BA;FEIRA DE SANTANA;SMP
16/12/2023;13:28;Reclamação;Cobrança;Cobrança indevida / surpresa na fatura;Respondida;SMP;Claro S.A.;Grande;Claro;RJ;NOVA IGUAÇU;SMP
17/11/2023;11:48;Reclamação; ;Queda de sinal / cobertura inadequada;Respondida;SMP;CLARO S.A.;Grande;Claro;BA;VITÓRIA DA CONQUISTA;SMP
11/08/2023;19:29;Reclamação;Internet;Velocidade de internet móvel abaixo;Pendente;SMP;CLARO S.A.;Grande;Claro;SP;SANTOS;SMP
26/04/2022;14:39;Reclamação;Qualidade;NÃO INFORMADO;Respondida;SMP;CLARO S.A.;Grande;Claro;TO;TO - INTERIOR;SMP
17/08/2023;08:46;Reclamação;Cobrança;Cobrança indevida / surpresa na fatura;Respondida;SMP;OI S.A.;Grande;Oi;PI;PI - INTERIOR;SMP
31/10/2022;22:16;Reclamação;Cobrança;Cobrança indevida / surpresa na fatura;Pendente;SMP;EMBRATEL S.A.;-;Claro;MG;JUIZ DE FORA;SMP
16/10/2022;17:16;Reclamação;Internet;Velocidade de internet móvel abaixo;Respondida;SMP;OI S.A.;Grande;Oi;SP;SANTOS;SMP
09/08/2023;20:31;Reclamação;Cobrança;Cobrança indevida / surpresa na fatura;Pendente;SMP;TIM S.A.;Grande;TIM;RN;RN - INTERIOR;SMP
16/11/2022;13:37;Reclamação;Qualidade;Queda de sinal / cobertura inadequada;Respondida;SMP;NET SERVIÇOS DE COMUNICAÇÃO S.A.;Grande;Claro;SP;SOROCABA;SMP
03/07/2022;11:26;Reclamação;Qualidade;Queda de sinal / cobertura inadequada;Respondida;SMP;-;Grande;Claro;AM;MANAUS;SMP
07/02/2023;08:29;Reclamação;Portabilidade;Portabilidade numérica não efetivada;Respondida;SMP;CLARO S.A.;Grande;Claro;MA;TIMON;SMP
19/05/2023;21:35;Reclamação;Cobrança;Cobrança indevida / surpresa na fatura;Em análise;SMP;CLARO S.A.;Grande;Claro;RJ;NOVA IGUAÇU;SMP
16/07/2023;18:54;Reclamação;Qualidade;Queda de sinal / cobertura inadequada;Respondida;SMP;EMBRATEL S.A.;Grande;Claro;CE;SOBRAL;SMP
23/11/2023;10:49;Reclamação;Internet;Velocidade de internet móvel abaixo;Respondida;SMP;CLARO S.A.;Grande;Claro;DF;TAGUATINGA;SMP
02/11/2022;21:02;Reclamação;Qualidade;Queda de sinal / cobertura inadequada;Respondida;SMP;CLARO S.A.;Grande;Claro;SP;SANTOS;SMP
25/07/2023;17:05;Reclamação;Internet;Velocidade de internet móvel abaixo;Respondida;SMP;CLARO S.A.;Grande;Claro;RJ;NOVA IGUAÇU;SMP
08/02/2023;20:28;Reclamação;Internet;Velocidade de internet móvel abaixo;Respondida;SMP;NET SERVIÇOS DE COMUNICAÇÃO S.A.;Grande;Claro;BA;SALVADOR;SMP
19/05/2023;20:41;Reclamação;Internet;Velocidade de internet móvel abaixo;Respondida;SMP;NET SERVIÇOS DE COMUNICAÇÃO S.A.;Grande;Claro;SP;SÃO PAULO;SMP
21/09/2023;12:24;Reclamação;Cobrança;Cobrança indevida / surpresa na fatura;Respondida;SMP;TIM S.A.;Grande;TIM;SP;CAMPINAS;SMP
06/05/2022;15:01;Reclamação;Cobrança;Cobrança indevida / surpresa na fatura;Respondida;SMP;TIM S.A.;Grande;TIM;RS;CAXIAS DO SUL;SMP
26/11/2022;16:59;Reclamação;Internet;Velocidade de internet móvel abaixo;Em análise;SMP;TELEFONICA BRASIL S.A.;Grande;Vivo;PA;MARABÁ;SMP
20/04/2023;12:10;Reclamação;Qualidade;Queda de sinal / cobertura inadequada;Respondida;SMP;Claro S.A.;Grande;Claro;SE;SE - INTERIOR;SMP
08/05/2022;16:46;Reclamação;Qualidade;Queda de sinal / cobertura inadequada;Respondida;SMP;OI S.A.;Grande;Oi;BA;VITÓRIA DA CONQUISTA;SMP
26/03/2023;11:50;Reclamação;Cobrança;Cobrança indevida / surpresa na fatura;Respondida;SMP;Telefonica Brasil S.A.;Grande;Vivo;RJ;NOVA IGUAÇU;SMP
24/02/2022;08:06;Reclamação;Internet;Velocidade de internet móvel abaixo;Respondida;SMP;CLARO S.A.;Grande;Claro;MT;SINOP;SMP
03/08/2022;08:05;Reclamação;Atendimento;Atendimento ao cliente;Em análise;SMP;TELEFONICA BRASIL S.A.;Grande;Vivo;SP;GUARULHOS;SMP
04/04/2023;20:36;Reclamação;Qualidade;Queda de sinal / cobertura inadequada;Pendente;SMP;CLARO S.A.;Grande;Claro;SP;CAMPINAS;SMP
11/06/2023;19:52;Reclamação;Cobrança;Cobrança indevida / surpresa na fatura;Respondida;SMP;NET SERVIÇOS DE COMUNICAÇÃO S.A.;Grande;Claro;SP;GUARULHOS;SMP
18/04/2023;22:22;Reclamação;Portabilidade;Portabilidade numérica não efetivada;Respondida;SMP;CLARO S.A.;Grande;Claro;RJ;RIO DE JANEIRO;SMP
01/04/2023;18:05;Reclamação;Qualidade;Queda de sinal / cobertura inadequada;Respondida;SMP;NET SERVIÇOS DE COMUNICAÇÃO S.A.;Grande;Claro;MG;UBERLÂNDIA;SMP
03/02/2023;22:16;Reclamação;Qualidade;Queda de sinal / cobertura inadequada;Em análise;SMP;TIM S.A.;Grande;TIM;RJ;DUQUE DE CAXIAS;SMP
14/12/2022;12:59;Reclamação;Internet;Velocidade de internet móvel abaixo;Respondida;SMP;TELEFONICA BRASIL S.A.;Grande;Vivo;SP;GUARULHOS;SMP
15/07/2023;10:12;Reclamação;Cobrança;Cobrança indevida / surpresa na fatura;Respondida;SMP;TELEFONICA BRASIL S.A.;Grande;Vivo;RJ;RIO DE JANEIRO;SMP
27/12/2022;16:04;Reclamação;Portabilidade;Portabilidade numérica não efetivada;Respondida;SMP;CLARO S.A.;Grande;Claro;PR;PONTA GROSSA;SMP
21/01/2022;21:07;Reclamação;Cobrança;Cobrança indevida / surpresa na fatura;Respondida;SMP;NET SERVIÇOS DE COMUNICAÇÃO S.A.;Grande;Claro;SE;SE - INTERIOR;SMP
30/12/2023;10:35;Reclamação;Internet;Velocidade de internet móvel abaixo;Respondida;SMP;SERCOMTEL S.A. - TELECOMUNICAÇÕES;Pequeno;Sercomtel;RO;RO - INTERIOR;SMP
25/02/2022;18:15;Reclamação;Internet;Velocidade de internet móvel abaixo;Pendente;SMP;NET SERVIÇOS DE COMUNICAÇÃO S.A.;Grande;Claro;RJ;DUQUE DE CAXIAS;SMP
01/05/2022;08:35;Reclamação;Cobrança;Cobrança indevida / surpresa na fatura;Respondida;SMP;SERCOMTEL S.A. - TELECOMUNICAÇÕES;Pequeno;Sercomtel;GO;GOIÂNIA;SMP
17/10/2022;17:34;Reclamação;Cobrança;Cobrança indevida / surpresa na fatura;Respondida;SMP;TIM S.A.;Grande;TIM;PR;MARINGÁ;SMP
03/06/2022;16:14;Reclamação;Qualidade;Queda de sinal / cobertura inadequada;Respondida;SMP;CLARO S.A.;Grande;Claro;MG;JUIZ DE FORA;SMP
25/11/2023;18:00;Reclamação;Cobrança;Cobrança indevida / surpresa na fatura;Respondida;SMP;OI S.A.;Grande;Oi;MS;DOURADOS;SMP
04/11/2022;13:12;Reclamação;Cobrança;Cobrança indevida / surpresa na fatura;Respondida;SMP;Oi S.A.;Grande;Oi;PR;PONTA GROSSA;SMP
16/07/2022;13:31;Reclamação;Qualidade;Queda de sinal / cobertura inadequada;Em análise;SMP;TELEFONICA BRASIL S.A.;Grande;Vivo;SP;CAMPINAS;SMP
14/02/2022;14:45;Reclamação;Cobrança;Cobrança indevida / surpresa na fatura;Pendente;SMP;CLARO S.A.;Grande;Claro;RJ;NITERÓI;SMP
15/09/2022;15:55;Reclamação;Qualidade;Queda de sinal / cobertura inadequada;Respondida;SMP;OI S.A.;Grande;Oi;ES;VILA VELHA;SMP
20/10/2022;17:47;Reclamação; ;Queda de sinal / cobertura inadequada;Respondida;SMP;TIM S.A.;Grande;TIM;SP;GUARULHOS;SMP
11/06/2022;20:31;Reclamação;Cobrança;Cobrança indevida / surpresa na fatura;Respondida;SMP;TELEFONICA BRASIL S.A.;Grande;Vivo;PE;CARUARU;SMP
08/05/2023;08:34;Reclamação;Qualidade;Queda de sinal / cobertura inadequada;Pendente;SMP;CLARO S.A.;Grande;Claro;PE;RECIFE;SMP
05/01/2022;22:17;Reclamação;Cobrança;Cobrança indevida / surpresa na fatura;Em análise;SMP;TELEFONICA BRASIL S.A.;Grande;Vivo;RJ;NITERÓI;SMP
24/11/2023;11:05;Reclamação;Cobrança;Cobrança indevida / surpresa na fatura;Respondida;SMP;CLARO S.A.;Grande;Claro;PE;CARUARU;SMP
03/05/2022;21:06;Reclamação;Qualidade;Queda de sinal / cobertura inadequada;Respondida;SMP;CLARO S.A.;Grande;Claro;GO;APARECIDA DE GOIÂNIA;SMP
03/10/2023;12:26;Reclamação;Atendimento;Atendimento ao cliente;Respondida;SMP;TELEFONICA BRASIL S.A.;Grande;Vivo;PE;CARUARU;SMP
28/02/2023;08:05;Reclamação;Atendimento;Atendimento ao cliente;Respondida;SMP;TIM S.A.;Grande;TIM;MG;CONTAGEM;SMP
28/10/2023;09:44;Reclamação;Cobrança;Cobrança indevida / surpresa na fatura;Em análise;SMP;TELEFONICA BRASIL S.A.;Grande;Vivo;MA;SÃO LUÍS;SMP
03/01/2022;20:38;Reclamação;Internet;Velocidade de internet móvel abaixo;Respondida;SMP;EMBRATEL S.A.;Grande;Claro;SP;CAMPINAS;SMP
17/11/2022;15:40;Reclamação;Qualidade;Queda de sinal / cobertura inadequada;Respondida;SMP;TELEFONICA BRASIL S.A.;Grande;Vivo;RS;CAXIAS DO SUL;SMP
02/11/2023;13:17;Reclamação;Cobrança;Cobrança indevida / surpresa na fatura;Respondida;SMP;TELEFONICA BRASIL S.A.;Grande;Vivo;RS;PELOTAS;SMP
23/06/2022;17:44;Reclamação;Portabilidade;Portabilidade numérica não efetivada;Respondida;SMP;TIM S.A.;Grande;TIM;CE;CAUCAIA;SMP
08/10/2022;09:39;Reclamação;Outros;Outros;Respondida;SMP;TELEFONICA BRASIL S.A.;Grande;Vivo;RJ;DUQUE DE CAXIAS;SMP
29/12/2023;20:59;Reclamação;Cobrança;Cobrança indevida / surpresa na fatura;Respondida;SMP;CLARO S.A.;Grande;Claro;SP;SÃO PAULO;SMP
20/08/2022;11:46;Reclamação;Cobrança;Cobrança indevida / surpresa na fatura;Respondida;SMP;Claro S.A.;Grande;Claro;PR;LONDRINA;SMP
04/07/2022;07:15;Reclamação;Cobrança;Cobrança indevida / surpresa na fatura;Respondida;SMP;CLARO S.A.;Grande;Claro;SP;SOROCABA;SMP
15/10/2022;16:39;Reclamação;Qualidade;Queda de sinal / cobertura inadequada;Pendente;SMP;TIM S.A.;Grande;TIM;RN;RN - INTERIOR;SMP
18/09/2022;22:02;Reclamação;Cobrança;Cobrança indevida / surpresa na fatura;Pendente;SMP;TIM S.A.;Grande;TIM;BA;VITÓRIA DA CONQUISTA;SMP
19/01/2023;14:16;Reclamação;Internet;Velocidade de internet móvel abaixo;Respondida;SMP;TELEFONICA BRASIL S.A.;Grande;Vivo;SP;SÃO PAULO;SMP
26/07/2023;14:18;Reclamação;Cobrança;Cobrança indevida / surpresa na fatura;Respondida;SMP;CLARO S.A.;Grande;Claro;RJ;RIO DE JANEIRO;SMP
24/02/2023;10:44;Reclamação;Internet;Velocidade de internet móvel abaixo;Respondida;SMP;TELEFONICA BRASIL S.A.;Grande;Vivo;DF;BRASÍLIA;SMP
17/10/2023;07:39;Reclamação;Cobrança;Cobrança indevida / surpresa na fatura;Respondida;SMP;TIM S.A.;Grande;TIM;GO;GOIÂNIA;SMP
11/03/2023;10:04;Reclamação;Cobrança;Cobrança indevida / surpresa na fatura;Respondida;SMP;TELEFONICA BRASIL S.A.;Grande;Vivo;RS;PORTO ALEGRE;SMP
13/12/2023;07:54;Reclamação;Internet;Velocidade de internet móvel abaixo;Respondida;SMP;CLARO S.A.;Grande;Claro;SP;CAMPINAS;SMP
05/06/2023;17:01;Reclamação;Cobrança;Cobrança indevida / surpresa na fatura;Respondida;SMP;TIM S.A.;Grande;-;SP;SANTOS;SMP
29/05/2022;07:49;Reclamação;Internet;Velocidade de internet móvel abaixo;Respondida;SMP;NET SERVIÇOS DE COMUNICAÇÃO S.A.;Grande;Claro;GO;GOIÂNIA;SMP
08/02/2023;15:11;Reclamação;Cobrança;Cobrança indevida / surpresa na fatura;Respondida;SMP;NET SERVIÇOS DE COMUNICAÇÃO S.A.;Grande;Claro;MG;CONTAGEM;SMP
17/11/2022;16:10;Reclamação;Internet;Velocidade de internet móvel abaixo;Pendente;SMP;SERCOMTEL S.A. - TELECOMUNICAÇÕES;Pequeno;Sercomtel;RS;PELOTAS;SMP
16/11/2023;18:47;Reclamação;Internet;Velocidade de internet móvel abaixo;Pendente;SMP;NET SERVIÇOS DE COMUNICAÇÃO S.A.;Grande;Claro;SP;CAMPINAS;SMP
28/03/2022;08:03;Reclamação;Atendimento;Atendimento ao cliente;Respondida;SMP;TIM S.A.;Grande;TIM;AP;AP - INTERIOR;SMP
10/07/2023;17:20;Reclamação;Cobrança;Cobrança indevida / surpresa na fatura;Respondida;SMP;EMBRATEL S.A.;Grande;Claro;PR;LONDRINA;SMP
18/12/2023;16:44;Reclamação;Portabilidade;Portabilidade numérica não efetivada;Respondida;SMP;TELEFONICA BRASIL S.A.;Grande;Vivo;PR;PONTA GROSSA;SMP
01/01/2022;21:49;Reclamação;Cobrança;Cobrança indevida / surpresa na fatura;Pendente;SMP;EMBRATEL S.A.;Grande;Claro;MG;BELO HORIZONTE;SMP
28/12/2023;13:27;Reclamação;Internet;Velocidade de internet móvel abaixo;Respondida;SMP;NET SERVIÇOS DE COMUNICAÇÃO S.A.;Grande;Claro;SE;SE - INTERIOR;SMP
13/05/2023;16:41;Reclamação;Qualidade;Queda de sinal / cobertura inadequada;Pendente;SMP;TELEFONICA BRASIL S.A.;Grande; ;RN;RN - INTERIOR;SMP
09/12/2023;17:38;Reclamação;Cobrança;Cobrança indevida / surpresa na fatura;Respondida;SMP;TELEFONICA BRASIL S.A.;Grande;Vivo;SC;SC - INTERIOR;SMP
07/04/2022;15:36;Reclamação;Cobrança;Cobrança indevida / surpresa na fatura;Respondida;SMP;CLARO S.A.;Grande;Claro;PE;PETROLINA;SMP
16/11/2022;15:13;Reclamação;Cobrança;Cobrança indevida / surpresa na fatura;Respondida;SMP;CLARO S/A;Grande;Claro;RJ;NITERÓI;SMP
28/06/2022;09:16;Reclamação;Cobrança;Cobrança indevida / surpresa na fatura;Respondida;SMP;CLARO S/A;Grande;Claro;RJ;DUQUE DE CAXIAS;SMP
20/02/2023;16:59;Reclamação;Cobrança;Cobrança indevida / surpresa na fatura;Respondida;SMP;TIM S.A.;Grande;TIM;RS;PORTO ALEGRE;SMP
18/07/2023;16:50;Reclamação;Cobrança;Cobrança indevida / surpresa na fatura;Pendente;SMP;TIM S.A.;Grande;TIM;SP;CAMPINAS;SMP
16/05/2023;22:58;Reclamação;Atendimento;Atendimento ao cliente;Respondida;SMP;TELEFONICA BRASIL S.A.;Grande;Vivo;SP;CAMPINAS;SMP
06/06/2022;22:37;Reclamação;Qualidade;Queda de sinal / cobertura inadequada;Respondida;SMP;TIM S.A.;Grande;TIM;AC;AC - INTERIOR;SMP
25/12/2022;18:09;Reclamação;Portabilidade;Portabilidade numérica não efetivada;Respondida;SMP;TELEFONICA BRASIL S.A.;Grande;Vivo;BA;VITÓRIA DA CONQUISTA;SMP
24/07/2022;21:16;Reclamação;Portabilidade;Portabilidade numérica não efetivada;Respondida;SMP;TIM S.A.;Grande;TIM;MG;BELO HORIZONTE;SMP
01/11/2022;13:20;Reclamação;Qualidade;Queda de sinal / cobertura inadequada;Respondida;SMP;SERCOMTEL S.A. - TELECOMUNICAÇÕES;Pequeno;Sercomtel;PR;CURITIBA;SMP
08/08/2023;09:12;Reclamação;Cobrança;Cobrança indevida / surpresa na fatura;Respondida;SMP;TIM S.A.;Grande;TIM;MG;CONTAGEM;SMP
05/09/2023;19:51;Reclamação;Cobrança;Cobrança indevida / surpresa na fatura;Respondida;SMP;TELEFONICA BRASIL S.A.;Grande;Vivo;MA;TIMON;SMP
13/04/2022;10:13;Reclamação;Cobrança;Cobrança indevida / surpresa na fatura;Em análise;SMP;NET SERVIÇOS DE COMUNICAÇÃO S.A.;Grande;Claro;RN;RN - INTERIOR;SMP
18/04/2023;17:14;Reclamação;Qualidade;Queda de sinal / cobertura inadequada;Respondida;SMP;CLARO S.A.;Grande;Claro;MA;IMPERATRIZ;SMP
31/01/2023;18:32;Reclamação;Portabilidade;Portabilidade numérica não efetivada;Pendente;SMP;TIM S.A.;Grande;TIM;MT;VÁRZEA GRANDE;SMP
11/08/2023;07:35;Reclamação;Internet;Velocidade de internet móvel abaixo;Respondida;SMP;CLARO S.A.;Grande;Claro;RJ;NOVA IGUAÇU;SMP
08/07/2023;13:22;Reclamação;Internet;Velocidade de internet móvel abaixo;Respondida;SMP;Telefonica Brasil S.A.;Grande;Vivo;PA;ANANINDEUA;SMP
01/07/2023;19:47;Reclamação;Atendimento;N/A;Pendente;SMP;TIM S.A.;Grande;TIM;MG;BELO HORIZONTE;SMP
03/06/2023;17:05;Reclamação;Qualidade;Queda de sinal / cobertura inadequada;Respondida;SMP;Telefonica Brasil S.A.;Grande;Vivo;MT;VÁRZEA GRANDE;SMP
22/12/2023;20:17;Reclamação;Cobrança;Cobrança indevida / surpresa na fatura;Respondida;SMP;CLARO S.A.;Grande;Claro;BA;VITÓRIA DA CONQUISTA;SMP
22/10/2023;14:41;Reclamação;Portabilidade;Portabilidade numérica não efetivada;Respondida;SMP;TIM S.A.;Grande;TIM;AC;AC - INTERIOR;SMP
21/02/2022;08:33;Reclamação;Qualidade;Queda de sinal / cobertura inadequada;Respondida;SMP;CLARO S.A.;Grande;Claro;SE;SE - INTERIOR;SMP
20/10/2023;22:15;Reclamação;Internet;Velocidade de internet móvel abaixo;Respondida;SMP;TIM S.A.;Grande;TIM;RN;RN - INTERIOR;SMP
02/04/2022;09:00;Reclamação;Portabilidade;Portabilidade numérica não efetivada;Respondida;SMP;CLARO S.A.;Grande;Claro;PA;BELÉM;SMP
24/01/2023;13:16;Reclamação;Cobrança;Cobrança indevida / surpresa na fatura;Respondida;SMP;CLARO S.A.;Grande;Claro;AM;PARINTINS;SMP
07/03/2023;13:35;Reclamação;Internet;Velocidade de internet móvel abaixo;Respondida;SMP;OI S.A.;Grande;Oi;PR;MARINGÁ;SMP
10/10/2022;07:13;Reclamação;Portabilidade;Portabilidade numérica não efetivada;Em análise;SMP;OI S.A.;Grande;Oi;SC;SC - INTERIOR;SMP
08/01/2022;14:25;Reclamação;Qualidade;Queda de sinal / cobertura inadequada;Pendente;SMP;TIM S.A.;Grande;TIM;MA;IMPERATRIZ;SMP
04/10/2023;08:32;Reclamação;Cobrança;Cobrança indevida / surpresa na fatura;Respondida;SMP;EMBRATEL S.A.;Grande;Claro;SP;SOROCABA;SMP
18/11/2023;17:16;Reclamação;Qualidade;Queda de sinal / cobertura inadequada;Respondida;SMP;SERCOMTEL S.A. - TELECOMUNICAÇÕES;Pequeno;Sercomtel;BA;SALVADOR;SMP
26/03/2023;08:32;Reclamação;Cobrança; ;Respondida;SMP;Tim S.A.;Grande;TIM;SC;SC - INTERIOR;SMP
05/10/2023;12:30;Reclamação;Qualidade;Queda de sinal / cobertura inadequada;Respondida;SMP;TIM S.A.;Grande;TIM;PR;MARINGÁ;SMP
17/02/2022;07:19;Reclamação;Qualidade;Queda de sinal / cobertura inadequada;Em análise;SMP;EMBRATEL S.A.;Grande;Claro;PR;LONDRINA;SMP
18/08/2023;15:14;Reclamação;Cobrança;Cobrança indevida / surpresa na fatura;Respondida;SMP;CLARO S.A.;Grande;Claro;SP;SÃO PAULO;SMP
26/11/2022;16:26;Reclamação;Cobrança;Cobrança indevida / surpresa na fatura;Pendente;SMP;CLARO S/A;Grande;Claro;PR;PONTA GROSSA;SMP
06/08/2022;08:39;Reclamação;Cobrança;Cobrança indevida / surpresa na fatura;Respondida;SMP;OI S.A.;Grande;Oi;MG;CONTAGEM;SMP
15/11/2023;09:25;Reclamação;Atendimento;Atendimento ao cliente;Respondida;SMP;TIM S.A.;Grande;TIM;CE;JUAZEIRO DO NORTE;SMP
21/01/2023;16:36;Reclamação;Outros;Outros;Respondida;SMP;NET SERVIÇOS DE COMUNICAÇÃO S.A.;Grande;Claro;SP;CAMPINAS;SMP
15/09/2023;19:08;Reclamação;Qualidade;Queda de sinal / cobertura inadequada;Respondida;SMP;CLARO S.A.;Grande;Claro;RJ;NOVA IGUAÇU;SMP
17/10/2023;09:13;Reclamação;Portabilidade;Portabilidade numérica não efetivada;Respondida;SMP;TELEFONICA BRASIL S.A.;Grande;Vivo;RJ;NITERÓI;SMP
22/12/2022;09:46;Reclamação;Qualidade;Queda de sinal / cobertura inadequada;Em análise;SMP;TIM S.A.;Grande;TIM;RO;RO - INTERIOR;SMP
15/01/2022;22:07;Reclamação;Internet;Velocidade de internet móvel abaixo;Pendente;SMP;OI S.A.;Grande;Oi;AM;MANAUS;SMP
13/08/2023;07:00;Reclamação;Cobrança;Cobrança indevida / surpresa na fatura;Pendente;SMP;TELEFONICA BRASIL S.A.;Grande;Vivo;PB;PB - INTERIOR;SMP
10/01/2023;11:57;Reclamação;Internet;Velocidade de internet móvel abaixo;Respondida;SMP;TIM S.A.;Grande;TIM;SP;SOROCABA;SMP
17/05/2022;09:09;Reclamação;Cobrança;Cobrança indevida / surpresa na fatura;Pendente;SMP;OI S.A.;Grande;Oi;RS;CANOAS;SMP
01/12/2022;15:22;Reclamação;Qualidade;Queda de sinal / cobertura inadequada;Respondida;SMP;CLARO S.A.;Grande;Claro;PR;CURITIBA;SMP
07/12/2022;15:23;Reclamação;Atendimento;Atendimento ao cliente;Respondida;SMP;TELEFONICA BRASIL S.A.;Grande;Vivo;PR;MARINGÁ;SMP
22/08/2023;16:34;Reclamação;Internet;Velocidade de internet móvel abaixo;Em análise;SMP;CLARO S.A.;Grande;Claro;MA;TIMON;SMP
29/12/2022;10:39;Reclamação;Atendimento;Atendimento ao cliente;Respondida;SMP;TELEFONICA BRASIL S.A.;Grande;Vivo;PR;MARINGÁ;SMP
26/08/2022;10:43;Reclamação;Internet;Velocidade de internet móvel abaixo;Respondida;SMP;TIM S.A.;Grande;TIM;CE;SOBRAL;SMP
30/07/2023;16:44;Reclamação;Internet;Velocidade de internet móvel abaixo;Respondida;SMP;TIM S.A.;Grande;TIM;RJ;NITERÓI;SMP
14/03/2022;21:27;Reclamação;Internet;Velocidade de internet móvel abaixo;Pendente;SMP;TELEFONICA BRASIL S.A.;Grande;Vivo;RJ;NOVA IGUAÇU;SMP
21/10/2023;17:52;Reclamação;Qualidade;Queda de sinal / cobertura inadequada;Respondida;SMP;Claro S.A.;Grande;Claro;RJ;DUQUE DE CAXIAS;SMP
15/08/2023;12:47;Reclamação;Internet;Velocidade de internet móvel abaixo;Respondida;SMP;TELEFONICA BRASIL S.A.;Grande;Vivo;MT;SINOP;SMP
26/04/2023;12:27;Reclamação;Internet;Velocidade de internet móvel abaixo;Respondida;SMP;TELEFONICA BRASIL S.A.;Grande;Vivo;MG;CONTAGEM;SMP
24/02/2023;07:21;Reclamação;N/A;Velocidade de internet móvel abaixo;Respondida;SMP;CLARO S.A.;Grande;Claro;ES;VITÓRIA;SMP
23/10/2022;20:41;Reclamação;Atendimento;Atendimento ao cliente;Respondida;SMP;TIM S.A.;Grande;TIM;AM;ITACOATIARA;SMP
22/02/2022;21:15;Reclamação;Qualidade;Queda de sinal / cobertura inadequada;Respondida;SMP;TELEFONICA BRASIL S.A.;Grande;Vivo;RN;RN - INTERIOR;SMP
26/06/2022;20:16;Reclamação;Internet;Velocidade de internet móvel abaixo;Respondida;SMP;TELEFONICA BRASIL S.A.;Grande;Vivo;CE;SOBRAL;SMP
27/07/2022;20:11;Reclamação;Internet;Velocidade de internet móvel abaixo;Pendente;SMP;CLARO S.A.;Grande;Claro;BA;SALVADOR;SMP
02/01/2023;11:26;Reclamação;Qualidade;Queda de sinal / cobertura inadequada;Respondida;SMP;TELEFONICA BRASIL S.A.;Grande;Vivo;RJ;DUQUE DE CAXIAS;SMP
05/08/2023;15:29;Reclamação;Cobrança;Cobrança indevida / surpresa na fatura;Respondida;SMP;TIM S.A.;Grande;TIM;PI;PI - INTERIOR;SMP
26/01/2022;15:53;Reclamação;Portabilidade;Portabilidade numérica não efetivada;Respondida;SMP;CLARO S/A;Grande;Claro;PR;PONTA GROSSA;SMP
17/08/2023;22:54;Reclamação;Internet;Velocidade de internet móvel abaixo;Respondida;SMP;NET SERVIÇOS DE COMUNICAÇÃO S.A.;Grande;Claro;RJ;DUQUE DE CAXIAS;SMP
02/03/2022;17:53;Reclamação;Qualidade;Queda de sinal / cobertura inadequada;Respondida;SMP;TELEFONICA BRASIL S.A.;Grande;N/A;RS;CANOAS;SMP
30/04/2022;16:20;Reclamação;Portabilidade;Portabilidade numérica não efetivada;Respondida;SMP;Claro S.A.;Grande;Claro;PB;PB - INTERIOR;SMP
02/05/2023;10:45;Reclamação;Atendimento;Atendimento ao cliente;Respondida;SMP;TIM S.A.;Grande;TIM;SP;SÃO PAULO;SMP
03/05/2022;14:14;Reclamação;Cobrança;Cobrança indevida / surpresa na fatura;Respondida;SMP;OI S.A.;Grande;Oi;SP;SÃO PAULO;SMP
06/07/2022;08:49;Reclamação;Internet;Velocidade de internet móvel abaixo;Em análise;SMP;CLARO S/A;Grande;Claro;BA;SALVADOR;SMP
30/03/2023;10:25;Reclamação;Atendimento;Atendimento ao cliente;Respondida;SMP;CLARO S.A.;Grande;Claro;MG;BELO HORIZONTE;SMP
29/07/2022;22:11;Reclamação;Internet;Velocidade de internet móvel abaixo;Pendente;SMP;CLARO S.A.;Grande;Claro;RJ;NOVA IGUAÇU;SMP
25/02/2022;17:31;Reclamação;Qualidade;Queda de sinal / cobertura inadequada;Respondida;SMP;NET SERVIÇOS DE COMUNICAÇÃO S.A.;Grande;Claro;DF;BRASÍLIA;SMP
26/12/2022;09:12;Reclamação;Cobrança;Cobrança indevida / surpresa na fatura;Em análise;SMP;CLARO S.A.;Grande;Claro;CE;CAUCAIA;SMP
10/05/2023;15:13;Reclamação;Cobrança;Cobrança indevida / surpresa na fatura;Pendente;SMP;TIM S.A.;Grande;TIM;RS;CAXIAS DO SUL;SMP
30/11/2022;16:38;Reclamação;Qualidade;Queda de sinal / cobertura inadequada;Respondida;SMP;TIM S.A.;Grande;TIM;PA;MARABÁ;SMP
14/12/2022;19:01;Reclamação;Internet;Velocidade de internet móvel abaixo;Respondida;SMP;TELEFONICA BRASIL S.A.;Grande;Vivo;SP;SANTOS;SMP
07/08/2023;17:09;Reclamação;Cobrança;Cobrança indevida / surpresa na fatura;Respondida;SMP;NET SERVIÇOS DE COMUNICAÇÃO S.A.;Grande;Claro;MG;CONTAGEM;SMP
06/06/2022;16:08;Reclamação;Qualidade;Queda de sinal / cobertura inadequada;Respondida;SMP;TIM S.A.;Grande;TIM;DF;BRASÍLIA;SMP
21/02/2023;11:02;Reclamação;Portabilidade;Portabilidade numérica não efetivada;Respondida;SMP;CLARO S.A.;Grande;Claro;RJ;RIO DE JANEIRO;SMP
06/08/2023;20:05;Reclamação;Outros;Outros;Pendente;SMP;Telefonica Brasil S.A.;Grande;Vivo;MS;DOURADOS;SMP
12/08/2022;13:32;Reclamação;Cobrança;Cobrança indevida / surpresa na fatura;Respondida;SMP;CLARO S.A.;Grande;Claro;RJ;NITERÓI;SMP
24/03/2023;14:06;Reclamação;Internet;Velocidade de internet móvel abaixo;Respondida;SMP;CLARO S.A.;Grande;Claro;RS;CAXIAS DO SUL;SMP
06/03/2022;14:14;Reclamação;Qualidade;Queda de sinal / cobertura inadequada;Respondida;SMP;CLARO S/A;Grande;Claro;PR;PONTA GROSSA;SMP
11/05/2022;11:33;Reclamação;Internet;Velocidade de internet móvel abaixo;Respondida;SMP;CLARO S/A;-;Claro;RJ;RIO DE JANEIRO;SMP
03/12/2022;21:10;Reclamação;Internet;Velocidade de internet móvel abaixo;Em análise;SMP;OI S.A.;Grande;Oi;MA;SÃO LUÍS;SMP
17/08/2023;20:20;Reclamação;Internet;Velocidade de internet móvel abaixo;Respondida;SMP;TIM S.A.;Grande;TIM;BA;VITÓRIA DA CONQUISTA;SMP
05/07/2023;12:35;Reclamação;Qualidade;Queda de sinal / cobertura inadequada;Respondida;SMP;CLARO S.A.;Grande;Claro;AC;AC - INTERIOR;SMP
20/03/2022;20:13;Reclamação;Qualidade;Queda de sinal / cobertura inadequada;Respondida;SMP;TELEFONICA BRASIL S.A.;Grande;Vivo;PR;CURITIBA;SMP
23/12/2023;19:13;Reclamação;Qualidade;N/A;Respondida;SMP;TIM S.A.;Grande;TIM;SP;SÃO PAULO;SMP
14/11/2023;21:35;Reclamação;Qualidade;Queda de sinal / cobertura inadequada;Em análise;SMP;TELEFONICA BRASIL S.A.;Grande;Vivo;DF;CEILÂNDIA;SMP
06/08/2022;18:19;Reclamação;Cobrança;Cobrança indevida / surpresa na fatura;Respondida;SMP;TELEFONICA BRASIL S.A.;Grande;Vivo;SP;SÃO PAULO;SMP
28/06/2023;14:17;Reclamação;Qualidade;Queda de sinal / cobertura inadequada;Respondida;SMP;CLARO S.A.;Grande;Claro;SP;GUARULHOS;SMP
03/08/2022;07:01;Reclamação;Qualidade;Queda de sinal / cobertura inadequada;Pendente;SMP;TELEFONICA BRASIL S.A.;Grande;Vivo;RJ;DUQUE DE CAXIAS;SMP
26/08/2023;08:44;Reclamação;Cobrança;Cobrança indevida / surpresa na fatura;Respondida;SMP;TIM S.A.;Grande;-;MG;UBERLÂNDIA;SMP
11/04/2023;21:18;Reclamação;Internet;Velocidade de internet móvel abaixo;Respondida;SMP;TIM S.A.;Grande;TIM;BA;VITÓRIA DA CONQUISTA;SMP
18/07/2022;20:04;Reclamação;Portabilidade;Portabilidade numérica não efetivada;Respondida;SMP;CLARO S/A;Grande;Claro;MT;VÁRZEA GRANDE;SMP
05/02/2022;17:56;Reclamação;Internet;Velocidade de internet móvel abaixo;Respondida;SMP;EMBRATEL S.A.;Grande;Claro;CE;JUAZEIRO DO NORTE;SMP
24/01/2022;07:56;Reclamação;Internet;Velocidade de internet móvel abaixo;Respondida;SMP;CLARO S.A.;Grande;Claro;SP;SÃO PAULO;SMP
31/08/2022;17:40;Reclamação;Atendimento;Atendimento ao cliente;Pendente;SMP;TELEFONICA BRASIL S.A.;Grande;Vivo;RJ;NOVA IGUAÇU;SMP
24/07/2023;12:35;Reclamação;Qualidade;Queda de sinal / cobertura inadequada;Em análise;SMP;EMBRATEL S.A.;Grande;Claro;SP;CAMPINAS;SMP
22/12/2023;20:49;Reclamação;Outros;Outros;Respondida;SMP;Tim S.A.;Grande;TIM;RS;PORTO ALEGRE;SMP
06/01/2022;10:19;Reclamação;Qualidade;Queda de sinal / cobertura inadequada;Respondida;SMP;OI S.A.;Grande;Oi;RS;PORTO ALEGRE;SMP
26/10/2023;16:04;Reclamação;Cobrança;Cobrança indevida / surpresa na fatura;Pendente;SMP;CLARO S.A.;Grande;Claro;RJ;NOVA IGUAÇU;SMP
28/10/2022;09:51;Reclamação;Cobrança;Cobrança indevida / surpresa na fatura;Respondida;SMP;CLARO S.A.;Grande;Claro;SP;CAMPINAS;SMP
11/03/2023;21:42;Reclamação;Portabilidade;Portabilidade numérica não efetivada;Respondida;SMP;SERCOMTEL S.A. - TELECOMUNICAÇÕES;Pequeno;Sercomtel;RJ;RIO DE JANEIRO;SMP
21/05/2023;21:22;Reclamação;Qualidade;Queda de sinal / cobertura inadequada;Em análise;SMP;Sercomtel S.A. - Telecomunicações;Pequeno;Sercomtel;SC;SC - INTERIOR;SMP
12/07/2022;13:27;Reclamação;Cobrança;Cobrança indevida / surpresa na fatura;Respondida;SMP;EMBRATEL S.A.;Grande;Claro;SP;SANTOS;SMP
08/09/2023;10:45;Reclamação;Internet;Velocidade de internet móvel abaixo;Respondida;SMP;TELEFONICA BRASIL S.A.;Grande;Vivo;ES;VILA VELHA;SMP
02/09/2022;10:35;Reclamação;Internet;Velocidade de internet móvel abaixo;Respondida;SMP;EMBRATEL S.A.;Grande;Claro;RJ;NOVA IGUAÇU;SMP
13/12/2023;08:04;Reclamação;Cobrança;Cobrança indevida / surpresa na fatura;Respondida;SMP;CLARO S.A.;Grande;Claro;MG;CONTAGEM;SMP
02/07/2022;12:07;Reclamação;Outros;Outros;Respondida;SMP;CLARO S.A.;Grande;Claro;SP;SANTOS;SMP
12/04/2022;21:46;Reclamação;Cobrança;Cobrança indevida / surpresa na fatura;Respondida;SMP;CLARO S.A.;Grande;Claro;PR;MARINGÁ;SMP
06/02/2022;08:36;Reclamação;Cobrança;Cobrança indevida / surpresa na fatura;Respondida;SMP;CLARO S.A.;Grande;Claro;BA;VITÓRIA DA CONQUISTA;SMP
13/11/2023;11:50;Reclamação;Qualidade;Queda de sinal / cobertura inadequada;Respondida;SMP;OI S.A.;Grande;Oi;RS;CAXIAS DO SUL;SMP
22/09/2022;16:39;Reclamação;Cobrança;Cobrança indevida / surpresa na fatura;Respondida;SMP;TIM S.A.;Grande;TIM;PI;PI - INTERIOR;SMP
21/12/2022;15:50;Reclamação;Qualidade;Queda de sinal / cobertura inadequada;Respondida;SMP;CLARO S/A;Grande;Claro;RS;PELOTAS;SMP
02/01/2022;16:33;Reclamação;Internet;Velocidade de internet móvel abaixo;Respondida;SMP;EMBRATEL S.A.;Grande;Claro;RR;RR - INTERIOR;SMP
17/08/2022;16:55;Reclamação;Qualidade;Queda de sinal / cobertura inadequada;Respondida;SMP;CLARO S.A.;Grande;Claro;SE;SE - INTERIOR;SMP
02/06/2023;10:23;Reclamação;Cobrança;Cobrança indevida / surpresa na fatura;Respondida;SMP;CLARO S.A.;Grande;Claro;SP;SANTOS;SMP
02/07/2023;21:11;Reclamação;Qualidade;Queda de sinal / cobertura inadequada;Respondida;SMP;SERCOMTEL S.A. - TELECOMUNICAÇÕES;Pequeno;Sercomtel;PE;RECIFE;SMP
09/11/2022;07:15;Reclamação;Internet;Velocidade de internet móvel abaixo;Em análise;SMP;TELEFONICA BRASIL S.A.;Grande;Vivo;RS;CAXIAS DO SUL;SMP
12/10/2023;08:48;Reclamação;Qualidade;Queda de sinal / cobertura inadequada;Pendente;SMP;OI S.A.;Grande;Oi;MA;TIMON;SMP
12/09/2022;21:44;Reclamação;N/A;Portabilidade numérica não efetivada;Respondida;SMP;TELEFONICA BRASIL S.A.;Grande;Vivo;SP;GUARULHOS;SMP
11/06/2023;10:44;Reclamação;Internet;Velocidade de internet móvel abaixo;Respondida;SMP;CLARO S.A.;Grande;Claro;SP;SOROCABA;SMP
11/01/2023;18:52;Reclamação;Atendimento;Atendimento ao cliente;Respondida;SMP;TELEFONICA BRASIL S.A.;Grande;Vivo;SP;GUARULHOS;SMP
27/11/2023;16:36;Reclamação;Portabilidade;Portabilidade numérica não efetivada;Respondida;SMP;CLARO S.A.;Grande;Claro;GO;GOIÂNIA;SMP
20/10/2022;12:28;Reclamação;Internet;Velocidade de internet móvel abaixo;Respondida;SMP;OI S.A.;Grande;Oi;ES;VILA VELHA;SMP
17/01/2022;22:20;Reclamação;Cobrança;Cobrança indevida / surpresa na fatura;Respondida;SMP;CLARO S.A.;-;Claro;SP;GUARULHOS;SMP
22/08/2022;11:42;Reclamação;Qualidade;Queda de sinal / cobertura inadequada;Respondida;SMP;OI S.A.;Grande;Oi;RS;PELOTAS;SMP
28/10/2023;09:44;Reclamação;Cobrança;Cobrança indevida / surpresa na fatura;Em análise;SMP;TELEFONICA BRASIL S.A.;Grande;Vivo;MA;SÃO LUÍS;SMP
26/03/2023;16:13;Reclamação;Internet;Velocidade de internet móvel abaixo;Pendente;SMP;TIM S.A.;Grande;TIM;SP;SÃO PAULO;SMP
28/08/2023;15:50;Reclamação;Qualidade;Queda de sinal / cobertura inadequada;Respondida;SMP;CLARO S.A.;Grande;Claro;MG;UBERLÂNDIA;SMP
06/03/2023;22:59;Reclamação;Qualidade;Queda de sinal / cobertura inadequada;Pendente;SMP;CLARO S.A.;Grande;Claro;SP;SOROCABA;SMP
01/08/2023;14:02;Reclamação;Cobrança;Cobrança indevida / surpresa na fatura;Em análise;SMP;TIM S.A.;Grande;TIM;MT;VÁRZEA GRANDE;SMP
29/03/2022;13:26;Reclamação;Atendimento;Atendimento ao cliente;Em análise;SMP;TELEFONICA BRASIL S.A.;Grande;Vivo;SC;SC - INTERIOR;SMP
15/03/2022;15:40;Reclamação;Portabilidade;Portabilidade numérica não efetivada;Respondida;SMP;CLARO S.A.;Grande;Claro;AL;AL - INTERIOR;SMP
30/10/2023;15:18;Reclamação;Internet;Velocidade de internet móvel abaixo;Respondida;SMP;TIM S.A.;Grande;TIM;PR;LONDRINA;SMP
21/05/2022;18:24;Reclamação;Cobrança;Cobrança indevida / surpresa na fatura;Respondida;SMP; ;Grande;Vivo;PE;PETROLINA;SMP
27/11/2022;19:12;Reclamação;Cobrança;Cobrança indevida / surpresa na fatura;Respondida;SMP;CLARO S.A.;Grande;Claro;RN;RN - INTERIOR;SMP
02/02/2022;15:34;Reclamação;Cobrança;Cobrança indevida / surpresa na fatura;Respondida;SMP;NET SERVIÇOS DE COMUNICAÇÃO S.A.;Grande;Claro;SP;SANTOS;SMP
28/06/2022;20:01;Reclamação;N/A;Queda de sinal / cobertura inadequada;Respondida;SMP;OI S.A.;Grande;Oi;MG;UBERLÂNDIA;SMP
03/08/2023;13:50;Reclamação;Cobrança;Cobrança indevida / surpresa na fatura;Respondida;SMP;CLARO S/A;Grande;Claro;SP;SÃO PAULO;SMP
03/05/2023;22:57;Reclamação;Internet;Velocidade de internet móvel abaixo;Respondida;SMP;TELEFONICA BRASIL S.A.;Grande;Vivo;SP;GUARULHOS;SMP
23/10/2023;10:32;Reclamação;Internet;Velocidade de internet móvel abaixo;Respondida;SMP;TELEFONICA BRASIL S.A.;Grande;Vivo;MA;IMPERATRIZ;SMP
08/09/2022;22:02;Reclamação;Cobrança;Cobrança indevida / surpresa na fatura;Em análise;SMP;TELEFONICA BRASIL S.A.;Grande;Vivo;RS;PELOTAS;SMP
27/01/2023;10:40;Reclamação;Cobrança;Cobrança indevida / surpresa na fatura;Respondida;SMP;NET SERVIÇOS DE COMUNICAÇÃO S.A.;Grande;Claro;RO;RO - INTERIOR;SMP
29/07/2022;12:24;Reclamação;Qualidade; ;Respondida;SMP;CLARO S.A.;Grande;Claro;ES;VITÓRIA;SMP
11/01/2022;20:59;Reclamação;Atendimento;Atendimento ao cliente;Respondida;SMP;OI S.A.;Grande;Oi;CE;JUAZEIRO DO NORTE;SMP
09/04/2023;20:48;Reclamação;Qualidade;Queda de sinal / cobertura inadequada;Respondida;SMP;TELEFONICA BRASIL S.A.;Grande;Vivo;PR;PONTA GROSSA;SMP
21/05/2023;22:20;Reclamação;Internet;Velocidade de internet móvel abaixo;Respondida;SMP;CLARO S.A.;Grande;Claro;MG;BELO HORIZONTE;SMP
02/05/2022;12:12;Reclamação;Cobrança;Cobrança indevida / surpresa na fatura;Respondida;SMP;TELEFONICA BRASIL S.A.;Grande;Vivo;RJ;RIO DE JANEIRO;SMP
17/05/2022;08:44;Reclamação;Qualidade;Queda de sinal / cobertura inadequada;Respondida;SMP;OI S.A.;Grande;Oi;BA;SALVADOR;SMP
11/03/2022;14:58;Reclamação;Cobrança;N/A;Respondida;SMP;CLARO S.A.;Grande;Claro;PE;CARUARU;SMP
25/10/2022;17:04;Reclamação;Qualidade;Queda de sinal / cobertura inadequada;Respondida;SMP;CLARO S.A.;Grande;Claro;PR;PONTA GROSSA;SMP
26/08/2022;07:58;Reclamação;Atendimento;Atendimento ao cliente;Respondida;SMP;CLARO S.A.;Grande;Claro;SP;CAMPINAS;SMP
09/08/2023;17:37;Reclamação;Internet;Velocidade de internet móvel abaixo;Respondida;SMP;TIM S.A.;Grande;TIM;SP;CAMPINAS;SMP
25/12/2023;09:32;Reclamação;Qualidade;Queda de sinal / cobertura inadequada;Respondida;SMP;TELEFONICA BRASIL S.A.;Grande;Vivo;PE;CARUARU;SMP
21/12/2023;13:55;Reclamação;Internet;Velocidade de internet móvel abaixo;Respondida;SMP;TIM S.A.;Grande;TIM;SE;SE - INTERIOR;SMP
20/10/2023;22:00;Reclamação;Internet;Velocidade de internet móvel abaixo;Respondida;SMP;Claro S.A.;Grande;N/A;PR;LONDRINA;SMP
17/07/2022;19:51;Reclamação;Qualidade;Queda de sinal / cobertura inadequada;Respondida;SMP;Embratel S.A.;Grande;Claro;RJ;NOVA IGUAÇU;SMP
26/04/2023;11:06;Reclamação;Internet;Velocidade de internet móvel abaixo;Respondida;SMP;CLARO S.A.;Grande;Claro;CE;JUAZEIRO DO NORTE;SMP
09/05/2023;15:33;Reclamação;Atendimento;Atendimento ao cliente;Respondida;SMP;TELEFONICA BRASIL S.A.;Grande;Vivo;MG;BELO HORIZONTE;SMP
23/01/2022;18:01;Reclamação;Cobrança;Cobrança indevida / surpresa na fatura;Respondida;SMP;TIM S.A.;Grande;TIM;MG;JUIZ DE FORA;SMP
24/10/2022;14:09;Reclamação;Qualidade;Queda de sinal / cobertura inadequada;Respondida;SMP;TELEFONICA BRASIL S.A.;Grande;Vivo;PR;PONTA GROSSA;SMP
28/09/2023;19:31;Reclamação;Cobrança;Cobrança indevida / surpresa na fatura;Respondida;SMP;TIM S.A.;Grande;TIM;GO;GOIÂNIA;SMP
23/05/2023;11:48;Reclamação;Cobrança;Cobrança indevida / surpresa na fatura;Pendente;SMP;TELEFONICA BRASIL S.A.;Grande;Vivo;ES;CARIACICA;SMP
12/01/2023;22:52;Reclamação;Internet;Velocidade de internet móvel abaixo;Respondida;SMP;NET SERVIÇOS DE COMUNICAÇÃO S.A.;Grande;Claro;RS;PELOTAS;SMP
06/01/2022;10:23;Reclamação;Cobrança;Cobrança indevida / surpresa na fatura;Pendente;SMP;CLARO S.A.;Grande;Claro;MG;CONTAGEM;SMP
28/06/2023;16:42;Reclamação;Qualidade;Queda de sinal / cobertura inadequada;Pendente;SMP;TELEFONICA BRASIL S.A.;Grande;Vivo;RJ;NOVA IGUAÇU;SMP
12/08/2023;07:21;Reclamação;Qualidade;Queda de sinal / cobertura inadequada;Respondida;SMP;TELEFONICA BRASIL S.A.;Grande;Vivo;RJ;NOVA IGUAÇU;SMP
21/07/2022;14:03;Reclamação;Cobrança;Cobrança indevida / surpresa na fatura;Respondida;SMP;Claro S.A.;Grande;Claro;SP;SANTOS;SMP
13/12/2023;07:36;Reclamação;Cobrança;Cobrança indevida / surpresa na fatura;Respondida;SMP;CLARO S.A.;Grande;Claro;AM;PARINTINS;SMP
21/01/2022;12:10;Reclamação;Qualidade;Queda de sinal / cobertura inadequada;Respondida;SMP;EMBRATEL S.A.;Grande;Claro;MG;CONTAGEM;SMP
12/01/2023;16:43;Reclamação;Atendimento;Atendimento ao cliente;Respondida;SMP;NET SERVIÇOS DE COMUNICAÇÃO S.A.;Grande;Claro;MA;TIMON;SMP
21/12/2022;18:54;Reclamação;Qualidade;Queda de sinal / cobertura inadequada;Respondida;SMP;CLARO S.A.;Grande;Claro;MG;BELO HORIZONTE;SMP
25/09/2023;17:09;Reclamação;Cobrança;Cobrança indevida / surpresa na fatura;Em análise;SMP;CLARO S.A.;Grande;Claro;RS;CANOAS;SMP
21/11/2022;20:20;Reclamação;Cobrança;Cobrança indevida / surpresa na fatura;Respondida;SMP;Oi S.A.;Grande;Oi;SP;GUARULHOS;SMP
26/11/2022;07:14;Reclamação;Cobrança;Cobrança indevida / surpresa na fatura;Em análise;SMP;CLARO S/A;Grande;Claro;RJ;NITERÓI;SMP
05/02/2022;10:05;Reclamação;Cobrança;Cobrança indevida / surpresa na fatura;Respondida;SMP;Telefonica Brasil S.A.;Grande;Vivo;BA;SALVADOR;SMP
10/11/2022;14:16;Reclamação;Cobrança;Cobrança indevida / surpresa na fatura;Respondida;SMP;TELEFONICA BRASIL S.A.;Grande;Vivo;MA;SÃO LUÍS;SMP
28/11/2023;19:16;Reclamação;Qualidade;Queda de sinal / cobertura inadequada;Pendente;SMP;CLARO S.A.;-;Claro;ES;VITÓRIA;SMP
03/04/2023;19:39;Reclamação;Cobrança;Cobrança indevida / surpresa na fatura;Respondida;SMP;CLARO S.A.;Grande;Claro;RS;PELOTAS;SMP
08/06/2023;12:14;Reclamação;Qualidade;Queda de sinal / cobertura inadequada;Pendente;SMP;CLARO S/A;Grande;Claro;BA;SALVADOR;SMP
21/09/2023;19:02;Reclamação;Cobrança;Cobrança indevida / surpresa na fatura;Pendente;SMP;CLARO S.A.;Grande;Claro;PI;PI - INTERIOR;SMP
10/01/2023;20:59;Reclamação;Cobrança;Cobrança indevida / surpresa na fatura;Respondida;SMP;Tim S.A.;Grande;TIM;BA;SALVADOR;SMP
07/01/2022;13:13;Reclamação;Internet;Velocidade de internet móvel abaixo;Respondida;SMP;OI S.A.;Grande;Oi;RS;PORTO ALEGRE;SMP
25/12/2022;11:12;Reclamação;Cobrança;Cobrança indevida / surpresa na fatura;Pendente;SMP;CLARO S.A.;Grande;Claro;DF;BRASÍLIA;SMP
18/08/2023;08:00;Reclamação;Cobrança;Cobrança indevida / surpresa na fatura;Pendente;SMP;TELEFONICA BRASIL S.A.;Grande;Vivo;RS;CAXIAS DO SUL;SMP
02/09/2022;09:17;Reclamação;Internet;Velocidade de internet móvel abaixo;Pendente;SMP;TELEFONICA BRASIL S.A.;Grande;Vivo;SP;GUARULHOS;SMP
23/07/2022;21:26;Reclamação;Qualidade;Queda de sinal / cobertura inadequada;Respondida;SMP;TIM S.A.;Grande;TIM;PE;OLINDA;SMP
23/10/2023;10:32;Reclamação;Internet;Velocidade de internet móvel abaixo;Respondida;SMP;CLARO S/A;Grande;Claro;GO;GOIÂNIA;SMP
19/01/2023;17:09;Reclamação;Internet;Velocidade de internet móvel abaixo;Respondida;SMP;CLARO S.A.;Grande;Claro;SP;SOROCABA;SMP
26/06/2022;16:24;Reclamação;Cobrança;Cobrança indevida / surpresa na fatura;Pendente;SMP;TIM S.A.;Grande;TIM;SP;SÃO PAULO;SMP
13/03/2022;14:08;Reclamação;Cobrança;Cobrança indevida / surpresa na fatura;Respondida;SMP;SERCOMTEL S.A. - TELECOMUNICAÇÕES;Pequeno;Sercomtel;SP;CAMPINAS;SMP
17/10/2022;07:53;Reclamação;Qualidade;Queda de sinal / cobertura inadequada;Respondida;SMP;CLARO S.A.;Grande;Claro;SP;GUARULHOS;SMP
18/12/2022;13:52;Reclamação;Qualidade;Queda de sinal / cobertura inadequada;Respondida;SMP;CLARO S.A.;Grande;Claro;SP;CAMPINAS;SMP
26/09/2022;17:18;Reclamação;Portabilidade;Portabilidade numérica não efetivada;Respondida;SMP;CLARO S/A;Grande;Claro;GO;ANÁPOLIS;SMP
28/01/2022;15:50;Reclamação;Cobrança;NÃO INFORMADO;Pendente;SMP;OI S.A.;Grande;Oi;MG;CONTAGEM;SMP
15/02/2023;22:19;Reclamação;Portabilidade;Portabilidade numérica não efetivada;Pendente;SMP;CLARO S.A.;Grande;Claro;SP;SOROCABA;SMP
11/09/2022;13:34;Reclamação;Internet;Velocidade de internet móvel abaixo;Pendente;SMP;TELEFONICA BRASIL S.A.;Grande;Vivo;RN;RN - INTERIOR;SMP
25/04/2022;16:30;Reclamação;Internet;Velocidade de internet móvel abaixo;Respondida;SMP;TIM S.A.;Grande;TIM;SC;SC - INTERIOR;SMP
18/07/2022;07:34;Reclamação;Portabilidade;Portabilidade numérica não efetivada;Em análise;SMP;OI S.A.;Grande;Oi;SP;SANTOS;SMP
22/04/2023;19:19;Reclamação;Cobrança;Cobrança indevida / surpresa na fatura;Pendente;SMP;CLARO S.A.;Grande;Claro;SP;SOROCABA;SMP
28/11/2023;08:27;Reclamação;Cobrança;Cobrança indevida / surpresa na fatura;Pendente;SMP;CLARO S.A.;-;Claro;RR;RR - INTERIOR;SMP
15/01/2023;18:40;Reclamação;Cobrança;Cobrança indevida / surpresa na fatura;Respondida;SMP;CLARO S/A;Grande;Claro;RJ;NITERÓI;SMP
22/06/2023;11:09;Reclamação;Qualidade;Queda de sinal / cobertura inadequada;Respondida;SMP;TIM S.A.;Grande;TIM;SP;GUARULHOS;SMP
09/07/2023;11:28;Reclamação;Cobrança;Cobrança indevida / surpresa na fatura;Em análise;SMP;Tim S.A.;Grande;TIM;PE;PETROLINA;SMP
13/12/2022;19:06;Reclamação;Portabilidade;Portabilidade numérica não efetivada;Respondida;SMP;CLARO S/A;Grande;Claro;SP;CAMPINAS;SMP
14/12/2023;21:39;Reclamação;Portabilidade;Portabilidade numérica não efetivada;Respondida;SMP;CLARO S/A;Grande;Claro;RS;PORTO ALEGRE;SMP
19/12/2023;22:24;Reclamação;Internet;Velocidade de internet móvel abaixo;Respondida;SMP;CLARO S.A.;Grande;Claro;SP;SÃO PAULO;SMP
10/07/2023;22:04;Reclamação;Qualidade;Queda de sinal / cobertura inadequada;Respondida;SMP;OI S.A.;Grande;Oi;MG;CONTAGEM;SMP
24/05/2023;18:59;Reclamação;Qualidade;Queda de sinal / cobertura inadequada;Pendente;SMP;Claro S.A.;Grande;Claro;SP;GUARULHOS;SMP
04/01/2022;21:05;Reclamação;Outros;Outros;Em análise;SMP;TIM S.A.;Grande;TIM;PR;CURITIBA;SMP
22/05/2022;19:35;Reclamação;Qualidade;Queda de sinal / cobertura inadequada;Respondida;SMP;TELEFONICA BRASIL S.A.;Grande;Vivo;ES;VILA VELHA;SMP
01/03/2022;18:56;Reclamação;Portabilidade;Portabilidade numérica não efetivada;Respondida;SMP;EMBRATEL S.A.;Grande;Claro;RS;CANOAS;SMP
18/12/2022;10:00;Reclamação;Portabilidade;Portabilidade numérica não efetivada;Respondida;SMP;CLARO S.A.;Grande;Claro;RR;RR - INTERIOR;SMP
