Data_Abertura;Hora_Abertura;Tipo;Motivo;Detalhe_Motivo;Status;Agrupamento;Nome;Porte;Grupo_Economico;UF;Municipio;Sigla
05/02/2023;14:55;Reclamação;Falha;Falha/Interrupção do serviço;Pendente;SCM;Telefonica Brasil S.A.;Grande;Vivo;SP;SOROCABA;SCM
25/08/2023;21:48;Reclamação;Contrato;Cancelamento não realizado;Respondida;SCM;OI S.A.;Grande;Oi;SP;GUARULHOS;SCM
25/10/2022;08:11;Reclamação;Cobrança;Cobrança indevida;Pendente;SCM;SERCOMTEL S.A. - TELECOMUNICAÇÕES;Pequeno;Sercomtel;PE;CARUARU;SCM
25/11/2022;22:37;Reclamação;Velocidade;NÃO INFORMADO;Em análise;SCM;CLARO S/A;Grande;Claro;SP;CAMPINAS;SCM
02/05/2023;09:46;Reclamação;Atendimento;Atendimento inadequado;Pendente;SCM;CLARO S.A.;Grande;Claro;BA;VITÓRIA DA CONQUISTA;SCM
20/09/2023;13:45;Reclamação;Atendimento;Atendimento inadequado;Respondida;SCM;TELEFONICA BRASIL S.A.;Grande;Vivo;GO;GOIÂNIA;SCM
08/10/2022;16:42;Reclamação;Velocidade;Velocidade abaixo do contratado;Pendente;SCM;CLARO S.A.;Grande;Claro;PA;BELÉM;SCM
04/03/2023;11:46;Reclamação;Cobrança;Cobrança indevida;Respondida;SCM;TELEFONICA BRASIL S.A.;Grande;Vivo;BA;VITÓRIA DA CONQUISTA;SCM
11/07/2023;10:26;Reclamação;Contrato;Cancelamento não realizado;Respondida;SCM;TIM S.A.;Grande;TIM;SP;SOROCABA;SCM
01/09/2023;10:42;Reclamação;Atendimento;Atendimento inadequado;Respondida;SCM;TELEFONICA BRASIL S.A.;Grande;Vivo;SP;CAMPINAS;SCM
15/09/2022;14:06;Reclamação;Velocidade;Velocidade abaixo do contratado;Em análise;SCM;CLARO S/A;Grande;Claro;RJ;NITERÓI;SCM
24/04/2022;08:47;Reclamação;Cobrança;Cobrança indevida;Respondida;SCM;CLARO S.A.;Grande;Claro;RN;RN - INTERIOR;SCM
12/12/2023;20:46;Reclamação;Velocidade;Velocidade abaixo do contratado;Em análise;SCM;CLARO S.A.;Grande;NÃO INFORMADO;CE;CAUCAIA;SCM
09/12/2022;22:50;Reclamação;Cobrança;Cobrança indevida;Pendente;SCM;Net Serviços De Comunicação S.A.;Grande;Claro;RJ;NITERÓI;SCM
28/06/2022;09:25;Reclamação;Cobrança;Cobrança indevida;Em análise;SCM;CLARO S.A.;Grande;Claro;RN;RN - INTERIOR;SCM
22/01/2023;10:17;Reclamação;Velocidade;Velocidade abaixo do contratado;Respondida;SCM;TIM S.A.;Grande;TIM;SC;SC - INTERIOR;SCM
27/04/2023;22:38;Reclamação;Atendimento;Atendimento inadequado;Respondida;SCM;NET SERVIÇOS DE COMUNICAÇÃO S.A.;Grande;Claro;RS;PORTO ALEGRE;SCM
17/07/2022;19:54;Reclamação;Cobrança;Cobrança indevida;Respondida;SCM;TELEFONICA BRASIL S.A.;Grande;Vivo;RN;RN - INTERIOR;SCM
16/06/2023;15:00;Reclamação;Instalação;NÃO INFORMADO;Respondida;SCM;OI S.A.;Grande;Oi;AM;PARINTINS;SCM
01/12/2023;18:22;Reclamação;Contrato;Cancelamento não realizado;Respondida;SCM;TELEFONICA BRASIL S.A.;Grande;Vivo;SP;GUARULHOS;SCM
06/04/2023;14:46;Reclamação;Cobrança;Cobrança indevida;Respondida;SCM;TIM S.A.;Grande;TIM;RJ;RIO DE JANEIRO;SCM
31/10/2023;07:02;Reclamação;Instalação;Prazo de instalação excedido;Em análise;SCM;TIM S.A.;Grande;TIM;SP;GUARULHOS;SCM
09/02/2023;08:16;Reclamação;Cobrança;Cobrança indevida;Respondida;SCM;CLARO S.A.;Grande;Claro;CE;JUAZEIRO DO NORTE;SCM
25/02/2022;07:47;Reclamação;Cobrança;Cobrança indevida;Respondida;SCM;TELEFONICA BRASIL S.A.;Grande;Vivo;RO;RO - INTERIOR;SCM
22/10/2022;09:34;Reclamação;Contrato;Cancelamento não realizado;Respondida;SCM;Claro S.A.;Grande;Claro;PA;BELÉM;SCM
06/10/2022;20:22;Reclamação;Velocidade;Velocidade abaixo do contratado;Pendente;SCM;TIM S.A.;Grande;TIM;SP;CAMPINAS;SCM
21/01/2023;15:30;Reclamação;Cobrança;-;Respondida;SCM;TELEFONICA BRASIL S.A.;Grande;Vivo;CE;CAUCAIA;SCM
14/04/2023;07:02;Reclamação;Velocidade;Velocidade abaixo do contratado;Respondida;SCM;OI S.A.;Grande;Oi;RS;PORTO ALEGRE;SCM
17/02/2022;07:38;Reclamação;Cobrança;Cobrança indevida;Respondida;SCM;CLARO S.A.;Grande;Claro;MA;TIMON;SCM
12/03/2022;07:39;Reclamação;Falha;Falha/Interrupção do serviço;Respondida;SCM;CLARO S.A.;Grande;Claro;MA;SÃO LUÍS;SCM
01/02/2023;13:33;Reclamação;Falha;Falha/Interrupção do serviço;Respondida;SCM;TELEFONICA BRASIL S.A.;Grande;Vivo;RJ;RIO DE JANEIRO;SCM
10/03/2023;08:22;Reclamação;Cobrança;Cobrança indevida;Respondida;SCM;TIM S.A.;Grande;TIM;RR;RR - INTERIOR;SCM
14/10/2022;10:00;Reclamação;Contrato;Cancelamento não realizado;Em análise;SCM;CLARO S.A.;Grande;Claro;BA;SALVADOR;SCM
07/04/2023;20:10;Reclamação;Atendimento;N/A;Respondida;SCM;OI S.A.;Grande;Oi;AM;PARINTINS;SCM
11/11/2023;18:58;Reclamação;Cobrança;Cobrança indevida;Pendente;SCM;NET SERVIÇOS DE COMUNICAÇÃO S.A.;Grande;Claro;PR;CURITIBA;SCM
20/11/2023;15:38;Reclamação;-;Atendimento inadequado;Respondida;SCM;OI S.A.;Grande;N/A;MG;BELO HORIZONTE;SCM
29/10/2023;22:48;Reclamação;Falha;Falha/Interrupção do serviço;Respondida;SCM;TELEFONICA BRASIL S.A.;Grande;Vivo;SP;GUARULHOS;SCM
08/04/2023;16:13;Reclamação;Cobrança;Cobrança indevida;Respondida;SCM;TIM S.A.;Grande;TIM;RJ;RIO DE JANEIRO;SCM
17/05/2022;09:16;Reclamação;Velocidade;Velocidade abaixo do contratado;Respondida;SCM;N/A;Grande;Claro;BA;FEIRA DE SANTANA;SCM
31/07/2022;08:36;Reclamação;Falha;Falha/Interrupção do serviço;Pendente;SCM;TIM S.A.;Grande;TIM;PE;CARUARU;SCM
24/09/2023;14:16;Reclamação;Velocidade; ;Respondida;SCM;CLARO S.A.;Grande;Claro;PA;ANANINDEUA;SCM
18/07/2023;10:03;Reclamação;Contrato;Cancelamento não realizado;Respondida;SCM;TELEFONICA BRASIL S.A.;Grande;Vivo;RJ;NITERÓI;SCM
11/03/2023;09:27;Reclamação;Cobrança;Cobrança indevida;Respondida;SCM;NET SERVIÇOS DE COMUNICAÇÃO S.A.;Grande;Claro;MG;JUIZ DE FORA;SCM
12/10/2022;12:21;Reclamação;Cobrança;Cobrança indevida;Em análise;SCM;TELEFONICA BRASIL S.A.;Grande;Vivo;AC;AC - INTERIOR;SCM
31/07/2023;12:09;Reclamação;Falha;Falha/Interrupção do serviço;Respondida;SCM;CLARO S.A.;Grande;Claro;MG;UBERLÂNDIA;SCM
04/02/2022;09:01;Reclamação;Falha;Falha/Interrupção do serviço;Respondida;SCM;OI S.A.;Grande;Oi;MT;CUIABÁ;SCM
10/12/2022;21:31;Reclamação;Velocidade;Velocidade abaixo do contratado;Pendente;SCM;CLARO S.A.;Grande;NÃO INFORMADO;SP;SÃO PAULO;SCM
03/12/2022;10:50;Reclamação;Contrato;Cancelamento não realizado;Respondida;SCM;TELEFONICA BRASIL S.A.;Grande;Vivo;TO;TO - INTERIOR;SCM
05/05/2023;11:07;Reclamação;Instalação;Prazo de instalação excedido;Respondida;SCM;CLARO S.A.;Grande;Claro;PE;CARUARU;SCM
21/03/2022;16:04;Reclamação;Velocidade;Velocidade abaixo do contratado;Respondida;SCM;TIM S.A.;Grande;TIM;SP;GUARULHOS;SCM
07/03/2023;20:29;Reclamação;-;Cobrança indevida;Respondida;SCM;TELEFONICA BRASIL S.A.;Grande;Vivo;PA;SANTARÉM;SCM
18/05/2023;21:10;Reclamação;Instalação;Prazo de instalação excedido;Respondida;SCM;TIM S.A.;Grande;TIM;RJ;NOVA IGUAÇU;SCM
26/10/2023;14:00;Reclamação;Cobrança;Cobrança indevida;Respondida;SCM;OI S.A.;Grande;Oi;SC;SC - INTERIOR;SCM
09/04/2022;10:58;Reclamação;Velocidade;Velocidade abaixo do contratado;Respondida;SCM;TELEFONICA BRASIL S.A.;Grande;Vivo;PI;PI - INTERIOR;SCM
14/08/2022;16:02;Reclamação;Velocidade;Velocidade abaixo do contratado;Respondida;SCM;TIM S.A.;Grande;TIM;BA;SALVADOR;SCM
13/03/2022;20:38;Reclamação;Velocidade;Velocidade abaixo do contratado;Respondida;SCM;TIM S.A.;Grande;TIM;SP;GUARULHOS;SCM
06/06/2022;12:15;Reclamação;Atendimento;Atendimento inadequado;Pendente;SCM;TELEFONICA BRASIL S.A.;Grande;Vivo;AM;ITACOATIARA;SCM
11/08/2023;10:04;Reclamação;Falha;Falha/Interrupção do serviço;Respondida;SCM;TELEFONICA BRASIL S.A.;Grande;Vivo;SP;SANTOS;SCM
20/08/2023;22:06;Reclamação;Instalação;Prazo de instalação excedido;Respondida;SCM;TIM S.A.;Grande;TIM;AM;PARINTINS;SCM
24/06/2022;22:08;Reclamação;Velocidade;Velocidade abaixo do contratado;Respondida;SCM;CLARO S.A.;Grande;Claro;BA;SALVADOR;SCM
24/04/2022;18:16;Reclamação;Atendimento;Atendimento inadequado;Respondida;SCM;OI S.A.;Grande;Oi;PR;CURITIBA;SCM
21/01/2023;19:00;Reclamação;Falha;Falha/Interrupção do serviço;Respondida;SCM;TELEFONICA BRASIL S.A.;Grande;Vivo;MG;CONTAGEM;SCM
30/03/2022;19:19;Reclamação;-;Cobrança indevida;Respondida;SCM;OI S.A.;Grande;Oi;MG;BELO HORIZONTE;SCM
12/03/2023;19:16;Reclamação;Cobrança;Cobrança indevida;Pendente;SCM;TIM S.A.;Grande;TIM;RJ;DUQUE DE CAXIAS;SCM
22/04/2022;21:32;Reclamação;Atendimento;Atendimento inadequado;Respondida;SCM;CLARO S.A.;Grande;Claro;SP;GUARULHOS;SCM
20/08/2023;07:25;Reclamação;Velocidade;Velocidade abaixo do contratado;Respondida;SCM;TELEFONICA BRASIL S.A.;Grande;Vivo;PE;PETROLINA;SCM
25/04/2022;15:10;Reclamação;Instalação;Prazo de instalação excedido;Respondida;SCM;TELEFONICA BRASIL S.A.;Grande;Vivo;RS;PORTO ALEGRE;SCM
08/02/2022;20:49;Reclamação;Cobrança;Cobrança indevida;Respondida;SCM;NET SERVIÇOS DE COMUNICAÇÃO S.A.;Grande;Claro;AC;AC - INTERIOR;SCM
04/05/2022;15:00;Reclamação;Cobrança;Cobrança indevida;Respondida;SCM;CLARO S.A.;Grande;Claro;SP;CAMPINAS;SCM
25/10/2023;18:00;Reclamação;Velocidade;Velocidade abaixo do contratado;Respondida;SCM;CLARO S.A.;Grande;Claro;GO;APARECIDA DE GOIÂNIA;SCM
26/04/2022;07:54;Reclamação;Atendimento;-;Respondida;SCM;TELEFONICA BRASIL S.A.;Grande;Vivo;PR;PONTA GROSSA;SCM
04/03/2022;09:12;Reclamação;Cobrança;Cobrança indevida;Respondida;SCM;SERCOMTEL S.A. - TELECOMUNICAÇÕES;Pequeno;Sercomtel;RS;CANOAS;SCM
05/06/2023;18:50;Reclamação;Velocidade;Velocidade abaixo do contratado;Respondida;SCM;TIM S.A.;Grande;TIM;RN;RN - INTERIOR;SCM
05/12/2022;18:17;Reclamação;Instalação;Prazo de instalação excedido;Respondida;SCM;SERCOMTEL S.A. - TELECOMUNICAÇÕES;Pequeno;Sercomtel;MG;BELO HORIZONTE;SCM
04/02/2023;13:35;Reclamação;Velocidade;Velocidade abaixo do contratado;Respondida;SCM;NET SERVIÇOS DE COMUNICAÇÃO S.A.;Grande;Claro;MA;SÃO LUÍS;SCM
19/05/2022;20:52;Reclamação;Falha;Falha/Interrupção do serviço;Pendente;SCM;CLARO S.A.;Grande;Claro;MA;SÃO LUÍS;SCM
16/07/2022;08:05;Reclamação;Atendimento;Atendimento inadequado;Respondida;SCM;TIM S.A.;Grande;TIM;MT;CUIABÁ;SCM
18/03/2023;19:59;Reclamação;Cobrança;Cobrança indevida;Em análise;SCM;EMBRATEL S.A.;Grande;Claro;AM;MANAUS;SCM
04/12/2022;17:32;Reclamação;Velocidade;Velocidade abaixo do contratado;Respondida;SCM;TELEFONICA BRASIL S.A.;Grande;Vivo;PR;LONDRINA;SCM
13/11/2023;21:11;Reclamação;Cobrança;Cobrança indevida;Respondida;SCM;NET SERVIÇOS DE COMUNICAÇÃO S.A.;Grande;Claro;RS;CANOAS;SCM
07/09/2023;09:33;Reclamação;Cobrança;Cobrança indevida;Respondida;SCM;CLARO S.A.; ;Claro;PR;LONDRINA;SCM
14/07/2022;12:43;Reclamação;Atendimento;Atendimento inadequado;Respondida;SCM;Telefonica Brasil S.A.;Grande;Vivo;MT;VÁRZEA GRANDE;SCM
21/11/2023;17:21;Reclamação;Velocidade;-;Respondida;SCM;CLARO S.A.;Grande;Claro;SC;SC - INTERIOR;SCM
18/10/2022;12:53;Reclamação;Velocidade;Velocidade abaixo do contratado;Respondida;SCM;TELEFONICA BRASIL S.A.;Grande;Vivo;SP;CAMPINAS;SCM
07/10/2022;15:37;Reclamação;Contrato;Cancelamento não realizado;Pendente;SCM;TIM S.A.;Grande;TIM;PA;MARABÁ;SCM
23/03/2023;08:30;Reclamação;Velocidade;Velocidade abaixo do contratado;Respondida;SCM;TIM S.A.;Grande;TIM;SP;SÃO PAULO;SCM
06/04/2022;20:30;Reclamação;Falha;Falha/Interrupção do serviço;Respondida;SCM;NET SERVIÇOS DE COMUNICAÇÃO S.A.;Grande;Claro;RJ;NITERÓI;SCM
24/01/2023;10:07;Reclamação;Cobrança;Cobrança indevida;Em análise;SCM;OI S.A.;Grande;Oi;AL;AL - INTERIOR;SCM
15/01/2023;07:06;Reclamação;Velocidade;Velocidade abaixo do contratado;Respondida;SCM;TELEFONICA BRASIL S.A.;Grande;Vivo;PR;MARINGÁ;SCM
10/04/2023;19:38;Reclamação;Cobrança;Cobrança indevida;Respondida;SCM;TIM S.A.;Grande;TIM;SP;SOROCABA;SCM
15/06/2023;15:00;Reclamação;Cobrança;Cobrança indevida;Pendente;SCM;NET SERVIÇOS DE COMUNICAÇÃO S.A.;Grande;-;BA;SALVADOR;SCM
18/09/2023;15:35;Reclamação;Contrato;Cancelamento não realizado;Respondida;SCM;CLARO S.A.;Grande;Claro;RO;RO - INTERIOR;SCM
05/08/2023;10:16;Reclamação;Cobrança;Cobrança indevida;Respondida;SCM;EMBRATEL S.A.;Grande;Claro;PB;PB - INTERIOR;SCM
18/06/2023;17:54;Reclamação;Velocidade;Velocidade abaixo do contratado;Em análise;SCM;OI S.A.;Grande;Oi;SE;SE - INTERIOR;SCM
31/03/2023;07:56;Reclamação;Atendimento;Atendimento inadequado;Respondida;SCM;Oi S.A.;Grande;Oi;RS;PORTO ALEGRE;SCM
04/09/2022;19:24;Reclamação;Velocidade;Velocidade abaixo do contratado;Pendente;SCM;TELEFONICA BRASIL S.A.;Grande;Vivo;CE;JUAZEIRO DO NORTE;SCM
18/03/2023;18:29;Reclamação;Instalação;Prazo de instalação excedido;Respondida;SCM;TELEFONICA BRASIL S.A.;Grande;Vivo;BA;FEIRA DE SANTANA;SCM
10/06/2022;22:09;Reclamação;Cobrança;Cobrança indevida;Respondida;SCM;TIM S.A.;Grande;TIM;RJ;RIO DE JANEIRO;SCM
18/10/2023;10:18;Reclamação;Velocidade;Velocidade abaixo do contratado;Respondida;SCM;Claro S.A.;Grande;Claro;SP;SÃO PAULO;SCM
06/02/2023;21:13;Reclamação;Falha;Falha/Interrupção do serviço;Respondida;SCM;EMBRATEL S.A.;Grande;Claro;RJ;NOVA IGUAÇU;SCM
23/09/2023;12:40;Reclamação;Velocidade;Velocidade abaixo do contratado;Pendente;SCM;NET SERVIÇOS DE COMUNICAÇÃO S.A.;Grande;Claro;PE;PETROLINA;SCM
02/04/2023;19:31;Reclamação;Contrato;Cancelamento não realizado;Respondida;SCM;OI S.A.;Grande;Oi;MG;UBERLÂNDIA;SCM
06/06/2022;14:08;Reclamação;Velocidade;Velocidade abaixo do contratado;Respondida;SCM;Tim S.A.;Grande;TIM;MA;SÃO LUÍS;SCM
24/06/2023;12:27;Reclamação;Atendimento;Atendimento inadequado;Respondida;SCM;TIM S.A.;Grande;TIM;RJ;NOVA IGUAÇU;SCM
01/01/2022;16:11;Reclamação;Velocidade;N/A;Respondida;SCM;OI S.A.;Grande;Oi;MG;JUIZ DE FORA;SCM
22/09/2023;10:15;Reclamação;Falha;Falha/Interrupção do serviço;Respondida;SCM;CLARO S.A.;Grande;Claro;CE;FORTALEZA;SCM
11/01/2022;11:01;Reclamação;Falha;Falha/Interrupção do serviço;Respondida;SCM;TELEFONICA BRASIL S.A.;Grande;Vivo;TO;TO - INTERIOR;SCM
07/06/2022;15:02;Reclamação;Falha;Falha/Interrupção do serviço;Pendente;SCM;NET SERVIÇOS DE COMUNICAÇÃO S.A.;Grande;Claro;DF;CEILÂNDIA;SCM
18/03/2022;21:53;Reclamação;Cobrança;Cobrança indevida;Respondida;SCM;CLARO S.A.;Grande;Claro;SP;CAMPINAS;SCM
18/11/2023;09:59;Reclamação;Velocidade;Velocidade abaixo do contratado;Pendente;SCM;TIM S.A.;Grande;TIM;BA;FEIRA DE SANTANA;SCM
04/06/2022;14:12;Reclamação;Contrato;Cancelamento não realizado;Pendente;SCM;SERCOMTEL S.A. - TELECOMUNICAÇÕES;Pequeno;Sercomtel;MG;UBERLÂNDIA;SCM
29/10/2022;12:02;Reclamação;Atendimento;Atendimento inadequado;Respondida;SCM;Telefonica Brasil S.A.;Grande;Vivo;SC;SC - INTERIOR;SCM
11/05/2023;18:38;Reclamação;Velocidade;Velocidade abaixo do contratado;Respondida;SCM;TELEFONICA BRASIL S.A.;Grande;Vivo;SC;SC - INTERIOR;SCM
07/07/2022;15:20;Reclamação;Velocidade;Velocidade abaixo do contratado;Respondida;SCM;TIM S.A.;Grande;TIM;RJ;DUQUE DE CAXIAS;SCM
06/03/2022;18:32;Reclamação;Velocidade;Velocidade abaixo do contratado;Respondida;SCM;CLARO S.A.;Grande;Claro;BA;FEIRA DE SANTANA;SCM
15/12/2022;10:11;Reclamação;Velocidade;Velocidade abaixo do contratado;Pendente;SCM;TELEFONICA BRASIL S.A.;Grande;Vivo;BA;FEIRA DE SANTANA;SCM
04/12/2023;16:55;Reclamação;Velocidade;Velocidade abaixo do contratado;Respondida;SCM;TELEFONICA BRASIL S.A.;Grande; ;AM;MANAUS;SCM
09/02/2022;15:28;Reclamação;Velocidade;Velocidade abaixo do contratado;Respondida;SCM;NET SERVIÇOS DE COMUNICAÇÃO S.A.;Grande;Claro;PE;PETROLINA;SCM
03/04/2023;11:52;Reclamação;Velocidade;Velocidade abaixo do contratado;Pendente;SCM;OI S.A.;Grande;Oi;PR;CURITIBA;SCM
09/03/2022;14:26;Reclamação;Outros;Outros;Respondida;SCM;OI S.A.;Grande;Oi;SP;CAMPINAS;SCM
15/02/2022;12:26;Reclamação;Velocidade;Velocidade abaixo do contratado;Respondida;SCM;TIM S.A.;Grande;TIM;RJ;NOVA IGUAÇU;SCM
06/03/2022;11:13;Reclamação;Velocidade;Velocidade abaixo do contratado;Respondida;SCM;TELEFONICA BRASIL S.A.;Grande;Vivo;PR;MARINGÁ;SCM
19/01/2022;09:58;Reclamação;Atendimento;Atendimento inadequado;Respondida;SCM;CLARO S/A;Grande;Claro;RJ;RIO DE JANEIRO;SCM
19/08/2022;10:27;Reclamação;Cobrança;Cobrança indevida;Respondida;SCM;OI S.A.;Grande;N/A;DF;BRASÍLIA;SCM
09/06/2022;11:15;Reclamação;Atendimento;Atendimento inadequado;Respondida;SCM;TELEFONICA BRASIL S.A.;Grande;Vivo;MG;BELO HORIZONTE;SCM
27/07/2023;22:58;Reclamação;Atendimento;Atendimento inadequado;Em análise;SCM;Telefonica Brasil S.A.;Grande;Vivo;RO;RO - INTERIOR;SCM
07/04/2023;18:26;Reclamação;Velocidade;Velocidade abaixo do contratado;Em análise;SCM;-;Grande;TIM;BA;VITÓRIA DA CONQUISTA;SCM
24/03/2023;12:30;Reclamação;Falha;Falha/Interrupção do serviço;Respondida;SCM;OI S.A.;Grande;Oi;MT;CUIABÁ;SCM
09/02/2023;18:31;Reclamação;Velocidade;Velocidade abaixo do contratado;Em análise;SCM;TIM S.A.;Grande;TIM;AM;MANAUS;SCM
15/06/2023;15:21;Reclamação;Falha;Falha/Interrupção do serviço;Respondida;SCM;TIM S.A.;Grande;TIM;MA;IMPERATRIZ;SCM
24/07/2022;15:42;Reclamação;Cobrança;Cobrança indevida;Respondida;SCM;OI S.A.;Grande;Oi;PE;RECIFE;SCM
14/03/2022;20:21;Reclamação;Cobrança;Cobrança indevida;Respondida;SCM;CLARO S.A.;Grande;Claro;RJ;RIO DE JANEIRO;SCM
12/08/2023;08:59;Reclamação;Falha;Falha/Interrupção do serviço;Respondida;SCM;TELEFONICA BRASIL S.A.;Grande;Vivo;MS;CAMPO GRANDE;SCM
12/07/2022;16:17;Reclamação;Cobrança;Cobrança indevida;Respondida;SCM;CLARO S.A.;Grande;Claro;RS;PORTO ALEGRE;SCM
27/06/2023;17:21;Reclamação;Atendimento;Atendimento inadequado;Respondida;SCM;TELEFONICA BRASIL S.A.;Grande;Vivo;RS;CANOAS;SCM
24/06/2022;14:13;Reclamação;Cobrança;Cobrança indevida;Respondida;SCM;TIM S.A.;Grande;TIM;SP;SOROCABA;SCM
04/01/2023;20:45;Reclamação;Velocidade;Velocidade abaixo do contratado;Pendente;SCM;TIM S.A.;Grande;TIM;PA;MARABÁ;SCM
27/02/2023;20:01;Reclamação;Velocidade;Velocidade abaixo do contratado;Respondida;SCM;TIM S.A.;Grande;TIM;SP;CAMPINAS;SCM
11/07/2022;14:05;Reclamação;Falha;Falha/Interrupção do serviço;Respondida;SCM;Telefonica Brasil S.A.;Grande;Vivo;MG;CONTAGEM;SCM
18/10/2022;13:26;Reclamação;Falha;Falha/Interrupção do serviço;Respondida;SCM;TELEFONICA BRASIL S.A.;Grande;Vivo;PR;CURITIBA;SCM
25/07/2023;18:03;Reclamação;Velocidade;Velocidade abaixo do contratado;Respondida;SCM;CLARO S/A;Grande;Claro;TO;TO - INTERIOR;SCM
12/07/2023;07:33;Reclamação;Velocidade;Velocidade abaixo do contratado;Respondida;SCM;CLARO S.A.;Grande;Claro;AP;AP - INTERIOR;SCM
22/07/2022;22:53;Reclamação;Velocidade;Velocidade abaixo do contratado;Respondida;SCM;CLARO S.A.;Grande;Claro;SC;SC - INTERIOR;SCM
29/11/2022;11:43;Reclamação;Outros;Outros;Respondida;SCM;CLARO S.A.;Grande;Claro;BA;VITÓRIA DA CONQUISTA;SCM
16/06/2023;19:48;Reclamação;Contrato;Cancelamento não realizado;Pendente;SCM;-;Grande;TIM;SP;SOROCABA;SCM
24/06/2022;12:23;Reclamação;Falha;Falha/Interrupção do serviço;Pendente;SCM;TIM S.A.;Grande;TIM;BA;FEIRA DE SANTANA;SCM
06/12/2022;11:24;Reclamação;Cobrança;Cobrança indevida;Pendente;SCM;CLARO S.A.;Grande;Claro;RS;CANOAS;SCM
04/01/2022;17:32;Reclamação;Velocidade;Velocidade abaixo do contratado;Respondida;SCM;CLARO S.A.;Grande;Claro;SC;SC - INTERIOR;SCM
10/07/2023;22:50;Reclamação;Velocidade;Velocidade abaixo do contratado;Pendente;SCM;TELEFONICA BRASIL S.A.;Grande;Vivo;PI;PI - INTERIOR;SCM
03/10/2023;08:09;Reclamação;Velocidade;Velocidade abaixo do contratado;Respondida;SCM;EMBRATEL S.A.;Grande;Claro;RJ;NOVA IGUAÇU;SCM
04/03/2023;10:54;Reclamação;Contrato;Cancelamento não realizado;Pendente;SCM;TELEFONICA BRASIL S.A.;Grande;Vivo;SP;SÃO PAULO;SCM
26/01/2022;19:49;Reclamação;Cobrança;Cobrança indevida;Respondida;SCM;TIM S.A.;Grande;TIM;RR;RR - INTERIOR;SCM
12/12/2023;18:31;Reclamação;Velocidade;Velocidade abaixo do contratado;Respondida;SCM;TIM S.A.;Grande;TIM;MG;CONTAGEM;SCM
28/09/2023;21:56;Reclamação;Velocidade; ;Respondida;SCM;TELEFONICA BRASIL S.A.;Grande;Vivo;CE;CAUCAIA;SCM
27/07/2022;20:32;Reclamação;N/A;Falha/Interrupção do serviço;Em análise;SCM;TELEFONICA BRASIL S.A.;Grande;Vivo;BA;VITÓRIA DA CONQUISTA;SCM
06/04/2022;17:17;Reclamação;Velocidade;Velocidade abaixo do contratado;Pendente;SCM;CLARO S.A.; ;Claro;MG;BELO HORIZONTE;SCM
13/10/2023;10:54;Reclamação;Atendimento;Atendimento inadequado;Respondida;SCM;CLARO S.A.;Grande;Claro;SP;SANTOS;SCM
31/07/2023;19:48;Reclamação;Velocidade;Velocidade abaixo do contratado;Respondida;SCM;CLARO S/A;Grande;Claro;GO;ANÁPOLIS;SCM
28/04/2022;13:28;Reclamação;Atendimento;Atendimento inadequado;Respondida;SCM;CLARO S.A.;Grande;Claro;RJ;NOVA IGUAÇU;SCM
23/08/2022;22:21;Reclamação;Velocidade;Velocidade abaixo do contratado;Respondida;SCM;CLARO S.A.;Grande;Claro;SP;CAMPINAS;SCM
12/12/2022;20:16;Reclamação;Cobrança;Cobrança indevida;Em análise;SCM;TELEFONICA BRASIL S.A.;Grande;Vivo;MG;JUIZ DE FORA;SCM
03/04/2022;19:20;Reclamação;Velocidade;Velocidade abaixo do contratado;Respondida;SCM;TELEFONICA BRASIL S.A.;Grande;Vivo;GO;GOIÂNIA;SCM
22/03/2022;14:43;Reclamação;Velocidade;Velocidade abaixo do contratado;Respondida;SCM;CLARO S.A.;Grande;Claro;SP;SÃO PAULO;SCM
12/11/2022;07:09;Reclamação;Velocidade;Velocidade abaixo do contratado;Pendente;SCM;CLARO S.A.;Grande;Claro;RS;CAXIAS DO SUL;SCM
15/09/2022;12:56;Reclamação;Velocidade;Velocidade abaixo do contratado;Respondida;SCM;CLARO S.A.;Grande;Claro;SP;GUARULHOS;SCM
14/05/2023;20:29;Reclamação;Cobrança;Cobrança indevida;Respondida;SCM;OI S.A.;Grande;Oi;PA;ANANINDEUA;SCM
25/11/2022;16:57;Reclamação;Falha;Falha/Interrupção do serviço;Respondida;SCM;OI S.A.;Grande;Oi;RJ;RIO DE JANEIRO;SCM
27/05/2023;15:55;Reclamação;Velocidade;Velocidade abaixo do contratado;Pendente;SCM;TIM S.A.;Grande;TIM;GO;APARECIDA DE GOIÂNIA;SCM
21/04/2023;12:39;Reclamação;Falha;N/A;Respondida;SCM;CLARO S.A.;Grande;Claro;SP;SÃO PAULO;SCM
28/12/2023;20:40;Reclamação;Cobrança;Cobrança indevida;Respondida;SCM;TELEFONICA BRASIL S.A.;Grande;Vivo;RJ;NITERÓI;SCM
09/11/2023;14:53;Reclamação;Cobrança;Cobrança indevida;Em análise;SCM;Claro S.A.;Grande;Claro;DF;TAGUATINGA;SCM
23/04/2023;12:38;Reclamação;Atendimento;Atendimento inadequado;Respondida;SCM;CLARO S.A.;Grande;Claro;SP;SANTOS;SCM
30/03/2023;22:46;Reclamação;Outros;Outros;Respondida;SCM;OI S.A.;Grande;Oi;BA;VITÓRIA DA CONQUISTA;SCM
13/07/2023;22:40;Reclamação;Velocidade;Velocidade abaixo do contratado;Respondida;SCM;Claro S.A.;Grande;Claro;RO;RO - INTERIOR;SCM
13/11/2022;09:51;Reclamação;Velocidade;Velocidade abaixo do contratado;Em análise;SCM;OI S.A.;Grande;Oi;SP;SÃO PAULO;SCM
28/11/2022;12:00;Reclamação;Velocidade;Velocidade abaixo do contratado;Respondida;SCM;TELEFONICA BRASIL S.A.;Grande;Vivo;AC;AC - INTERIOR;SCM
05/02/2022;12:31;Reclamação;Falha;Falha/Interrupção do serviço;Respondida;SCM;TELEFONICA BRASIL S.A.;Grande;Vivo;MG;UBERLÂNDIA;SCM
13/02/2022;19:07;Reclamação;Velocidade;Velocidade abaixo do contratado;Respondida;SCM;EMBRATEL S.A.;Grande;Claro;ES;VITÓRIA;SCM
23/08/2022;08:53;Reclamação;Cobrança;Cobrança indevida;Respondida;SCM;CLARO S.A.;Grande;Claro;RS;PORTO ALEGRE;SCM
03/10/2023;10:41;Reclamação;Velocidade;Velocidade abaixo do contratado;Respondida;SCM;EMBRATEL S.A.;Grande;Claro;PR;MARINGÁ;SCM
11/12/2022;08:51;Reclamação;Velocidade;Velocidade abaixo do contratado;Respondida;SCM;OI S.A.;Grande;Oi;SP;GUARULHOS;SCM
15/03/2022;09:10;Reclamação;Falha;Falha/Interrupção do serviço;Pendente;SCM;OI S.A.;Grande;Oi;BA;VITÓRIA DA CONQUISTA;SCM
13/08/2023;20:36;Reclamação;Instalação;Prazo de instalação excedido;Pendente;SCM;TIM S.A.;Grande;TIM;BA;FEIRA DE SANTANA;SCM
02/09/2022;20:32;Reclamação;Falha;Falha/Interrupção do serviço;Respondida;SCM;CLARO S.A.;Grande;Claro;RJ;RIO DE JANEIRO;SCM
01/06/2022;11:50;Reclamação;Instalação;Prazo de instalação excedido;Respondida;SCM;Telefonica Brasil S.A.;Grande;Vivo;SC;SC - INTERIOR;SCM
15/04/2022;22:20;Reclamação;Contrato;Cancelamento não realizado;Respondida;SCM;TIM S.A.;Grande;TIM;MS;DOURADOS;SCM
27/04/2023;15:06;Reclamação;Atendimento;Atendimento inadequado;Pendente;SCM;CLARO S.A.;Grande;Claro;MG;BELO HORIZONTE;SCM
24/07/2023;07:02;Reclamação;Contrato;Cancelamento não realizado;Respondida;SCM;NET SERVIÇOS DE COMUNICAÇÃO S.A.;Grande;Claro;RO;RO - INTERIOR;SCM
12/07/2023;12:24;Reclamação;Atendimento;Atendimento inadequado;Respondida;SCM;NET SERVIÇOS DE COMUNICAÇÃO S.A.;Grande;Claro;PA;SANTARÉM;SCM
15/04/2023;15:00;Reclamação;Instalação;Prazo de instalação excedido;Respondida;SCM;TELEFONICA BRASIL S.A.;Grande;Vivo;PI;PI - INTERIOR;SCM
12/07/2023;12:27;Reclamação;Cobrança;Cobrança indevida;Respondida;SCM;TIM S.A.;Grande;TIM;SP;SÃO PAULO;SCM
08/04/2023;07:40;Reclamação;Velocidade;Velocidade abaixo do contratado;Respondida;SCM;TELEFONICA BRASIL S.A.;Grande;Vivo;SC;SC - INTERIOR;SCM
20/08/2023;10:12;Reclamação;Contrato;Cancelamento não realizado;Pendente;SCM;TIM S.A.;Grande;TIM;SP;SÃO PAULO;SCM
26/04/2022;13:31;Reclamação;Atendimento;Atendimento inadequado;Em análise;SCM;CLARO S.A.;Grande;Claro;MG;JUIZ DE FORA;SCM
20/07/2022;15:57;Reclamação;Cobrança;Cobrança indevida;Pendente;SCM;TELEFONICA BRASIL S.A.;Grande;Vivo;RJ;DUQUE DE CAXIAS;SCM
06/04/2023;14:06;Reclamação;Velocidade;Velocidade abaixo do contratado;Respondida;SCM;EMBRATEL S.A.;Grande;Claro;SP;SOROCABA;SCM
18/03/2023;13:38;Reclamação;Atendimento;Atendimento inadequado;Respondida;SCM;OI S.A.;Grande;Oi;AM;PARINTINS;SCM
17/01/2022;14:29;Reclamação;Instalação;Prazo de instalação excedido;Respondida;SCM;OI S.A.;Grande;Oi;CE;JUAZEIRO DO NORTE;SCM
18/07/2022;11:10;Reclamação;Instalação;Prazo de instalação excedido;Respondida;SCM;TELEFONICA BRASIL S.A.;Grande;Vivo;SP;SOROCABA;SCM
19/05/2022;19:25;Reclamação;Cobrança;Cobrança indevida;Pendente;SCM;TELEFONICA BRASIL S.A.;Grande;Vivo;ES;CARIACICA;SCM
19/08/2022;19:16;Reclamação;Velocidade;Velocidade abaixo do contratado;Respondida;SCM;TIM S.A.;Grande;TIM;BA;VITÓRIA DA CONQUISTA;SCM
18/07/2023;21:30;Reclamação;Velocidade;Velocidade abaixo do contratado;Respondida;SCM;CLARO S.A.;Grande;Claro;RR;RR - INTERIOR;SCM
11/12/2023;16:59;Reclamação;Velocidade;Velocidade abaixo do contratado;Em análise;SCM;Tim S.A.;Grande;TIM;MT;VÁRZEA GRANDE;SCM
09/11/2023;12:09;Reclamação;Cobrança;Cobrança indevida;Respondida;SCM;CLARO S.A.;Grande;Claro;RJ;NITERÓI;SCM
13/02/2022;13:21;Reclamação;NÃO INFORMADO;Cobrança indevida;Respondida;SCM;TELEFONICA BRASIL S.A.;Grande;Vivo;BA;SALVADOR;SCM
13/01/2023;08:52;Reclamação;Velocidade;Velocidade abaixo do contratado;Respondida;SCM;OI S.A.;Grande;Oi;SC;SC - INTERIOR;SCM
19/03/2023;08:55;Reclamação;Atendimento;Atendimento inadequado;Respondida;SCM;TELEFONICA BRASIL S.A.;Grande;Vivo;PE;CARUARU;SCM
31/07/2022;08:41;Reclamação;Velocidade;Velocidade abaixo do contratado;Respondida;SCM;TELEFONICA BRASIL S.A.;Grande;Vivo;RJ;RIO DE JANEIRO;SCM
26/01/2022;18:41;Reclamação;Cobrança;Cobrança indevida;Respondida;SCM;Embratel S.A.;Grande;Claro;SP;SÃO PAULO;SCM
26/06/2023;20:13;Reclamação;Atendimento;Atendimento inadequado;Respondida;SCM;CLARO S/A;Grande;Claro;SP;GUARULHOS;SCM
11/01/2022;08:56;Reclamação;Cobrança;Cobrança indevida;Em análise;SCM;NET SERVIÇOS DE COMUNICAÇÃO S.A.;Grande;Claro;RS;PORTO ALEGRE;SCM
14/11/2022;17:06;Reclamação;Cobrança;Cobrança indevida;Respondida;SCM;EMBRATEL S.A.;Grande;Claro;SP;SANTOS;SCM
15/09/2023;19:16;Reclamação;Instalação;Prazo de instalação excedido;Respondida;SCM;TELEFONICA BRASIL S.A.;Grande;Vivo;RJ;NOVA IGUAÇU;SCM
14/02/2022;13:29;Reclamação;Contrato;Cancelamento não realizado;Respondida;SCM;CLARO S.A.;Grande;Claro;SP;SOROCABA;SCM
01/04/2023;07:14;Reclamação;Cobrança;Cobrança indevida;Em análise;SCM;TIM S.A.;Grande;TIM;SC;SC - INTERIOR;SCM
12/09/2022;16:31;Reclamação;Cobrança;Cobrança indevida;Respondida;SCM;TIM S.A.;Grande;TIM;RO;RO - INTERIOR;SCM
06/05/2023;19:34;Reclamação;Velocidade;Velocidade abaixo do contratado;Em análise;SCM;CLARO S.A.;Grande;Claro;BA;FEIRA DE SANTANA;SCM
09/08/2023;14:42;Reclamação;Atendimento;Atendimento inadequado;Respondida;SCM;CLARO S.A.;Grande;Claro;RJ;NITERÓI;SCM
09/01/2022;08:13;Reclamação;Velocidade;Velocidade abaixo do contratado;Respondida;SCM;TIM S.A.;Grande;TIM;RS;PORTO ALEGRE;SCM
21/11/2023;22:29;Reclamação;Cobrança;Cobrança indevida;Pendente;SCM;NET SERVIÇOS DE COMUNICAÇÃO S.A.;Grande;Claro;RN;RN - INTERIOR;SCM
10/07/2023;13:36;Reclamação;Falha;Falha/Interrupção do serviço;Respondida;SCM;TELEFONICA BRASIL S.A.;Grande;Vivo;SP;CAMPINAS;SCM
22/07/2022;15:01;Reclamação;Velocidade;Velocidade abaixo do contratado;Respondida;SCM;CLARO S/A;Grande;Claro;RJ;NITERÓI;SCM
14/02/2023;10:07;Reclamação;Velocidade;Velocidade abaixo do contratado;Respondida;SCM;CLARO S.A.;Grande;Claro;SP;SÃO PAULO;SCM
14/12/2022;15:46;Reclamação;Cobrança;Cobrança indevida;Respondida;SCM;TELEFONICA BRASIL S.A.;Grande; ;SP;SOROCABA;SCM
09/08/2023;07:55;Reclamação;Velocidade;Velocidade abaixo do contratado;Respondida;SCM;TIM S.A.;Grande;TIM;MG;CONTAGEM;SCM
18/04/2023;07:02;Reclamação;Cobrança;Cobrança indevida;Respondida;SCM;CLARO S.A.;Grande;Claro;PE;CARUARU;SCM
21/05/2022;07:16;Reclamação;Velocidade;Velocidade abaixo do contratado;Pendente;SCM;TELEFONICA BRASIL S.A.;Grande;Vivo;RS;CAXIAS DO SUL;SCM
16/01/2022;14:14;Reclamação;Falha;Falha/Interrupção do serviço;Respondida;SCM;TIM S.A.;Grande;TIM;PA;ANANINDEUA;SCM
10/08/2023;19:29;Reclamação;Cobrança;Cobrança indevida;Respondida;SCM;CLARO S.A.;Grande;Claro;CE;FORTALEZA;SCM
12/11/2023;17:17;Reclamação;Velocidade;NÃO INFORMADO;Pendente;SCM;TELEFONICA BRASIL S.A.;Grande;Vivo;CE;FORTALEZA;SCM
29/07/2023;07:38;Reclamação;Velocidade;Velocidade abaixo do contratado;Respondida;SCM;NET SERVIÇOS DE COMUNICAÇÃO S.A.;Grande;Claro;MA;TIMON;SCM
29/09/2022;18:32;Reclamação;Falha;Falha/Interrupção do serviço;Respondida;SCM;TELEFONICA BRASIL S.A.;Grande;Vivo;SP;SÃO PAULO;SCM
27/09/2022;20:02;Reclamação;N/A;Falha/Interrupção do serviço;Respondida;SCM;TELEFONICA BRASIL S.A.;Grande;Vivo;PB;PB - INTERIOR;SCM
02/02/2022;13:49;Reclamação;Velocidade; ;Respondida;SCM;OI S.A.;Grande;Oi;PR;PONTA GROSSA;SCM
03/03/2022;07:40;Reclamação;Cobrança;Cobrança indevida;Pendente;SCM;TELEFONICA BRASIL S.A.;Grande;Vivo;PR;LONDRINA;SCM
01/01/2022;19:11;Reclamação;Velocidade;Velocidade abaixo do contratado;Pendente;SCM;CLARO S.A.;Grande;Claro;DF;BRASÍLIA;SCM
04/05/2022;11:34;Reclamação;Velocidade;Velocidade abaixo do contratado;Respondida;SCM;CLARO S.A.;Grande;Claro;RJ;NITERÓI;SCM
31/10/2022;14:31;Reclamação;Velocidade;Velocidade abaixo do contratado;Pendente;SCM;CLARO S.A.;Grande;Claro;MG;JUIZ DE FORA;SCM
04/09/2022;16:55;Reclamação;Cobrança;Cobrança indevida;Em análise;SCM;TELEFONICA BRASIL S.A.;Grande;Vivo;AL;AL - INTERIOR;SCM
04/09/2022;21:37;Reclamação;Velocidade;Velocidade abaixo do contratado;Pendente;SCM;TELEFONICA BRASIL S.A.;Grande;Vivo;BA;SALVADOR;SCM
17/04/2023;17:50;Reclamação;Falha;Falha/Interrupção do serviço;Pendente;SCM;OI S.A.;Grande;Oi;SP;SOROCABA;SCM
10/08/2022;17:19;Reclamação;Velocidade;Velocidade abaixo do contratado;Respondida;SCM;NET SERVIÇOS DE COMUNICAÇÃO S.A.;Grande;Claro;SP;SÃO PAULO;SCM
10/07/2022;12:45;Reclamação;Falha;Falha/Interrupção do serviço;Em análise;SCM;OI S.A.;Grande;Oi;RJ;RIO DE JANEIRO;SCM
17/08/2023;15:22;Reclamação;Velocidade;Velocidade abaixo do contratado;Respondida;SCM;TIM S.A.;Grande;TIM;PR;MARINGÁ;SCM
21/01/2022;10:01;Reclamação;Velocidade;Velocidade abaixo do contratado;Respondida;SCM;TIM S.A.;-;TIM;AM;MANAUS;SCM
02/12/2022;18:31;Reclamação;N/A;Falha/Interrupção do serviço;Respondida;SCM;TELEFONICA BRASIL S.A.;Grande;Vivo;SP;SANTOS;SCM
25/09/2022;12:37;Reclamação;Instalação;Prazo de instalação excedido;Respondida;SCM;TELEFONICA BRASIL S.A.;Grande;Vivo;CE;JUAZEIRO DO NORTE;SCM
07/03/2023;08:25;Reclamação;Velocidade;Velocidade abaixo do contratado;Em análise;SCM;TELEFONICA BRASIL S.A.;Grande;Vivo;RS;CAXIAS DO SUL;SCM
27/10/2022;21:00;Reclamação;Outros;Outros;Respondida;SCM;CLARO S.A.;Grande;Claro;PR;LONDRINA;SCM
31/01/2022;13:12;Reclamação;Contrato;Cancelamento não realizado;Respondida;SCM;CLARO S/A;Grande;Claro;SP;SOROCABA;SCM
05/09/2023;20:22;Reclamação;Cobrança;Cobrança indevida;Em análise;SCM;CLARO S.A.;Grande;Claro;PR;CURITIBA;SCM
25/09/2022;12:57;Reclamação;Velocidade;Velocidade abaixo do contratado;Respondida;SCM;TIM S.A.;Grande;TIM;RS;CAXIAS DO SUL;SCM
01/01/2022;15:58;Reclamação;Velocidade;Velocidade abaixo do contratado;Respondida;SCM;TIM S.A.;Grande;TIM;MG;JUIZ DE FORA;SCM
13/07/2022;10:50;Reclamação;Velocidade;Velocidade abaixo do contratado;Em análise;SCM;OI S.A.;Grande;Oi;SP;SOROCABA;SCM
27/11/2023;13:12;Reclamação;Instalação;Prazo de instalação excedido;Respondida;SCM;TELEFONICA BRASIL S.A.;Grande;NÃO INFORMADO;RJ;RIO DE JANEIRO;SCM
11/08/2023;13:35;Reclamação;Contrato;Cancelamento não realizado;Respondida;SCM;TIM S.A.;Grande;TIM;MG;UBERLÂNDIA;SCM
14/08/2022;22:43;Reclamação;Velocidade;Velocidade abaixo do contratado;Respondida;SCM;NET SERVIÇOS DE COMUNICAÇÃO S.A.;Grande;Claro;PR;LONDRINA;SCM
30/06/2022;22:04;Reclamação;Atendimento;Atendimento inadequado;Em análise;SCM;CLARO S/A;Grande;Claro;RJ;NITERÓI;SCM
17/06/2023;07:31;Reclamação;Velocidade;Velocidade abaixo do contratado;Respondida;SCM;TELEFONICA BRASIL S.A.;Grande;Vivo;SP;SOROCABA;SCM
03/10/2022;15:05;Reclamação;Velocidade;Velocidade abaixo do contratado;Em análise;SCM;TELEFONICA BRASIL S.A.;Grande;Vivo;CE;FORTALEZA;SCM
05/12/2023;12:12;Reclamação;N/A;Falha/Interrupção do serviço;Em análise;SCM;TIM S.A.;Grande;TIM;SP;GUARULHOS;SCM
07/06/2023;11:07;Reclamação;Atendimento;Atendimento inadequado;Respondida;SCM;TIM S.A.;Grande;TIM;DF;CEILÂNDIA;SCM
18/08/2023;09:51;Reclamação;Cobrança;Cobrança indevida;Em análise;SCM;Telefonica Brasil S.A.;Grande;Vivo;PA;BELÉM;SCM
10/09/2023;18:15;Reclamação;Cobrança;Cobrança indevida;Respondida;SCM;TIM S.A.;Grande;TIM;MA;SÃO LUÍS;SCM
24/07/2023;12:35;Reclamação;Velocidade;Velocidade abaixo do contratado;Pendente;SCM;NET SERVIÇOS DE COMUNICAÇÃO S.A.;Grande;Claro;MG;BELO HORIZONTE;SCM
01/09/2022;19:20;Reclamação;Cobrança;Cobrança indevida;Em análise;SCM;CLARO S/A;-;Claro;BA;SALVADOR;SCM
26/01/2023;07:15;Reclamação;Falha;Falha/Interrupção do serviço;Em análise;SCM;TELEFONICA BRASIL S.A.;Grande;Vivo;SC;SC - INTERIOR;SCM
28/11/2023;11:45;Reclamação;Velocidade;Velocidade abaixo do contratado;Respondida;SCM;CLARO S/A;Grande;Claro;RS;CAXIAS DO SUL;SCM
28/08/2023;16:04;Reclamação;Atendimento;Atendimento inadequado;Respondida;SCM;TELEFONICA BRASIL S.A.; ;Vivo;PE;CARUARU;SCM
30/12/2023;09:58;Reclamação;Cobrança;N/A;Em análise;SCM;TIM S.A.;Grande;TIM;RN;RN - INTERIOR;SCM
17/01/2022;13:37;Reclamação;Velocidade;Velocidade abaixo do contratado;Pendente;SCM;OI S.A.;Grande;Oi;PR;CURITIBA;SCM
14/11/2023;18:39;Reclamação;Velocidade;Velocidade abaixo do contratado;Pendente;SCM;TIM S.A.;Grande;TIM;PR;CURITIBA;SCM
18/02/2023;20:53;Reclamação;Contrato;Cancelamento não realizado;Pendente;SCM;TELEFONICA BRASIL S.A.;Grande;Vivo;ES;VILA VELHA;SCM
23/12/2022;20:00;Reclamação;Falha;Falha/Interrupção do serviço;Pendente;SCM;TELEFONICA BRASIL S.A.;Grande;Vivo;PA;BELÉM;SCM
02/01/2022;17:12;Reclamação;Velocidade;Velocidade abaixo do contratado;Respondida;SCM;TIM S.A.;Grande;TIM;PA;MARABÁ;SCM
20/04/2022;12:13;Reclamação;Instalação;Prazo de instalação excedido;Respondida;SCM;TELEFONICA BRASIL S.A.;Grande;Vivo;GO;GOIÂNIA;SCM
26/06/2022;12:42;Reclamação;Velocidade;Velocidade abaixo do contratado;Respondida;SCM;TIM S.A.;Grande;TIM;SC;SC - INTERIOR;SCM
06/06/2023;09:20;Reclamação;Cobrança;Cobrança indevida;Respondida;SCM;TELEFONICA BRASIL S.A.;Grande;Vivo;SC;SC - INTERIOR;SCM
07/03/2022;16:28;Reclamação;Contrato;Cancelamento não realizado;Pendente;SCM;TELEFONICA BRASIL S.A.;Grande;Vivo;PE;PETROLINA;SCM
03/01/2023;22:31;Reclamação;Contrato;Cancelamento não realizado;Respondida;SCM;NET SERVIÇOS DE COMUNICAÇÃO S.A.;Grande;Claro;RR;RR - INTERIOR;SCM
06/03/2022;10:05;Reclamação;Atendimento;Atendimento inadequado;Respondida;SCM;CLARO S.A.;Grande;Claro;SP;SANTOS;SCM
16/05/2023;15:39;Reclamação;Cobrança;Cobrança indevida;Respondida;SCM;OI S.A.;Grande;Oi;PR;MARINGÁ;SCM
19/12/2023;15:26;Reclamação;N/A;Velocidade abaixo do contratado;Respondida;SCM;TELEFONICA BRASIL S.A.;Grande;Vivo;BA;FEIRA DE SANTANA;SCM
31/01/2022;10:15;Reclamação;Velocidade;Velocidade abaixo do contratado;Pendente;SCM;TELEFONICA BRASIL S.A.;Grande;Vivo;MA;IMPERATRIZ;SCM
17/03/2022;18:27;Reclamação;Velocidade;Velocidade abaixo do contratado;Respondida;SCM;CLARO S.A.;Grande;Claro;PE;PETROLINA;SCM
11/09/2023;08:05;Reclamação;Cobrança;Cobrança indevida;Respondida;SCM;Tim S.A.;Grande;TIM;SP;GUARULHOS;SCM
05/09/2023;13:10;Reclamação;Atendimento;Atendimento inadequado;Respondida;SCM;NET SERVIÇOS DE COMUNICAÇÃO S.A.;Grande;Claro;RJ;NOVA IGUAÇU;SCM
22/05/2022;10:54;Reclamação;Falha;Falha/Interrupção do serviço;Respondida;SCM; ;Grande;Vivo;PB;PB - INTERIOR;SCM
25/10/2023;14:16;Reclamação;Cobrança;Cobrança indevida;Respondida;SCM;TELEFONICA BRASIL S.A.;Grande;Vivo;BA;FEIRA DE SANTANA;SCM
08/10/2023;09:50;Reclamação;Cobrança;Cobrança indevida;Respondida;SCM;TELEFONICA BRASIL S.A.;Grande;Vivo;GO;GOIÂNIA;SCM
13/01/2023;14:10;Reclamação;Cobrança;Cobrança indevida;Pendente;SCM;OI S.A.;Grande;Oi;SP;SOROCABA;SCM
16/04/2022;18:46;Reclamação;Velocidade;Velocidade abaixo do contratado;Pendente;SCM;TELEFONICA BRASIL S.A.;Grande;Vivo;MT;CUIABÁ;SCM
03/08/2022;10:52;Reclamação;Velocidade;NÃO INFORMADO;Respondida;SCM;TELEFONICA BRASIL S.A.;Grande;Vivo;SE;SE - INTERIOR;SCM
30/09/2022;12:29;Reclamação;Atendimento;Atendimento inadequado;Respondida;SCM;TELEFONICA BRASIL S.A.;Grande;Vivo;ES;CARIACICA;SCM
20/01/2023;08:35;Reclamação;Atendimento;Atendimento inadequado;Pendente;SCM;NET SERVIÇOS DE COMUNICAÇÃO S.A.;Grande;Claro;SP;SANTOS;SCM
05/04/2023;19:33;Reclamação;Velocidade;Velocidade abaixo do contratado;Respondida;SCM;Oi S.A.;Grande;Oi;RJ;NITERÓI;SCM
11/10/2022;08:17;Reclamação;Falha;Falha/Interrupção do serviço;Pendente;SCM;CLARO S.A.;Grande;Claro;MG;CONTAGEM;SCM
17/08/2023;19:40;Reclamação;Velocidade;Velocidade abaixo do contratado;Pendente;SCM;TELEFONICA BRASIL S.A.;Grande;Vivo;RN;RN - INTERIOR;SCM
16/04/2022;16:59;Reclamação;Velocidade;Velocidade abaixo do contratado;Respondida;SCM;TIM S.A.;Grande;TIM;RJ;DUQUE DE CAXIAS;SCM
26/03/2023;22:22;Reclamação;Velocidade;Velocidade abaixo do contratado;Respondida;SCM;CLARO S.A.;Grande;Claro;PA;ANANINDEUA;SCM
30/08/2022;21:33;Reclamação;Contrato;Cancelamento não realizado;Respondida;SCM;CLARO S.A.;Grande;Claro;PR;LONDRINA;SCM
02/06/2022;09:49;Reclamação;Atendimento;Atendimento inadequado;Respondida;SCM;CLARO S.A.;Grande;Claro;SP;SÃO PAULO;SCM
04/11/2022;19:58;Reclamação;Velocidade;Velocidade abaixo do contratado;Respondida;SCM;TELEFONICA BRASIL S.A.;Grande;Vivo;PR;PONTA GROSSA;SCM
28/03/2023;21:49;Reclamação;Cobrança;Cobrança indevida;Em análise;SCM;TIM S.A.;Grande;TIM;PI;PI - INTERIOR;SCM
01/03/2023;09:55;Reclamação;Atendimento;Atendimento inadequado;Respondida;SCM;TELEFONICA BRASIL S.A.;Grande;Vivo;MA;TIMON;SCM
24/05/2022;09:32;Reclamação;Contrato;Cancelamento não realizado;Respondida;SCM;TELEFONICA BRASIL S.A.;Grande;Vivo;MS;TRÊS LAGOAS;SCM
29/06/2023;16:54;Reclamação;Atendimento;Atendimento inadequado;Respondida;SCM;CLARO S.A.;Grande;Claro;SP;SÃO PAULO;SCM
21/09/2023;20:39;Reclamação;Velocidade;Velocidade abaixo do contratado;Pendente;SCM;SERCOMTEL S.A. - TELECOMUNICAÇÕES;Pequeno;Sercomtel;PI;PI - INTERIOR;SCM
02/06/2022;21:34;Reclamação;Falha;Falha/Interrupção do serviço;Respondida;SCM;CLARO S.A.;Grande;Claro;GO;ANÁPOLIS;SCM
10/02/2022;09:12;Reclamação;Cobrança;Cobrança indevida;Respondida;SCM;TIM S.A.;Grande;TIM;SP;SANTOS;SCM
30/08/2023;10:46;Reclamação;Cobrança;Cobrança indevida;Respondida;SCM;TELEFONICA BRASIL S.A.;Grande;Vivo;SP;GUARULHOS;SCM
26/08/2022;21:45;Reclamação;Falha;Falha/Interrupção do serviço;Respondida;SCM;CLARO S/A;Grande;Claro;RJ;NITERÓI;SCM
05/02/2023;12:24;Reclamação;Velocidade;Velocidade abaixo do contratado;Em análise;SCM;EMBRATEL S.A.;Grande;Claro;MG;CONTAGEM;SCM
24/08/2023;13:52;Reclamação;Atendimento;Atendimento inadequado;Respondida;SCM;CLARO S.A.;N/A;Claro;PR;CURITIBA;SCM
25/08/2022;16:15;Reclamação;Cobrança;Cobrança indevida;Respondida;SCM;Telefonica Brasil S.A.;Grande;Vivo;SP;CAMPINAS;SCM
29/12/2023;15:11;Reclamação;Cobrança;Cobrança indevida;Em análise;SCM;CLARO S.A.;Grande;Claro;GO;ANÁPOLIS;SCM
29/12/2022;16:00;Reclamação;Velocidade;Velocidade abaixo do contratado;Pendente;SCM;TIM S.A.;Grande;TIM;CE;SOBRAL;SCM
22/02/2022;13:56;Reclamação;Falha;Falha/Interrupção do serviço;Respondida;SCM;CLARO S.A.;Grande;Claro;MA;TIMON;SCM
13/11/2022;09:40;Reclamação;Velocidade;Velocidade abaixo do contratado;Respondida;SCM;TELEFONICA BRASIL S.A.;Grande;Vivo;RO;RO - INTERIOR;SCM
12/01/2022;12:20;Reclamação;Cobrança;Cobrança indevida;Respondida;SCM;CLARO S.A.;Grande;Claro;CE;FORTALEZA;SCM
01/07/2023;20:08;Reclamação;Velocidade;Velocidade abaixo do contratado;Respondida;SCM;Tim S.A.;Grande;TIM;SP;CAMPINAS;SCM
08/03/2022;17:49;Reclamação;Cobrança;Cobrança indevida;Respondida;SCM;CLARO S.A.;Grande;Claro;PA;MARABÁ;SCM
13/02/2022;20:28;Reclamação;Cobrança;Cobrança indevida;Respondida;SCM;CLARO S.A.;Grande;Claro;MG;BELO HORIZONTE;SCM
09/09/2023;14:43;Reclamação;Cobrança;Cobrança indevida;Respondida;SCM;EMBRATEL S.A.;Grande;Claro;RS;PELOTAS;SCM
06/09/2023;12:33;Reclamação;Cobrança;Cobrança indevida;Respondida;SCM;Telefonica Brasil S.A.;Grande;Vivo;MG;CONTAGEM;SCM
11/03/2022;19:24;Reclamação;Falha;Falha/Interrupção do serviço;Respondida;SCM;TIM S.A.;Grande;TIM;RJ;RIO DE JANEIRO;SCM
19/01/2023;15:35;Reclamação;Falha;Falha/Interrupção do serviço;Em análise;SCM;TELEFONICA BRASIL S.A.;Grande;Vivo;RJ;NOVA IGUAÇU;SCM
15/04/2023;11:39;Reclamação;Velocidade;Velocidade abaixo do contratado;Respondida;SCM;TIM S.A.;Grande;TIM;RJ;RIO DE JANEIRO;SCM
31/10/2022;13:38;Reclamação;Cobrança;Cobrança indevida;Respondida;SCM;CLARO S/A;Grande;Claro;SP;SÃO PAULO;SCM
02/03/2022;17:52;Reclamação;Falha;Falha/Interrupção do serviço;Respondida;SCM;OI S.A.;Grande;Oi;MG;UBERLÂNDIA;SCM
20/12/2022;12:42;Reclamação;Atendimento;Atendimento inadequado;Em análise;SCM;CLARO S/A;Grande;Claro;BA;FEIRA DE SANTANA;SCM
03/01/2022;19:16;Reclamação;Contrato;Cancelamento não realizado;Respondida;SCM;TELEFONICA BRASIL S.A.;Grande;Vivo;BA;FEIRA DE SANTANA;SCM
16/12/2023;20:13;Reclamação;Velocidade;Velocidade abaixo do contratado;Respondida;SCM;TIM S.A.;Grande;TIM;MG;BELO HORIZONTE;SCM
15/03/2023;17:52;Reclamação;Velocidade;Velocidade abaixo do contratado;Pendente;SCM;CLARO S.A.;Grande;Claro;CE;FORTALEZA;SCM
12/11/2023;10:38;Reclamação;Cobrança;Cobrança indevida;Respondida;SCM;TELEFONICA BRASIL S.A.;Grande;Vivo;PE;RECIFE;SCM
21/01/2023;20:49;Reclamação;Cobrança;Cobrança indevida;Respondida;SCM;CLARO S/A;Grande;Claro;RJ;RIO DE JANEIRO;SCM
07/07/2022;21:12;Reclamação;Velocidade;Velocidade abaixo do contratado;Respondida;SCM;CLARO S.A.;Grande;Claro;MG;JUIZ DE FORA;SCM
15/06/2023;11:13;Reclamação;Falha;Falha/Interrupção do serviço;Respondida;SCM;TIM S.A.;Grande;TIM;TO;TO - INTERIOR;SCM
08/05/2022;18:27;Reclamação;Contrato;Cancelamento não realizado;Respondida;SCM;CLARO S/A;Grande;Claro;PB;PB - INTERIOR;SCM
01/11/2022;14:02;Reclamação;Atendimento;Atendimento inadequado;Respondida;SCM;TELEFONICA BRASIL S.A.;Grande;Vivo;PA;BELÉM;SCM
15/12/2023;18:34;Reclamação;Falha;Falha/Interrupção do serviço;Pendente;SCM;CLARO S.A.;Grande;Claro;PR;PONTA GROSSA;SCM
19/01/2023;16:19;Reclamação;Outros;Outros;Em análise;SCM;TELEFONICA BRASIL S.A.;Grande;Vivo;SP;SOROCABA;SCM
09/04/2023;18:32;Reclamação;Falha;Falha/Interrupção do serviço;Respondida;SCM;CLARO S/A;Grande;Claro;MG;CONTAGEM;SCM
01/05/2023;16:48;Reclamação;Velocidade;Velocidade abaixo do contratado;Respondida;SCM;CLARO S.A.;Grande;Claro;GO;ANÁPOLIS;SCM
17/06/2023;22:39;Reclamação;Cobrança;Cobrança indevida;Pendente;SCM;TELEFONICA BRASIL S.A.;Grande;N/A;SP;SOROCABA;SCM
26/08/2022;10:44;Reclamação;Velocidade;Velocidade abaixo do contratado;Respondida;SCM;Telefonica Brasil S.A.;N/A;Vivo;BA;FEIRA DE SANTANA;SCM
25/04/2023;08:08;Reclamação;Atendimento;Atendimento inadequado;Pendente;SCM;EMBRATEL S.A.;Grande;Claro;RJ;DUQUE DE CAXIAS;SCM
26/05/2023;16:08;Reclamação;Atendimento;Atendimento inadequado;Respondida;SCM;OI S.A.;Grande;Oi;SP;SANTOS;SCM
10/04/2022;13:13;Reclamação;Falha;Falha/Interrupção do serviço;Respondida;SCM;NET SERVIÇOS DE COMUNICAÇÃO S.A.;Grande;Claro;RJ;RIO DE JANEIRO;SCM
16/12/2023;13:23;Reclamação;Cobrança;Cobrança indevida;Respondida;SCM;OI S.A.;Grande;Oi;PR;MARINGÁ;SCM
22/06/2023;08:44;Reclamação;Cobrança;Cobrança indevida;Respondida;SCM;CLARO S.A.;Grande;Claro;PE;CARUARU;SCM
23/10/2023;17:09;Reclamação;Instalação;Prazo de instalação excedido;Em análise;SCM;CLARO S.A.;Grande;-;PR;LONDRINA;SCM
10/06/2022;12:46;Reclamação;Falha;Falha/Interrupção do serviço;Em análise;SCM;Claro S/A;Grande;Claro;PI;PI - INTERIOR;SCM
06/10/2022;10:59;Reclamação;Velocidade;Velocidade abaixo do contratado;Respondida;SCM;CLARO S.A.;Grande;Claro;AM;PARINTINS;SCM
28/02/2023;07:32;Reclamação;Velocidade;Velocidade abaixo do contratado;Pendente;SCM;OI S.A.;Grande;Oi;SP;GUARULHOS;SCM
02/12/2023;20:06;Reclamação;Cobrança;Cobrança indevida;Respondida;SCM;CLARO S.A.;Grande;Claro;MG;UBERLÂNDIA;SCM
28/08/2023;21:42;Reclamação;Cobrança;Cobrança indevida;Respondida;SCM;NÃO INFORMADO;Grande;Claro;ES;VILA VELHA;SCM
27/11/2023;07:06;Reclamação;Velocidade;Velocidade abaixo do contratado;Respondida;SCM;TELEFONICA BRASIL S.A.;Grande;Vivo;PI;PI - INTERIOR;SCM
15/10/2023;19:27;Reclamação;Atendimento;Atendimento inadequado;Em análise;SCM;TIM S.A.;Grande;TIM;SP;SÃO PAULO;SCM
23/10/2022;19:04;Reclamação;Velocidade;Velocidade abaixo do contratado;Respondida;SCM;EMBRATEL S.A.;Grande;Claro;SP;CAMPINAS;SCM
30/07/2023;13:27;Reclamação;Falha;Falha/Interrupção do serviço;Respondida;SCM;TIM S.A.;Grande;TIM;BA;VITÓRIA DA CONQUISTA;SCM
10/10/2022;16:12;Reclamação;Cobrança;Cobrança indevida;Respondida;SCM;CLARO S.A.;Grande;Claro;CE;JUAZEIRO DO NORTE;SCM
08/09/2023;08:15;Reclamação;Falha;Falha/Interrupção do serviço;Respondida;SCM;TELEFONICA BRASIL S.A.;Grande;Vivo;CE;CAUCAIA;SCM
08/07/2023;19:02;Reclamação;Cobrança;Cobrança indevida;Respondida;SCM;TELEFONICA BRASIL S.A.;Grande;Vivo;SP;GUARULHOS;SCM
16/02/2023;08:45;Reclamação;Velocidade;Velocidade abaixo do contratado;Respondida;SCM;TELEFONICA BRASIL S.A.;Grande;Vivo;ES;CARIACICA;SCM
17/12/2023;21:09;Reclamação;Falha;Falha/Interrupção do serviço;Pendente;SCM;NET SERVIÇOS DE COMUNICAÇÃO S.A.;Grande;Claro;RR;RR - INTERIOR;SCM
10/12/2022;15:38;Reclamação;Falha;Falha/Interrupção do serviço;Respondida;SCM;TELEFONICA BRASIL S.A.;Grande;Vivo;MG;BELO HORIZONTE;SCM
22/11/2022;14:06;Reclamação;Falha;Falha/Interrupção do serviço;Respondida;SCM;NET SERVIÇOS DE COMUNICAÇÃO S.A.;Grande;Claro;SP;CAMPINAS;SCM
14/01/2022;19:43;Reclamação;Cobrança;Cobrança indevida;Respondida;SCM;CLARO S/A;Grande;Claro;DF;BRASÍLIA;SCM
06/07/2023;12:13;Reclamação;N/A;Velocidade abaixo do contratado;Respondida;SCM;TELEFONICA BRASIL S.A.;Grande;Vivo;RJ;NOVA IGUAÇU;SCM
17/12/2022;15:34;Reclamação;Velocidade;Velocidade abaixo do contratado;Respondida;SCM;TIM S.A.;Grande;TIM;RJ;NOVA IGUAÇU;SCM
04/01/2023;19:39;Reclamação;Contrato;Cancelamento não realizado;Respondida;SCM;CLARO S.A.;Grande;Claro;RJ;DUQUE DE CAXIAS;SCM
26/05/2023;07:53;Reclamação;Velocidade;Velocidade abaixo do contratado;Respondida;SCM;TELEFONICA BRASIL S.A.;Grande;Vivo;PE;PETROLINA;SCM
30/10/2023;16:54;Reclamação;Outros;Outros;Respondida;SCM;CLARO S.A.;Grande;Claro;RS;PELOTAS;SCM
12/10/2023;11:07;Reclamação;Falha;Falha/Interrupção do serviço;Respondida;SCM;NET SERVIÇOS DE COMUNICAÇÃO S.A.;Grande;Claro;PA;SANTARÉM;SCM
22/03/2023;19:27;Reclamação;Velocidade;Velocidade abaixo do contratado;Pendente;SCM;CLARO S.A.;Grande;Claro;SP;SANTOS;SCM
23/05/2023;12:38;Reclamação;Falha;Falha/Interrupção do serviço;Respondida;SCM;TELEFONICA BRASIL S.A.;Grande;Vivo;MG;CONTAGEM;SCM
14/05/2022;11:30;Reclamação;Cobrança;Cobrança indevida;Pendente;SCM;TELEFONICA BRASIL S.A.;Grande;Vivo;RJ;NOVA IGUAÇU;SCM
05/01/2023;19:24;Reclamação;Contrato;Cancelamento não realizado;Respondida;SCM;CLARO S.A.;Grande;Claro;SP;SANTOS;SCM
18/08/2023;09:01;Reclamação;Atendimento;Atendimento inadequado;Respondida;SCM;TELEFONICA BRASIL S.A.;Grande;Vivo;PR;MARINGÁ;SCM
30/06/2023;15:06;Reclamação;Outros;Outros;Respondida;SCM;TELEFONICA BRASIL S.A.;Grande;Vivo;BA;SALVADOR;SCM
30/12/2023;15:06;Reclamação;Cobrança;Cobrança indevida;Pendente;SCM;TELEFONICA BRASIL S.A.;Grande;Vivo;MG;CONTAGEM;SCM
21/04/2022;12:32;Reclamação;Instalação;Prazo de instalação excedido;Respondida;SCM;TELEFONICA BRASIL S.A.;Grande;Vivo;PB;PB - INTERIOR;SCM
06/04/2023;21:41;Reclamação;Falha;Falha/Interrupção do serviço;Em análise;SCM;TELEFONICA BRASIL S.A.;Grande;Vivo;GO;ANÁPOLIS;SCM
31/10/2023;07:01;Reclamação;Cobrança;Cobrança indevida;Respondida;SCM;CLARO S.A.;Grande;Claro;SP;SOROCABA;SCM
03/01/2023;20:27;Reclamação;Velocidade;NÃO INFORMADO;Respondida;SCM;CLARO S.A.;Grande;Claro;RS;CANOAS;SCM
06/08/2023;08:03;Reclamação;Velocidade;Velocidade abaixo do contratado;Respondida;SCM;TELEFONICA BRASIL S.A.;Grande;Vivo;PE;CARUARU;SCM
22/11/2022;09:01;Reclamação;Velocidade;Velocidade abaixo do contratado;Respondida;SCM;OI S.A.;Grande;Oi;MG;UBERLÂNDIA;SCM
11/01/2023;10:14;Reclamação;Cobrança;Cobrança indevida;Pendente;SCM;CLARO S/A;Grande;Claro;PB;PB - INTERIOR;SCM
20/09/2023;15:18;Reclamação;Falha;Falha/Interrupção do serviço;Respondida;SCM;NET SERVIÇOS DE COMUNICAÇÃO S.A.;Grande;Claro;RJ;NOVA IGUAÇU;SCM
02/07/2023;16:01;Reclamação;Atendimento;Atendimento inadequado;Respondida;SCM;NET SERVIÇOS DE COMUNICAÇÃO S.A.;Grande;Claro;SC;SC - INTERIOR;SCM
18/12/2023;12:35;Reclamação;Atendimento;Atendimento inadequado;Respondida;SCM;TIM S.A.;Grande;TIM;BA;SALVADOR;SCM
17/03/2023;20:20;Reclamação;Falha;Falha/Interrupção do serviço;Respondida;SCM;TELEFONICA BRASIL S.A.;Grande;Vivo;PE;OLINDA;SCM
12/01/2023;17:44;Reclamação;Falha;Falha/Interrupção do serviço;Pendente;SCM;CLARO S/A;Grande;Claro;PI;PI - INTERIOR;SCM
15/08/2023;13:44;Reclamação;N/A;Outros;Em análise;SCM;TELEFONICA BRASIL S.A.;Grande;Vivo;SP;GUARULHOS;SCM
15/03/2023;18:19;Reclamação;Contrato;Cancelamento não realizado;Respondida;SCM;CLARO S.A.;Grande;Claro;DF;TAGUATINGA;SCM
27/11/2023;21:27;Reclamação;Atendimento;Atendimento inadequado;Respondida;SCM;CLARO S.A.;Grande;Claro;PR;CURITIBA;SCM
14/03/2023;15:02;Reclamação;Cobrança;Cobrança indevida;Pendente;SCM;TELEFONICA BRASIL S.A.;Grande;Vivo;MA;TIMON;SCM
29/04/2022;08:47;Reclamação;Falha;Falha/Interrupção do serviço;Respondida;SCM;OI S.A.;Grande;Oi;RS;CAXIAS DO SUL;SCM
04/01/2023;11:53;Reclamação;Velocidade;Velocidade abaixo do contratado;Respondida;SCM;TELEFONICA BRASIL S.A.;Grande;Vivo;PE;RECIFE;SCM
06/04/2023;15:22;Reclamação;Contrato;Cancelamento não realizado;Respondida;SCM;TIM S.A.;Grande;TIM;PI;PI - INTERIOR;SCM
14/01/2022;18:47;Reclamação;Falha;Falha/Interrupção do serviço;Respondida;SCM;CLARO S.A.; ;Claro;BA;FEIRA DE SANTANA;SCM
27/01/2023;16:24;Reclamação;Velocidade;Velocidade abaixo do contratado;Respondida;SCM;Tim S.A.;Grande;TIM;MG;BELO HORIZONTE;SCM
28/06/2023;22:34;Reclamação;Velocidade;Velocidade abaixo do contratado;Respondida;SCM;CLARO S.A.;Grande;Claro;MA;TIMON;SCM
29/07/2023;13:27;Reclamação;Velocidade;Velocidade abaixo do contratado;Respondida;SCM;CLARO S.A.;Grande;Claro;SP;SOROCABA;SCM
30/11/2022;07:26;Reclamação;Velocidade;Velocidade abaixo do contratado;Respondida;SCM;EMBRATEL S.A.;Grande;Claro;RN;RN - INTERIOR;SCM
06/08/2022;13:51;Reclamação;Cobrança;Cobrança indevida;Respondida;SCM;TIM S.A.;Grande;TIM;MG;CONTAGEM;SCM
27/11/2022;07:07;Reclamação;Atendimento;Atendimento inadequado;Em análise;SCM;NET SERVIÇOS DE COMUNICAÇÃO S.A.;Grande;Claro;BA;FEIRA DE SANTANA;SCM
30/10/2023;20:28;Reclamação;Velocidade;Velocidade abaixo do contratado;Respondida;SCM;TELEFONICA BRASIL S.A.;Grande;Vivo;PE;CARUARU;SCM
18/01/2022;12:23;Reclamação;Velocidade;Velocidade abaixo do contratado;Respondida;SCM;OI S.A.;Grande;Oi;MS;DOURADOS;SCM
06/07/2023;09:52;Reclamação;Cobrança;Cobrança indevida;Respondida;SCM;TELEFONICA BRASIL S.A.;Grande;Vivo;SP;SÃO PAULO;SCM
27/04/2022;22:47;Reclamação;Outros;Outros;Respondida;SCM;TELEFONICA BRASIL S.A.;Grande;Vivo;MA;SÃO LUÍS;SCM
12/10/2022;08:50;Reclamação;Falha;Falha/Interrupção do serviço;Respondida;SCM;TELEFONICA BRASIL S.A.;Grande;Vivo;AM;ITACOATIARA;SCM
23/03/2022;16:53;Reclamação;Velocidade;Velocidade abaixo do contratado;Respondida;SCM;TIM S.A.;Grande;TIM;SP;SANTOS;SCM
10/04/2022;09:29;Reclamação;Velocidade;Velocidade abaixo do contratado;Respondida;SCM;SERCOMTEL S.A. - TELECOMUNICAÇÕES;Pequeno;Sercomtel;RS;CAXIAS DO SUL;SCM
13/03/2022;16:41;Reclamação;Velocidade;Velocidade abaixo do contratado;Respondida;SCM;CLARO S.A.;Grande;Claro;AP;AP - INTERIOR;SCM
30/12/2023;11:27;Reclamação;Velocidade;Velocidade abaixo do contratado;Em análise;SCM;TELEFONICA BRASIL S.A.;Grande;Vivo;PE;PETROLINA;SCM
25/03/2023;09:47;Reclamação;N/A;Falha/Interrupção do serviço;Pendente;SCM;TELEFONICA BRASIL S.A.;Grande;Vivo;SE;SE - INTERIOR;SCM
19/09/2023;12:43;Reclamação;Atendimento;Atendimento inadequado;Respondida;SCM;CLARO S.A.;Grande;Claro;BA;SALVADOR;SCM
16/11/2023;08:48;Reclamação;N/A;Velocidade abaixo do contratado;Pendente;SCM;EMBRATEL S.A.; ;Claro;DF;TAGUATINGA;SCM
04/04/2023;14:58;Reclamação;Velocidade;Velocidade abaixo do contratado;Pendente;SCM;CLARO S.A.; ;Claro;RS;PELOTAS;SCM
29/08/2022;19:07;Reclamação;Falha;Falha/Interrupção do serviço;Respondida;SCM;TELEFONICA BRASIL S.A.;Grande;Vivo;MS;CAMPO GRANDE;SCM
17/06/2023;19:57;Reclamação;Cobrança;Cobrança indevida;Em análise;SCM;CLARO S/A;Grande;Claro;MG;BELO HORIZONTE;SCM
16/05/2023;08:29;Reclamação;Cobrança;Cobrança indevida;Respondida;SCM;OI S.A.;Grande;Oi;AM;ITACOATIARA;SCM
31/01/2023;19:15;Reclamação;Velocidade;Velocidade abaixo do contratado;Respondida;SCM;TELEFONICA BRASIL S.A.;Grande;Vivo;RJ;NITERÓI;SCM
22/06/2022;16:35;Reclamação;Velocidade;Velocidade abaixo do contratado;Respondida;SCM;TELEFONICA BRASIL S.A.;Grande;Vivo;PR;LONDRINA;SCM
28/05/2023;08:29;Reclamação;Instalação;Prazo de instalação excedido;Respondida;SCM;EMBRATEL S.A.;Grande;Claro;BA;VITÓRIA DA CONQUISTA;SCM
28/08/2022;12:17;Reclamação;Velocidade;Velocidade abaixo do contratado;Respondida;SCM;TELEFONICA BRASIL S.A.;Grande;Vivo;BA;FEIRA DE SANTANA;SCM
09/01/2023;17:35;Reclamação;Velocidade;Velocidade abaixo do contratado;Respondida;SCM;CLARO S.A.;Grande;Claro;PI;PI - INTERIOR;SCM
28/12/2023;22:41;Reclamação;NÃO INFORMADO;Velocidade abaixo do contratado;Respondida;SCM;OI S.A.;Grande;Oi;AM;ITACOATIARA;SCM
13/10/2022;12:14;Reclamação;Velocidade;Velocidade abaixo do contratado;Pendente;SCM;TELEFONICA BRASIL S.A.;Grande;Vivo;RJ;NITERÓI;SCM
10/06/2022;16:54;Reclamação;Cobrança;Cobrança indevida;Respondida;SCM;EMBRATEL S.A.;Grande;Claro;DF;TAGUATINGA;SCM
15/06/2023;18:41;Reclamação;Velocidade;Velocidade abaixo do contratado;Respondida;SCM;CLARO S.A.;Grande;Claro;SP;GUARULHOS;SCM
04/01/2023;18:34;Reclamação;Velocidade;Velocidade abaixo do contratado;Pendente;SCM;OI S.A.;Grande;Oi;SP;SOROCABA;SCM
06/12/2023;11:30;Reclamação;Cobrança;Cobrança indevida;Respondida;SCM;TELEFONICA BRASIL S.A.;Grande;Vivo;SE;SE - INTERIOR;SCM
09/11/2023;19:19;Reclamação;Cobrança;-;Respondida;SCM;CLARO S.A.;Grande;Claro;PR;LONDRINA;SCM
14/12/2022;22:47;Reclamação;Contrato;Cancelamento não realizado;Respondida;SCM;CLARO S.A.;Grande;Claro;CE;SOBRAL;SCM
23/02/2023;19:09;Reclamação;Cobrança;Cobrança indevida;Respondida;SCM;TELEFONICA BRASIL S.A.;Grande;Vivo;MG;BELO HORIZONTE;SCM
04/03/2022;21:11;Reclamação;Velocidade;Velocidade abaixo do contratado;Respondida;SCM;TELEFONICA BRASIL S.A.;Grande;Vivo;PA;MARABÁ;SCM
01/07/2022;12:46;Reclamação;Cobrança;Cobrança indevida;Respondida;SCM;TELEFONICA BRASIL S.A.;Grande;Vivo;BA;VITÓRIA DA CONQUISTA;SCM
16/01/2022;07:20;Reclamação;Cobrança;Cobrança indevida;Respondida;SCM;OI S.A.;Grande;Oi;RJ;RIO DE JANEIRO;SCM
19/12/2023;18:18;Reclamação;Falha;Falha/Interrupção do serviço;Respondida;SCM;NET SERVIÇOS DE COMUNICAÇÃO S.A.;Grande;Claro;SP;SANTOS;SCM
26/07/2022;11:21;Reclamação;Velocidade;Velocidade abaixo do contratado;Em análise;SCM;CLARO S.A.;Grande;Claro;RJ;NOVA IGUAÇU;SCM
20/09/2023;14:32;Reclamação;Cobrança;Cobrança indevida;Pendente;SCM;TIM S.A.;Grande;TIM;RJ;DUQUE DE CAXIAS;SCM
17/03/2022;17:57;Reclamação;Falha;Falha/Interrupção do serviço;Respondida;SCM;Claro S.A.;Grande;Claro;MG;JUIZ DE FORA;SCM
10/03/2022;11:44;Reclamação;Cobrança;Cobrança indevida;Respondida;SCM;CLARO S.A.;Grande;Claro;MG;JUIZ DE FORA;SCM
03/04/2023;22:05;Reclamação;Falha;Falha/Interrupção do serviço;Respondida;SCM;OI S.A.;Grande;Oi;SE;SE - INTERIOR;SCM
12/04/2022;18:18;Reclamação;Falha;Falha/Interrupção do serviço;Respondida;SCM;EMBRATEL S.A.;Grande;Claro;RJ;DUQUE DE CAXIAS;SCM
27/08/2023;08:13;Reclamação;Cobrança;Cobrança indevida;Respondida;SCM;CLARO S/A;Grande;Claro;SP;GUARULHOS;SCM
20/03/2023;16:24;Reclamação;Velocidade;Velocidade abaixo do contratado;Respondida;SCM;TIM S.A.;Grande;TIM;SP;SÃO PAULO;SCM
06/09/2022;13:18;Reclamação;Velocidade;Velocidade abaixo do contratado;Respondida;SCM; ;Grande;TIM;DF;CEILÂNDIA;SCM
15/10/2023;20:05;Reclamação;Falha;Falha/Interrupção do serviço;Respondida;SCM;-;Grande;Vivo;PE;CARUARU;SCM
27/11/2022;20:50;Reclamação;Cobrança;Cobrança indevida;Respondida;SCM;TIM S.A.;Grande;TIM;DF;CEILÂNDIA;SCM
08/11/2023;22:04;Reclamação;Velocidade;Velocidade abaixo do contratado;Respondida;SCM;OI S.A.;Grande;Oi;MG;JUIZ DE FORA;SCM
04/04/2022;21:36;Reclamação;Outros;Outros;Respondida;SCM;OI S.A.;Grande;Oi;SC;SC - INTERIOR;SCM
06/03/2023;13:42;Reclamação;Contrato;Cancelamento não realizado;Respondida;SCM;CLARO S.A.;Grande;Claro;MG;CONTAGEM;SCM
20/10/2023;17:57;Reclamação;Cobrança;Cobrança indevida;Respondida;SCM;TIM S.A.;Grande;TIM;PE;CARUARU;SCM
02/10/2022;13:38;Reclamação;Velocidade;Velocidade abaixo do contratado;Respondida;SCM;TIM S.A.;Grande;TIM;SP;CAMPINAS;SCM
22/10/2023;07:25;Reclamação;Falha;Falha/Interrupção do serviço;Respondida;SCM;Claro S.A.;Grande;Claro;SP;GUARULHOS;SCM
18/05/2023;18:03;Reclamação;Velocidade;Velocidade abaixo do contratado;Respondida;SCM;TIM S.A.;Grande;TIM;RJ;DUQUE DE CAXIAS;SCM
05/10/2023;17:49;Reclamação;Atendimento;Atendimento inadequado;Respondida;SCM;TELEFONICA BRASIL S.A.;Grande;Vivo;PA;SANTARÉM;SCM
31/08/2022;15:24;Reclamação;Cobrança; ;Pendente;SCM;TELEFONICA BRASIL S.A.;Grande;Vivo;PR;PONTA GROSSA;SCM
13/03/2022;18:26;Reclamação;Cobrança;Cobrança indevida;Em análise;SCM;TELEFONICA BRASIL S.A.;Grande;Vivo;AM;PARINTINS;SCM
28/10/2022;12:31;Reclamação;Atendimento;Atendimento inadequado;Respondida;SCM;EMBRATEL S.A.;Grande;Claro;BA;FEIRA DE SANTANA;SCM
09/11/2023;15:18;Reclamação;Atendimento; ;Respondida;SCM;EMBRATEL S.A.;Grande;Claro;MA;SÃO LUÍS;SCM
21/08/2023;19:56;Reclamação;Falha;Falha/Interrupção do serviço;Respondida;SCM;TELEFONICA BRASIL S.A.;Grande;Vivo;BA;FEIRA DE SANTANA;SCM
13/09/2022;08:47;Reclamação;Cobrança;Cobrança indevida;Respondida;SCM;CLARO S.A.;Grande;Claro;SP;SÃO PAULO;SCM
13/11/2023;21:11;Reclamação;N/A;Falha/Interrupção do serviço;Respondida;SCM;CLARO S.A.;Grande;Claro;BA;FEIRA DE SANTANA;SCM
01/02/2023;20:32;Reclamação;Falha;Falha/Interrupção do serviço;Respondida;SCM;CLARO S.A.;Grande;Claro;AM;PARINTINS;SCM
01/06/2023;19:33;Reclamação;Contrato;Cancelamento não realizado;Respondida;SCM;NET SERVIÇOS DE COMUNICAÇÃO S.A.;Grande;Claro;SP;SOROCABA;SCM
07/02/2023;15:58;Reclamação;N/A;Velocidade abaixo do contratado;Respondida;SCM;EMBRATEL S.A.;Grande;Claro;PA;ANANINDEUA;SCM
30/12/2022;12:12;Reclamação;Cobrança;Cobrança indevida;Respondida;SCM;TIM S.A.;Grande;TIM;SP;GUARULHOS;SCM
11/01/2022;16:21;Reclamação;Instalação;Prazo de instalação excedido;Respondida;SCM;CLARO S.A.;Grande;Claro;RR;RR - INTERIOR;SCM
23/04/2023;20:02;Reclamação;Atendimento;Atendimento inadequado;Respondida;SCM;CLARO S.A.;Grande;Claro;SP;GUARULHOS;SCM
02/02/2023;08:40;Reclamação;Velocidade;Velocidade abaixo do contratado;Respondida;SCM;CLARO S.A.;Grande;Claro;GO;ANÁPOLIS;SCM
20/04/2023;14:41;Reclamação;Velocidade;Velocidade abaixo do contratado;Respondida;SCM;NET SERVIÇOS DE COMUNICAÇÃO S.A.;Grande;Claro;SP;GUARULHOS;SCM
14/07/2022;19:27;Reclamação;Velocidade;Velocidade abaixo do contratado;Respondida;SCM;CLARO S/A;Grande;Claro;MG;BELO HORIZONTE;SCM
19/12/2022;17:40;Reclamação;Falha;Falha/Interrupção do serviço;Respondida;SCM;OI S.A.;Grande;Oi;SP;CAMPINAS;SCM
09/07/2022;14:05;Reclamação;Instalação;Prazo de instalação excedido;Respondida;SCM;CLARO S.A.;Grande;Claro;PE;RECIFE;SCM
01/06/2022;12:11;Reclamação;Velocidade;Velocidade abaixo do contratado;Respondida;SCM;CLARO S.A.;Grande;Claro;MG;UBERLÂNDIA;SCM
03/08/2023;16:35;Reclamação;Velocidade;Velocidade abaixo do contratado;Respondida;SCM;TELEFONICA BRASIL S.A.;Grande;Vivo;RR;RR - INTERIOR;SCM
28/08/2023;11:16;Reclamação;Velocidade;Velocidade abaixo do contratado;Respondida;SCM;CLARO S.A.;Grande;Claro;SP;SANTOS;SCM
02/08/2022;15:57;Reclamação;Velocidade;Velocidade abaixo do contratado;Pendente;SCM;NET SERVIÇOS DE COMUNICAÇÃO S.A.;Grande;Claro;MG;CONTAGEM;SCM
26/04/2022;19:42;Reclamação;Velocidade;N/A;Respondida;SCM;CLARO S/A;Grande;Claro;PA;BELÉM;SCM
09/10/2023;11:04;Reclamação;Velocidade;Velocidade abaixo do contratado;Em análise;SCM;EMBRATEL S.A.;Grande;Claro;SP;GUARULHOS;SCM
02/08/2023;09:53;Reclamação;Velocidade;Velocidade abaixo do contratado;Pendente;SCM;CLARO S/A;Grande;Claro;BA;SALVADOR;SCM
23/04/2023;17:33;Reclamação;Atendimento;Atendimento inadequado;Respondida;SCM;TELEFONICA BRASIL S.A.;Grande;Vivo;AM;ITACOATIARA;SCM
10/06/2022;13:12;Reclamação;Velocidade;Velocidade abaixo do contratado;Respondida;SCM;TELEFONICA BRASIL S.A.;Grande;Vivo;RJ;DUQUE DE CAXIAS;SCM
04/09/2023;07:48;Reclamação;Cobrança;Cobrança indevida;Respondida;SCM;NET SERVIÇOS DE COMUNICAÇÃO S.A.;Grande;Claro;RJ;NITERÓI;SCM
05/07/2023;16:59;Reclamação;Outros;Outros;Em análise;SCM;OI S.A.;Grande;Oi;AL;AL - INTERIOR;SCM
08/11/2022;21:23;Reclamação;Cobrança;Cobrança indevida;Respondida;SCM;CLARO S.A.;Grande;Claro;SP;SANTOS;SCM
17/12/2022;20:19;Reclamação;Velocidade;Velocidade abaixo do contratado;Respondida;SCM;TELEFONICA BRASIL S.A.;Grande;Vivo;SP;SÃO PAULO;SCM
28/06/2023;09:37;Reclamação;Cobrança;Cobrança indevida;Respondida;SCM;TELEFONICA BRASIL S.A.;Grande;Vivo;SP;SANTOS;SCM
20/02/2022;08:19;Reclamação;Velocidade;Velocidade abaixo do contratado;Respondida;SCM;TELEFONICA BRASIL S.A.;Grande;Vivo;SP;CAMPINAS;SCM
31/12/2023;17:19;Reclamação;Contrato;Cancelamento não realizado;Respondida;SCM;CLARO S.A.;Grande;Claro;RS;CAXIAS DO SUL;SCM
10/01/2023;14:46;Reclamação;Velocidade;N/A;Respondida;SCM;CLARO S.A.;Grande;Claro;BA;SALVADOR;SCM
14/10/2023;09:10;Reclamação;Cobrança;Cobrança indevida;Pendente;SCM;Claro S.A.;Grande;Claro;PA;SANTARÉM;SCM
30/08/2022;12:39;Reclamação;Velocidade;Velocidade abaixo do contratado;Respondida;SCM;TELEFONICA BRASIL S.A.;Grande;Vivo;MG;JUIZ DE FORA;SCM
04/02/2023;20:33;Reclamação;N/A;Cobrança indevida;Respondida;SCM;EMBRATEL S.A.;Grande;Claro;SP;SÃO PAULO;SCM
29/08/2023;15:39;Reclamação;Falha;Falha/Interrupção do serviço;Respondida;SCM;TELEFONICA BRASIL S.A.;Grande;Vivo;PB;PB - INTERIOR;SCM
08/09/2023;20:43;Reclamação;Contrato;Cancelamento não realizado;Pendente;SCM;TIM S.A.;Grande;TIM;PA;MARABÁ;SCM
18/05/2022;22:45;Reclamação;Velocidade;Velocidade abaixo do contratado;Pendente;SCM;CLARO S.A.;Grande;Claro;PA;SANTARÉM;SCM
18/04/2022;12:40;Reclamação;Atendimento;Atendimento inadequado;Respondida;SCM;TIM S.A.;Grande;TIM;PE;RECIFE;SCM
10/04/2022;13:06;Reclamação;Velocidade;Velocidade abaixo do contratado;Respondida;SCM;CLARO S/A;Grande;Claro;SP;GUARULHOS;SCM
17/05/2022;13:21;Reclamação;Velocidade;Velocidade abaixo do contratado;Respondida;SCM;TIM S.A.;Grande;TIM;MA;IMPERATRIZ;SCM
14/02/2023;15:14;Reclamação;Cobrança;Cobrança indevida;Respondida;SCM;Telefonica Brasil S.A.;Grande;Vivo;SP;SOROCABA;SCM
17/03/2022;15:58;Reclamação;Cobrança;Cobrança indevida;Respondida;SCM;CLARO S.A.;Grande;Claro;SP;GUARULHOS;SCM
03/12/2022;08:39;Reclamação;Velocidade;Velocidade abaixo do contratado;Respondida;SCM;CLARO S.A.;Grande;Claro;RJ;NITERÓI;SCM
09/05/2023;19:10;Reclamação;Velocidade;Velocidade abaixo do contratado;Respondida;SCM;CLARO S/A;Grande;Claro;RJ;NOVA IGUAÇU;SCM
08/07/2022;12:09;Reclamação;Contrato;Cancelamento não realizado;Respondida;SCM;Tim S.A.;Grande;TIM;SP;GUARULHOS;SCM
01/06/2023;17:45;Reclamação;Atendimento;Atendimento inadequado;Respondida;SCM;CLARO S.A.;Grande;Claro;RO;RO - INTERIOR;SCM
12/05/2022;09:19;Reclamação;Cobrança;Cobrança indevida;Respondida;SCM;EMBRATEL S.A.;Grande;Claro;SP;CAMPINAS;SCM
04/02/2023;22:40;Reclamação;Velocidade;Velocidade abaixo do contratado;Pendente;SCM;CLARO S.A.;Grande;Claro;RJ;RIO DE JANEIRO;SCM
16/03/2023;15:19;Reclamação;Velocidade;Velocidade abaixo do contratado;Respondida;SCM;TIM S.A.;Grande;TIM;SC;SC - INTERIOR;SCM
04/08/2022;11:51;Reclamação;Cobrança;Cobrança indevida;Respondida;SCM;CLARO S.A.;Grande;Claro;SP;GUARULHOS;SCM
11/10/2023;20:35;Reclamação;Cobrança;Cobrança indevida;Respondida;SCM;CLARO S.A.;Grande;Claro;SP;SANTOS;SCM
08/09/2022;17:30;Reclamação;Cobrança;Cobrança indevida;Respondida;SCM;TELEFONICA BRASIL S.A.;Grande;Vivo;PB;PB - INTERIOR;SCM
05/03/2023;15:17;Reclamação;Cobrança;Cobrança indevida;Respondida;SCM;SERCOMTEL S.A. - TELECOMUNICAÇÕES;Pequeno;Sercomtel;SC;SC - INTERIOR;SCM
24/06/2023;17:22;Reclamação;Velocidade;Velocidade abaixo do contratado;Pendente;SCM;TELEFONICA BRASIL S.A.;Grande;Vivo;BA;SALVADOR;SCM
28/08/2022;14:42;Reclamação;Velocidade;Velocidade abaixo do contratado;Respondida;SCM;CLARO S.A.;Grande;Claro;BA;FEIRA DE SANTANA;SCM
05/10/2023;12:55;Reclamação;Velocidade;Velocidade abaixo do contratado;Pendente;SCM;CLARO S.A.;Grande;Claro;BA;FEIRA DE SANTANA;SCM
01/10/2022;18:29;Reclamação;Velocidade;Velocidade abaixo do contratado;Respondida;SCM;TELEFONICA BRASIL S.A.;Grande;Vivo;SP;CAMPINAS;SCM
17/08/2023;10:48;Reclamação;Outros;Outros;Pendente;SCM;CLARO S.A.;Grande;Claro;CE;FORTALEZA;SCM
12/09/2023;17:25;Reclamação;Falha;Falha/Interrupção do serviço;Respondida;SCM;CLARO S.A.;Grande;Claro;PB;PB - INTERIOR;SCM
04/06/2023;09:46;Reclamação;Velocidade;Velocidade abaixo do contratado;Pendente;SCM;OI S.A.;Grande;Oi;MT;CUIABÁ;SCM
19/03/2022;19:07;Reclamação;Atendimento;Atendimento inadequado;Respondida;SCM;OI S.A.;Grande;N/A;CE;CAUCAIA;SCM
03/06/2022;14:10;Reclamação;Atendimento;Atendimento inadequado;Em análise;SCM;SERCOMTEL S.A. - TELECOMUNICAÇÕES;Pequeno;Sercomtel;MT;CUIABÁ;SCM
26/01/2023;14:21;Reclamação;Atendimento;Atendimento inadequado;Respondida;SCM;TELEFONICA BRASIL S.A.;Grande;Vivo;MA;IMPERATRIZ;SCM
02/03/2022;08:28;Reclamação;Falha;Falha/Interrupção do serviço;Pendente;SCM;TELEFONICA BRASIL S.A.;Grande;Vivo;SP;CAMPINAS;SCM
27/01/2023;21:45;Reclamação;Velocidade;Velocidade abaixo do contratado;Pendente;SCM;TELEFONICA BRASIL S.A.;Grande;Vivo;BA;FEIRA DE SANTANA;SCM
23/11/2023;08:06;Reclamação;Velocidade;Velocidade abaixo do contratado;Respondida;SCM;TELEFONICA BRASIL S.A.;Grande;Vivo;MG;JUIZ DE FORA;SCM
19/04/2023;15:03;Reclamação;Falha;Falha/Interrupção do serviço;Em análise;SCM;CLARO S.A.;Grande;Claro;BA;VITÓRIA DA CONQUISTA;SCM
09/04/2023;22:45;Reclamação;Cobrança;Cobrança indevida;Respondida;SCM;CLARO S.A.;Grande;Claro;PB;PB - INTERIOR;SCM
27/12/2022;08:30;Reclamação;Atendimento;Atendimento inadequado;Respondida;SCM;TELEFONICA BRASIL S.A.;Grande;Vivo;SP;SOROCABA;SCM
01/06/2022;14:46;Reclamação;Falha;Falha/Interrupção do serviço;Em análise;SCM;TIM S.A.;Grande;TIM;RR;RR - INTERIOR;SCM
11/02/2023;13:15;Reclamação;NÃO INFORMADO;Velocidade abaixo do contratado;Respondida;SCM;CLARO S/A;Grande;Claro;BA;VITÓRIA DA CONQUISTA;SCM
04/01/2022;21:55;Reclamação;Contrato;Cancelamento não realizado;Pendente;SCM;NET SERVIÇOS DE COMUNICAÇÃO S.A.;Grande;Claro;SP;SANTOS;SCM
28/05/2023;22:11;Reclamação;Falha;Falha/Interrupção do serviço;Respondida;SCM;CLARO S.A.;Grande;Claro;SP;SÃO PAULO;SCM
18/06/2023;07:07;Reclamação;Atendimento;Atendimento inadequado;Em análise;SCM;TELEFONICA BRASIL S.A.;Grande;Vivo;PR;PONTA GROSSA;SCM
22/12/2023;10:22;Reclamação;Cobrança;Cobrança indevida;Respondida;SCM;OI S.A.;Grande;Oi;BA;VITÓRIA DA CONQUISTA;SCM
22/02/2023;10:14;Reclamação;Outros;Outros;Pendente;SCM;EMBRATEL S.A.;Grande;Claro;RJ;NITERÓI;SCM
04/03/2023;18:49;Reclamação;Velocidade;Velocidade abaixo do contratado;Respondida;SCM;TIM S.A.;Grande;TIM;AP;AP - INTERIOR;SCM
30/07/2023;08:25;Reclamação;Atendimento;Atendimento inadequado;Respondida;SCM;OI S.A.;Grande;Oi;RS;PELOTAS;SCM
21/07/2022;17:17;Reclamação;Cobrança;Cobrança indevida;Respondida;SCM;CLARO S.A.;Grande;Claro;ES;CARIACICA;SCM
01/12/2023;15:09;Reclamação;Cobrança;Cobrança indevida;Pendente;SCM;TIM S.A.;Grande;TIM;PI;PI - INTERIOR;SCM
21/10/2022;07:25;Reclamação;Cobrança;Cobrança indevida;Respondida;SCM;EMBRATEL S.A.;Grande;Claro;SP;GUARULHOS;SCM
23/04/2023;19:44;Reclamação;Atendimento;Atendimento inadequado;Respondida;SCM;TIM S.A.;Grande;TIM;CE;JUAZEIRO DO NORTE;SCM
27/03/2023;11:03;Reclamação;Velocidade;Velocidade abaixo do contratado;Respondida;SCM;Tim S.A.;Grande;TIM;BA;SALVADOR;SCM
12/07/2022;17:05;Reclamação;Atendimento;Atendimento inadequado;Em análise;SCM;TELEFONICA BRASIL S.A.;Grande;Vivo;PA;SANTARÉM;SCM
28/03/2023;13:38;Reclamação;Velocidade;Velocidade abaixo do contratado;Pendente;SCM;TIM S.A.;Grande;TIM;MT;VÁRZEA GRANDE;SCM
11/10/2023;12:29;Reclamação;Velocidade;Velocidade abaixo do contratado;Respondida;SCM;TELEFONICA BRASIL S.A.;Grande;Vivo;MG;BELO HORIZONTE;SCM
23/05/2023;11:13;Reclamação;Cobrança;Cobrança indevida;Respondida;SCM;OI S.A.;Grande;Oi;AM;MANAUS;SCM
02/09/2022;13:11;Reclamação;Atendimento;Atendimento inadequado;Respondida;SCM;Telefonica Brasil S.A.;Grande;Vivo;MA;IMPERATRIZ;SCM
16/04/2023;10:18;Reclamação;Velocidade;Velocidade abaixo do contratado;Em análise;SCM;TELEFONICA BRASIL S.A.;Grande;Vivo;PR;MARINGÁ;SCM
22/11/2022;12:38;Reclamação;Cobrança;Cobrança indevida;Respondida;SCM;TELEFONICA BRASIL S.A.;Grande;Vivo;DF;BRASÍLIA;SCM
27/06/2023;22:03;Reclamação;Velocidade;Velocidade abaixo do contratado;Respondida;SCM;TIM S.A.;Grande;TIM;BA;FEIRA DE SANTANA;SCM
30/06/2023;14:24;Reclamação;Atendimento;Atendimento inadequado;Pendente;SCM;TELEFONICA BRASIL S.A.;Grande;Vivo;BA;FEIRA DE SANTANA;SCM
01/12/2023;14:11;Reclamação;Velocidade;Velocidade abaixo do contratado;Pendente;SCM;TELEFONICA BRASIL S.A.;Grande;Vivo;RJ;RIO DE JANEIRO;SCM
15/04/2023;08:35;Reclamação;Velocidade;Velocidade abaixo do contratado;Respondida;SCM;TIM S.A.;Grande;TIM;SP;GUARULHOS;SCM
07/08/2022;19:33;Reclamação;Falha;Falha/Interrupção do serviço;Pendente;SCM;TIM S.A.;Grande;TIM;TO;TO - INTERIOR;SCM
19/07/2023;12:58;Reclamação;Velocidade;Velocidade abaixo do contratado;Pendente;SCM;CLARO S/A;Grande;Claro;SP;CAMPINAS;SCM
29/11/2023;22:51;Reclamação;Outros;Outros;Em análise;SCM;Claro S.A.;Grande;Claro;SP;SANTOS;SCM
06/06/2023;19:54;Reclamação;Cobrança;Cobrança indevida;Em análise;SCM;Tim S.A.;Grande;TIM;CE;CAUCAIA;SCM
15/01/2023;12:19;Reclamação;Velocidade;Velocidade abaixo do contratado;Respondida;SCM;CLARO S.A.;Grande;Claro;MT;CUIABÁ;SCM
12/12/2023;20:19;Reclamação;Falha;Falha/Interrupção do serviço;Em análise;SCM;CLARO S.A.;Grande;Claro;PR;PONTA GROSSA;SCM
06/02/2022;08:37;Reclamação;Cobrança;Cobrança indevida;Pendente;SCM;CLARO S.A.;Grande;Claro;AL;AL - INTERIOR;SCM
21/06/2022;22:24;Reclamação;Velocidade;Velocidade abaixo do contratado;Respondida;SCM;CLARO S.A.;Grande;Claro;RJ;NITERÓI;SCM
31/10/2023;10:45;Reclamação;Cobrança;Cobrança indevida;Respondida;SCM;CLARO S.A.;Grande;Claro;MG;CONTAGEM;SCM
11/10/2023;18:31;Reclamação;Velocidade;Velocidade abaixo do contratado;Pendente;SCM;CLARO S.A.;Grande;Claro;MG;UBERLÂNDIA;SCM
23/01/2023;09:26;Reclamação;Atendimento;Atendimento inadequado;Respondida;SCM;Claro S.A.;Grande;Claro;PR;MARINGÁ;SCM
07/04/2023;22:14;Reclamação;Velocidade;Velocidade abaixo do contratado;Respondida;SCM;TELEFONICA BRASIL S.A.;Grande;Vivo;PR;MARINGÁ;SCM
28/08/2023;15:17;Reclamação;Velocidade;Velocidade abaixo do contratado;Respondida;SCM;CLARO S/A;Grande;Claro;RS;PELOTAS;SCM
26/09/2022;11:35;Reclamação;Contrato;Cancelamento não realizado;Pendente;SCM;TELEFONICA BRASIL S.A.;Grande;Vivo;SP;SÃO PAULO;SCM
17/10/2022;11:01;Reclamação;Cobrança;Cobrança indevida;Respondida;SCM;TELEFONICA BRASIL S.A.;Grande;Vivo;MT;SINOP;SCM
05/01/2022;12:59;Reclamação;Velocidade;Velocidade abaixo do contratado;Respondida;SCM;OI S.A.;Grande;Oi;SP;CAMPINAS;SCM
14/08/2022;08:02;Reclamação;Falha;Falha/Interrupção do serviço;Respondida;SCM;CLARO S.A.;Grande;Claro;SE;SE - INTERIOR;SCM
06/07/2022;21:57;Reclamação;Contrato;Cancelamento não realizado;Respondida;SCM;CLARO S.A.;Grande;Claro;SP;SÃO PAULO;SCM
09/12/2023;11:34;Reclamação;Falha;Falha/Interrupção do serviço;Respondida;SCM;TIM S.A.;Grande;TIM;PR;PONTA GROSSA;SCM
01/02/2022;14:27;Reclamação;Velocidade;Velocidade abaixo do contratado;Respondida;SCM;CLARO S.A.;Grande;Claro;PA;SANTARÉM;SCM
22/03/2022;14:21;Reclamação;Atendimento;Atendimento inadequado;Respondida;SCM;OI S.A.;Grande;Oi;SC;SC - INTERIOR;SCM
12/06/2023;22:25;Reclamação;NÃO INFORMADO;Falha/Interrupção do serviço;Respondida;SCM;CLARO S.A.;Grande;Claro;MG;CONTAGEM;SCM
04/09/2022;11:57;Reclamação;Cobrança;Cobrança indevida;Respondida;SCM;CLARO S.A.;Grande;Claro;ES;VITÓRIA;SCM
15/09/2023;16:09;Reclamação;Instalação;Prazo de instalação excedido;Respondida;SCM;CLARO S.A.;NÃO INFORMADO;Claro;DF;BRASÍLIA;SCM
15/09/2022;17:33;Reclamação;Cobrança;Cobrança indevida;Respondida;SCM;CLARO S.A.;Grande;Claro;MS;CAMPO GRANDE;SCM
19/08/2023;08:08;Reclamação;Cobrança;Cobrança indevida;Respondida;SCM;TIM S.A.; ;TIM;SP;SANTOS;SCM
31/08/2023;21:46;Reclamação;NÃO INFORMADO;Velocidade abaixo do contratado;Respondida;SCM;TELEFONICA BRASIL S.A.;Grande;Vivo;MG;CONTAGEM;SCM
18/09/2023;08:51;Reclamação;Atendimento;Atendimento inadequado;Respondida;SCM;TIM S.A.;Grande;TIM;PA;SANTARÉM;SCM
29/06/2022;20:15;Reclamação;Cobrança;Cobrança indevida;Pendente;SCM;OI S.A.;Grande;Oi;MG;CONTAGEM;SCM
22/06/2022;19:51;Reclamação;Cobrança;N/A;Em análise;SCM;EMBRATEL S.A.;-;Claro;SP;GUARULHOS;SCM
07/01/2022;07:47;Reclamação;Velocidade;Velocidade abaixo do contratado;Respondida;SCM;CLARO S.A.;Grande;Claro;PA;SANTARÉM;SCM
06/03/2023;12:42;Reclamação;Atendimento;Atendimento inadequado;Respondida;SCM;N/A;Grande;Vivo;GO;APARECIDA DE GOIÂNIA;SCM
25/10/2023;16:36;Reclamação;Atendimento;Atendimento inadequado;Respondida;SCM;EMBRATEL S.A.;Grande;Claro;SP;GUARULHOS;SCM
07/05/2022;19:34;Reclamação;Velocidade;Velocidade abaixo do contratado;Respondida;SCM;Claro S.A.;Grande;Claro;AL;AL - INTERIOR;SCM
27/11/2023;13:03;Reclamação;Velocidade;Velocidade abaixo do contratado;Pendente;SCM;OI S.A.;Grande;Oi;RJ;DUQUE DE CAXIAS;SCM
01/12/2023;08:14;Reclamação;Outros;Outros;Respondida;SCM;CLARO S.A.;Grande;Claro;RN;RN - INTERIOR;SCM
26/09/2023;07:45;Reclamação;Instalação;Prazo de instalação excedido;Respondida;SCM;TELEFONICA BRASIL S.A.;Grande;Vivo;GO;ANÁPOLIS;SCM
17/08/2023;08:47;Reclamação;Velocidade;Velocidade abaixo do contratado;Em análise;SCM;TIM S.A.;Grande;TIM;RS;CAXIAS DO SUL;SCM
28/01/2023;08:03;Reclamação;Falha;N/A;Respondida;SCM;CLARO S.A.;Grande;Claro;SP;GUARULHOS;SCM
08/07/2023;12:30;Reclamação;Falha;Falha/Interrupção do serviço;Pendente;SCM;TIM S.A.;Grande;TIM;RS;PELOTAS;SCM
19/10/2022;08:02;Reclamação;Velocidade;Velocidade abaixo do contratado;Respondida;SCM;CLARO S.A.;Grande;Claro;SP;CAMPINAS;SCM
24/06/2023;11:22;Reclamação;Velocidade;Velocidade abaixo do contratado;Pendente;SCM;CLARO S.A.;Grande;Claro;RR;RR - INTERIOR;SCM
05/12/2022;14:11;Reclamação;Velocidade;Velocidade abaixo do contratado;Respondida;SCM;TELEFONICA BRASIL S.A.;Grande;Vivo;MG;BELO HORIZONTE;SCM
16/08/2023;10:10;Reclamação;Instalação;Prazo de instalação excedido;Respondida;SCM;TELEFONICA BRASIL S.A.;Grande;Vivo;ES;VITÓRIA;SCM
22/03/2022;13:04;Reclamação;Cobrança;Cobrança indevida;Respondida;SCM;TIM S.A.;Grande;TIM;BA;SALVADOR;SCM
21/10/2022;17:15;Reclamação;Cobrança;Cobrança indevida;Respondida;SCM;CLARO S.A.;Grande;Claro;GO;APARECIDA DE GOIÂNIA;SCM
22/12/2023;19:40;Reclamação;Contrato;Cancelamento não realizado;Pendente;SCM;TIM S.A.;Grande;TIM;PE;RECIFE;SCM
01/05/2022;15:13;Reclamação;N/A;Atendimento inadequado;Respondida;SCM;CLARO S.A.;Grande;Claro;MT;SINOP;SCM
28/12/2022;13:21;Reclamação;Velocidade;Velocidade abaixo do contratado;Respondida;SCM;TELEFONICA BRASIL S.A.;Grande;Vivo;SP;SOROCABA;SCM
10/05/2022;21:11;Reclamação;Atendimento;Atendimento inadequado;Respondida;SCM;EMBRATEL S.A.;Grande;Claro;SP;CAMPINAS;SCM
15/06/2022;22:14;Reclamação;Cobrança;Cobrança indevida;Respondida;SCM;CLARO S.A.;Grande;Claro;SC;SC - INTERIOR;SCM
26/01/2022;09:22;Reclamação; ;Falha/Interrupção do serviço;Pendente;SCM;TIM S.A.;Grande;TIM;MG;UBERLÂNDIA;SCM
24/03/2022;17:54;Reclamação;Falha;Falha/Interrupção do serviço;Respondida;SCM;TELEFONICA BRASIL S.A.;Grande;Vivo;DF;CEILÂNDIA;SCM
15/07/2023;07:31;Reclamação;Instalação;Prazo de instalação excedido;Respondida;SCM;Telefonica Brasil S.A.;Grande;Vivo;BA;SALVADOR;SCM
08/08/2022;12:58;Reclamação;Velocidade;Velocidade abaixo do contratado;Respondida;SCM;TELEFONICA BRASIL S.A.;Grande;Vivo;ES;VITÓRIA;SCM
12/09/2022;22:38;Reclamação;Falha;Falha/Interrupção do serviço;Pendente;SCM;CLARO S.A.;Grande;Claro;BA;FEIRA DE SANTANA;SCM
23/05/2023;18:39;Reclamação;Atendimento;Atendimento inadequado;Respondida;SCM;OI S.A.;Grande;Oi;PR;PONTA GROSSA;SCM
21/08/2023;20:18;Reclamação;Falha;Falha/Interrupção do serviço;Respondida;SCM;TELEFONICA BRASIL S.A.;Grande;Vivo;MG;JUIZ DE FORA;SCM
15/02/2022;20:00;Reclamação;Contrato;Cancelamento não realizado;Respondida;SCM;TELEFONICA BRASIL S.A.;Grande;Vivo;RS;CANOAS;SCM
22/03/2022;09:24;Reclamação;Velocidade;Velocidade abaixo do contratado;Em análise;SCM;CLARO S/A;Grande;NÃO INFORMADO;RS;CAXIAS DO SUL;SCM
18/11/2023;18:41;Reclamação;Cobrança;Cobrança indevida;Respondida;SCM;TIM S.A.;Grande;TIM;RJ;NITERÓI;SCM
12/01/2023;10:11;Reclamação;Contrato;Cancelamento não realizado;Em análise;SCM;NET SERVIÇOS DE COMUNICAÇÃO S.A.;Grande;Claro;RJ;RIO DE JANEIRO;SCM
21/09/2023;11:15;Reclamação;Velocidade;Velocidade abaixo do contratado;Respondida;SCM;TELEFONICA BRASIL S.A.;Grande;Vivo;RJ;DUQUE DE CAXIAS;SCM
01/06/2023;21:43;Reclamação;Instalação;Prazo de instalação excedido;Respondida;SCM;EMBRATEL S.A.;Grande;Claro;MG;JUIZ DE FORA;SCM
24/10/2022;13:11;Reclamação;Velocidade;Velocidade abaixo do contratado;Respondida;SCM;TIM S.A.;Grande;TIM;MG;CONTAGEM;SCM
09/04/2023;20:35;Reclamação;Velocidade;Velocidade abaixo do contratado;Respondida;SCM;TIM S.A.;Grande;TIM;SP;SANTOS;SCM
16/06/2023;12:53;Reclamação;Velocidade;Velocidade abaixo do contratado;Respondida;SCM;TIM S.A.;Grande;TIM;GO;APARECIDA DE GOIÂNIA;SCM
16/04/2022;07:26;Reclamação;Instalação;Prazo de instalação excedido;Em análise;SCM;CLARO S.A.;Grande;Claro;RJ;RIO DE JANEIRO;SCM
23/04/2023;11:54;Reclamação;Velocidade;Velocidade abaixo do contratado;Respondida;SCM;OI S.A.;Grande;Oi;PI;PI - INTERIOR;SCM
01/03/2022;08:46;Reclamação;Atendimento;Atendimento inadequado;Respondida;SCM;TIM S.A.;Grande;TIM;RJ;NITERÓI;SCM
30/12/2023;11:11;Reclamação;Outros;Outros;Respondida;SCM;CLARO S/A;Grande;Claro;RS;PORTO ALEGRE;SCM
15/01/2023;18:32;Reclamação;Atendimento;Atendimento inadequado;Em análise;SCM;TIM S.A.;Grande;TIM;RJ;DUQUE DE CAXIAS;SCM
01/10/2023;20:44;Reclamação;Velocidade;Velocidade abaixo do contratado;Pendente;SCM;TIM S.A.;Grande;TIM;BA;SALVADOR;SCM
13/11/2023;16:27;Reclamação;Cobrança;Cobrança indevida;Respondida;SCM;OI S.A.;Grande;Oi;AC;AC - INTERIOR;SCM
02/10/2023;21:04;Reclamação;Falha;Falha/Interrupção do serviço;Respondida;SCM;CLARO S.A.;Grande;Claro;AM;ITACOATIARA;SCM
12/06/2022;20:49;Reclamação;Contrato;Cancelamento não realizado;Respondida;SCM;NET SERVIÇOS DE COMUNICAÇÃO S.A.;Grande;Claro;BA;VITÓRIA DA CONQUISTA;SCM
12/12/2022;10:08;Reclamação;Velocidade;Velocidade abaixo do contratado;Em análise;SCM;TELEFONICA BRASIL S.A.;Grande;Vivo;PI;PI - INTERIOR;SCM
14/03/2022;20:52;Reclamação;Cobrança;Cobrança indevida;Respondida;SCM;OI S.A.;Grande;Oi;RS;CANOAS;SCM
17/06/2023;12:10;Reclamação;Velocidade;Velocidade abaixo do contratado;Respondida;SCM;TELEFONICA BRASIL S.A.;Grande;Vivo;RN;RN - INTERIOR;SCM
14/04/2022;08:42;Reclamação;Velocidade;Velocidade abaixo do contratado;Respondida;SCM;TIM S.A.;Grande;TIM;SP;CAMPINAS;SCM
29/12/2023;18:20;Reclamação;Contrato;Cancelamento não realizado;Respondida;SCM;CLARO S/A;Grande;Claro;AM;PARINTINS;SCM
24/05/2023;22:46;Reclamação;-;Cancelamento não realizado;Respondida;SCM;TELEFONICA BRASIL S.A.;Grande;Vivo;BA;FEIRA DE SANTANA;SCM
28/07/2023;12:45;Reclamação;Contrato;Cancelamento não realizado;Respondida;SCM;TIM S.A.;Grande;TIM;RR;RR - INTERIOR;SCM
02/12/2023;09:32;Reclamação;Cobrança;Cobrança indevida;Respondida;SCM;Tim S.A.;Grande;TIM;PE;CARUARU;SCM
21/05/2022;15:46;Reclamação;Cobrança;Cobrança indevida;Respondida;SCM;OI S.A.;Grande;Oi;SP;GUARULHOS;SCM
24/10/2023;17:50;Reclamação;Velocidade;Velocidade abaixo do contratado;Em análise;SCM;TELEFONICA BRASIL S.A.;Grande;Vivo;SP;SANTOS;SCM
29/01/2022;17:06;Reclamação;Velocidade;Velocidade abaixo do contratado;Respondida;SCM;CLARO S.A.;Grande;Claro;SP;CAMPINAS;SCM
22/10/2023;21:29;Reclamação;Atendimento;Atendimento inadequado;Pendente;SCM;CLARO S.A.;Grande;Claro;MG;UBERLÂNDIA;SCM
29/09/2023;22:41;Reclamação;Falha;Falha/Interrupção do serviço;Respondida;SCM;CLARO S.A.;Grande;Claro;DF;TAGUATINGA;SCM
10/05/2022;16:33;Reclamação;Velocidade;Velocidade abaixo do contratado;Respondida;SCM;CLARO S.A.;Grande;Claro;BA;VITÓRIA DA CONQUISTA;SCM
14/08/2022;15:59;Reclamação;Velocidade;Velocidade abaixo do contratado;Respondida;SCM;CLARO S.A.;Grande;Claro;SC;SC - INTERIOR;SCM
02/12/2023;15:30;Reclamação;Velocidade;Velocidade abaixo do contratado;Respondida;SCM;TIM S.A.;Grande;TIM;MS;DOURADOS;SCM
07/10/2022;20:40;Reclamação;Cobrança;Cobrança indevida;Respondida;SCM;CLARO S.A.;Grande;Claro;PE;CARUARU;SCM
10/04/2022;22:08;Reclamação;Contrato;Cancelamento não realizado;Respondida;SCM;TELEFONICA BRASIL S.A.;Grande;Vivo;MS;TRÊS LAGOAS;SCM
26/05/2023;21:39;Reclamação;Velocidade;Velocidade abaixo do contratado;Respondida;SCM;TIM S.A.;Grande;TIM;GO;ANÁPOLIS;SCM
25/08/2023;13:59;Reclamação;Velocidade;Velocidade abaixo do contratado;Respondida;SCM;OI S.A.;Grande;Oi;SP;CAMPINAS;SCM
14/07/2023;17:19;Reclamação;Instalação;Prazo de instalação excedido;Respondida;SCM;TIM S.A.;Grande;TIM;SP;GUARULHOS;SCM
28/02/2022;09:56;Reclamação;Velocidade;Velocidade abaixo do contratado;Respondida;SCM;TELEFONICA BRASIL S.A.;Grande;Vivo;RJ;NOVA IGUAÇU;SCM
04/07/2023;14:23;Reclamação;Falha;Falha/Interrupção do serviço;Respondida;SCM;OI S.A.;Grande;Oi;CE;JUAZEIRO DO NORTE;SCM
13/05/2023;21:56;Reclamação;Cobrança;Cobrança indevida;Pendente;SCM;Claro S/A;Grande;Claro;BA;VITÓRIA DA CONQUISTA;SCM
14/12/2023;09:15;Reclamação;Instalação;Prazo de instalação excedido;Em análise;SCM;Tim S.A.;Grande;TIM;SP;CAMPINAS;SCM
25/06/2023;07:23;Reclamação;Cobrança;Cobrança indevida;Respondida;SCM;CLARO S.A.;Grande;Claro;MG;UBERLÂNDIA;SCM
24/11/2022;15:25;Reclamação;Cobrança;Cobrança indevida;Respondida;SCM;TELEFONICA BRASIL S.A.;Grande;Vivo;SP;SÃO PAULO;SCM
17/01/2022;15:54;Reclamação;Cobrança;Cobrança indevida;Respondida;SCM;SERCOMTEL S.A. - TELECOMUNICAÇÕES;Pequeno;Sercomtel;SP;GUARULHOS;SCM
31/10/2023;17:52;Reclamação;Falha;Falha/Interrupção do serviço;Respondida;SCM;TIM S.A.;Grande;TIM;SP;SÃO PAULO;SCM
04/03/2023;11:48;Reclamação;Velocidade;N/A;Respondida;SCM;TIM S.A.;Grande;TIM;SP;SANTOS;SCM
24/08/2022;08:15;Reclamação;Velocidade;Velocidade abaixo do contratado;Pendente;SCM;CLARO S.A.;Grande;Claro;CE;FORTALEZA;SCM
23/07/2022;12:53;Reclamação;Cobrança;Cobrança indevida;Respondida;SCM;TIM S.A.;Grande;TIM;PR;CURITIBA;SCM
29/07/2022;16:19;Reclamação;Falha;Falha/Interrupção do serviço;Respondida;SCM;EMBRATEL S.A.;Grande;Claro;RJ;DUQUE DE CAXIAS;SCM
30/10/2023;19:11;Reclamação;Velocidade;Velocidade abaixo do contratado;Respondida;SCM;N/A;Grande;TIM;MG;CONTAGEM;SCM
08/09/2022;07:07;Reclamação;Cobrança;Cobrança indevida;Respondida;SCM;TIM S.A.;Grande;TIM;RJ;NITERÓI;SCM
02/04/2022;15:41;Reclamação;Contrato;Cancelamento não realizado;Respondida;SCM;TIM S.A.;Grande;TIM;SP;SANTOS;SCM
05/03/2023;17:56;Reclamação;Cobrança;Cobrança indevida;Respondida;SCM;TIM S.A.;Grande;TIM;PR;LONDRINA;SCM
08/02/2023;14:17;Reclamação;Velocidade;Velocidade abaixo do contratado;Em análise;SCM;TELEFONICA BRASIL S.A.;Grande;Vivo;BA;SALVADOR;SCM
12/07/2023;09:46;Reclamação;Cobrança;Cobrança indevida;Respondida;SCM;TIM S.A.;Grande;TIM;PR;MARINGÁ;SCM
17/10/2023;21:49;Reclamação;Velocidade;Velocidade abaixo do contratado;Respondida;SCM;EMBRATEL S.A.;Grande;Claro;RJ;NOVA IGUAÇU;SCM
24/09/2022;21:32;Reclamação;Falha;Falha/Interrupção do serviço;Em análise;SCM;TELEFONICA BRASIL S.A.;Grande;Vivo;RO;RO - INTERIOR;SCM
18/10/2022;19:23;Reclamação;Instalação;Prazo de instalação excedido;Pendente;SCM;TIM S.A.;Grande;TIM;BA;FEIRA DE SANTANA;SCM
22/11/2022;21:17;Reclamação;Falha;Falha/Interrupção do serviço;Pendente;SCM;CLARO S.A.;Grande;Claro;RJ;NOVA IGUAÇU;SCM
03/01/2022;07:06;Reclamação;Atendimento;Atendimento inadequado;Respondida;SCM;OI S.A.;Grande;Oi;PE;RECIFE;SCM
28/12/2023;13:14;Reclamação;Velocidade; ;Respondida;SCM;CLARO S.A.;Grande;Claro;PA;BELÉM;SCM
18/11/2022;17:59;Reclamação;Atendimento;Atendimento inadequado;Pendente;SCM;CLARO S.A.;Grande;Claro;MT;CUIABÁ;SCM
10/08/2023;15:32;Reclamação;Velocidade;Velocidade abaixo do contratado;Respondida;SCM;OI S.A.;Grande;Oi;PR;MARINGÁ;SCM
03/02/2022;14:03;Reclamação;Falha;Falha/Interrupção do serviço;Pendente;SCM;Tim S.A.;Grande;TIM;PE;CARUARU;SCM
15/04/2023;20:58;Reclamação;Cobrança;Cobrança indevida;Respondida;SCM;TELEFONICA BRASIL S.A.;Grande;Vivo;MG;BELO HORIZONTE;SCM
22/06/2023;20:18;Reclamação;Velocidade;Velocidade abaixo do contratado;Respondida;SCM;CLARO S.A.;Grande;Claro;RJ;DUQUE DE CAXIAS;SCM
28/03/2023;07:23;Reclamação;Velocidade;Velocidade abaixo do contratado;Respondida;SCM;SERCOMTEL S.A. - TELECOMUNICAÇÕES;Pequeno;Sercomtel;PA;BELÉM;SCM
08/01/2023;13:55;Reclamação;Velocidade;Velocidade abaixo do contratado;Pendente;SCM;CLARO S/A;Grande;Claro;PI;PI - INTERIOR;SCM
06/06/2022;16:09;Reclamação;Velocidade;Velocidade abaixo do contratado;Pendente;SCM;CLARO S.A.;Grande;Claro;RJ;RIO DE JANEIRO;SCM
03/01/2022;20:16;Reclamação;Velocidade;Velocidade abaixo do contratado;Pendente;SCM;TIM S.A.;Grande;TIM;PA;ANANINDEUA;SCM
07/07/2022;13:53;Reclamação;Velocidade;Velocidade abaixo do contratado;Respondida;SCM;CLARO S.A.;Grande;Claro;RJ;DUQUE DE CAXIAS;SCM
14/05/2022;14:56;Reclamação;Velocidade;Velocidade abaixo do contratado;Pendente;SCM;TELEFONICA BRASIL S.A.;Grande;Vivo;RO;RO - INTERIOR;SCM
27/03/2023;10:41;Reclamação;Velocidade;Velocidade abaixo do contratado;Pendente;SCM;TELEFONICA BRASIL S.A.;Grande;Vivo;GO;APARECIDA DE GOIÂNIA;SCM
06/07/2022;21:57;Reclamação; ;Prazo de instalação excedido;Respondida;SCM;CLARO S.A.;Grande;Claro;PA;SANTARÉM;SCM
31/05/2023;08:58;Reclamação;Velocidade;Velocidade abaixo do contratado;Pendente;SCM;TIM S.A.;Grande;TIM;SP;SANTOS;SCM
05/06/2022;07:52;Reclamação;Outros;Outros;Pendente;SCM;TELEFONICA BRASIL S.A.;Grande;Vivo;SP;SÃO PAULO;SCM
29/09/2022;18:36;Reclamação;Velocidade;Velocidade abaixo do contratado;Em análise;SCM;TELEFONICA BRASIL S.A.;Grande;Vivo;BA;SALVADOR;SCM
25/10/2022;22:58;Reclamação;Velocidade;Velocidade abaixo do contratado;Respondida;SCM;OI S.A.;Grande;Oi;DF;CEILÂNDIA;SCM
15/11/2023;12:33;Reclamação;Velocidade;Velocidade abaixo do contratado;Respondida;SCM;TELEFONICA BRASIL S.A.;Grande;Vivo;CE;FORTALEZA;SCM
05/10/2022;10:38;Reclamação;Contrato;Cancelamento não realizado;Respondida;SCM;CLARO S.A.;Grande;Claro;MS;TRÊS LAGOAS;SCM
11/01/2022;13:07;Reclamação;Velocidade;Velocidade abaixo do contratado;Respondida;SCM;OI S.A.;Grande;Oi;PE;OLINDA;SCM
14/11/2022;17:12;Reclamação;Outros;Outros;Respondida;SCM;TELEFONICA BRASIL S.A.;Grande;Vivo;MT;CUIABÁ;SCM
14/03/2022;14:17;Reclamação;Velocidade;Velocidade abaixo do contratado;Pendente;SCM;CLARO S.A.;Grande;Claro;BA;VITÓRIA DA CONQUISTA;SCM
23/07/2022;08:52;Reclamação;Falha;Falha/Interrupção do serviço;Respondida;SCM;CLARO S.A.;Grande;Claro;MG;BELO HORIZONTE;SCM
03/11/2022;08:18;Reclamação;Instalação;Prazo de instalação excedido;Respondida;SCM;TELEFONICA BRASIL S.A.;Grande;Vivo;BA;SALVADOR;SCM
14/05/2022;18:51;Reclamação;Atendimento;Atendimento inadequado;Respondida;SCM;OI S.A.;Grande;Oi;PB;PB - INTERIOR;SCM
17/04/2023;18:36;Reclamação;Falha;Falha/Interrupção do serviço;Pendente;SCM;CLARO S.A.;Grande;Claro;RJ;NITERÓI;SCM
27/01/2022;10:36;Reclamação;Velocidade;Velocidade abaixo do contratado;Respondida;SCM;CLARO S/A;Grande;Claro;MA;TIMON;SCM
30/09/2023;22:31;Reclamação;Atendimento;Atendimento inadequado;Em análise;SCM;TELEFONICA BRASIL S.A.;Grande;Vivo;SP;SÃO PAULO;SCM
28/07/2023;09:53;Reclamação;Velocidade;NÃO INFORMADO;Respondida;SCM;TIM S.A.;Grande;TIM;DF;BRASÍLIA;SCM
17/09/2023;14:46;Reclamação;Atendimento;Atendimento inadequado;Respondida;SCM;TIM S.A.;Grande;TIM;SE;SE - INTERIOR;SCM
04/08/2023;10:45;Reclamação;Falha;Falha/Interrupção do serviço;Pendente;SCM;CLARO S.A.;Grande;Claro;RJ;RIO DE JANEIRO;SCM
15/04/2023;20:44;Reclamação;Cobrança;Cobrança indevida;Respondida;SCM;TELEFONICA BRASIL S.A.;Grande;Vivo;SP;SOROCABA;SCM
18/02/2023;20:24;Reclamação;Velocidade;-;Respondida;SCM;NET SERVIÇOS DE COMUNICAÇÃO S.A.;Grande;Claro;BA;SALVADOR;SCM
07/02/2022;20:59;Reclamação;Falha;Falha/Interrupção do serviço;Respondida;SCM;CLARO S.A.;Grande;Claro;SP;SÃO PAULO;SCM
11/11/2022;18:42;Reclamação;Cobrança;Cobrança indevida;Respondida;SCM;CLARO S.A.;Grande;Claro;MA;TIMON;SCM
11/04/2023;22:05;Reclamação;Contrato;N/A;Respondida;SCM;TIM S.A.;Grande;TIM;MT;CUIABÁ;SCM
21/05/2023;11:54;Reclamação;Outros;Outros;Respondida;SCM;OI S.A.;Grande;Oi;MG;JUIZ DE FORA;SCM
31/12/2022;12:40;Reclamação;Contrato;Cancelamento não realizado;Respondida;SCM;NET SERVIÇOS DE COMUNICAÇÃO S.A.;Grande;Claro;PI;PI - INTERIOR;SCM
10/11/2022;20:16;Reclamação;Velocidade;Velocidade abaixo do contratado;Respondida;SCM;TELEFONICA BRASIL S.A.;Grande;Vivo;MG;JUIZ DE FORA;SCM
16/07/2023;10:59;Reclamação;Velocidade;Velocidade abaixo do contratado;Respondida;SCM;TELEFONICA BRASIL S.A.;Grande;Vivo;RJ;NITERÓI;SCM
24/11/2023;16:04;Reclamação;Falha;Falha/Interrupção do serviço;Pendente;SCM;TELEFONICA BRASIL S.A.;Grande;Vivo;SP;SOROCABA;SCM
05/05/2022;22:35;Reclamação;Falha;Falha/Interrupção do serviço;Em análise;SCM;TIM S.A.;Grande;TIM;SP;GUARULHOS;SCM
19/10/2023;19:53;Reclamação;Falha;Falha/Interrupção do serviço;Em análise;SCM;NET SERVIÇOS DE COMUNICAÇÃO S.A.;Grande;Claro;PR;MARINGÁ;SCM
27/08/2022;13:17;Reclamação;Falha;Falha/Interrupção do serviço;Respondida;SCM;NET SERVIÇOS DE COMUNICAÇÃO S.A.;Grande;Claro;PR;CURITIBA;SCM
20/06/2023;11:07;Reclamação;Cobrança;Cobrança indevida;Respondida;SCM;TELEFONICA BRASIL S.A.;Grande;Vivo;MG;BELO HORIZONTE;SCM
09/03/2022;17:15;Reclamação;Instalação;Prazo de instalação excedido;Respondida;SCM;TIM S.A.;Grande;TIM;MT;VÁRZEA GRANDE;SCM
10/10/2022;14:56;Reclamação;Velocidade;Velocidade abaixo do contratado;Respondida;SCM;CLARO S.A.;Grande;Claro;AL;AL - INTERIOR;SCM
01/03/2022;12:52;Reclamação;Cobrança;Cobrança indevida;Respondida;SCM;NET SERVIÇOS DE COMUNICAÇÃO S.A.;Grande;Claro;PA;MARABÁ;SCM
28/11/2022;18:50;Reclamação;Velocidade;Velocidade abaixo do contratado;Respondida;SCM;TIM S.A.;Grande;TIM;RJ;DUQUE DE CAXIAS;SCM
05/03/2023;10:25;Reclamação;Instalação;Prazo de instalação excedido;Respondida;SCM;TELEFONICA BRASIL S.A.;Grande;Vivo;RJ;RIO DE JANEIRO;SCM
13/07/2022;13:46;Reclamação;Falha;Falha/Interrupção do serviço;Respondida;SCM;Tim S.A.;Grande;TIM;BA;SALVADOR;SCM
20/02/2022;21:59;Reclamação;Contrato;Cancelamento não realizado;Respondida;SCM;CLARO S.A.;Grande;Claro;SP;SÃO PAULO;SCM
13/01/2022;12:20;Reclamação;Falha;Falha/Interrupção do serviço;Respondida;SCM;CLARO S.A.;Grande;Claro;PA;BELÉM;SCM
09/04/2022;19:15;Reclamação;Cobrança;Cobrança indevida;Respondida;SCM;NET SERVIÇOS DE COMUNICAÇÃO S.A.;Grande;Claro;TO;TO - INTERIOR;SCM
01/01/2022;16:11;Reclamação;Velocidade;N/A;Respondida;SCM;OI S.A.;Grande;Oi;MG;JUIZ DE FORA;SCM
04/10/2023;18:27;Reclamação;NÃO INFORMADO;Outros;Respondida;SCM;TELEFONICA BRASIL S.A.;Grande;Vivo;SP;CAMPINAS;SCM
27/10/2023;21:30;Reclamação;Velocidade; ;Respondida;SCM;CLARO S.A.;Grande;Claro;MS;DOURADOS;SCM
26/09/2023;22:23;Reclamação;Velocidade;Velocidade abaixo do contratado;Em análise;SCM;CLARO S.A.; ;Claro;GO;APARECIDA DE GOIÂNIA;SCM
15/02/2023;12:07;Reclamação;Cobrança; ;Respondida;SCM;CLARO S/A;Grande;Claro;DF;CEILÂNDIA;SCM
09/01/2022;13:46;Reclamação;Velocidade;Velocidade abaixo do contratado;Pendente;SCM;CLARO S.A.;Grande;Claro;SP;SOROCABA;SCM
27/11/2023;22:03;Reclamação;Velocidade;Velocidade abaixo do contratado;Respondida;SCM;OI S.A.;Grande;Oi;ES;VILA VELHA;SCM
23/08/2022;15:57;Reclamação;Cobrança;Cobrança indevida;Respondida;SCM;TELEFONICA BRASIL S.A.;Grande;Vivo;PR;LONDRINA;SCM
09/12/2022;09:30;Reclamação;Falha;NÃO INFORMADO;Respondida;SCM;NET SERVIÇOS DE COMUNICAÇÃO S.A.;Grande;Claro;SP;SANTOS;SCM
18/10/2023;22:28;Reclamação;NÃO INFORMADO;Prazo de instalação excedido;Pendente;SCM;TELEFONICA BRASIL S.A.;Grande;Vivo;RS;PORTO ALEGRE;SCM
07/05/2022;21:07;Reclamação;Velocidade;Velocidade abaixo do contratado;Em análise;SCM;TELEFONICA BRASIL S.A.;Grande;Vivo;RS;CANOAS;SCM
21/05/2023;16:12;Reclamação;Falha;Falha/Interrupção do serviço;Em análise;SCM;CLARO S.A.;Grande;Claro;RJ;DUQUE DE CAXIAS;SCM
24/05/2022;21:45;Reclamação;Atendimento;Atendimento inadequado;Respondida;SCM;TELEFONICA BRASIL S.A.;Grande;Vivo;RN;RN - INTERIOR;SCM
05/11/2022;17:10;Reclamação;Velocidade;Velocidade abaixo do contratado;Respondida;SCM;TELEFONICA BRASIL S.A.;Grande;Vivo;BA;VITÓRIA DA CONQUISTA;SCM
14/06/2022;15:19;Reclamação;Falha;Falha/Interrupção do serviço;Respondida;SCM;CLARO S.A.;Grande;Claro;SP;GUARULHOS;SCM
15/08/2023;17:16;Reclamação;Atendimento;Atendimento inadequado;Pendente;SCM;OI S.A.;Grande;Oi;MS;CAMPO GRANDE;SCM
28/12/2023;14:37;Reclamação;Atendimento;Atendimento inadequado;Em análise;SCM;CLARO S.A.;Grande;Claro;SP;GUARULHOS;SCM
23/04/2023;08:08;Reclamação;Instalação;Prazo de instalação excedido;Respondida;SCM;TELEFONICA BRASIL S.A.;Grande;Vivo;RJ;RIO DE JANEIRO;SCM
28/11/2023;11:49;Reclamação;Velocidade;Velocidade abaixo do contratado;Respondida;SCM;CLARO S.A.;Grande;Claro;CE;CAUCAIA;SCM
17/08/2022;07:55;Reclamação;Outros;Outros;Em análise;SCM;CLARO S.A.;Grande;Claro;PR;PONTA GROSSA;SCM
28/02/2023;17:45;Reclamação;Falha;Falha/Interrupção do serviço;Respondida;SCM;TELEFONICA BRASIL S.A.;Grande;Vivo;RJ;NITERÓI;SCM
31/01/2023;12:30;Reclamação;Velocidade;Velocidade abaixo do contratado;Respondida;SCM;EMBRATEL S.A.;Grande;Claro;AL;AL - INTERIOR;SCM
25/07/2023;11:24;Reclamação;Falha;Falha/Interrupção do serviço;Em análise;SCM;CLARO S.A.;Grande;Claro;BA;SALVADOR;SCM
17/10/2023;22:15;Reclamação;Velocidade;Velocidade abaixo do contratado;Respondida;SCM;NET SERVIÇOS DE COMUNICAÇÃO S.A.;Grande;-;SP;GUARULHOS;SCM
13/08/2023;20:50;Reclamação;N/A;Falha/Interrupção do serviço;Respondida;SCM;CLARO S/A;Grande;Claro;PB;PB - INTERIOR;SCM
10/11/2022;18:43;Reclamação;Velocidade;Velocidade abaixo do contratado;Respondida;SCM;NÃO INFORMADO;Grande;Vivo;MG;UBERLÂNDIA;SCM
02/12/2022;15:45;Reclamação;Velocidade;Velocidade abaixo do contratado;Respondida;SCM;TIM S.A.;Grande;TIM;ES;VILA VELHA;SCM
05/04/2023;08:28;Reclamação;Cobrança;Cobrança indevida;Pendente;SCM;Tim S.A.;Grande;NÃO INFORMADO;BA;VITÓRIA DA CONQUISTA;SCM
05/02/2023;09:00;Reclamação;Contrato;Cancelamento não realizado;Respondida;SCM;CLARO S.A.;Grande;Claro;RJ;RIO DE JANEIRO;SCM
01/08/2022;10:03;Reclamação;Velocidade;Velocidade abaixo do contratado;Respondida;SCM;CLARO S.A.;Grande;Claro;SP;SANTOS;SCM
22/06/2023;09:16;Reclamação;Cobrança;Cobrança indevida;Respondida;SCM;TELEFONICA BRASIL S.A.;Grande;Vivo;RN;RN - INTERIOR;SCM
26/02/2022;11:04;Reclamação;Cobrança;Cobrança indevida;Pendente;SCM;CLARO S.A.;Grande;Claro;RJ;RIO DE JANEIRO;SCM
27/07/2023;21:14;Reclamação;-;Atendimento inadequado;Respondida;SCM;TELEFONICA BRASIL S.A.;Grande;Vivo;SP;SANTOS;SCM
27/11/2022;14:02;Reclamação;Velocidade;Velocidade abaixo do contratado;Respondida;SCM;CLARO S.A.;Grande;Claro;CE;SOBRAL;SCM
10/11/2022;20:20;Reclamação;Velocidade;Velocidade abaixo do contratado;Respondida;SCM;CLARO S.A.;Grande;Claro;PA;SANTARÉM;SCM
04/07/2023;14:23;Reclamação;Atendimento;Atendimento inadequado;Pendente;SCM;TELEFONICA BRASIL S.A.;Grande;-;RJ;RIO DE JANEIRO;SCM
11/03/2022;10:34;Reclamação;Contrato;Cancelamento não realizado;Respondida;SCM;CLARO S.A.;Grande;Claro;MS;DOURADOS;SCM
16/08/2022;16:11;Reclamação;Velocidade;Velocidade abaixo do contratado;Respondida;SCM;CLARO S.A.;Grande;Claro;PR;PONTA GROSSA;SCM
24/07/2023;08:03;Reclamação;Velocidade;Velocidade abaixo do contratado;Pendente;SCM;OI S.A.;Grande;Oi;MG;CONTAGEM;SCM
17/12/2023;20:25;Reclamação;Velocidade;Velocidade abaixo do contratado;Respondida;SCM;CLARO S.A.;Grande;Claro;MS;DOURADOS;SCM
14/08/2022;13:12;Reclamação;Velocidade;Velocidade abaixo do contratado;Em análise;SCM;TELEFONICA BRASIL S.A.;Grande;Vivo;SP;CAMPINAS;SCM
27/08/2023;12:06;Reclamação;Falha;Falha/Interrupção do serviço;Pendente;SCM;Claro S.A.;Grande;Claro;SP;CAMPINAS;SCM
15/09/2022;20:30;Reclamação;Velocidade;Velocidade abaixo do contratado;Respondida;SCM;CLARO S.A.;Grande;Claro;SP;SOROCABA;SCM
17/05/2023;15:20;Reclamação;Velocidade;Velocidade abaixo do contratado;Respondida;SCM;TELEFONICA BRASIL S.A.;Grande;Vivo;SP;SOROCABA;SCM
08/03/2023;15:53;Reclamação;Velocidade;-;Em análise;SCM;NET SERVIÇOS DE COMUNICAÇÃO S.A.;Grande;Claro;MA;IMPERATRIZ;SCM
05/06/2022;20:50;Reclamação;Cobrança;Cobrança indevida;Respondida;SCM;CLARO S.A.;Grande;Claro;MG;JUIZ DE FORA;SCM
02/04/2022;13:36;Reclamação;Velocidade;Velocidade abaixo do contratado;Respondida;SCM;CLARO S.A.;Grande;Claro;SP;SÃO PAULO;SCM
30/08/2022;22:56;Reclamação;Instalação;Prazo de instalação excedido;Respondida;SCM;TELEFONICA BRASIL S.A.;Grande;Vivo;SC;SC - INTERIOR;SCM
04/03/2022;11:52;Reclamação;Atendimento;Atendimento inadequado;Respondida;SCM;TELEFONICA BRASIL S.A.; ;Vivo;DF;CEILÂNDIA;SCM
27/05/2022;19:08;Reclamação;Cobrança;Cobrança indevida;Respondida;SCM;TIM S.A.;Grande;TIM;SP;SANTOS;SCM
18/10/2022;14:51;Reclamação;Outros;Outros;Respondida;SCM;TIM S.A.;Grande;TIM;MG;JUIZ DE FORA;SCM
24/03/2022;22:30;Reclamação;Cobrança;Cobrança indevida;Respondida;SCM;CLARO S/A;Grande;Claro;ES;CARIACICA;SCM
04/07/2022;08:54;Reclamação;Velocidade;Velocidade abaixo do contratado;Respondida;SCM;TIM S.A.;Grande;TIM;SP;SOROCABA;SCM
19/07/2023;09:51;Reclamação;Cobrança;Cobrança indevida;Respondida;SCM;CLARO S/A;Grande;Claro;MG;BELO HORIZONTE;SCM
04/08/2023;17:43;Reclamação;Atendimento;Atendimento inadequado;Pendente;SCM;CLARO S/A;Grande;Claro;AC;AC - INTERIOR;SCM
04/11/2023;18:45;Reclamação;Atendimento;Atendimento inadequado;Respondida;SCM;NÃO INFORMADO;Grande;Claro;BA;VITÓRIA DA CONQUISTA;SCM
23/08/2023;17:45;Reclamação;Velocidade;Velocidade abaixo do contratado;Respondida;SCM;CLARO S.A.;Grande;Claro;SP;SANTOS;SCM
15/09/2023;13:21;Reclamação;Cobrança;Cobrança indevida;Respondida;SCM;TELEFONICA BRASIL S.A.;Grande;Vivo;SC;SC - INTERIOR;SCM
22/11/2023;22:56;Reclamação;Velocidade;Velocidade abaixo do contratado;Respondida;SCM;TELEFONICA BRASIL S.A.;Grande;Vivo;TO;TO - INTERIOR;SCM
01/02/2023;16:48;Reclamação;Cobrança;Cobrança indevida;Respondida;SCM;CLARO S.A.;Grande;Claro;BA;FEIRA DE SANTANA;SCM
25/02/2022;07:25;Reclamação;Cobrança;Cobrança indevida;Pendente;SCM;OI S.A.;Grande;Oi;SP;SÃO PAULO;SCM
13/04/2023;13:55;Reclamação;Velocidade;Velocidade abaixo do contratado;Respondida;SCM;CLARO S.A.;Grande;Claro;PE;RECIFE;SCM
28/08/2023;12:57;Reclamação;Velocidade;Velocidade abaixo do contratado;Respondida;SCM;TIM S.A.;Grande;TIM;RJ;DUQUE DE CAXIAS;SCM
21/09/2022;09:50;Reclamação;Atendimento;Atendimento inadequado;Respondida;SCM;CLARO S.A.;Grande;Claro;PI;PI - INTERIOR;SCM
21/04/2022;22:45;Reclamação;Contrato;Cancelamento não realizado;Respondida;SCM;TIM S.A.;Grande;TIM;SP;GUARULHOS;SCM
06/03/2023;14:31;Reclamação;Contrato;Cancelamento não realizado;Em análise;SCM;SERCOMTEL S.A. - TELECOMUNICAÇÕES;Pequeno;Sercomtel;RJ;NOVA IGUAÇU;SCM
28/11/2023;10:23;Reclamação;Cobrança;Cobrança indevida;Respondida;SCM;Telefonica Brasil S.A.;Grande;Vivo;RJ;NOVA IGUAÇU;SCM
20/03/2022;08:15;Reclamação;Cobrança;Cobrança indevida;Respondida;SCM;TELEFONICA BRASIL S.A.;Grande;Vivo;SC;SC - INTERIOR;SCM
14/10/2023;13:50;Reclamação;Falha;Falha/Interrupção do serviço;Respondida;SCM;TELEFONICA BRASIL S.A.;Grande;Vivo;AM;PARINTINS;SCM
10/12/2023;12:12;Reclamação;Velocidade;Velocidade abaixo do contratado;Respondida;SCM;TIM S.A.;Grande;TIM;MG;UBERLÂNDIA;SCM
17/11/2023;09:47;Reclamação;Cobrança;Cobrança indevida;Respondida;SCM;CLARO S.A.;Grande;Claro;ES;VITÓRIA;SCM
01/09/2022;22:39;Reclamação;Falha;Falha/Interrupção do serviço;Respondida;SCM;OI S.A.;Grande;Oi;CE;JUAZEIRO DO NORTE;SCM
03/02/2023;08:58;Reclamação;Falha;Falha/Interrupção do serviço;Respondida;SCM;OI S.A.;Grande;Oi;MG;CONTAGEM;SCM
22/01/2023;22:56;Reclamação;Velocidade;NÃO INFORMADO;Respondida;SCM;OI S.A.;Grande;Oi;CE;CAUCAIA;SCM
13/12/2023;11:45;Reclamação;Outros;Outros;Respondida;SCM;TELEFONICA BRASIL S.A.;Grande;Vivo;RJ;NITERÓI;SCM
20/10/2023;07:45;Reclamação;Velocidade;Velocidade abaixo do contratado;Em análise;SCM;Claro S/A;Grande;Claro;SP;SÃO PAULO;SCM
27/08/2022;19:53;Reclamação;Cobrança;Cobrança indevida;Respondida;SCM;NET SERVIÇOS DE COMUNICAÇÃO S.A.;Grande;Claro;PR;MARINGÁ;SCM
23/08/2022;10:16;Reclamação;Velocidade;Velocidade abaixo do contratado;Respondida;SCM;OI S.A.;Grande;Oi;CE;FORTALEZA;SCM
30/01/2022;22:14;Reclamação;Falha;Falha/Interrupção do serviço;Respondida;SCM;Sercomtel S.A. - Telecomunicações;Pequeno;Sercomtel;CE;JUAZEIRO DO NORTE;SCM
15/03/2023;17:19;Reclamação;Velocidade;Velocidade abaixo do contratado;Pendente;SCM;EMBRATEL S.A.;Grande;Claro;BA;FEIRA DE SANTANA;SCM
12/02/2023;07:54;Reclamação;Velocidade;Velocidade abaixo do contratado;Respondida;SCM;TIM S.A.;Grande;TIM;GO;GOIÂNIA;SCM
29/03/2022;12:46;Reclamação;Contrato;Cancelamento não realizado;Respondida;SCM;NET SERVIÇOS DE COMUNICAÇÃO S.A.;Grande;Claro;BA;VITÓRIA DA CONQUISTA;SCM
04/11/2023;12:56;Reclamação;Falha;Falha/Interrupção do serviço;Respondida;SCM;TELEFONICA BRASIL S.A.;Grande;Vivo;PE;CARUARU;SCM
12/04/2023;18:51;Reclamação;Velocidade;N/A;Respondida;SCM;Telefonica Brasil S.A.;Grande;Vivo;MG;JUIZ DE FORA;SCM
22/02/2023;14:10;Reclamação;Cobrança;Cobrança indevida;Respondida;SCM;TIM S.A.;Grande;TIM;CE;FORTALEZA;SCM
15/11/2022;11:12;Reclamação;Velocidade;N/A;Respondida;SCM;NET SERVIÇOS DE COMUNICAÇÃO S.A.;Grande; ;SP;SANTOS;SCM
18/01/2023;08:39;Reclamação;Velocidade;Velocidade abaixo do contratado;Respondida;SCM;TELEFONICA BRASIL S.A.;Grande;Vivo;RJ;NOVA IGUAÇU;SCM
25/05/2023;11:13;Reclamação;Contrato;Cancelamento não realizado;Pendente;SCM;TIM S.A.;Grande;TIM;SP;SÃO PAULO;SCM
14/04/2022;11:01;Reclamação;Cobrança;Cobrança indevida;Pendente;SCM;CLARO S.A.;Grande;Claro;CE;JUAZEIRO DO NORTE;SCM
05/03/2023;11:26;Reclamação;Velocidade;Velocidade abaixo do contratado;Respondida;SCM;TIM S.A.;Grande;TIM;RJ;RIO DE JANEIRO;SCM
22/05/2022;20:56;Reclamação;Falha;Falha/Interrupção do serviço;Respondida;SCM;TELEFONICA BRASIL S.A.;Grande;Vivo;SC;SC - INTERIOR;SCM
29/06/2023;14:21;Reclamação;Instalação;Prazo de instalação excedido;Respondida;SCM;CLARO S.A.;Grande;Claro;RS;PELOTAS;SCM
20/09/2023;08:44;Reclamação;Cobrança;Cobrança indevida;Respondida;SCM;OI S.A.;Grande;Oi;MA;IMPERATRIZ;SCM
12/07/2023;15:57;Reclamação;Cobrança;Cobrança indevida;Pendente;SCM;CLARO S.A.;Grande;Claro;SP;SANTOS;SCM
21/06/2023;21:02;Reclamação;Falha;Falha/Interrupção do serviço;Respondida;SCM;TELEFONICA BRASIL S.A.;Grande;Vivo;RJ;NOVA IGUAÇU;SCM
20/08/2022;15:00;Reclamação;Atendimento;Atendimento inadequado;Respondida;SCM;NET SERVIÇOS DE COMUNICAÇÃO S.A.;Grande;Claro;SP;SANTOS;SCM
25/05/2022;20:19;Reclamação;Cobrança;Cobrança indevida;Respondida;SCM;TIM S.A.;Grande;TIM;PR;PONTA GROSSA;SCM
21/06/2022;07:17;Reclamação;Velocidade;Velocidade abaixo do contratado;Pendente;SCM;CLARO S.A.;Grande;Claro;RJ;RIO DE JANEIRO;SCM
31/05/2023;14:59;Reclamação;Contrato;NÃO INFORMADO;Respondida;SCM;Telefonica Brasil S.A.;Grande;Vivo;SC;SC - INTERIOR;SCM
22/10/2022;10:45;Reclamação;Falha;Falha/Interrupção do serviço;Respondida;SCM;TIM S.A.;Grande;TIM;PB;PB - INTERIOR;SCM
25/07/2022;18:57;Reclamação;Cobrança;Cobrança indevida;Respondida;SCM;CLARO S.A.;Grande;Claro;CE;JUAZEIRO DO NORTE;SCM
11/06/2023;07:09;Reclamação;Cobrança;Cobrança indevida;Pendente;SCM;OI S.A.;Grande;Oi;SP;SOROCABA;SCM
11/10/2023;17:11;Reclamação;Falha;Falha/Interrupção do serviço;Respondida;SCM;CLARO S.A.;Grande;Claro;GO;APARECIDA DE GOIÂNIA;SCM
04/04/2023;20:29;Reclamação;Velocidade;Velocidade abaixo do contratado;Respondida;SCM;TIM S.A.;Grande;TIM;MA;SÃO LUÍS;SCM
15/12/2023;15:38;Reclamação;Falha;Falha/Interrupção do serviço;Respondida;SCM;TELEFONICA BRASIL S.A.;Grande;Vivo;PR;MARINGÁ;SCM
18/09/2022;16:41;Reclamação;Velocidade;Velocidade abaixo do contratado;Respondida;SCM;TIM S.A.;Grande;TIM;MG;BELO HORIZONTE;SCM
01/07/2022;08:52;Reclamação;Velocidade;Velocidade abaixo do contratado;Respondida;SCM;TELEFONICA BRASIL S.A.;Grande;Vivo;AL;AL - INTERIOR;SCM
11/04/2023;16:54;Reclamação;Instalação;Prazo de instalação excedido;Respondida;SCM;CLARO S.A.;Grande;Claro;CE;SOBRAL;SCM
19/02/2022;07:25;Reclamação;Falha;Falha/Interrupção do serviço;Pendente;SCM;TIM S.A.;Grande;TIM;PE;CARUARU;SCM
27/03/2022;22:43;Reclamação;Velocidade;Velocidade abaixo do contratado;Respondida;SCM;CLARO S.A.;Grande;Claro;SP;CAMPINAS;SCM
26/10/2022;09:52;Reclamação;Instalação;Prazo de instalação excedido;Respondida;SCM;TIM S.A.;Grande;TIM;PR;PONTA GROSSA;SCM
21/05/2023;08:40;Reclamação;Falha;Falha/Interrupção do serviço;Respondida;SCM;CLARO S/A;Grande;Claro;MG;JUIZ DE FORA;SCM
09/02/2023;08:09;Reclamação;Cobrança;Cobrança indevida;Pendente;SCM;CLARO S.A.;Grande;Claro;BA;SALVADOR;SCM
16/09/2023;08:32;Reclamação;Falha;Falha/Interrupção do serviço;Respondida;SCM;TELEFONICA BRASIL S.A.;Grande;Vivo;SP;CAMPINAS;SCM
22/12/2023;19:00;Reclamação;Cobrança;Cobrança indevida;Pendente;SCM;CLARO S.A.;Grande;Claro;DF;CEILÂNDIA;SCM
28/07/2022;22:13;Reclamação;Falha;Falha/Interrupção do serviço;Respondida;SCM;TELEFONICA BRASIL S.A.;Grande;Vivo;SP;CAMPINAS;SCM
22/12/2022;09:40;Reclamação;Cobrança;Cobrança indevida;Respondida;SCM;CLARO S/A;Grande;Claro;MS;CAMPO GRANDE;SCM
06/06/2022;21:20;Reclamação;Velocidade;Velocidade abaixo do contratado;Respondida;SCM;CLARO S.A.;Grande;Claro;ES;VILA VELHA;SCM
27/08/2022;09:40;Reclamação;Falha;Falha/Interrupção do serviço;Respondida;SCM;CLARO S.A.;Grande;Claro;MG;JUIZ DE FORA;SCM
02/12/2023;15:55;Reclamação;Atendimento;Atendimento inadequado;Respondida;SCM;CLARO S/A;Grande;Claro;PR;MARINGÁ;SCM
16/04/2022;10:02;Reclamação;Velocidade;Velocidade abaixo do contratado;Respondida;SCM;TIM S.A.;Grande;TIM;MG;JUIZ DE FORA;SCM
08/12/2022;17:04;Reclamação;Velocidade;Velocidade abaixo do contratado;Respondida;SCM;CLARO S.A.;Grande;Claro;SP;SOROCABA;SCM
25/10/2022;19:29;Reclamação;Velocidade;Velocidade abaixo do contratado;Respondida;SCM;CLARO S.A.;Grande;Claro;SP;SANTOS;SCM
01/01/2023;11:52;Reclamação;Instalação;Prazo de instalação excedido;Respondida;SCM;CLARO S.A.;Grande;Claro;SE;SE - INTERIOR;SCM
27/10/2022;09:16;Reclamação;Velocidade;Velocidade abaixo do contratado;Respondida;SCM;TELEFONICA BRASIL S.A.;Grande;-;RS;PELOTAS;SCM
07/05/2022;13:00;Reclamação;Contrato;Cancelamento não realizado;Respondida;SCM;TELEFONICA BRASIL S.A.;Grande;Vivo;RJ;RIO DE JANEIRO;SCM
19/04/2023;15:56;Reclamação;Falha;NÃO INFORMADO;Respondida;SCM;TELEFONICA BRASIL S.A.;Grande;Vivo;PE;OLINDA;SCM
26/09/2023;10:27;Reclamação;Cobrança;Cobrança indevida;Respondida;SCM;EMBRATEL S.A.;Grande;Claro;CE;JUAZEIRO DO NORTE;SCM
10/11/2023;20:29;Reclamação;Atendimento;Atendimento inadequado;Respondida;SCM;CLARO S.A.;Grande;Claro;RR;RR - INTERIOR;SCM
11/02/2023;12:03;Reclamação;Falha;Falha/Interrupção do serviço;Pendente;SCM;CLARO S.A.;Grande;Claro;SP;SANTOS;SCM
28/10/2022;08:48;Reclamação;Falha;Falha/Interrupção do serviço;Pendente;SCM;CLARO S.A.;Grande;Claro;RS;CAXIAS DO SUL;SCM
31/03/2022;18:37;Reclamação;Velocidade;Velocidade abaixo do contratado;Em análise;SCM;TELEFONICA BRASIL S.A.;Grande;Vivo;RJ;DUQUE DE CAXIAS;SCM
27/07/2023;18:55;Reclamação;Cobrança;Cobrança indevida;Respondida;SCM;CLARO S.A.;Grande;Claro;MG;BELO HORIZONTE;SCM
14/09/2023;22:25;Reclamação;Velocidade;Velocidade abaixo do contratado;Respondida;SCM;OI S.A.;Grande;Oi;DF;TAGUATINGA;SCM
09/04/2022;21:52;Reclamação;Falha;Falha/Interrupção do serviço;Respondida;SCM;CLARO S.A.;Grande;Claro;PR;PONTA GROSSA;SCM
23/06/2022;16:48;Reclamação;Atendimento;Atendimento inadequado;Pendente;SCM;TELEFONICA BRASIL S.A.;Grande;Vivo;RS;PELOTAS;SCM
09/08/2023;11:44;Reclamação;Cobrança;Cobrança indevida;Respondida;SCM;Oi S.A.;Grande;Oi;MG;BELO HORIZONTE;SCM
26/08/2022;22:28;Reclamação;Instalação;Prazo de instalação excedido;Em análise;SCM;EMBRATEL S.A.;Grande;Claro;MG;CONTAGEM;SCM
26/02/2022;22:27;Reclamação;Instalação;Prazo de instalação excedido;Pendente;SCM;NET SERVIÇOS DE COMUNICAÇÃO S.A.;Grande;NÃO INFORMADO;RJ;RIO DE JANEIRO;SCM
16/10/2023;16:12;Reclamação;Cobrança;Cobrança indevida;Respondida;SCM;TIM S.A.;Grande;TIM;GO;ANÁPOLIS;SCM
27/08/2022;10:24;Reclamação;Atendimento;Atendimento inadequado;Em análise;SCM;TIM S.A.;Grande;TIM;SP;CAMPINAS;SCM
14/04/2022;11:01;Reclamação;Cobrança;Cobrança indevida;Pendente;SCM;CLARO S.A.;Grande;Claro;CE;JUAZEIRO DO NORTE;SCM
23/09/2022;17:32;Reclamação;Cobrança;Cobrança indevida;Respondida;SCM;CLARO S.A.;NÃO INFORMADO;Claro;SP;SOROCABA;SCM
10/06/2022;18:02;Reclamação;Outros;Outros;Respondida;SCM;EMBRATEL S.A.;Grande;Claro;MG;CONTAGEM;SCM
22/05/2023;13:59;Reclamação;Atendimento;Atendimento inadequado;Respondida;SCM;TELEFONICA BRASIL S.A.;Grande;Vivo;GO;GOIÂNIA;SCM
25/08/2022;17:53;Reclamação;Contrato;Cancelamento não realizado;Respondida;SCM;TELEFONICA BRASIL S.A.;Grande;Vivo;RN;RN - INTERIOR;SCM
10/03/2022;18:42;Reclamação;Cobrança;Cobrança indevida;Em análise;SCM;TIM S.A.;Grande;TIM;MG;UBERLÂNDIA;SCM
03/02/2022;07:01;Reclamação;Velocidade;Velocidade abaixo do contratado;Em análise;SCM;OI S.A.;Grande;Oi;PI;PI - INTERIOR;SCM
12/05/2023;21:12;Reclamação;Contrato;Cancelamento não realizado;Pendente;SCM;TELEFONICA BRASIL S.A.;Grande;Vivo;SP;SOROCABA;SCM
04/10/2022;20:02;Reclamação;Atendimento;Atendimento inadequado;Respondida;SCM;CLARO S.A.; ;Claro;RS;PORTO ALEGRE;SCM
10/06/2022;16:28;Reclamação;Velocidade;Velocidade abaixo do contratado;Respondida;SCM;TIM S.A.;Grande;TIM;RS;PELOTAS;SCM
12/05/2022;19:53;Reclamação;Velocidade;Velocidade abaixo do contratado;Respondida;SCM;TIM S.A.;Grande;TIM;SP;GUARULHOS;SCM
26/08/2023;08:36;Reclamação;Contrato;Cancelamento não realizado;Respondida;SCM;CLARO S.A.;Grande;Claro;RS;CANOAS;SCM
15/03/2023;10:21;Reclamação;Velocidade;Velocidade abaixo do contratado;Respondida;SCM;OI S.A.;Grande;Oi;AM;ITACOATIARA;SCM
17/06/2023;22:30;Reclamação;Cobrança;Cobrança indevida;Respondida;SCM;TELEFONICA BRASIL S.A.;Grande;Vivo;PR;LONDRINA;SCM
12/10/2022;16:08;Reclamação;Velocidade;Velocidade abaixo do contratado;Respondida;SCM;CLARO S.A.;Grande;Claro;PE;CARUARU;SCM
08/05/2023;21:24;Reclamação;Falha;Falha/Interrupção do serviço;Respondida;SCM;TELEFONICA BRASIL S.A.;Grande;Vivo;MG;BELO HORIZONTE;SCM
28/07/2022;09:40;Reclamação;Instalação;Prazo de instalação excedido;Respondida;SCM;TELEFONICA BRASIL S.A.;Grande;Vivo;AP;AP - INTERIOR;SCM
24/09/2022;20:18;Reclamação;Velocidade;Velocidade abaixo do contratado;Respondida;SCM;TIM S.A.;Grande;TIM;AL;AL - INTERIOR;SCM
27/06/2023;20:58;Reclamação;Cobrança;Cobrança indevida;Respondida;SCM;CLARO S.A.;Grande;Claro;RJ;DUQUE DE CAXIAS;SCM
22/03/2023;20:27;Reclamação;Velocidade;Velocidade abaixo do contratado;Respondida;SCM;CLARO S.A.;Grande;Claro;SP;CAMPINAS;SCM
14/10/2022;12:16;Reclamação;Atendimento;Atendimento inadequado;Respondida;SCM;NET SERVIÇOS DE COMUNICAÇÃO S.A.;Grande;Claro;SP;SÃO PAULO;SCM
29/04/2023;07:33;Reclamação;Outros;Outros;Respondida;SCM;TIM S.A.;Grande;TIM;SP;GUARULHOS;SCM
22/05/2023;09:55;Reclamação;Falha;Falha/Interrupção do serviço;Em análise;SCM;NET SERVIÇOS DE COMUNICAÇÃO S.A.;Grande;Claro;PE;CARUARU;SCM
09/03/2023;22:58;Reclamação;Velocidade;Velocidade abaixo do contratado;Em análise;SCM;TELEFONICA BRASIL S.A.;Grande;Vivo;BA;VITÓRIA DA CONQUISTA;SCM
26/07/2023;21:48;Reclamação;Falha;Falha/Interrupção do serviço;Respondida;SCM;TIM S.A.;Grande;TIM;RJ;NITERÓI;SCM
23/01/2022;21:44;Reclamação;Contrato;Cancelamento não realizado;Em análise;SCM;CLARO S.A.;Grande;Claro;CE;SOBRAL;SCM
07/06/2023;17:47;Reclamação;Velocidade;Velocidade abaixo do contratado;Respondida;SCM;TELEFONICA BRASIL S.A.;Grande;Vivo;RJ;NITERÓI;SCM
24/06/2022;14:18;Reclamação;Atendimento;Atendimento inadequado;Respondida;SCM;CLARO S.A.;Grande;Claro;SP;GUARULHOS;SCM
28/10/2022;07:58;Reclamação;Cobrança;Cobrança indevida;Respondida;SCM;NET SERVIÇOS DE COMUNICAÇÃO S.A.;Grande;Claro;RS;PELOTAS;SCM
16/03/2023;14:51;Reclamação;Contrato;Cancelamento não realizado;Respondida;SCM;TIM S.A.;Grande;TIM;RS;PELOTAS;SCM
08/07/2022;08:02;Reclamação;N/A;Falha/Interrupção do serviço;Respondida;SCM;TELEFONICA BRASIL S.A.;Grande;Vivo;RS;PELOTAS;SCM
06/06/2022;07:49;Reclamação;Velocidade;Velocidade abaixo do contratado;Respondida;SCM;CLARO S.A.;Grande;Claro;RJ;NITERÓI;SCM
01/03/2023;17:54;Reclamação;Falha;Falha/Interrupção do serviço;Respondida;SCM;NET SERVIÇOS DE COMUNICAÇÃO S.A.;Grande;Claro;MA;TIMON;SCM
25/05/2022;21:35;Reclamação;Velocidade;Velocidade abaixo do contratado;Respondida;SCM;TELEFONICA BRASIL S.A.;Grande;NÃO INFORMADO;RJ;RIO DE JANEIRO;SCM
19/07/2023;20:15;Reclamação;Cobrança;Cobrança indevida;Pendente;SCM;OI S.A.;Grande;Oi;MT;VÁRZEA GRANDE;SCM
07/11/2023;09:20;Reclamação;Velocidade;Velocidade abaixo do contratado;Respondida;SCM;CLARO S.A.;Grande;Claro;SP;GUARULHOS;SCM
04/04/2022;20:13;Reclamação;Velocidade;Velocidade abaixo do contratado;Respondida;SCM;CLARO S.A.;Grande;Claro;SP;CAMPINAS;SCM
09/02/2023;16:57;Reclamação;Falha;Falha/Interrupção do serviço;Respondida;SCM;SERCOMTEL S.A. - TELECOMUNICAÇÕES;Pequeno;Sercomtel;SP;SÃO PAULO;SCM
02/03/2022;14:39;Reclamação;Atendimento;Atendimento inadequado;Em análise;SCM;OI S.A.;Grande;Oi;PR;PONTA GROSSA;SCM
10/06/2023;22:14;Reclamação;Velocidade;Velocidade abaixo do contratado;Respondida;SCM;TIM S.A.;Grande;TIM;PR;MARINGÁ;SCM
15/01/2023;07:03;Reclamação;-;Prazo de instalação excedido;Respondida;SCM;EMBRATEL S.A.;Grande;Claro;RJ;NITERÓI;SCM
30/07/2022;08:50;Reclamação;Contrato;Cancelamento não realizado;Respondida;SCM;CLARO S.A.;Grande;Claro;MA;TIMON;SCM
12/04/2022;20:34;Reclamação;Velocidade;Velocidade abaixo do contratado;Em análise;SCM;CLARO S.A.;Grande;Claro;RJ;DUQUE DE CAXIAS;SCM
19/10/2023;10:13;Reclamação;Falha;Falha/Interrupção do serviço;Em análise;SCM;CLARO S.A.;Grande;Claro;PR;PONTA GROSSA;SCM
27/11/2022;07:42;Reclamação;Atendimento;Atendimento inadequado;Pendente;SCM;CLARO S.A.;Grande;Claro;SC;SC - INTERIOR;SCM
18/01/2023;09:28;Reclamação;Cobrança;Cobrança indevida;Respondida;SCM;TIM S.A.;Grande;TIM;PE;OLINDA;SCM
21/06/2023;09:26;Reclamação;Cobrança;Cobrança indevida;Respondida;SCM;CLARO S/A;Grande;Claro;MA;TIMON;SCM
09/11/2022;15:53;Reclamação;Contrato;Cancelamento não realizado;Pendente;SCM;Tim S.A.;Grande;TIM;PA;SANTARÉM;SCM
18/06/2022;13:14;Reclamação;Velocidade;Velocidade abaixo do contratado;Respondida;SCM;NET SERVIÇOS DE COMUNICAÇÃO S.A.;Grande;Claro;SP;CAMPINAS;SCM
30/11/2022;14:32;Reclamação;Cobrança;Cobrança indevida;Respondida;SCM;OI S.A.;Grande;Oi;BA;SALVADOR;SCM
06/06/2022;08:34;Reclamação;Falha;Falha/Interrupção do serviço;Respondida;SCM;TIM S.A.;Grande;TIM;BA;FEIRA DE SANTANA;SCM
06/03/2023;13:27;Reclamação;Velocidade;Velocidade abaixo do contratado;Respondida;SCM;CLARO S.A.;Grande;Claro;RS;CAXIAS DO SUL;SCM
10/02/2022;22:45;Reclamação;Cobrança;Cobrança indevida;Respondida;SCM;TIM S.A.;Grande;TIM;SP;GUARULHOS;SCM
11/04/2022;07:50;Reclamação;Velocidade;Velocidade abaixo do contratado;Respondida;SCM;TIM S.A.;Grande;TIM;RJ;NOVA IGUAÇU;SCM
07/06/2023;11:16;Reclamação;Velocidade;Velocidade abaixo do contratado;Respondida;SCM;TIM S.A.;Grande;TIM;BA;VITÓRIA DA CONQUISTA;SCM
08/04/2023;18:14;Reclamação;Falha;Falha/Interrupção do serviço;Respondida;SCM;NET SERVIÇOS DE COMUNICAÇÃO S.A.;Grande;Claro;SC;SC - INTERIOR;SCM
09/05/2023;10:36;Reclamação;Instalação;Prazo de instalação excedido;Pendente;SCM;CLARO S.A.;Grande;Claro;RJ;NOVA IGUAÇU;SCM
19/06/2022;20:35;Reclamação;Falha;Falha/Interrupção do serviço;Respondida;SCM;OI S.A.;Grande;Oi;RS;CANOAS;SCM
12/01/2022;19:44;Reclamação;Cobrança;Cobrança indevida;Respondida;SCM;OI S.A.;Grande;Oi;PA;BELÉM;SCM
18/04/2022;09:27;Reclamação;Cobrança;Cobrança indevida;Respondida;SCM;CLARO S.A.;Grande;Claro;PB;PB - INTERIOR;SCM
02/10/2022;09:17;Reclamação;Cobrança;Cobrança indevida;Respondida;SCM;TIM S.A.;Grande;TIM;ES;CARIACICA;SCM
02/03/2023;21:57;Reclamação;Velocidade;Velocidade abaixo do contratado;Respondida;SCM;OI S.A.;Grande;Oi;CE;CAUCAIA;SCM
24/12/2023;18:19;Reclamação;Instalação;Prazo de instalação excedido;Pendente;SCM;CLARO S/A;Grande;Claro;AP;AP - INTERIOR;SCM
14/01/2022;11:32;Reclamação;Atendimento;Atendimento inadequado;Respondida;SCM;TELEFONICA BRASIL S.A.;Grande;Vivo;SP;GUARULHOS;SCM
17/12/2023;12:49;Reclamação;Atendimento;Atendimento inadequado;Em análise;SCM;TELEFONICA BRASIL S.A.;Grande;Vivo;CE;FORTALEZA;SCM
21/08/2022;17:32;Reclamação;Velocidade;Velocidade abaixo do contratado;Pendente;SCM;TELEFONICA BRASIL S.A.;Grande;Vivo;GO;ANÁPOLIS;SCM
23/02/2022;10:14;Reclamação;Contrato;Cancelamento não realizado;Respondida;SCM;CLARO S.A.;Grande;Claro;MG;UBERLÂNDIA;SCM
26/02/2022;21:18;Reclamação;Falha;Falha/Interrupção do serviço;Respondida;SCM;TELEFONICA BRASIL S.A.;Grande;Vivo;RO;RO - INTERIOR;SCM
10/12/2023;22:17;Reclamação;Velocidade;Velocidade abaixo do contratado;Respondida;SCM;TELEFONICA BRASIL S.A.;Grande;Vivo;RR;RR - INTERIOR;SCM
07/02/2023;18:08;Reclamação;Falha;Falha/Interrupção do serviço;Respondida;SCM;CLARO S.A.;Grande;Claro;CE;CAUCAIA;SCM
29/06/2022;15:36;Reclamação;Falha;Falha/Interrupção do serviço;Respondida;SCM;CLARO S.A.;Grande;Claro;SP;GUARULHOS;SCM
28/01/2023;13:38;Reclamação;Falha;Falha/Interrupção do serviço;Respondida;SCM;CLARO S.A.;Grande;Claro;BA;FEIRA DE SANTANA;SCM
28/06/2023;08:18;Reclamação;Cobrança;Cobrança indevida;Respondida;SCM;Telefonica Brasil S.A.;Grande;Vivo;PB;PB - INTERIOR;SCM
15/12/2022;12:45;Reclamação;Velocidade;Velocidade abaixo do contratado;Respondida;SCM;CLARO S.A.;Grande;Claro;RJ;NOVA IGUAÇU;SCM
08/01/2023;14:28;Reclamação;Outros;Outros;Respondida;SCM;TELEFONICA BRASIL S.A.;Grande;Vivo;RS;PORTO ALEGRE;SCM
14/03/2022;22:23;Reclamação;Contrato;Cancelamento não realizado;Em análise;SCM;CLARO S.A.;Grande;Claro;BA;FEIRA DE SANTANA;SCM
25/01/2023;19:59;Reclamação;Cobrança;Cobrança indevida;Respondida;SCM;TIM S.A.;Grande;TIM;CE;JUAZEIRO DO NORTE;SCM
17/12/2022;14:19;Reclamação;Velocidade;Velocidade abaixo do contratado;Em análise;SCM;TELEFONICA BRASIL S.A.;Grande;Vivo;SP;GUARULHOS;SCM
25/09/2022;17:37;Reclamação;Falha;Falha/Interrupção do serviço;Pendente;SCM;TELEFONICA BRASIL S.A.;Grande;Vivo;RJ;NITERÓI;SCM
20/03/2023;18:06;Reclamação;Instalação;Prazo de instalação excedido;Respondida;SCM;OI S.A.;Grande;Oi;PR;CURITIBA;SCM
20/01/2022;13:51;Reclamação;Cobrança;Cobrança indevida;Pendente;SCM;TELEFONICA BRASIL S.A.;Grande;Vivo;SP;SÃO PAULO;SCM
01/10/2022;20:07;Reclamação;Velocidade;Velocidade abaixo do contratado;Em análise;SCM;TIM S.A.;Grande;TIM;PB;PB - INTERIOR;SCM
07/11/2022;09:53;Reclamação;Velocidade;Velocidade abaixo do contratado;Respondida;SCM;CLARO S.A.;Grande;Claro;PB;PB - INTERIOR;SCM
06/11/2022;08:04;Reclamação;Falha;Falha/Interrupção do serviço;Respondida;SCM;CLARO S/A;Grande;Claro;SC;SC - INTERIOR;SCM
15/06/2022;08:09;Reclamação;Contrato;Cancelamento não realizado;Respondida;SCM;TIM S.A.;Grande;TIM;MA;SÃO LUÍS;SCM
18/12/2023;12:06;Reclamação;Atendimento;Atendimento inadequado;Respondida;SCM;CLARO S.A.;Grande;Claro;PB;PB - INTERIOR;SCM
20/10/2023;11:53;Reclamação;Instalação;Prazo de instalação excedido;Respondida;SCM;OI S.A.;Grande;Oi;ES;VITÓRIA;SCM
27/05/2023;08:54;Reclamação;Velocidade;Velocidade abaixo do contratado;Respondida;SCM;NET SERVIÇOS DE COMUNICAÇÃO S.A.;Grande;Claro;RS;PORTO ALEGRE;SCM
02/06/2023;17:40;Reclamação;Cobrança;Cobrança indevida;Pendente;SCM;OI S.A.;Grande;Oi;SP;GUARULHOS;SCM
12/08/2022;09:53;Reclamação;Instalação;Prazo de instalação excedido;Respondida;SCM;TELEFONICA BRASIL S.A.;Grande;Vivo;MG;BELO HORIZONTE;SCM
27/08/2022;14:00;Reclamação;Velocidade;Velocidade abaixo do contratado;Respondida;SCM;NET SERVIÇOS DE COMUNICAÇÃO S.A.;Grande;NÃO INFORMADO;RS;PORTO ALEGRE;SCM
01/09/2023;13:28;Reclamação;Contrato;Cancelamento não realizado;Respondida;SCM;CLARO S.A.;Grande;Claro;PA;SANTARÉM;SCM
20/11/2022;19:06;Reclamação; ;Velocidade abaixo do contratado;Respondida;SCM;CLARO S/A;Grande;Claro;DF;TAGUATINGA;SCM
05/07/2023;18:30;Reclamação;Cobrança;Cobrança indevida;Respondida;SCM;CLARO S.A.;Grande;Claro;SP;CAMPINAS;SCM
20/10/2022;22:19;Reclamação;Velocidade;Velocidade abaixo do contratado;Respondida;SCM;TIM S.A.;Grande;TIM;RS;PELOTAS;SCM
05/08/2023;20:28;Reclamação;Velocidade;Velocidade abaixo do contratado;Respondida;SCM;TELEFONICA BRASIL S.A.;Grande;Vivo;CE;CAUCAIA;SCM
22/06/2022;20:20;Reclamação;Falha;Falha/Interrupção do serviço;Respondida;SCM;TIM S.A.;Grande;TIM;MG;UBERLÂNDIA;SCM
09/09/2023;20:33;Reclamação;Velocidade;Velocidade abaixo do contratado;Em análise;SCM;NET SERVIÇOS DE COMUNICAÇÃO S.A.;Grande;Claro;PA;MARABÁ;SCM
28/05/2022;14:11;Reclamação;Velocidade;Velocidade abaixo do contratado;Pendente;SCM;TELEFONICA BRASIL S.A.;Grande;Vivo;GO;APARECIDA DE GOIÂNIA;SCM
07/07/2023;11:46;Reclamação;Velocidade;Velocidade abaixo do contratado;Respondida;SCM;OI S.A.;Grande;Oi;SP;CAMPINAS;SCM
18/10/2023;10:02;Reclamação;Velocidade;Velocidade abaixo do contratado;Pendente;SCM;SERCOMTEL S.A. - TELECOMUNICAÇÕES;Pequeno;Sercomtel;PA;ANANINDEUA;SCM
02/10/2022;09:23;Reclamação;Contrato;Cancelamento não realizado;Em análise;SCM;TIM S.A.;Grande;TIM;SP;SANTOS;SCM
31/03/2022;21:55;Reclamação;Velocidade;Velocidade abaixo do contratado;Pendente;SCM;CLARO S/A;Grande;Claro;SC;SC - INTERIOR;SCM
12/02/2023;14:14;Reclamação;Outros;Outros;Em análise;SCM;TIM S.A.;Grande;TIM;SP;SOROCABA;SCM
12/12/2023;13:24;Reclamação;Velocidade;Velocidade abaixo do contratado;Respondida;SCM;OI S.A.;Grande;Oi;CE;SOBRAL;SCM
10/04/2022;14:19;Reclamação;Velocidade;Velocidade abaixo do contratado;Respondida;SCM;TELEFONICA BRASIL S.A.;Grande;Vivo;MA;SÃO LUÍS;SCM
07/01/2022;12:44;Reclamação;Falha;Falha/Interrupção do serviço;Pendente;SCM;TIM S.A.;Grande;TIM;BA;FEIRA DE SANTANA;SCM
21/05/2023;19:00;Reclamação;Velocidade;Velocidade abaixo do contratado;Pendente;SCM;CLARO S.A.;Grande;Claro;MS;DOURADOS;SCM
08/04/2023;17:07;Reclamação;Instalação;Prazo de instalação excedido;Respondida;SCM;SERCOMTEL S.A. - TELECOMUNICAÇÕES;Pequeno;Sercomtel;SP;SANTOS;SCM
01/01/2023;08:34;Reclamação;Falha;Falha/Interrupção do serviço;Respondida;SCM;TELEFONICA BRASIL S.A.;Grande;Vivo;BA;FEIRA DE SANTANA;SCM
05/12/2023;14:05;Reclamação;Contrato;Cancelamento não realizado;Pendente;SCM;TIM S.A.;Grande;TIM;MT;VÁRZEA GRANDE;SCM
20/11/2022;10:02;Reclamação;-;Cobrança indevida;Em análise;SCM;TIM S.A.;NÃO INFORMADO;TIM;SP;SANTOS;SCM
26/09/2022;11:09;Reclamação;Cobrança;Cobrança indevida;Respondida;SCM;CLARO S.A.;Grande;Claro;PB;PB - INTERIOR;SCM
20/08/2022;15:56;Reclamação;Velocidade;N/A;Respondida;SCM;CLARO S.A.;Grande;Claro;PA;SANTARÉM;SCM
06/09/2023;09:34;Reclamação;Outros;Outros;Respondida;SCM;EMBRATEL S.A.;Grande;Claro;PR;CURITIBA;SCM
06/12/2023;08:01;Reclamação;Velocidade;Velocidade abaixo do contratado;Respondida;SCM;CLARO S.A.;Grande; ;SP;SANTOS;SCM
21/05/2022;12:07;Reclamação;Falha;Falha/Interrupção do serviço;Respondida;SCM;CLARO S.A.;N/A;Claro;PR;LONDRINA;SCM
27/01/2023;13:30;Reclamação;Falha;Falha/Interrupção do serviço;Pendente;SCM;OI S.A.;Grande;Oi;MG;UBERLÂNDIA;SCM
21/05/2023;22:14;Reclamação;Atendimento;Atendimento inadequado;Respondida;SCM;CLARO S.A.;Grande;Claro;PI;PI - INTERIOR;SCM
10/08/2023;11:03;Reclamação;Falha;Falha/Interrupção do serviço;Respondida;SCM;CLARO S.A.;Grande;Claro;PR;LONDRINA;SCM
01/04/2022;11:58;Reclamação;Falha;Falha/Interrupção do serviço;Respondida;SCM;NET SERVIÇOS DE COMUNICAÇÃO S.A.;Grande;Claro;SP;CAMPINAS;SCM
18/09/2023;12:57;Reclamação;Velocidade;Velocidade abaixo do contratado;Respondida;SCM;CLARO S.A.;Grande;Claro;SC;SC - INTERIOR;SCM
07/03/2023;07:06;Reclamação;Contrato;Cancelamento não realizado;Em análise;SCM;CLARO S.A.;Grande;Claro;PR;CURITIBA;SCM
12/07/2022;17:01;Reclamação;Velocidade;Velocidade abaixo do contratado;Respondida;SCM;CLARO S.A.;Grande;Claro;BA;FEIRA DE SANTANA;SCM
24/11/2022;13:18;Reclamação;Contrato;Cancelamento não realizado;Respondida;SCM;CLARO S.A.;Grande;NÃO INFORMADO;BA;VITÓRIA DA CONQUISTA;SCM
30/12/2023;20:15;Reclamação;Cobrança;Cobrança indevida;Em análise;SCM;TIM S.A.;Grande;TIM;RJ;DUQUE DE CAXIAS;SCM
24/11/2023;14:25;Reclamação;Cobrança;Cobrança indevida;Respondida;SCM;CLARO S.A.;Grande;Claro;SP;CAMPINAS;SCM
16/11/2022;19:36;Reclamação;Falha;Falha/Interrupção do serviço;Respondida;SCM;TELEFONICA BRASIL S.A.;Grande;Vivo;SE;SE - INTERIOR;SCM
15/04/2023;12:03;Reclamação;Cobrança;Cobrança indevida;Respondida;SCM;OI S.A.;Grande;Oi;SP;SOROCABA;SCM
15/12/2023;11:55;Reclamação;Falha;Falha/Interrupção do serviço;Respondida;SCM;TIM S.A.;Grande;TIM;MA;SÃO LUÍS;SCM
28/02/2022;13:21;Reclamação;Velocidade;Velocidade abaixo do contratado;Pendente;SCM;TIM S.A.;Grande;TIM;RS;PORTO ALEGRE;SCM
06/07/2022;19:47;Reclamação;Cobrança;Cobrança indevida;Respondida;SCM;N/A;Grande;Oi;RJ;NITERÓI;SCM
02/04/2023;19:05;Reclamação;Cobrança;Cobrança indevida;Respondida;SCM;CLARO S.A.;Grande;N/A;AM;ITACOATIARA;SCM
18/08/2022;09:06;Reclamação;Cobrança;Cobrança indevida;Respondida;SCM;OI S.A.;Grande;Oi;PR;CURITIBA;SCM
10/03/2023;17:54;Reclamação;Instalação;Prazo de instalação excedido;Respondida;SCM;NET SERVIÇOS DE COMUNICAÇÃO S.A.;Grande;NÃO INFORMADO;SP;SÃO PAULO;SCM
20/09/2023;09:25;Reclamação;Cobrança;Cobrança indevida;Respondida;SCM;NET SERVIÇOS DE COMUNICAÇÃO S.A.;Grande;Claro;MG;JUIZ DE FORA;SCM
29/01/2023;15:32;Reclamação;Velocidade;Velocidade abaixo do contratado;Em análise;SCM;NET SERVIÇOS DE COMUNICAÇÃO S.A.;Grande;Claro;MG;CONTAGEM;SCM
01/03/2022;14:14;Reclamação;Cobrança; ;Respondida;SCM;CLARO S.A.;Grande;Claro;PE;PETROLINA;SCM
01/01/2022;21:27;Reclamação;Velocidade;Velocidade abaixo do contratado;Pendente;SCM;SERCOMTEL S.A. - TELECOMUNICAÇÕES;Pequeno;Sercomtel;BA;FEIRA DE SANTANA;SCM
22/09/2023;07:15;Reclamação;Velocidade;Velocidade abaixo do contratado;Respondida;SCM;CLARO S.A.;Grande;Claro;RN;RN - INTERIOR;SCM
09/12/2022;22:20;Reclamação;Cobrança;Cobrança indevida;Pendente;SCM;TELEFONICA BRASIL S.A.;Grande;Vivo;RJ;NITERÓI;SCM
06/08/2023;21:46;Reclamação;Falha;Falha/Interrupção do serviço;Respondida;SCM;CLARO S.A.;Grande;Claro;MS;DOURADOS;SCM
14/04/2023;18:53;Reclamação;Falha;Falha/Interrupção do serviço;Respondida;SCM;NET SERVIÇOS DE COMUNICAÇÃO S.A.;Grande;Claro;SP;SÃO PAULO;SCM
21/07/2023;15:09;Reclamação;Velocidade;Velocidade abaixo do contratado;Pendente;SCM;TIM S.A.;Grande;TIM;RJ;DUQUE DE CAXIAS;SCM
19/06/2023;22:55;Reclamação;Contrato;Cancelamento não realizado;Respondida;SCM;TELEFONICA BRASIL S.A.;Grande;Vivo;SP;SOROCABA;SCM
29/12/2023;12:22;Reclamação;Atendimento;Atendimento inadequado;Pendente;SCM;CLARO S.A.;Grande;Claro;BA;SALVADOR;SCM
26/10/2023;08:33;Reclamação;Cobrança;Cobrança indevida;Pendente;SCM;CLARO S.A.;Grande;Claro;RJ;DUQUE DE CAXIAS;SCM
20/09/2022;21:41;Reclamação;Velocidade;Velocidade abaixo do contratado;Respondida;SCM;CLARO S.A.;Grande;Claro;SP;GUARULHOS;SCM
27/06/2023;19:57;Reclamação;Outros;Outros;Respondida;SCM;TIM S.A.;Grande;TIM;SP;CAMPINAS;SCM
17/04/2022;22:28;Reclamação;Cobrança;Cobrança indevida;Respondida;SCM;CLARO S.A.;Grande;Claro;SC;SC - INTERIOR;SCM
25/12/2023;15:20;Reclamação;Falha;Falha/Interrupção do serviço;Respondida;SCM;CLARO S.A.;Grande;Claro;CE;JUAZEIRO DO NORTE;SCM
02/09/2022;15:25;Reclamação;Velocidade;Velocidade abaixo do contratado;Respondida;SCM;TELEFONICA BRASIL S.A.;Grande;-;RJ;DUQUE DE CAXIAS;SCM
04/12/2023;15:02;Reclamação;Velocidade;Velocidade abaixo do contratado;Respondida;SCM;TIM S.A.;Grande;TIM;BA;VITÓRIA DA CONQUISTA;SCM
03/09/2023;16:46;Reclamação;N/A;Cobrança indevida;Respondida;SCM;CLARO S.A.;Grande;Claro;SP;CAMPINAS;SCM
20/12/2023;10:08;Reclamação;Velocidade;Velocidade abaixo do contratado;Respondida;SCM;CLARO S.A.;Grande;Claro;PE;RECIFE;SCM
20/12/2022;07:46;Reclamação;Cobrança;Cobrança indevida;Pendente;SCM;CLARO S.A.;Grande;Claro;BA;VITÓRIA DA CONQUISTA;SCM
19/03/2023;11:47;Reclamação;Cobrança;Cobrança indevida;Pendente;SCM;TIM S.A.;Grande;TIM;RJ;NOVA IGUAÇU;SCM
01/04/2022;11:43;Reclamação;Cobrança;Cobrança indevida;Respondida;SCM;TELEFONICA BRASIL S.A.;Grande;Vivo;MA;IMPERATRIZ;SCM
19/05/2022;08:36;Reclamação;Velocidade;Velocidade abaixo do contratado;Respondida;SCM;TIM S.A.;Grande;TIM;SP;CAMPINAS;SCM
09/09/2022;14:52;Reclamação; ;Atendimento inadequado;Pendente;SCM;Claro S.A.;Grande;Claro;CE;JUAZEIRO DO NORTE;SCM
05/04/2023;07:35;Reclamação;Velocidade;Velocidade abaixo do contratado;Respondida;SCM;NET SERVIÇOS DE COMUNICAÇÃO S.A.;Grande;Claro;SP;GUARULHOS;SCM
20/11/2022;20:26;Reclamação;Falha;Falha/Interrupção do serviço;Respondida;SCM;NET SERVIÇOS DE COMUNICAÇÃO S.A.;Grande;Claro;MT;VÁRZEA GRANDE;SCM
23/05/2022;15:33;Reclamação;Velocidade;Velocidade abaixo do contratado;Respondida;SCM;CLARO S.A.;Grande;Claro;RS;CAXIAS DO SUL;SCM
02/09/2023;18:57;Reclamação;Atendimento;Atendimento inadequado;Respondida;SCM;TELEFONICA BRASIL S.A.;Grande;Vivo;MG;JUIZ DE FORA;SCM
06/08/2023;15:24;Reclamação;Falha;Falha/Interrupção do serviço;Pendente;SCM;TIM S.A.;Grande;TIM;SP;SANTOS;SCM
18/08/2023;21:00;Reclamação;Velocidade;Velocidade abaixo do contratado;Respondida;SCM;CLARO S.A.;Grande;Claro;SC;SC - INTERIOR;SCM
25/04/2023;07:50;Reclamação;Falha;Falha/Interrupção do serviço;Respondida;SCM;TELEFONICA BRASIL S.A.;Grande;Vivo;PR;CURITIBA;SCM
17/07/2022;10:49;Reclamação;Cobrança;Cobrança indevida;Respondida;SCM;Claro S.A.;Grande;Claro;MS;TRÊS LAGOAS;SCM
28/06/2023;18:36;Reclamação;Falha;Falha/Interrupção do serviço;Respondida;SCM;TELEFONICA BRASIL S.A.;Grande;Vivo;TO;TO - INTERIOR;SCM
02/07/2023;13:24;Reclamação;Falha;NÃO INFORMADO;Respondida;SCM;NET SERVIÇOS DE COMUNICAÇÃO S.A.;Grande;Claro;RS;CANOAS;SCM
19/12/2022;11:37;Reclamação;Cobrança;Cobrança indevida;Em análise;SCM;TIM S.A.;Grande;TIM;SC;SC - INTERIOR;SCM
18/12/2023;14:27;Reclamação;Velocidade;Velocidade abaixo do contratado;Respondida;SCM;NET SERVIÇOS DE COMUNICAÇÃO S.A.;Grande;Claro;SP;CAMPINAS;SCM
13/06/2023;12:36;Reclamação;Contrato;Cancelamento não realizado;Respondida;SCM;TELEFONICA BRASIL S.A.;Grande;Vivo;MA;SÃO LUÍS;SCM
28/02/2022;14:56;Reclamação;Velocidade;Velocidade abaixo do contratado;Respondida;SCM;TIM S.A.;Grande;TIM;RS;CAXIAS DO SUL;SCM
02/05/2023;17:09;Reclamação;Falha;Falha/Interrupção do serviço;Pendente;SCM;CLARO S.A.;Grande;Claro;SC;SC - INTERIOR;SCM
12/02/2022;17:06;Reclamação;Contrato;Cancelamento não realizado;Em análise;SCM;Tim S.A.;Grande;TIM;PR;LONDRINA;SCM
26/12/2023;11:34;Reclamação;Cobrança;Cobrança indevida;Em análise;SCM;TELEFONICA BRASIL S.A.;Grande;Vivo;DF;BRASÍLIA;SCM
24/01/2022;11:07;Reclamação;Velocidade;Velocidade abaixo do contratado;Pendente;SCM;CLARO S.A.;Grande;Claro;DF;CEILÂNDIA;SCM
02/02/2022;13:06;Reclamação;Atendimento;Atendimento inadequado;Respondida;SCM;CLARO S.A.;Grande;Claro;CE;FORTALEZA;SCM
10/12/2023;11:42;Reclamação;Cobrança;Cobrança indevida;Respondida;SCM;CLARO S/A;Grande;Claro;SP;CAMPINAS;SCM
27/04/2023;09:10;Reclamação;Velocidade;Velocidade abaixo do contratado;Respondida;SCM;OI S.A.;Grande;Oi;DF;CEILÂNDIA;SCM
01/06/2022;16:59;Reclamação;Atendimento;Atendimento inadequado;Respondida;SCM;CLARO S.A.;Grande;Claro;RS;CANOAS;SCM
22/12/2023;22:37;Reclamação;Contrato;Cancelamento não realizado;Respondida;SCM;OI S.A.;Grande;Oi;RJ;RIO DE JANEIRO;SCM
26/07/2022;16:14;Reclamação;Velocidade;Velocidade abaixo do contratado;Respondida;SCM;TIM S.A.;Grande;TIM;MG;UBERLÂNDIA;SCM
17/10/2022;22:02;Reclamação;Falha;Falha/Interrupção do serviço;Respondida;SCM;TELEFONICA BRASIL S.A.;Grande;Vivo;RJ;NITERÓI;SCM
20/07/2022;11:51;Reclamação;Cobrança;Cobrança indevida;Pendente;SCM;CLARO S.A.;Grande;Claro;RJ;NITERÓI;SCM
06/09/2022;12:02;Reclamação;Falha;Falha/Interrupção do serviço;Pendente;SCM;TELEFONICA BRASIL S.A.;Grande;Vivo;RJ;NOVA IGUAÇU;SCM
01/04/2022;15:15;Reclamação;Contrato;Cancelamento não realizado;Pendente;SCM;CLARO S.A.;Grande;Claro;GO;APARECIDA DE GOIÂNIA;SCM
12/02/2023;09:31;Reclamação;Atendimento;Atendimento inadequado;Respondida;SCM;CLARO S.A.;Grande;Claro;PR;CURITIBA;SCM
12/09/2022;12:23;Reclamação;Cobrança;Cobrança indevida;Respondida;SCM;TELEFONICA BRASIL S.A.;Grande;Vivo;PA;MARABÁ;SCM
03/02/2022;08:20;Reclamação;Velocidade;Velocidade abaixo do contratado;Respondida;SCM;OI S.A.;Grande;Oi;BA;FEIRA DE SANTANA;SCM
07/12/2022;20:37;Reclamação;Velocidade;Velocidade abaixo do contratado;Respondida;SCM;TELEFONICA BRASIL S.A.;Grande;Vivo;MG;UBERLÂNDIA;SCM
20/12/2022;08:34;Reclamação;Velocidade;Velocidade abaixo do contratado;Respondida;SCM;OI S.A.;Grande;Oi;SP;SANTOS;SCM
19/01/2023;13:12;Reclamação;Cobrança;Cobrança indevida;Respondida;SCM;CLARO S.A.;Grande;Claro;RJ;DUQUE DE CAXIAS;SCM
10/05/2023;09:23;Reclamação;Cobrança;Cobrança indevida;Em análise;SCM;CLARO S.A.;Grande;Claro;RS;PELOTAS;SCM
01/06/2023;18:41;Reclamação;Velocidade;Velocidade abaixo do contratado;Respondida;SCM;CLARO S.A.;Grande;Claro;RJ;NITERÓI;SCM
22/08/2023;20:18;Reclamação;Velocidade;Velocidade abaixo do contratado;Respondida;SCM;CLARO S.A.;Grande;Claro;PB;PB - INTERIOR;SCM
04/08/2023;13:41;Reclamação;Velocidade;Velocidade abaixo do contratado;Respondida;SCM;OI S.A.;Grande;Oi;RN;RN - INTERIOR;SCM
30/12/2023;19:26;Reclamação;Velocidade;Velocidade abaixo do contratado;Respondida;SCM;TIM S.A.;Grande;TIM;TO;TO - INTERIOR;SCM
14/06/2022;14:31;Reclamação;Falha;Falha/Interrupção do serviço;Respondida;SCM;EMBRATEL S.A.;Grande;Claro;MG;CONTAGEM;SCM
28/02/2023;16:17;Reclamação;Outros;Outros;Respondida;SCM;TIM S.A.;Grande;TIM;RJ;NITERÓI;SCM
26/05/2022;18:19;Reclamação;Velocidade;Velocidade abaixo do contratado;Em análise;SCM;TELEFONICA BRASIL S.A.;Grande;Vivo;RJ;RIO DE JANEIRO;SCM
12/09/2023;08:54;Reclamação;Cobrança;Cobrança indevida;Respondida;SCM;TELEFONICA BRASIL S.A.;Grande;Vivo;AM;MANAUS;SCM
10/03/2023;21:35;Reclamação;Cobrança;Cobrança indevida;Respondida;SCM;OI S.A.;Grande;Oi;SP;CAMPINAS;SCM
28/07/2023;08:32;Reclamação;Cobrança;Cobrança indevida;Pendente;SCM;TIM S.A.;Grande;TIM;SP;GUARULHOS;SCM
20/12/2022;17:47;Reclamação;Instalação;Prazo de instalação excedido;Respondida;SCM;TELEFONICA BRASIL S.A.;Grande;Vivo;PA;ANANINDEUA;SCM
14/04/2022;07:32;Reclamação;Velocidade;Velocidade abaixo do contratado;Respondida;SCM;TIM S.A.;Grande;TIM;PR;LONDRINA;SCM
21/02/2022;18:37;Reclamação;Instalação;Prazo de instalação excedido;Respondida;SCM;TELEFONICA BRASIL S.A.;Grande;Vivo;SP;SANTOS;SCM
21/02/2022;22:42;Reclamação;Instalação;Prazo de instalação excedido;Em análise;SCM;TELEFONICA BRASIL S.A.;Grande;Vivo;SP;SANTOS;SCM
12/02/2023;19:10;Reclamação;Velocidade;Velocidade abaixo do contratado;Em análise;SCM;TELEFONICA BRASIL S.A.;Grande;Vivo;RJ;NOVA IGUAÇU;SCM
30/10/2022;13:26;Reclamação;Velocidade;Velocidade abaixo do contratado;Respondida;SCM;CLARO S.A.;Grande;Claro;GO;GOIÂNIA;SCM
25/04/2022;22:24;Reclamação;Falha; ;Respondida;SCM;SERCOMTEL S.A. - TELECOMUNICAÇÕES;Pequeno;Sercomtel;BA;FEIRA DE SANTANA;SCM
22/04/2023;07:38;Reclamação;Cobrança;Cobrança indevida;Respondida;SCM;TELEFONICA BRASIL S.A.;Grande;Vivo;ES;VILA VELHA;SCM
23/11/2022;09:11;Reclamação;Instalação;Prazo de instalação excedido;Respondida;SCM;TIM S.A.;Grande;TIM;ES;VITÓRIA;SCM
02/10/2023;21:45;Reclamação;Falha;Falha/Interrupção do serviço;Respondida;SCM;CLARO S.A.;Grande;Claro;ES;CARIACICA;SCM
25/05/2022;19:39;Reclamação;Velocidade;Velocidade abaixo do contratado;Respondida;SCM;TELEFONICA BRASIL S.A.;Grande;Vivo;SP;SANTOS;SCM
03/11/2023;14:46;Reclamação;Falha;Falha/Interrupção do serviço;Respondida;SCM;TIM S.A.;Grande;TIM;PA;BELÉM;SCM
25/05/2023;13:08;Reclamação;Falha;Falha/Interrupção do serviço;Pendente;SCM;TIM S.A.;Grande;TIM;RS;CANOAS;SCM
28/10/2022;12:13;Reclamação;Atendimento;Atendimento inadequado;Respondida;SCM;CLARO S.A.;Grande;Claro;SP;CAMPINAS;SCM
14/09/2023;22:55;Reclamação;Instalação;Prazo de instalação excedido;Respondida;SCM;OI S.A.;Grande;Oi;GO;APARECIDA DE GOIÂNIA;SCM
01/12/2022;22:56;Reclamação;Velocidade;Velocidade abaixo do contratado;Respondida;SCM;TELEFONICA BRASIL S.A.;Grande;Vivo;AM;ITACOATIARA;SCM
06/01/2022;20:37;Reclamação;Falha;Falha/Interrupção do serviço;Respondida;SCM;TELEFONICA BRASIL S.A.;Grande;Vivo;SP;SÃO PAULO;SCM
04/09/2022;13:24;Reclamação;Atendimento;Atendimento inadequado;Respondida;SCM;NET SERVIÇOS DE COMUNICAÇÃO S.A.;Grande;Claro;MG;JUIZ DE FORA;SCM
07/06/2023;14:49;Reclamação;Velocidade;Velocidade abaixo do contratado;Respondida;SCM;CLARO S.A.;Grande;Claro;SP;SOROCABA;SCM
14/09/2023;14:22;Reclamação;Cobrança;Cobrança indevida;Respondida;SCM;TELEFONICA BRASIL S.A.;Grande;Vivo;MA;IMPERATRIZ;SCM
14/08/2023;21:22;Reclamação;Falha;Falha/Interrupção do serviço;Respondida;SCM;CLARO S.A.;Grande;Claro;MA;SÃO LUÍS;SCM
09/05/2023;22:43;Reclamação;Cobrança;Cobrança indevida;Respondida;SCM;TIM S.A.;Grande;TIM;SP;SÃO PAULO;SCM
04/04/2022;10:42;Reclamação;Cobrança;Cobrança indevida;Respondida;SCM;CLARO S.A.;Grande;NÃO INFORMADO;PE;OLINDA;SCM
19/10/2023;07:29;Reclamação;Velocidade;Velocidade abaixo do contratado;Respondida;SCM;TELEFONICA BRASIL S.A.;Grande;Vivo;RR;RR - INTERIOR;SCM
20/12/2023;09:34;Reclamação;Velocidade;Velocidade abaixo do contratado;Respondida;SCM;TIM S.A.;Grande;TIM;CE;JUAZEIRO DO NORTE;SCM
22/09/2022;16:24;Reclamação;Velocidade;Velocidade abaixo do contratado;Pendente;SCM;TELEFONICA BRASIL S.A.;Grande;Vivo;BA;FEIRA DE SANTANA;SCM
08/06/2023;08:39;Reclamação;Atendimento;Atendimento inadequado;Pendente;SCM;OI S.A.;Grande;Oi;DF;CEILÂNDIA;SCM
25/08/2023;13:54;Reclamação;Instalação;Prazo de instalação excedido;Pendente;SCM;TELEFONICA BRASIL S.A.;Grande;Vivo;SC;SC - INTERIOR;SCM
06/05/2022;21:05;Reclamação;Velocidade;Velocidade abaixo do contratado;Respondida;SCM;TIM S.A.;Grande;TIM;PR;MARINGÁ;SCM
20/06/2022;16:21;Reclamação;Cobrança;Cobrança indevida;Pendente;SCM;CLARO S.A.;Grande;Claro;PR;MARINGÁ;SCM
02/12/2023;10:50;Reclamação;Velocidade;Velocidade abaixo do contratado;Pendente;SCM;TELEFONICA BRASIL S.A.;Grande;Vivo;MT;CUIABÁ;SCM
04/09/2023;16:59;Reclamação;Cobrança;Cobrança indevida;Respondida;SCM;TELEFONICA BRASIL S.A.;Grande;Vivo;RS;CANOAS;SCM
08/12/2022;07:12;Reclamação;Velocidade;Velocidade abaixo do contratado;Respondida;SCM;CLARO S.A.;Grande;Claro;SP;CAMPINAS;SCM
13/10/2023;20:01;Reclamação;Cobrança;Cobrança indevida;Respondida;SCM;TELEFONICA BRASIL S.A.;Grande;Vivo;BA;VITÓRIA DA CONQUISTA;SCM
15/01/2023;19:40;Reclamação;Cobrança;Cobrança indevida;Respondida;SCM;Claro S.A.;Grande;Claro;RJ;DUQUE DE CAXIAS;SCM
23/09/2023;15:41;Reclamação;Cobrança;Cobrança indevida;Respondida;SCM;CLARO S.A.;Grande;Claro;DF;BRASÍLIA;SCM
20/08/2022;17:39;Reclamação;Cobrança;Cobrança indevida;Em análise;SCM;CLARO S.A.;Grande;Claro;BA;FEIRA DE SANTANA;SCM
21/04/2022;17:51;Reclamação;Falha;Falha/Interrupção do serviço;Pendente;SCM;CLARO S.A.;Grande;Claro;SP;CAMPINAS;SCM
12/03/2023;10:34;Reclamação;Falha;Falha/Interrupção do serviço;Em análise;SCM;CLARO S.A.;Grande;Claro;AM;ITACOATIARA;SCM
01/12/2022;07:01;Reclamação;Velocidade;Velocidade abaixo do contratado;Respondida;SCM;CLARO S.A.;Grande;Claro;PB;PB - INTERIOR;SCM
14/02/2022;17:47;Reclamação;Velocidade;Velocidade abaixo do contratado;Pendente;SCM;EMBRATEL S.A.;Grande;Claro;RJ;NOVA IGUAÇU;SCM
18/02/2022;13:58;Reclamação;Falha;Falha/Interrupção do serviço;Respondida;SCM;CLARO S.A.;Grande;Claro;PE;RECIFE;SCM
04/06/2023;18:20;Reclamação;Contrato;Cancelamento não realizado;Respondida;SCM;SERCOMTEL S.A. - TELECOMUNICAÇÕES;Pequeno;Sercomtel;PB;PB - INTERIOR;SCM
03/11/2022;18:06;Reclamação;Falha;Falha/Interrupção do serviço;Respondida;SCM;TELEFONICA BRASIL S.A.;Grande;Vivo;PR;PONTA GROSSA;SCM
09/01/2023;13:17;Reclamação;Velocidade;Velocidade abaixo do contratado;Respondida;SCM;TELEFONICA BRASIL S.A.;Grande;Vivo;MA;IMPERATRIZ;SCM
22/04/2022;11:18;Reclamação;Falha;Falha/Interrupção do serviço;Pendente;SCM; ;Grande;Vivo;SP;SÃO PAULO;SCM
10/02/2023;16:19;Reclamação;Cobrança;Cobrança indevida;Respondida;SCM;CLARO S.A.;Grande;Claro;SP;CAMPINAS;SCM
07/04/2022;12:12;Reclamação;Cobrança;Cobrança indevida;Em análise;SCM;TIM S.A.;Grande;TIM;MG;CONTAGEM;SCM
11/08/2022;13:20;Reclamação;Cobrança;Cobrança indevida;Respondida;SCM;TIM S.A.;Grande;TIM;PB;PB - INTERIOR;SCM
16/06/2022;08:05;Reclamação;Velocidade;Velocidade abaixo do contratado;Respondida;SCM;CLARO S.A.;Grande;Claro;MG;BELO HORIZONTE;SCM
29/10/2023;13:10;Reclamação;Cobrança;Cobrança indevida;Em análise;SCM;CLARO S.A.;Grande;Claro;RJ;NOVA IGUAÇU;SCM
21/05/2022;16:39;Reclamação;Falha;Falha/Interrupção do serviço;Respondida;SCM;TELEFONICA BRASIL S.A.;Grande;Vivo;AM;ITACOATIARA;SCM
10/12/2023;11:52;Reclamação;Atendimento;Atendimento inadequado;Em análise;SCM;TELEFONICA BRASIL S.A.;Grande;Vivo;MG;UBERLÂNDIA;SCM
19/12/2023;07:58;Reclamação;Cobrança;Cobrança indevida;Pendente;SCM;CLARO S.A.;Grande;Claro;PR;CURITIBA;SCM
19/07/2022;15:59;Reclamação;Falha;Falha/Interrupção do serviço;Respondida;SCM;OI S.A.;Grande;Oi;DF;CEILÂNDIA;SCM
10/05/2023;07:27;Reclamação;Velocidade;Velocidade abaixo do contratado;Em análise;SCM;TELEFONICA BRASIL S.A.;Grande;Vivo;AL;AL - INTERIOR;SCM
02/04/2022;18:56;Reclamação;Velocidade;Velocidade abaixo do contratado;Respondida;SCM;TELEFONICA BRASIL S.A.;Grande;Vivo;MS;TRÊS LAGOAS;SCM
29/06/2022;18:14;Reclamação;Velocidade;Velocidade abaixo do contratado;Respondida;SCM;TIM S.A.;Grande;TIM;PB;PB - INTERIOR;SCM
03/02/2022;09:51;Reclamação;Cobrança;Cobrança indevida;Respondida;SCM;TIM S.A.;Grande;TIM;RJ;RIO DE JANEIRO;SCM
17/02/2023;21:14;Reclamação;Falha;Falha/Interrupção do serviço;Pendente;SCM;TELEFONICA BRASIL S.A.;Grande;Vivo;SE;SE - INTERIOR;SCM
05/11/2022;10:42;Reclamação;Velocidade;Velocidade abaixo do contratado;Respondida;SCM;CLARO S.A.;Grande;Claro;AM;MANAUS;SCM
28/10/2023;17:06;Reclamação;Atendimento;Atendimento inadequado;Respondida;SCM;SERCOMTEL S.A. - TELECOMUNICAÇÕES;Pequeno;Sercomtel;AL;AL - INTERIOR;SCM
26/03/2023;22:37;Reclamação;Cobrança;Cobrança indevida;Respondida;SCM;TELEFONICA BRASIL S.A.;Grande;Vivo;BA;VITÓRIA DA CONQUISTA;SCM
13/12/2022;12:28;Reclamação;Instalação;Prazo de instalação excedido;Respondida;SCM;CLARO S.A.;Grande;Claro;ES;CARIACICA;SCM
27/03/2023;12:13;Reclamação;Atendimento;Atendimento inadequado;Respondida;SCM;TIM S.A.;Grande;TIM;MS;DOURADOS;SCM
20/12/2023;19:44;Reclamação;Velocidade;Velocidade abaixo do contratado;Pendente;SCM;TELEFONICA BRASIL S.A.;Grande;Vivo;RS;CAXIAS DO SUL;SCM
10/02/2023;13:55;Reclamação;Cobrança;Cobrança indevida;Respondida;SCM;NET SERVIÇOS DE COMUNICAÇÃO S.A.;Grande;Claro;SP;CAMPINAS;SCM
22/09/2022;07:48;Reclamação;Falha;Falha/Interrupção do serviço;Em análise;SCM;Embratel S.A.;Grande;Claro;SP;CAMPINAS;SCM
13/02/2023;14:44;Reclamação;Velocidade;Velocidade abaixo do contratado;Respondida;SCM;CLARO S.A.;Grande;Claro;RJ;RIO DE JANEIRO;SCM
24/02/2022;21:52;Reclamação;Cobrança;Cobrança indevida;Respondida;SCM;EMBRATEL S.A.;Grande;Claro;RJ;NITERÓI;SCM
23/04/2022;07:49;Reclamação;Instalação;Prazo de instalação excedido;Respondida;SCM;OI S.A.;Grande;Oi;SP;GUARULHOS;SCM
07/03/2023;22:09;Reclamação;Cobrança;Cobrança indevida;Em análise;SCM;TIM S.A.;Grande;TIM;PE;PETROLINA;SCM
20/09/2023;14:55;Reclamação;Velocidade;Velocidade abaixo do contratado;Em análise;SCM;CLARO S.A.;Grande;Claro;AL;AL - INTERIOR;SCM
04/05/2022;09:29;Reclamação;Falha;Falha/Interrupção do serviço;Respondida;SCM;CLARO S.A.;Grande;Claro;PE;RECIFE;SCM
26/10/2023;10:55;Reclamação;Cobrança;Cobrança indevida;Respondida;SCM;CLARO S.A.;Grande;Claro;SP;CAMPINAS;SCM
10/09/2023;21:15;Reclamação;Cobrança;Cobrança indevida;Respondida;SCM;CLARO S.A.;Grande;Claro;SP;SOROCABA;SCM
07/02/2022;21:14;Reclamação;Instalação;Prazo de instalação excedido;Respondida;SCM;EMBRATEL S.A.;Grande;Claro;PA;MARABÁ;SCM
19/10/2022;19:27;Reclamação;Falha;Falha/Interrupção do serviço;Respondida;SCM;OI S.A.;Grande;Oi;SP;CAMPINAS;SCM
05/11/2022;13:33;Reclamação;Contrato;Cancelamento não realizado;Respondida;SCM;TELEFONICA BRASIL S.A.;Grande;Vivo;PE;RECIFE;SCM
10/09/2022;12:09;Reclamação;Outros;Outros;Respondida;SCM;SERCOMTEL S.A. - TELECOMUNICAÇÕES;Pequeno;Sercomtel;RS;PELOTAS;SCM
07/12/2023;16:23;Reclamação;Velocidade;Velocidade abaixo do contratado;Pendente;SCM;EMBRATEL S.A.;Grande;Claro;RJ;NOVA IGUAÇU;SCM
10/01/2023;08:25;Reclamação;Falha;Falha/Interrupção do serviço;Pendente;SCM;OI S.A.;Grande;Oi;BA;FEIRA DE SANTANA;SCM
06/03/2023;07:10;Reclamação;Velocidade;Velocidade abaixo do contratado;Em análise;SCM;EMBRATEL S.A.;Grande;Claro;MS;DOURADOS;SCM
07/07/2023;07:56;Reclamação;Cobrança;Cobrança indevida;Respondida;SCM;CLARO S/A;Grande;Claro;MG;JUIZ DE FORA;SCM
31/03/2023;20:05;Reclamação;Velocidade;Velocidade abaixo do contratado;Respondida;SCM;CLARO S.A.;Grande;Claro;BA;SALVADOR;SCM
29/05/2022;22:12;Reclamação;Instalação;Prazo de instalação excedido;Respondida;SCM;NET SERVIÇOS DE COMUNICAÇÃO S.A.;Grande;Claro;SP;SOROCABA;SCM
06/06/2023;20:55;Reclamação;Velocidade;Velocidade abaixo do contratado;Pendente;SCM;TIM S.A.;Grande;TIM;RJ;NITERÓI;SCM
19/05/2022;20:30;Reclamação;Velocidade;Velocidade abaixo do contratado;Respondida;SCM;CLARO S.A.;Grande;Claro;SP;SOROCABA;SCM
16/12/2022;07:51;Reclamação;Cobrança;Cobrança indevida;Respondida;SCM;NET SERVIÇOS DE COMUNICAÇÃO S.A.;Grande;Claro;PA;MARABÁ;SCM
18/07/2022;07:07;Reclamação;-;Velocidade abaixo do contratado;Respondida;SCM;TELEFONICA BRASIL S.A.;Grande;Vivo;ES;CARIACICA;SCM
24/09/2023;18:25;Reclamação;Instalação;Prazo de instalação excedido;Pendente;SCM;CLARO S/A;Grande;Claro;RJ;DUQUE DE CAXIAS;SCM
08/09/2023;07:26;Reclamação;Velocidade;Velocidade abaixo do contratado;Respondida;SCM;TELEFONICA BRASIL S.A.;Grande;Vivo;GO;ANÁPOLIS;SCM
17/11/2023;08:48;Reclamação;Velocidade;Velocidade abaixo do contratado;Respondida;SCM;CLARO S.A.;Grande;Claro;MA;SÃO LUÍS;SCM
01/05/2023;11:21;Reclamação;Velocidade;Velocidade abaixo do contratado;Respondida;SCM;CLARO S.A.;Grande;Claro;ES;CARIACICA;SCM
22/12/2023;13:27;Reclamação;Cobrança;Cobrança indevida;Respondida;SCM;OI S.A.;Grande;Oi;SP;GUARULHOS;SCM
19/10/2023;20:10;Reclamação;Velocidade;Velocidade abaixo do contratado;Respondida;SCM;Claro S.A.;Grande;Claro;SP;GUARULHOS;SCM
09/07/2023;11:30;Reclamação;Velocidade;Velocidade abaixo do contratado;Em análise;SCM;TELEFONICA BRASIL S.A.;Grande;Vivo;RN;RN - INTERIOR;SCM
26/06/2022;16:01;Reclamação;Cobrança;Cobrança indevida;Em análise;SCM;NET SERVIÇOS DE COMUNICAÇÃO S.A.;Grande;Claro;MT;SINOP;SCM
13/08/2023;19:07;Reclamação;Velocidade;Velocidade abaixo do contratado;Respondida;SCM;TELEFONICA BRASIL S.A.;Grande;Vivo;SP;SANTOS;SCM
08/06/2022;18:23;Reclamação;Velocidade;Velocidade abaixo do contratado;Respondida;SCM;TELEFONICA BRASIL S.A.;Grande;Vivo;RJ;DUQUE DE CAXIAS;SCM
20/04/2022;12:10;Reclamação;Velocidade;Velocidade abaixo do contratado;Respondida;SCM;TIM S.A.;Grande;TIM;MT;SINOP;SCM
26/02/2023;21:00;Reclamação;Contrato;Cancelamento não realizado;Respondida;SCM;TIM S.A.;Grande;TIM;PA;ANANINDEUA;SCM
09/03/2022;22:38;Reclamação;Falha;Falha/Interrupção do serviço;Respondida;SCM;TIM S.A.;Grande;TIM;RJ;RIO DE JANEIRO;SCM
10/05/2023;13:24;Reclamação;Cobrança;Cobrança indevida;Respondida;SCM;OI S.A.;Grande;Oi;PR;MARINGÁ;SCM
03/02/2022;08:41;Reclamação;Cobrança;Cobrança indevida;Respondida;SCM;TELEFONICA BRASIL S.A.;Grande;Vivo;PE;OLINDA;SCM
24/03/2023;12:36;Reclamação;Cobrança;Cobrança indevida;Pendente;SCM;Claro S.A.;Grande;Claro;PR;PONTA GROSSA;SCM
07/02/2022;22:01;Reclamação;Atendimento;Atendimento inadequado;Respondida;SCM;TELEFONICA BRASIL S.A.;Grande;Vivo;BA;FEIRA DE SANTANA;SCM
05/08/2022;08:25;Reclamação;Velocidade;Velocidade abaixo do contratado;Pendente;SCM;TELEFONICA BRASIL S.A.;Grande;Vivo;RJ;RIO DE JANEIRO;SCM
21/05/2022;18:14;Reclamação;Instalação;Prazo de instalação excedido;Pendente;SCM;EMBRATEL S.A.;Grande;-;SP;SANTOS;SCM
24/08/2022;08:59;Reclamação;Falha;Falha/Interrupção do serviço;Respondida;SCM;SERCOMTEL S.A. - TELECOMUNICAÇÕES;Pequeno;Sercomtel;MA;TIMON;SCM
01/07/2022;20:56;Reclamação;Velocidade;Velocidade abaixo do contratado;Respondida;SCM;TIM S.A.;Grande;TIM;SP;SANTOS;SCM
02/12/2023;12:09;Reclamação;N/A;Velocidade abaixo do contratado;Em análise;SCM; ;Grande;Claro;PR;PONTA GROSSA;SCM
15/08/2023;07:36;Reclamação;Cobrança;Cobrança indevida;Pendente;SCM;TELEFONICA BRASIL S.A.;Grande;Vivo;SP;SOROCABA;SCM
26/04/2022;19:11;Reclamação;Contrato;Cancelamento não realizado;Respondida;SCM;TELEFONICA BRASIL S.A.;Grande;Vivo;SP;SANTOS;SCM
22/03/2022;20:38;Reclamação;Atendimento;Atendimento inadequado;Pendente;SCM;TELEFONICA BRASIL S.A.;Grande;Vivo;TO;TO - INTERIOR;SCM
14/11/2022;17:12;Reclamação;Outros;Outros;Respondida;SCM;TELEFONICA BRASIL S.A.;Grande;Vivo;MT;CUIABÁ;SCM
23/07/2023;22:35;Reclamação;Velocidade;Velocidade abaixo do contratado;Respondida;SCM;CLARO S.A.;Grande;Claro;RJ;RIO DE JANEIRO;SCM
17/01/2022;18:08;Reclamação;Falha;Falha/Interrupção do serviço;Respondida;SCM;CLARO S.A.;Grande;Claro;SP;SANTOS;SCM
05/04/2022;19:42;Reclamação; ;Falha/Interrupção do serviço;Respondida;SCM;TELEFONICA BRASIL S.A.;Grande;Vivo;MT;CUIABÁ;SCM
14/01/2023;14:25;Reclamação;Falha;Falha/Interrupção do serviço;Respondida;SCM;OI S.A.;Grande;Oi;SP;SANTOS;SCM
09/03/2022;22:55;Reclamação;Outros;Outros;Respondida;SCM;CLARO S.A.;Grande;Claro;MG;CONTAGEM;SCM
20/11/2023;16:16;Reclamação;Falha;Falha/Interrupção do serviço;Respondida;SCM;CLARO S.A.;Grande;Claro;MA;SÃO LUÍS;SCM
30/10/2023;14:59;Reclamação;Velocidade;Velocidade abaixo do contratado;Respondida;SCM;TELEFONICA BRASIL S.A.;Grande;Vivo;RS;CAXIAS DO SUL;SCM
28/11/2023;19:34;Reclamação;Contrato;Cancelamento não realizado;Respondida;SCM;TIM S.A.;Grande;TIM;SP;SÃO PAULO;SCM
19/01/2023;07:20;Reclamação;Contrato;Cancelamento não realizado;Respondida;SCM;TIM S.A.;Grande;TIM;PR;MARINGÁ;SCM
04/06/2022;22:08;Reclamação;Falha;Falha/Interrupção do serviço;Pendente;SCM;TELEFONICA BRASIL S.A.;Grande;Vivo;SP;GUARULHOS;SCM
14/10/2023;13:50;Reclamação;Falha;Falha/Interrupção do serviço;Respondida;SCM;TELEFONICA BRASIL S.A.;Grande;Vivo;AM;PARINTINS;SCM
26/05/2022;10:13;Reclamação;Cobrança;Cobrança indevida;Respondida;SCM;TELEFONICA BRASIL S.A.;Grande;Vivo;RJ;NITERÓI;SCM
17/07/2022;15:26;Reclamação;Contrato;Cancelamento não realizado;Respondida;SCM;TELEFONICA BRASIL S.A.;Grande;Vivo;SP;SANTOS;SCM
22/06/2023;22:10;Reclamação;Cobrança;Cobrança indevida;Respondida;SCM;EMBRATEL S.A.;Grande;Claro;TO;TO - INTERIOR;SCM
22/06/2022;19:51;Reclamação;Cobrança;N/A;Em análise;SCM;EMBRATEL S.A.;-;Claro;SP;GUARULHOS;SCM
08/05/2022;09:13;Reclamação;Velocidade;Velocidade abaixo do contratado;Pendente;SCM;TELEFONICA BRASIL S.A.;Grande;Vivo;SP;CAMPINAS;SCM
13/09/2023;08:50;Reclamação;Velocidade;Velocidade abaixo do contratado;Respondida;SCM;TELEFONICA BRASIL S.A.;Grande;Vivo;PA;SANTARÉM;SCM
11/08/2022;13:23;Reclamação;Cobrança;Cobrança indevida;Respondida;SCM;TELEFONICA BRASIL S.A.;Grande;Vivo;ES;CARIACICA;SCM
25/02/2022;11:40;Reclamação;Cobrança;Cobrança indevida;Respondida;SCM;TELEFONICA BRASIL S.A.;Grande;Vivo;PE;CARUARU;SCM
23/05/2022;11:42;Reclamação;Instalação;Prazo de instalação excedido;Respondida;SCM;CLARO S/A;Grande;Claro;PR;LONDRINA;SCM
07/01/2022;10:25;Reclamação;Contrato;Cancelamento não realizado;Pendente;SCM;Claro S.A.;Grande;Claro;SP;SÃO PAULO;SCM
01/09/2023;09:50;Reclamação;Velocidade;Velocidade abaixo do contratado;Respondida;SCM;OI S.A.;Grande;Oi;MG;JUIZ DE FORA;SCM
16/11/2022;21:46;Reclamação;Falha; ;Respondida;SCM;TELEFONICA BRASIL S.A.; ;Vivo;SP;SÃO PAULO;SCM
16/08/2022;16:12;Reclamação;Velocidade;Velocidade abaixo do contratado;Respondida;SCM;EMBRATEL S.A.;Grande;Claro;PE;PETROLINA;SCM
19/10/2022;18:22;Reclamação;Cobrança;Cobrança indevida;Respondida;SCM;TELEFONICA BRASIL S.A.;Grande;Vivo;PA;MARABÁ;SCM
22/10/2023;16:20;Reclamação;Velocidade;Velocidade abaixo do contratado;Respondida;SCM;TELEFONICA BRASIL S.A.;Grande;Vivo;AP;AP - INTERIOR;SCM
10/01/2023;09:47;Reclamação;Velocidade;Velocidade abaixo do contratado;Respondida;SCM;CLARO S.A.;Grande;Claro;SC;SC - INTERIOR;SCM
10/12/2023;16:32;Reclamação;Velocidade;Velocidade abaixo do contratado;Respondida;SCM;CLARO S.A.;Grande;Claro;PI;PI - INTERIOR;SCM
20/11/2023;15:51;Reclamação;Cobrança;Cobrança indevida;Respondida;SCM; ;Grande;Claro;PE;OLINDA;SCM
21/09/2022;22:05;Reclamação;Velocidade;Velocidade abaixo do contratado;Pendente;SCM;TIM S.A.;Grande;TIM;PE;CARUARU;SCM
12/09/2022;21:58;Reclamação;Velocidade;Velocidade abaixo do contratado;Respondida;SCM;CLARO S.A.;Grande;Claro;MG;CONTAGEM;SCM
04/01/2023;22:45;Reclamação;Velocidade;Velocidade abaixo do contratado;Respondida;SCM;TIM S.A.;N/A;TIM;PR;CURITIBA;SCM
09/08/2022;11:49;Reclamação;Instalação;Prazo de instalação excedido;Respondida;SCM;TELEFONICA BRASIL S.A.;Grande;Vivo;RN;RN - INTERIOR;SCM
14/09/2023;21:45;Reclamação;Velocidade;Velocidade abaixo do contratado;Pendente;SCM;CLARO S.A.;Grande;Claro;RJ;NOVA IGUAÇU;SCM
08/10/2022;16:07;Reclamação;Instalação;Prazo de instalação excedido;Pendente;SCM;TELEFONICA BRASIL S.A.;Grande;Vivo;BA;VITÓRIA DA CONQUISTA;SCM
28/09/2022;16:47;Reclamação;Falha;Falha/Interrupção do serviço;Em análise;SCM;TELEFONICA BRASIL S.A.;Grande;Vivo;RS;CAXIAS DO SUL;SCM
05/12/2023;17:32;Reclamação;Falha;Falha/Interrupção do serviço;Respondida;SCM;TELEFONICA BRASIL S.A.;Grande;Vivo;RJ;DUQUE DE CAXIAS;SCM
19/01/2023;18:30;Reclamação;Atendimento;Atendimento inadequado;Respondida;SCM;Embratel S.A.;Grande;Claro;BA;SALVADOR;SCM
15/03/2022;11:56;Reclamação;Cobrança;Cobrança indevida;Respondida;SCM;TIM S.A.;Grande;TIM;SP;CAMPINAS;SCM
15/11/2022;16:47;Reclamação;Atendimento;Atendimento inadequado;Respondida;SCM;SERCOMTEL S.A. - TELECOMUNICAÇÕES;Pequeno;Sercomtel;SP;GUARULHOS;SCM
16/10/2022;21:11;Reclamação;Contrato;Cancelamento não realizado;Pendente;SCM;CLARO S.A.;Grande;Claro;MG;UBERLÂNDIA;SCM
07/01/2023;17:29;Reclamação;Falha;Falha/Interrupção do serviço;Respondida;SCM;CLARO S.A.;Grande;Claro;SC;SC - INTERIOR;SCM
22/03/2023;22:50;Reclamação;Contrato;Cancelamento não realizado;Pendente;SCM;TELEFONICA BRASIL S.A.;Grande;Vivo;SP;SÃO PAULO;SCM
10/04/2022;07:12;Reclamação;Velocidade;Velocidade abaixo do contratado;Respondida;SCM;TIM S.A.;Grande;TIM;RS;CANOAS;SCM
18/05/2023;20:15;Reclamação;Atendimento;Atendimento inadequado;Em análise;SCM;NET SERVIÇOS DE COMUNICAÇÃO S.A.;Grande;Claro;SP;GUARULHOS;SCM
07/10/2022;20:11;Reclamação;Velocidade;Velocidade abaixo do contratado;Respondida;SCM;NET SERVIÇOS DE COMUNICAÇÃO S.A.;Grande;Claro;RO;RO - INTERIOR;SCM
07/11/2023;11:56;Reclamação;Velocidade;Velocidade abaixo do contratado;Respondida;SCM;Claro S.A.;Grande;Claro;PA;BELÉM;SCM
09/06/2022;11:16;Reclamação;Velocidade;Velocidade abaixo do contratado;Respondida;SCM;OI S.A.;Grande;Oi;RS;CAXIAS DO SUL;SCM
21/01/2022;10:01;Reclamação;Velocidade;Velocidade abaixo do contratado;Respondida;SCM;TIM S.A.;-;TIM;AM;MANAUS;SCM
26/10/2023;15:11;Reclamação;Cobrança;Cobrança indevida;Respondida;SCM;OI S.A.;Grande;Oi;RS;PORTO ALEGRE;SCM
08/05/2023;11:53;Reclamação;Velocidade;Velocidade abaixo do contratado;Em análise;SCM;TIM S.A.;Grande;TIM;RN;RN - INTERIOR;SCM
11/12/2022;07:10;Reclamação;Cobrança;Cobrança indevida;Respondida;SCM;OI S.A.;Grande;Oi;RS;PORTO ALEGRE;SCM
20/01/2023;12:36;Reclamação;Velocidade;Velocidade abaixo do contratado;Respondida;SCM;OI S.A.;Grande;Oi;MG;UBERLÂNDIA;SCM
28/07/2022;19:21;Reclamação;Velocidade;Velocidade abaixo do contratado;Respondida;SCM;TELEFONICA BRASIL S.A.;Grande;Vivo;MA;SÃO LUÍS;SCM
14/09/2023;16:39;Reclamação;Instalação;Prazo de instalação excedido;Respondida;SCM;OI S.A.;Grande;Oi;PR;CURITIBA;SCM
12/05/2022;21:11;Reclamação;Falha;Falha/Interrupção do serviço;Respondida;SCM;CLARO S.A.;Grande;Claro;RJ;NOVA IGUAÇU;SCM
04/02/2022;14:14;Reclamação;N/A;Velocidade abaixo do contratado;Respondida;SCM;CLARO S.A.;Grande;Claro;MG;UBERLÂNDIA;SCM
19/03/2023;13:50;Reclamação;Cobrança;Cobrança indevida;Em análise;SCM;NET SERVIÇOS DE COMUNICAÇÃO S.A.;Grande;Claro;GO;APARECIDA DE GOIÂNIA;SCM
10/09/2023;19:51;Reclamação;Velocidade;Velocidade abaixo do contratado;Em análise;SCM;TIM S.A.;Grande;TIM;RJ;DUQUE DE CAXIAS;SCM
28/12/2022;10:59;Reclamação;Cobrança;Cobrança indevida;Respondida;SCM;CLARO S.A.;Grande;Claro;RJ;NOVA IGUAÇU;SCM
19/04/2023;08:28;Reclamação;Falha;Falha/Interrupção do serviço;Respondida;SCM;TIM S.A.;Grande;TIM;SP;SÃO PAULO;SCM
05/05/2022;08:15;Reclamação;Falha;Falha/Interrupção do serviço;Respondida;SCM;Tim S.A.;Grande;TIM;RS;PORTO ALEGRE;SCM
17/10/2023;21:59;Reclamação;Cobrança;Cobrança indevida;Em análise;SCM;CLARO S.A.;Grande;Claro;SP;SANTOS;SCM
19/01/2022;10:03;Reclamação;Cobrança;Cobrança indevida;Respondida;SCM;CLARO S.A.;Grande;Claro;MA;TIMON;SCM
20/02/2022;09:17;Reclamação;Atendimento;Atendimento inadequado;Pendente;SCM;TIM S.A.;Grande;TIM;RS;CANOAS;SCM
06/06/2023;11:29;Reclamação;Velocidade;Velocidade abaixo do contratado;Respondida;SCM;CLARO S.A.;Grande;Claro;RN;RN - INTERIOR;SCM
18/05/2023;16:18;Reclamação;Velocidade;Velocidade abaixo do contratado;Respondida;SCM;CLARO S.A.;Grande;Claro;SP;GUARULHOS;SCM
02/01/2022;15:23;Reclamação;Velocidade;Velocidade abaixo do contratado;Respondida;SCM;Tim S.A.;Grande;TIM;BA;VITÓRIA DA CONQUISTA;SCM
04/08/2022;18:40;Reclamação;Cobrança;Cobrança indevida;Respondida;SCM;OI S.A.;Grande;Oi;DF;CEILÂNDIA;SCM
16/04/2022;10:18;Reclamação;Contrato;Cancelamento não realizado;Respondida;SCM;CLARO S.A.;Grande;Claro;RJ;NOVA IGUAÇU;SCM
30/06/2022;16:10;Reclamação;Velocidade;Velocidade abaixo do contratado;Respondida;SCM;TELEFONICA BRASIL S.A.;Grande;Vivo;PI;PI - INTERIOR;SCM
25/06/2022;21:29;Reclamação;Cobrança;Cobrança indevida;Pendente;SCM;TELEFONICA BRASIL S.A.;Grande;Vivo;SP;GUARULHOS;SCM
03/08/2022;14:17;Reclamação;Falha;Falha/Interrupção do serviço;Respondida;SCM;CLARO S.A.;Grande;Claro;BA;SALVADOR;SCM
20/09/2023;09:22;Reclamação;Falha;Falha/Interrupção do serviço;Pendente;SCM;CLARO S.A.;Grande;Claro;MT;CUIABÁ;SCM
07/06/2023;07:14;Reclamação;Velocidade;Velocidade abaixo do contratado;Respondida;SCM;CLARO S.A.;Grande;Claro;RJ;NITERÓI;SCM
20/12/2022;11:49;Reclamação;Falha;Falha/Interrupção do serviço;Respondida;SCM;TIM S.A.;Grande;TIM;SP;CAMPINAS;SCM
28/07/2022;13:58;Reclamação;Outros;NÃO INFORMADO;Respondida;SCM;SERCOMTEL S.A. - TELECOMUNICAÇÕES;Pequeno;Sercomtel;ES;CARIACICA;SCM
02/05/2023;12:23;Reclamação;Contrato;Cancelamento não realizado;Respondida;SCM;TIM S.A.;Grande;TIM;SP;CAMPINAS;SCM
28/05/2022;14:41;Reclamação;Velocidade;Velocidade abaixo do contratado;Respondida;SCM;CLARO S.A.;Grande;Claro;BA;SALVADOR;SCM
15/03/2022;17:59;Reclamação;Velocidade;Velocidade abaixo do contratado;Respondida;SCM;TIM S.A.;Grande;TIM;PR;LONDRINA;SCM
22/09/2023;18:14;Reclamação;Falha;Falha/Interrupção do serviço;Respondida;SCM;CLARO S.A.;Grande;Claro;SP;CAMPINAS;SCM
04/04/2023;13:35;Reclamação;Cobrança;Cobrança indevida;Respondida;SCM;TIM S.A.;Grande;TIM;RS;CAXIAS DO SUL;SCM
05/09/2023;07:11;Reclamação;Cobrança;Cobrança indevida;Respondida;SCM;TELEFONICA BRASIL S.A.;Grande;Vivo;MT;SINOP;SCM
10/06/2022;11:12;Reclamação;Cobrança;Cobrança indevida;Respondida;SCM;TIM S.A.;Grande;TIM;SP;SOROCABA;SCM
11/09/2022;17:50;Reclamação;Atendimento;Atendimento inadequado;Em análise;SCM;NET SERVIÇOS DE COMUNICAÇÃO S.A.;Grande;Claro;BA;VITÓRIA DA CONQUISTA;SCM
04/09/2022;17:55;Reclamação;Outros;Outros;Respondida;SCM;CLARO S.A.;Grande;Claro;SP;SÃO PAULO;SCM
09/04/2022;11:17;Reclamação;Falha;Falha/Interrupção do serviço;Pendente;SCM;TIM S.A.;Grande;TIM;RS;CANOAS;SCM
02/07/2022;10:55;Reclamação;Velocidade;Velocidade abaixo do contratado;Respondida;SCM;CLARO S.A.;Grande;Claro;GO;ANÁPOLIS;SCM
04/11/2023;13:47;Reclamação;Falha;Falha/Interrupção do serviço;Pendente;SCM;TELEFONICA BRASIL S.A.;Grande;Vivo;MG;JUIZ DE FORA;SCM
23/11/2023;19:51;Reclamação;Falha;Falha/Interrupção do serviço;Em análise;SCM;TIM S.A.;N/A;TIM;RJ;DUQUE DE CAXIAS;SCM
07/01/2023;18:41;Reclamação;Cobrança;Cobrança indevida;Respondida;SCM;TELEFONICA BRASIL S.A.;Grande;Vivo;PB;PB - INTERIOR;SCM
12/07/2022;10:32;Reclamação;Velocidade;Velocidade abaixo do contratado;Pendente;SCM;CLARO S.A.;Grande;Claro;PE;CARUARU;SCM
31/10/2022;18:48;Reclamação;Velocidade;Velocidade abaixo do contratado;Pendente;SCM;TIM S.A.;Grande;TIM;GO;ANÁPOLIS;SCM
04/10/2023;09:46;Reclamação;Contrato;-;Respondida;SCM;CLARO S.A.;Grande;Claro;RJ;NITERÓI;SCM
23/12/2022;13:06;Reclamação;Instalação;Prazo de instalação excedido;Respondida;SCM;CLARO S/A;Grande;Claro;RS;PORTO ALEGRE;SCM
12/03/2023;08:58;Reclamação;Velocidade;Velocidade abaixo do contratado;Respondida;SCM;TIM S.A.;Grande;TIM;RJ;NITERÓI;SCM
23/06/2023;13:15;Reclamação;Cobrança;Cobrança indevida;Respondida;SCM;CLARO S.A.;Grande;Claro;SP;CAMPINAS;SCM
22/12/2022;18:20;Reclamação;Cobrança;Cobrança indevida;Respondida;SCM;EMBRATEL S.A.;Grande;Claro;SC;SC - INTERIOR;SCM
18/04/2022;10:48;Reclamação;Velocidade;Velocidade abaixo do contratado;Respondida;SCM;TIM S.A.;Grande;TIM;DF;CEILÂNDIA;SCM
22/01/2022;07:35;Reclamação;Atendimento;Atendimento inadequado;Respondida;SCM;NET SERVIÇOS DE COMUNICAÇÃO S.A.;Grande;Claro;MG;UBERLÂNDIA;SCM
17/07/2023;10:43;Reclamação;Cobrança;Cobrança indevida;Respondida;SCM;TELEFONICA BRASIL S.A.;Grande;Vivo;SC;SC - INTERIOR;SCM
05/06/2022;13:50;Reclamação;Cobrança;Cobrança indevida;Respondida;SCM;TELEFONICA BRASIL S.A.;Grande;Vivo;SE;SE - INTERIOR;SCM
20/03/2023;21:09;Reclamação;Cobrança;Cobrança indevida;Respondida;SCM;OI S.A.;Grande;Oi;SE;SE - INTERIOR;SCM
08/08/2022;21:32;Reclamação;Atendimento;Atendimento inadequado;Respondida;SCM;OI S.A.;Grande;Oi;RS;CANOAS;SCM
31/05/2023;07:27;Reclamação;Cobrança;Cobrança indevida;Respondida;SCM;TELEFONICA BRASIL S.A.;Grande;Vivo;RN;RN - INTERIOR;SCM
25/11/2022;18:26;Reclamação;Falha;Falha/Interrupção do serviço;Respondida;SCM;TELEFONICA BRASIL S.A.;Grande;Vivo;SP;SANTOS;SCM
23/09/2022;12:23;Reclamação;Cobrança;Cobrança indevida;Pendente;SCM;TIM S.A.;Grande;TIM;SP;SANTOS;SCM
11/10/2022;15:06;Reclamação;Atendimento;Atendimento inadequado;Respondida;SCM;CLARO S.A.;Grande;Claro;PR;CURITIBA;SCM
05/01/2023;21:06;Reclamação;Falha;Falha/Interrupção do serviço;Pendente;SCM;TIM S.A.;Grande;TIM;SP;SOROCABA;SCM
27/04/2023;12:12;Reclamação;Atendimento;Atendimento inadequado;Respondida;SCM;TIM S.A.;Grande;TIM;SP;SANTOS;SCM
13/10/2022;11:39;Reclamação;Contrato;Cancelamento não realizado;Em análise;SCM;CLARO S.A.;Grande;-;GO;GOIÂNIA;SCM
13/06/2022;17:59;Reclamação;Contrato;Cancelamento não realizado;Respondida;SCM;CLARO S.A.;Grande;Claro;RJ;NOVA IGUAÇU;SCM
28/09/2022;11:23;Reclamação;Instalação;Prazo de instalação excedido;Respondida;SCM;CLARO S.A.;Grande;Claro;RJ;NITERÓI;SCM
02/11/2023;14:42;Reclamação;Atendimento;Atendimento inadequado;Respondida;SCM;TELEFONICA BRASIL S.A.;Grande;Vivo;GO;GOIÂNIA;SCM
25/10/2022;16:10;Reclamação;Falha;Falha/Interrupção do serviço;Respondida;SCM;TELEFONICA BRASIL S.A.;Grande;Vivo;SP;GUARULHOS;SCM
30/10/2023;18:34;Reclamação;Falha;Falha/Interrupção do serviço;Respondida;SCM;SERCOMTEL S.A. - TELECOMUNICAÇÕES;Pequeno;Sercomtel;PE;RECIFE;SCM
26/11/2022;08:29;Reclamação;Velocidade;Velocidade abaixo do contratado;Respondida;SCM;CLARO S.A.;Grande;Claro;CE;FORTALEZA;SCM
16/04/2022;21:06;Reclamação;Cobrança;Cobrança indevida;Respondida;SCM;NET SERVIÇOS DE COMUNICAÇÃO S.A.;Grande;Claro;SP;SOROCABA;SCM
28/08/2023;21:43;Reclamação;Falha;Falha/Interrupção do serviço;Respondida;SCM;TELEFONICA BRASIL S.A.;Grande;Vivo;RS;CAXIAS DO SUL;SCM
04/01/2022;14:28;Reclamação;Contrato;Cancelamento não realizado;Pendente;SCM;TELEFONICA BRASIL S.A.;Grande;Vivo;PR;CURITIBA;SCM
06/03/2023;19:35;Reclamação;Velocidade;Velocidade abaixo do contratado;Respondida;SCM;CLARO S.A.;Grande;Claro;PB;PB - INTERIOR;SCM
14/02/2022;18:30;Reclamação;Velocidade;Velocidade abaixo do contratado;Respondida;SCM;OI S.A.;Grande;Oi;BA;FEIRA DE SANTANA;SCM
12/04/2023;13:07;Reclamação;Velocidade;Velocidade abaixo do contratado;Respondida;SCM;EMBRATEL S.A.;Grande;Claro;BA;FEIRA DE SANTANA;SCM
14/02/2022;08:09;Reclamação;Cobrança;Cobrança indevida;Respondida;SCM;TELEFONICA BRASIL S.A.;Grande;Vivo;MG;JUIZ DE FORA;SCM
07/06/2023;16:39;Reclamação;Cobrança;Cobrança indevida;Em análise;SCM;CLARO S.A.;Grande;Claro;BA;SALVADOR;SCM
15/05/2023;09:46;Reclamação;Cobrança;Cobrança indevida;Respondida;SCM;OI S.A.;Grande;Oi;SP;SOROCABA;SCM
02/11/2022;21:43;Reclamação;Atendimento;Atendimento inadequado;Pendente;SCM;TELEFONICA BRASIL S.A.;Grande;Vivo;RS;CAXIAS DO SUL;SCM
02/09/2022;12:02;Reclamação;Velocidade;Velocidade abaixo do contratado;Em análise;SCM;TIM S.A.;Grande;TIM;SP;GUARULHOS;SCM
31/03/2023;12:44;Reclamação;Velocidade;Velocidade abaixo do contratado;Respondida;SCM;TIM S.A.;Grande;TIM;CE;SOBRAL;SCM
21/08/2022;09:27;Reclamação;Falha;Falha/Interrupção do serviço;Em análise;SCM;TELEFONICA BRASIL S.A.;Grande;Vivo;PE;CARUARU;SCM
04/02/2023;11:54;Reclamação;Falha;Falha/Interrupção do serviço;Respondida;SCM;CLARO S.A.;Grande;Claro;BA;VITÓRIA DA CONQUISTA;SCM
20/02/2022;13:25;Reclamação;Outros;Outros;Pendente;SCM;CLARO S.A.;Grande;Claro;SP;CAMPINAS;SCM
08/08/2022;22:11;Reclamação;Velocidade;Velocidade abaixo do contratado;Respondida;SCM;TELEFONICA BRASIL S.A.;Grande;Vivo;RJ;DUQUE DE CAXIAS;SCM
01/05/2023;10:38;Reclamação;Falha;Falha/Interrupção do serviço;Pendente;SCM;TELEFONICA BRASIL S.A.;Grande;Vivo;PE;CARUARU;SCM
27/12/2022;17:54;Reclamação;Cobrança;Cobrança indevida;Respondida;SCM;TIM S.A.;Grande;TIM;SP;SÃO PAULO;SCM
24/08/2022;14:51;Reclamação;Falha;Falha/Interrupção do serviço;Respondida;SCM;TIM S.A.;Grande;TIM;MG;CONTAGEM;SCM
23/12/2023;14:11;Reclamação;Contrato;Cancelamento não realizado;Em análise;SCM;TIM S.A.;Grande;TIM;SP;SOROCABA;SCM
10/02/2022;19:34;Reclamação;Contrato;Cancelamento não realizado;Respondida;SCM;EMBRATEL S.A.;Grande;Claro;RS;CAXIAS DO SUL;SCM
12/03/2023;08:44;Reclamação;Velocidade;Velocidade abaixo do contratado;Respondida;SCM;TELEFONICA BRASIL S.A.;Grande;Vivo;RN;RN - INTERIOR;SCM
17/09/2023;21:27;Reclamação;Velocidade;Velocidade abaixo do contratado;Pendente;SCM;CLARO S.A.;Grande;Claro;SP;GUARULHOS;SCM
27/03/2022;09:18;Reclamação;Cobrança;Cobrança indevida;Em análise;SCM;TELEFONICA BRASIL S.A.;Grande;Vivo;RJ;DUQUE DE CAXIAS;SCM
03/09/2022;08:58;Reclamação;Cobrança;Cobrança indevida;Respondida;SCM;TIM S.A.;Grande; ;SP;GUARULHOS;SCM
26/05/2022;10:45;Reclamação;Atendimento;Atendimento inadequado;Respondida;SCM;TIM S.A.;Grande;TIM;RS;PORTO ALEGRE;SCM
26/08/2022;09:15;Reclamação;Falha;Falha/Interrupção do serviço;Respondida;SCM;CLARO S.A.;Grande;Claro;ES;VILA VELHA;SCM
04/01/2022;13:25;Reclamação;Instalação;Prazo de instalação excedido;Em análise;SCM;CLARO S.A.;Grande;Claro;RJ;RIO DE JANEIRO;SCM
09/07/2023;20:12;Reclamação;Contrato;Cancelamento não realizado;Respondida;SCM; ;Grande;Claro;ES;CARIACICA;SCM
13/02/2022;18:39;Reclamação;Falha;Falha/Interrupção do serviço;Respondida;SCM;TELEFONICA BRASIL S.A.;Grande;Vivo;PA;ANANINDEUA;SCM
16/05/2022;14:55;Reclamação;Velocidade;Velocidade abaixo do contratado;Respondida;SCM;OI S.A.;Grande;Oi;MG;UBERLÂNDIA;SCM
19/05/2022;12:33;Reclamação;Instalação;Prazo de instalação excedido;Pendente;SCM;TELEFONICA BRASIL S.A.;Grande;Vivo;RJ;DUQUE DE CAXIAS;SCM
27/03/2022;10:29;Reclamação;Contrato;Cancelamento não realizado;Respondida;SCM;CLARO S.A.;NÃO INFORMADO;Claro;SC;SC - INTERIOR;SCM
09/11/2022;22:54;Reclamação;Velocidade;Velocidade abaixo do contratado;Respondida;SCM;TIM S.A.;Grande;TIM;BA;SALVADOR;SCM
21/03/2023;07:00;Reclamação;Velocidade; ;Respondida;SCM;CLARO S.A.;Grande;Claro;GO;ANÁPOLIS;SCM
14/01/2022;15:28;Reclamação;Contrato;Cancelamento não realizado;Respondida;SCM;OI S.A.;Grande;Oi;SP;SOROCABA;SCM
24/03/2022;18:55;Reclamação;Contrato;Cancelamento não realizado;Pendente;SCM;CLARO S.A.;Grande; ;PE;PETROLINA;SCM
14/04/2022;21:02;Reclamação;Velocidade;Velocidade abaixo do contratado;Pendente;SCM;TELEFONICA BRASIL S.A.;Grande;Vivo;CE;FORTALEZA;SCM
19/04/2023;19:17;Reclamação;Cobrança;Cobrança indevida;Respondida;SCM;OI S.A.;Grande;Oi;CE;CAUCAIA;SCM
14/12/2023;19:34;Reclamação;Falha;Falha/Interrupção do serviço;Respondida;SCM;TIM S.A.;Grande;TIM;SC;SC - INTERIOR;SCM
20/08/2022;19:54;Reclamação;Cobrança;Cobrança indevida;Respondida;SCM;CLARO S/A;Grande;Claro;PB;PB - INTERIOR;SCM
01/04/2022;19:40;Reclamação;Falha;Falha/Interrupção do serviço;Respondida;SCM;TELEFONICA BRASIL S.A.;Grande;Vivo;BA;SALVADOR;SCM
20/10/2022;21:30;Reclamação;Atendimento;Atendimento inadequado;Pendente;SCM;SERCOMTEL S.A. - TELECOMUNICAÇÕES;Pequeno;Sercomtel;GO;GOIÂNIA;SCM
18/11/2023;09:00;Reclamação;Cobrança;Cobrança indevida;Respondida;SCM;CLARO S.A.;Grande;Claro;BA;VITÓRIA DA CONQUISTA;SCM
05/08/2022;19:39;Reclamação;Outros;Outros;Respondida;SCM;CLARO S.A.;Grande;Claro;SP;GUARULHOS;SCM
29/07/2023;14:05;Reclamação;Velocidade;Velocidade abaixo do contratado;Respondida;SCM;Tim S.A.;Grande;TIM;MG;BELO HORIZONTE;SCM
26/05/2023;21:10;Reclamação;Velocidade;Velocidade abaixo do contratado;Em análise;SCM;CLARO S.A.;Grande;Claro;MG;JUIZ DE FORA;SCM
12/07/2022;20:31;Reclamação;Outros;Outros;Respondida;SCM;CLARO S.A.;Grande;Claro;RS;PELOTAS;SCM
07/04/2023;12:58;Reclamação;Velocidade;Velocidade abaixo do contratado;Respondida;SCM;OI S.A.;Grande;Oi;BA;VITÓRIA DA CONQUISTA;SCM
31/07/2023;13:53;Reclamação;Instalação;Prazo de instalação excedido;Respondida;SCM;OI S.A.;Grande;Oi;SP;SANTOS;SCM
27/07/2022;09:12;Reclamação;Velocidade;Velocidade abaixo do contratado;Respondida;SCM;TELEFONICA BRASIL S.A.;Grande;Vivo;SP;SANTOS;SCM
19/06/2022;16:49;Reclamação;Atendimento;Atendimento inadequado;Respondida;SCM;EMBRATEL S.A.; ;Claro;BA;FEIRA DE SANTANA;SCM
31/03/2023;14:35;Reclamação;Falha;Falha/Interrupção do serviço;Respondida;SCM;TELEFONICA BRASIL S.A.;Grande;Vivo;MG;JUIZ DE FORA;SCM
03/01/2023;08:56;Reclamação;Atendimento;Atendimento inadequado;Respondida;SCM;TELEFONICA BRASIL S.A.;Grande;Vivo;RJ;DUQUE DE CAXIAS;SCM
01/02/2023;19:10;Reclamação;Atendimento;Atendimento inadequado;Respondida;SCM;CLARO S.A.;Grande;-;DF;TAGUATINGA;SCM
17/02/2022;10:30;Reclamação;Velocidade;Velocidade abaixo do contratado;Respondida;SCM;TIM S.A.;Grande;TIM;SP;SÃO PAULO;SCM
29/09/2022;13:39;Reclamação;Velocidade;Velocidade abaixo do contratado;Respondida;SCM;CLARO S.A.;Grande;Claro;ES;CARIACICA;SCM
06/08/2022;17:40;Reclamação;Velocidade;Velocidade abaixo do contratado;Respondida;SCM;TELEFONICA BRASIL S.A.;Grande;Vivo;MS;CAMPO GRANDE;SCM
28/12/2022;13:43;Reclamação;Velocidade;Velocidade abaixo do contratado;Respondida;SCM;Tim S.A.;Grande;TIM;BA;VITÓRIA DA CONQUISTA;SCM
25/01/2023;17:25;Reclamação;Cobrança;Cobrança indevida;Respondida;SCM;OI S.A.;Grande;Oi;RN;RN - INTERIOR;SCM
28/03/2023;09:38;Reclamação;Velocidade;Velocidade abaixo do contratado;Respondida;SCM;TELEFONICA BRASIL S.A.;Grande;Vivo;RJ;NITERÓI;SCM
15/06/2022;11:06;Reclamação;Falha;Falha/Interrupção do serviço;Respondida;SCM;TELEFONICA BRASIL S.A.;Grande;Vivo;RJ;NOVA IGUAÇU;SCM
24/04/2023;12:38;Reclamação;Cobrança;Cobrança indevida;Respondida;SCM;TIM S.A.;Grande;TIM;PR;LONDRINA;SCM
29/05/2023;13:13;Reclamação;Velocidade;Velocidade abaixo do contratado;Pendente;SCM;TIM S.A.;Grande;TIM;MG;BELO HORIZONTE;SCM
20/06/2022;12:58;Reclamação;Outros;Outros;Em análise;SCM;TIM S.A.;N/A;TIM;RS;PORTO ALEGRE;SCM
27/08/2022;11:55;Reclamação;Cobrança;Cobrança indevida;Respondida;SCM;CLARO S.A.;Grande;Claro;PE;CARUARU;SCM
01/12/2023;22:05;Reclamação;Velocidade;Velocidade abaixo do contratado;Respondida;SCM;CLARO S.A.;Grande;Claro;SC;SC - INTERIOR;SCM
21/01/2023;08:16;Reclamação;Falha;Falha/Interrupção do serviço;Respondida;SCM;TELEFONICA BRASIL S.A.;Grande;Vivo;PE;CARUARU;SCM
16/08/2022;20:53;Reclamação;-;Falha/Interrupção do serviço;Respondida;SCM;TIM S.A.;Grande;TIM;MG;BELO HORIZONTE;SCM
02/06/2022;16:53;Reclamação;Atendimento;Atendimento inadequado;Respondida;SCM;CLARO S.A.;Grande;Claro;MG;JUIZ DE FORA;SCM
13/03/2023;13:36;Reclamação;Velocidade;Velocidade abaixo do contratado;Respondida;SCM;CLARO S.A.;Grande;Claro;SP;GUARULHOS;SCM
10/10/2022;19:22;Reclamação;Outros;Outros;Respondida;SCM;TIM S.A.;Grande;TIM;MG;BELO HORIZONTE;SCM
14/05/2023;12:51;Reclamação;Contrato;Cancelamento não realizado;Respondida;SCM;CLARO S/A;Grande;Claro;SP;SOROCABA;SCM
10/08/2022;17:19;Reclamação;Velocidade;Velocidade abaixo do contratado;Respondida;SCM;NET SERVIÇOS DE COMUNICAÇÃO S.A.;Grande;Claro;SP;SÃO PAULO;SCM
14/06/2023;20:46;Reclamação;Velocidade;Velocidade abaixo do contratado;Respondida;SCM;TIM S.A.;Grande;TIM;RJ;NITERÓI;SCM
07/06/2022;18:45;Reclamação;Instalação;Prazo de instalação excedido;Respondida;SCM;CLARO S.A.;Grande;Claro;SP;GUARULHOS;SCM
25/01/2022;11:27;Reclamação;Contrato;Cancelamento não realizado;Em análise;SCM;OI S.A.;Grande;Oi;SP;CAMPINAS;SCM
30/10/2022;08:32;Reclamação;Falha;Falha/Interrupção do serviço;Em análise;SCM;TIM S.A.;Grande;TIM;MG;BELO HORIZONTE;SCM
17/02/2023;14:43;Reclamação;Atendimento;Atendimento inadequado;Respondida;SCM;CLARO S.A.;Grande;Claro;SP;SANTOS;SCM
16/06/2022;16:07;Reclamação;Velocidade;Velocidade abaixo do contratado;Respondida;SCM;CLARO S.A.;Grande;Claro;RJ;DUQUE DE CAXIAS;SCM
15/09/2023;07:07;Reclamação;Atendimento;Atendimento inadequado;Pendente;SCM;TELEFONICA BRASIL S.A.;Grande;-;MG;CONTAGEM;SCM
28/03/2022;20:54;Reclamação;Falha;Falha/Interrupção do serviço;Respondida;SCM;TELEFONICA BRASIL S.A.;Grande;Vivo;RS;PELOTAS;SCM
04/04/2022;11:09;Reclamação;Atendimento;Atendimento inadequado;Em análise;SCM;OI S.A.;Grande;Oi;RJ;RIO DE JANEIRO;SCM
18/05/2022;08:43;Reclamação;Cobrança;Cobrança indevida;Pendente;SCM;TIM S.A.;Grande;TIM;RJ;RIO DE JANEIRO;SCM
15/05/2023;14:00;Reclamação;Contrato;Cancelamento não realizado;Respondida;SCM;TIM S.A.;Grande;TIM;SP;CAMPINAS;SCM
16/02/2022;07:27;Reclamação;Falha;Falha/Interrupção do serviço;Respondida;SCM;TELEFONICA BRASIL S.A.;Grande;Vivo;SP;CAMPINAS;SCM
23/09/2023;15:52;Reclamação;Atendimento;Atendimento inadequado;Respondida;SCM;CLARO S/A;Grande;Claro;RN;RN - INTERIOR;SCM
20/09/2023;12:15;Reclamação;Atendimento;Atendimento inadequado;Pendente;SCM;TELEFONICA BRASIL S.A.;Grande;Vivo;PE;RECIFE;SCM
24/10/2022;07:36;Reclamação;Outros;Outros;Respondida;SCM;TIM S.A.;Grande;TIM;SP;CAMPINAS;SCM
29/12/2022;22:02;Reclamação;Falha;Falha/Interrupção do serviço;Pendente;SCM;CLARO S.A.;Grande;Claro;SP;GUARULHOS;SCM
16/09/2023;16:01;Reclamação;Falha;Falha/Interrupção do serviço;Pendente;SCM;CLARO S.A.;Grande;Claro;PI;PI - INTERIOR;SCM
15/07/2022;11:46;Reclamação;Outros;Outros;Em análise;SCM;SERCOMTEL S.A. - TELECOMUNICAÇÕES;Pequeno;Sercomtel;PA;BELÉM;SCM
15/06/2023;22:36;Reclamação;-;Cancelamento não realizado;Respondida;SCM;TELEFONICA BRASIL S.A.;Grande;Vivo;RJ;NITERÓI;SCM
05/01/2022;16:59;Reclamação;Falha;Falha/Interrupção do serviço;Respondida;SCM;CLARO S.A.;Grande;Claro;SP;GUARULHOS;SCM
31/12/2022;19:32;Reclamação;Velocidade;Velocidade abaixo do contratado;Respondida;SCM;TELEFONICA BRASIL S.A.;Grande;Vivo;RJ;DUQUE DE CAXIAS;SCM
23/04/2023;18:22;Reclamação;Velocidade;Velocidade abaixo do contratado;Respondida;SCM;TIM S.A.;Grande;TIM;RN;RN - INTERIOR;SCM
07/10/2022;16:07;Reclamação;Cobrança;Cobrança indevida;Em análise;SCM;CLARO S.A.;Grande;Claro;SC;SC - INTERIOR;SCM
31/08/2023;18:43;Reclamação;Velocidade;Velocidade abaixo do contratado;Pendente;SCM;CLARO S.A.;Grande;Claro;MA;TIMON;SCM
21/07/2022;16:47;Reclamação;Falha;Falha/Interrupção do serviço;Respondida;SCM;CLARO S.A.;Grande;Claro;PR;PONTA GROSSA;SCM
13/12/2022;10:24;Reclamação;Cobrança;Cobrança indevida;Respondida;SCM;TELEFONICA BRASIL S.A.;Grande;Vivo;RJ;RIO DE JANEIRO;SCM
30/08/2022;21:33;Reclamação;Contrato;Cancelamento não realizado;Respondida;SCM;CLARO S.A.;Grande;Claro;PR;LONDRINA;SCM
16/05/2023;14:30;Reclamação;Instalação;Prazo de instalação excedido;Respondida;SCM;TIM S.A.;Grande;TIM;SP;SANTOS;SCM
05/02/2023;11:20;Reclamação;Falha;Falha/Interrupção do serviço;Pendente;SCM;CLARO S.A.;Grande;Claro;PR;LONDRINA;SCM
20/05/2022;18:08;Reclamação;Atendimento;Atendimento inadequado;Respondida;SCM;TIM S.A.;Grande;TIM;PR;CURITIBA;SCM
01/10/2023;22:59;Reclamação;Velocidade;Velocidade abaixo do contratado;Respondida;SCM;Tim S.A.;Grande;TIM;BA;FEIRA DE SANTANA;SCM
26/12/2022;13:19;Reclamação;Velocidade;Velocidade abaixo do contratado;Respondida;SCM;OI S.A.;Grande;Oi;BA;FEIRA DE SANTANA;SCM
06/12/2023;13:51;Reclamação;Contrato;Cancelamento não realizado;Respondida;SCM;CLARO S.A.;Grande;Claro;PA;BELÉM;SCM
31/08/2023;14:05;Reclamação;Velocidade;Velocidade abaixo do contratado;Em análise;SCM;EMBRATEL S.A.;Grande;Claro;SP;CAMPINAS;SCM
13/11/2023;18:37;Reclamação;-;Falha/Interrupção do serviço;Respondida;SCM;NET SERVIÇOS DE COMUNICAÇÃO S.A.;Grande;Claro;MS;TRÊS LAGOAS;SCM
29/01/2022;14:30;Reclamação;Atendimento;Atendimento inadequado;Pendente;SCM;TELEFONICA BRASIL S.A.;Grande;Vivo;MS;DOURADOS;SCM
01/03/2022;19:49;Reclamação;Velocidade;Velocidade abaixo do contratado;Respondida;SCM;CLARO S.A.;Grande; ;PI;PI - INTERIOR;SCM
08/10/2022;13:13;Reclamação;Cobrança;Cobrança indevida;Pendente;SCM;CLARO S.A.;Grande;Claro;PE;OLINDA;SCM
20/03/2023;14:26;Reclamação; ;Prazo de instalação excedido;Respondida;SCM;CLARO S.A.;Grande;Claro;SP;SOROCABA;SCM
27/08/2022;13:03;Reclamação;Velocidade;Velocidade abaixo do contratado;Pendente;SCM;CLARO S.A.;Grande;Claro;PA;BELÉM;SCM
30/12/2022;16:10;Reclamação;Velocidade;Velocidade abaixo do contratado;Respondida;SCM;CLARO S/A;Grande;Claro;MG;BELO HORIZONTE;SCM
23/07/2022;15:24;Reclamação;Velocidade;Velocidade abaixo do contratado;Pendente;SCM;TIM S.A.;Grande;TIM;RN;RN - INTERIOR;SCM
21/06/2022;12:02;Reclamação;Atendimento;Atendimento inadequado;Pendente;SCM;TIM S.A.;Grande;TIM;SP;SÃO PAULO;SCM
25/06/2022;07:08;Reclamação;Cobrança;Cobrança indevida;Respondida;SCM;TELEFONICA BRASIL S.A.;Grande;Vivo;MG;BELO HORIZONTE;SCM
17/01/2023;18:08;Reclamação;Falha;Falha/Interrupção do serviço;Respondida;SCM;TELEFONICA BRASIL S.A.;Grande;Vivo;SP;SOROCABA;SCM
04/09/2023;19:25;Reclamação;Falha;Falha/Interrupção do serviço;Respondida;SCM;TELEFONICA BRASIL S.A.;Grande;Vivo;SP;SOROCABA;SCM
27/01/2023;14:43;Reclamação;Cobrança;Cobrança indevida;Respondida;SCM;TIM S.A.;Grande;TIM;AL;AL - INTERIOR;SCM
08/04/2022;07:06;Reclamação;Velocidade;Velocidade abaixo do contratado;Respondida;SCM;OI S.A.;Grande;Oi;AM;PARINTINS;SCM
19/12/2022;12:05;Reclamação;Falha;Falha/Interrupção do serviço;Respondida;SCM;TIM S.A.;Grande;TIM;SP;SÃO PAULO;SCM
08/09/2023;09:41;Reclamação;Instalação;Prazo de instalação excedido;Pendente;SCM;CLARO S.A.;Grande;Claro;PA;ANANINDEUA;SCM
11/09/2022;07:05;Reclamação;Instalação;Prazo de instalação excedido;Respondida;SCM;TIM S.A.;Grande;TIM;SE;SE - INTERIOR;SCM
04/03/2022;07:18;Reclamação;Falha;Falha/Interrupção do serviço;Respondida;SCM;Tim S.A.;Grande;TIM;SP;GUARULHOS;SCM
11/02/2022;16:09;Reclamação;Velocidade;Velocidade abaixo do contratado;Em análise;SCM;TIM S.A.;Grande;TIM;RS;CANOAS;SCM
25/11/2022;22:37;Reclamação;Velocidade;NÃO INFORMADO;Em análise;SCM;CLARO S/A;Grande;Claro;SP;CAMPINAS;SCM
17/02/2023;21:55;Reclamação;Instalação;Prazo de instalação excedido;Pendente;SCM;TELEFONICA BRASIL S.A.;Grande;Vivo;RN;RN - INTERIOR;SCM
04/02/2023;10:58;Reclamação;Velocidade;Velocidade abaixo do contratado;Pendente;SCM;CLARO S/A;Grande;Claro;BA;FEIRA DE SANTANA;SCM
09/03/2022;08:34;Reclamação;Velocidade;Velocidade abaixo do contratado;Respondida;SCM;CLARO S.A.;Grande;Claro;MG;UBERLÂNDIA;SCM
05/09/2022;08:59;Reclamação;NÃO INFORMADO;Falha/Interrupção do serviço;Respondida;SCM;CLARO S.A.;Grande;Claro;PB;PB - INTERIOR;SCM
25/10/2022;18:58;Reclamação;Velocidade;Velocidade abaixo do contratado;Respondida;SCM;OI S.A.;Grande;Oi;PA;ANANINDEUA;SCM
30/09/2023;10:20;Reclamação;Instalação;Prazo de instalação excedido;Respondida;SCM;CLARO S.A.;Grande;Claro;SP;SANTOS;SCM
17/06/2022;12:25;Reclamação;Atendimento;Atendimento inadequado;Respondida;SCM;OI S.A.;Grande;Oi;SP;SOROCABA;SCM
15/10/2023;11:00;Reclamação;Falha;Falha/Interrupção do serviço;Respondida;SCM;CLARO S.A.;Grande;Claro;SP;SÃO PAULO;SCM
22/09/2023;07:48;Reclamação;Falha;Falha/Interrupção do serviço;Em análise;SCM;CLARO S.A.;Grande; ;RJ;DUQUE DE CAXIAS;SCM
03/06/2023;18:45;Reclamação;Falha;Falha/Interrupção do serviço;Respondida;SCM;CLARO S/A;Grande;Claro;SP;CAMPINAS;SCM
28/02/2023;11:36;Reclamação;Falha;Falha/Interrupção do serviço;Respondida;SCM;Tim S.A.;Grande;TIM;SP;GUARULHOS;SCM
01/05/2022;08:13;Reclamação;Falha;Falha/Interrupção do serviço;Respondida;SCM;Claro S.A.;Grande;Claro;SP;SÃO PAULO;SCM
23/05/2022;16:12;Reclamação;Atendimento;Atendimento inadequado;Pendente;SCM;TELEFONICA BRASIL S.A.;Grande;Vivo;CE;CAUCAIA;SCM
08/02/2023;16:10;Reclamação;Cobrança;Cobrança indevida;Respondida;SCM;TIM S.A.;Grande;TIM;SP;SANTOS;SCM
19/11/2023;20:41;Reclamação;Falha;Falha/Interrupção do serviço;Respondida;SCM;TIM S.A.;Grande;TIM;RS;CANOAS;SCM
05/01/2022;11:00;Reclamação;Velocidade;Velocidade abaixo do contratado;Respondida;SCM;OI S.A.;Grande;Oi;GO;ANÁPOLIS;SCM
11/02/2022;07:31;Reclamação;Atendimento;-;Pendente;SCM;Net Serviços De Comunicação S.A.;Grande;Claro;SP;SANTOS;SCM
07/06/2022;08:34;Reclamação;Cobrança;Cobrança indevida;Respondida;SCM;OI S.A.;Grande;Oi;MG;BELO HORIZONTE;SCM
15/04/2023;12:16;Reclamação;Velocidade;Velocidade abaixo do contratado;Respondida;SCM;CLARO S.A.;Grande;Claro;SP;SOROCABA;SCM
09/07/2023;17:11;Reclamação;Cobrança;Cobrança indevida;Respondida;SCM;TELEFONICA BRASIL S.A.;Grande;Vivo;RN;RN - INTERIOR;SCM
03/06/2023;20:35;Reclamação;Velocidade;Velocidade abaixo do contratado;Pendente;SCM;NET SERVIÇOS DE COMUNICAÇÃO S.A.;Grande;Claro;SP;SANTOS;SCM
30/10/2023;13:46;Reclamação;Contrato;Cancelamento não realizado;Respondida;SCM;CLARO S.A.;Grande;Claro;MT;VÁRZEA GRANDE;SCM
12/06/2023;17:20;Reclamação;Velocidade;Velocidade abaixo do contratado;Pendente;SCM;TELEFONICA BRASIL S.A.;Grande;Vivo;PA;MARABÁ;SCM
12/09/2022;10:01;Reclamação;Cobrança;N/A;Respondida;SCM;NET SERVIÇOS DE COMUNICAÇÃO S.A.;Grande;Claro;RN;RN - INTERIOR;SCM
22/05/2022;16:44;Reclamação;Falha;Falha/Interrupção do serviço;Respondida;SCM;CLARO S.A.;Grande;Claro;SP;SOROCABA;SCM
04/04/2022;12:59;Reclamação;Velocidade;Velocidade abaixo do contratado;Respondida;SCM;TELEFONICA BRASIL S.A.;Grande;Vivo;RS;PORTO ALEGRE;SCM
02/02/2023;19:35;Reclamação;Cobrança;Cobrança indevida;Em análise;SCM;OI S.A.;Grande;Oi;SP;SÃO PAULO;SCM
13/02/2023;11:48;Reclamação;Falha;Falha/Interrupção do serviço;Pendente;SCM;CLARO S.A.;Grande;Claro;PB;PB - INTERIOR;SCM
28/05/2023;20:49;Reclamação;Outros;Outros;Respondida;SCM;TELEFONICA BRASIL S.A.;Grande;Vivo;MA;IMPERATRIZ;SCM
19/09/2022;21:36;Reclamação;Cobrança;NÃO INFORMADO;Respondida;SCM;NET SERVIÇOS DE COMUNICAÇÃO S.A.;Grande;Claro;AM;MANAUS;SCM
03/01/2022;10:00;Reclamação;Cobrança;Cobrança indevida;Respondida;SCM;TIM S.A.;Grande;TIM;PA;ANANINDEUA;SCM
12/09/2023;14:08;Reclamação;Falha;Falha/Interrupção do serviço;Respondida;SCM;TIM S.A.;Grande;TIM;PR;CURITIBA;SCM
10/05/2023;12:58;Reclamação;Velocidade;Velocidade abaixo do contratado;Pendente;SCM;CLARO S.A.;Grande;Claro;PA;SANTARÉM;SCM
16/02/2023;11:56;Reclamação; ;Falha/Interrupção do serviço;Pendente;SCM;OI S.A.;Grande;Oi;AC;AC - INTERIOR;SCM
09/01/2023;08:48;Reclamação;Contrato;Cancelamento não realizado;Em análise;SCM;OI S.A.;Grande;Oi;CE;CAUCAIA;SCM
29/11/2022;08:54;Reclamação;Falha;Falha/Interrupção do serviço;Pendente;SCM;TELEFONICA BRASIL S.A.;Grande;Vivo;SP;GUARULHOS;SCM
24/07/2022;12:38;Reclamação;Falha;Falha/Interrupção do serviço;Respondida;SCM;Telefonica Brasil S.A.;Grande;Vivo;RJ;RIO DE JANEIRO;SCM
06/05/2023;13:50;Reclamação;Falha;Falha/Interrupção do serviço;Respondida;SCM;TELEFONICA BRASIL S.A.;Grande;Vivo;RJ;NITERÓI;SCM
16/02/2022;11:53;Reclamação;Velocidade;Velocidade abaixo do contratado;Respondida;SCM;TIM S.A.;Grande;TIM;MA;IMPERATRIZ;SCM
07/06/2023;18:41;Reclamação;Instalação;Prazo de instalação excedido;Pendente;SCM;TIM S.A.;Grande;TIM;MS;CAMPO GRANDE;SCM
14/11/2023;14:11;Reclamação;Falha;Falha/Interrupção do serviço;Respondida;SCM;Claro S/A;Grande;Claro;BA;VITÓRIA DA CONQUISTA;SCM
05/11/2022;09:22;Reclamação;Cobrança;Cobrança indevida;Respondida;SCM;OI S.A.;Grande;Oi;RO;RO - INTERIOR;SCM
10/03/2022;22:34;Reclamação;Cobrança;Cobrança indevida;Respondida;SCM;TIM S.A.;Grande;TIM;MA;TIMON;SCM
23/02/2022;10:24;Reclamação;Falha;Falha/Interrupção do serviço;Pendente;SCM;CLARO S.A.;Grande;Claro;SP;SOROCABA;SCM
27/09/2023;20:31;Reclamação;Instalação;Prazo de instalação excedido;Respondida;SCM;TIM S.A.;Grande;TIM;SP;SÃO PAULO;SCM
14/03/2023;15:09;Reclamação;Falha;Falha/Interrupção do serviço;Respondida;SCM;CLARO S.A.;Grande;Claro;SP;CAMPINAS;SCM
05/06/2023;21:46;Reclamação;Cobrança;Cobrança indevida;Respondida;SCM;NET SERVIÇOS DE COMUNICAÇÃO S.A.;Grande;Claro;ES;VITÓRIA;SCM
28/01/2022;08:21;Reclamação;Cobrança;Cobrança indevida;Respondida;SCM;TELEFONICA BRASIL S.A.;Grande;Vivo;SP;SANTOS;SCM
20/12/2023;16:26;Reclamação;Velocidade;Velocidade abaixo do contratado;Respondida;SCM;EMBRATEL S.A.;Grande;Claro;SP;GUARULHOS;SCM
03/01/2022;19:39;Reclamação;Falha;Falha/Interrupção do serviço;Respondida;SCM;NET SERVIÇOS DE COMUNICAÇÃO S.A.;Grande;Claro;SC;SC - INTERIOR;SCM
08/06/2022;18:56;Reclamação;Velocidade;Velocidade abaixo do contratado;Pendente;SCM;CLARO S.A.;Grande;Claro;RJ;NOVA IGUAÇU;SCM
22/08/2022;12:25;Reclamação;Velocidade;Velocidade abaixo do contratado;Pendente;SCM;CLARO S.A.;Grande;Claro;SP;SÃO PAULO;SCM
05/11/2023;22:29;Reclamação;Velocidade;Velocidade abaixo do contratado;Respondida;SCM;NET SERVIÇOS DE COMUNICAÇÃO S.A.;Grande;Claro;RJ;RIO DE JANEIRO;SCM
01/04/2022;15:15;Reclamação;Contrato;Cancelamento não realizado;Pendente;SCM;CLARO S.A.;Grande;Claro;GO;APARECIDA DE GOIÂNIA;SCM
04/06/2022;10:45;Reclamação;Atendimento;Atendimento inadequado;Respondida;SCM;NET SERVIÇOS DE COMUNICAÇÃO S.A.;Grande;Claro;MG;BELO HORIZONTE;SCM
22/03/2023;20:29;Reclamação;Cobrança;Cobrança indevida;Em análise;SCM;CLARO S.A.;Grande;Claro;BA;FEIRA DE SANTANA;SCM
26/10/2022;09:14;Reclamação;Cobrança;Cobrança indevida;Respondida;SCM;NET SERVIÇOS DE COMUNICAÇÃO S.A.;Grande;Claro;SP;SÃO PAULO;SCM
25/09/2023;07:11;Reclamação;Outros;Outros;Respondida;SCM;NET SERVIÇOS DE COMUNICAÇÃO S.A.;Grande;Claro;PE;RECIFE;SCM
18/06/2022;14:43;Reclamação;Velocidade;Velocidade abaixo do contratado;Respondida;SCM;TELEFONICA BRASIL S.A.;Grande;Vivo;RS;PORTO ALEGRE;SCM
25/05/2022;08:54;Reclamação;NÃO INFORMADO;Velocidade abaixo do contratado;Respondida;SCM;TELEFONICA BRASIL S.A.;Grande;Vivo;SP;SANTOS;SCM
26/02/2022;14:10;Reclamação;Cobrança;Cobrança indevida;Respondida;SCM;TELEFONICA BRASIL S.A.;Grande;Vivo;BA;SALVADOR;SCM
22/11/2022;16:01;Reclamação;Atendimento;Atendimento inadequado;Respondida;SCM;OI S.A.;Grande;Oi;SP;GUARULHOS;SCM
03/07/2023;08:46;Reclamação;Velocidade;Velocidade abaixo do contratado;Em análise;SCM;OI S.A.;Grande;Oi;BA;VITÓRIA DA CONQUISTA;SCM
23/01/2022;20:37;Reclamação;Falha;Falha/Interrupção do serviço;Pendente;SCM;CLARO S.A.;Grande;Claro;PA;MARABÁ;SCM
07/06/2023;10:25;Reclamação;Velocidade;Velocidade abaixo do contratado;Pendente;SCM;CLARO S.A.;Grande;Claro;MA;IMPERATRIZ;SCM
18/03/2023;14:20;Reclamação;Velocidade;Velocidade abaixo do contratado;Respondida;SCM;TIM S.A.;Grande;TIM;SP;SOROCABA;SCM
23/02/2023;17:20;Reclamação;Instalação;Prazo de instalação excedido;Respondida;SCM;TELEFONICA BRASIL S.A.;Grande;Vivo;PE;OLINDA;SCM
16/02/2022;11:44;Reclamação;Atendimento;Atendimento inadequado;Respondida;SCM;CLARO S.A.;Grande;Claro;BA;VITÓRIA DA CONQUISTA;SCM
22/12/2022;20:44;Reclamação;Atendimento;Atendimento inadequado;Respondida;SCM;CLARO S/A;Grande;Claro;AC;AC - INTERIOR;SCM
14/04/2022;07:04;Reclamação;Velocidade;Velocidade abaixo do contratado;Pendente;SCM;TELEFONICA BRASIL S.A.;Grande;Vivo;SP;SÃO PAULO;SCM
21/11/2023;14:51;Reclamação;Falha;Falha/Interrupção do serviço;Em análise;SCM;TIM S.A.;Grande;TIM;SC;SC - INTERIOR;SCM
02/07/2022;12:49;Reclamação;Outros;Outros;Respondida;SCM;CLARO S.A.;Grande;Claro;MG;UBERLÂNDIA;SCM
18/03/2022;15:37;Reclamação;Cobrança;Cobrança indevida;Respondida;SCM;CLARO S.A.;Grande;Claro;SP;SANTOS;SCM
05/03/2022;19:48;Reclamação;-;Velocidade abaixo do contratado;Pendente;SCM;SERCOMTEL S.A. - TELECOMUNICAÇÕES;Pequeno;Sercomtel;MG;JUIZ DE FORA;SCM
14/12/2023;12:07;Reclamação;Cobrança;Cobrança indevida;Pendente;SCM;TELEFONICA BRASIL S.A.;Grande;Vivo;BA;FEIRA DE SANTANA;SCM
06/12/2022;19:13;Reclamação;Falha;Falha/Interrupção do serviço;Em análise;SCM;NÃO INFORMADO;Grande;Vivo;RJ;NOVA IGUAÇU;SCM
03/07/2023;21:59;Reclamação;Velocidade;Velocidade abaixo do contratado;Respondida;SCM;TIM S.A.;Grande;TIM;MA;SÃO LUÍS;SCM
01/04/2023;07:25;Reclamação;Cobrança;Cobrança indevida;Pendente;SCM;TIM S.A.;Grande;TIM;RJ;NOVA IGUAÇU;SCM
26/12/2022;19:54;Reclamação;Velocidade;Velocidade abaixo do contratado;Respondida;SCM;TELEFONICA BRASIL S.A.;Grande;Vivo;RJ;RIO DE JANEIRO;SCM
15/05/2022;13:46;Reclamação;N/A;Velocidade abaixo do contratado;Pendente;SCM;OI S.A.;Grande;Oi;ES;VITÓRIA;SCM
30/06/2023;11:34;Reclamação;Contrato;Cancelamento não realizado;Respondida;SCM;TELEFONICA BRASIL S.A.;Grande;Vivo;BA;FEIRA DE SANTANA;SCM
06/10/2022;09:25;Reclamação;Cobrança;Cobrança indevida;Respondida;SCM;CLARO S.A.;Grande;Claro;GO;APARECIDA DE GOIÂNIA;SCM
25/02/2023;09:18;Reclamação;Atendimento;Atendimento inadequado;Respondida;SCM;OI S.A.;Grande;Oi;PR;LONDRINA;SCM
19/10/2022;14:19;Reclamação;Falha;Falha/Interrupção do serviço;Em análise;SCM;CLARO S.A.;Grande;Claro;BA;FEIRA DE SANTANA;SCM
17/01/2023;11:35;Reclamação;Velocidade;Velocidade abaixo do contratado;Respondida;SCM;TELEFONICA BRASIL S.A.;Grande;Vivo;SP;SÃO PAULO;SCM
24/03/2023;11:05;Reclamação;Atendimento;Atendimento inadequado;Pendente;SCM;OI S.A.;Grande;-;BA;FEIRA DE SANTANA;SCM
31/05/2023;14:57;Reclamação;Velocidade;Velocidade abaixo do contratado;Pendente;SCM;CLARO S.A.;Grande;Claro;SP;GUARULHOS;SCM
05/07/2023;19:47;Reclamação;Contrato;Cancelamento não realizado;Respondida;SCM;TELEFONICA BRASIL S.A.;Grande;Vivo;BA;SALVADOR;SCM
25/07/2023;17:16;Reclamação;Velocidade;Velocidade abaixo do contratado;Respondida;SCM;NET SERVIÇOS DE COMUNICAÇÃO S.A.;Grande;Claro;BA;VITÓRIA DA CONQUISTA;SCM
16/02/2023;16:23;Reclamação;Falha;Falha/Interrupção do serviço;Pendente;SCM;Claro S.A.;Grande;Claro;RJ;NITERÓI;SCM
10/06/2023;16:49;Reclamação;Atendimento;Atendimento inadequado;Pendente;SCM;CLARO S.A.;Grande;Claro;PR;PONTA GROSSA;SCM
17/12/2022;13:37;Reclamação;-;Cobrança indevida;Respondida;SCM;OI S.A.;Grande;Oi;DF;TAGUATINGA;SCM
19/01/2022;11:35;Reclamação;Atendimento;Atendimento inadequado;Respondida;SCM;CLARO S.A.;Grande;Claro;CE;SOBRAL;SCM
01/12/2023;08:03;Reclamação;Falha;-;Respondida;SCM;CLARO S.A.;Grande;Claro;RJ;NOVA IGUAÇU;SCM
24/02/2023;13:12;Reclamação;Cobrança;Cobrança indevida;Respondida;SCM;CLARO S/A;Grande;Claro;MG;UBERLÂNDIA;SCM
24/08/2022;15:34;Reclamação;Atendimento;Atendimento inadequado;Pendente;SCM;TELEFONICA BRASIL S.A.;Grande;Vivo;GO;GOIÂNIA;SCM
16/01/2022;12:07;Reclamação;Contrato;Cancelamento não realizado;Pendente;SCM;TELEFONICA BRASIL S.A.;Grande;Vivo;PE;CARUARU;SCM
25/10/2023;07:36;Reclamação;Cobrança;Cobrança indevida;Em análise;SCM;TIM S.A.;Grande;TIM;AL;AL - INTERIOR;SCM
26/06/2022;12:11;Reclamação;Velocidade;Velocidade abaixo do contratado;Em análise;SCM;TELEFONICA BRASIL S.A.;N/A;Vivo;MA;TIMON;SCM
30/11/2022;16:02;Reclamação;Falha;Falha/Interrupção do serviço;Pendente;SCM;OI S.A.;Grande;Oi;RJ;RIO DE JANEIRO;SCM
06/07/2023;13:05;Reclamação;Cobrança;Cobrança indevida;Respondida;SCM;CLARO S.A.;Grande;Claro;CE;CAUCAIA;SCM
22/12/2022;18:43;Reclamação;Instalação;Prazo de instalação excedido;Em análise;SCM;EMBRATEL S.A.;Grande;Claro;AL;AL - INTERIOR;SCM
16/06/2023;16:42;Reclamação;Velocidade;Velocidade abaixo do contratado;Respondida;SCM;TELEFONICA BRASIL S.A.;Grande;Vivo;BA;SALVADOR;SCM
29/09/2022;17:54;Reclamação;Cobrança;Cobrança indevida;Respondida;SCM;CLARO S.A.;Grande;Claro;SP;SANTOS;SCM
26/10/2022;12:21;Reclamação;Velocidade;Velocidade abaixo do contratado;Respondida;SCM;Tim S.A.;Grande;TIM;BA;VITÓRIA DA CONQUISTA;SCM
25/02/2023;17:47;Reclamação;Atendimento;Atendimento inadequado;Respondida;SCM;NET SERVIÇOS DE COMUNICAÇÃO S.A.;Grande;Claro;SC;SC - INTERIOR;SCM
12/10/2023;21:40;Reclamação;Instalação;Prazo de instalação excedido;Pendente;SCM;CLARO S.A.;Grande;Claro;GO;APARECIDA DE GOIÂNIA;SCM
19/10/2023;14:30;Reclamação;Atendimento;Atendimento inadequado;Respondida;SCM;CLARO S.A.;Grande;Claro;MG;CONTAGEM;SCM
18/07/2023;19:44;Reclamação;Velocidade;Velocidade abaixo do contratado;Respondida;SCM;OI S.A.;Grande;Oi;MG;JUIZ DE FORA;SCM
25/04/2023;08:43;Reclamação;Atendimento;Atendimento inadequado;Pendente;SCM;TELEFONICA BRASIL S.A.;Grande;Vivo;SP;SÃO PAULO;SCM
09/08/2022;18:18;Reclamação;Velocidade;Velocidade abaixo do contratado;Respondida;SCM;NET SERVIÇOS DE COMUNICAÇÃO S.A.;Grande;Claro;MS;DOURADOS;SCM
27/09/2023;13:28;Reclamação;Falha;Falha/Interrupção do serviço;Respondida;SCM;CLARO S.A.;Grande;Claro;RS;PELOTAS;SCM
23/09/2022;11:54;Reclamação;Velocidade;Velocidade abaixo do contratado;Pendente;SCM;TELEFONICA BRASIL S.A.;Grande;Vivo;SP;SÃO PAULO;SCM
30/06/2022;12:49;Reclamação;-;Falha/Interrupção do serviço;Respondida;SCM;CLARO S.A.;Grande;Claro;ES;VITÓRIA;SCM
21/02/2023;09:55;Reclamação;Cobrança;Cobrança indevida;Pendente;SCM;CLARO S.A.;Grande;Claro;SP;SÃO PAULO;SCM
06/12/2022;07:06;Reclamação;Velocidade;Velocidade abaixo do contratado;Pendente;SCM;TELEFONICA BRASIL S.A.;Grande;Vivo;SP;SOROCABA;SCM
01/05/2023;19:39;Reclamação;Cobrança;Cobrança indevida;Respondida;SCM;TELEFONICA BRASIL S.A.;Grande;Vivo;MG;UBERLÂNDIA;SCM
20/12/2023;09:50;Reclamação;Velocidade;Velocidade abaixo do contratado;Respondida;SCM;OI S.A.;Grande;Oi;MG;BELO HORIZONTE;SCM
08/10/2022;07:50;Reclamação;Contrato;Cancelamento não realizado;Respondida;SCM;CLARO S.A.;Grande;Claro;RJ;RIO DE JANEIRO;SCM
29/01/2023;10:20;Reclamação;Falha;Falha/Interrupção do serviço;Em análise;SCM;CLARO S.A.;N/A;Claro;SP;CAMPINAS;SCM
24/12/2023;09:33;Reclamação;Cobrança;Cobrança indevida;Respondida;SCM;CLARO S.A.;Grande;Claro;SP;SOROCABA;SCM
09/08/2022;18:03;Reclamação;Cobrança;Cobrança indevida;Em análise;SCM;CLARO S/A;Grande;Claro;SP;GUARULHOS;SCM
18/09/2022;07:03;Reclamação;Cobrança;Cobrança indevida;Respondida;SCM;Telefonica Brasil S.A.;Grande;Vivo;RJ;NITERÓI;SCM
24/06/2023;15:29;Reclamação;Instalação;Prazo de instalação excedido;Respondida;SCM;TIM S.A.;Grande;TIM;SP;GUARULHOS;SCM
28/01/2022;12:24;Reclamação;Atendimento;Atendimento inadequado;Respondida;SCM;CLARO S.A.;Grande;Claro;SP;SÃO PAULO;SCM
10/01/2022;16:34;Reclamação;Outros;Outros;Pendente;SCM;CLARO S.A.;Grande;Claro;CE;JUAZEIRO DO NORTE;SCM
06/11/2023;14:55;Reclamação;Velocidade;Velocidade abaixo do contratado;Respondida;SCM;OI S.A.;Grande;Oi;SP;SÃO PAULO;SCM
13/02/2022;16:45;Reclamação;Atendimento;Atendimento inadequado;Respondida;SCM;TELEFONICA BRASIL S.A.;Grande;Vivo;BA;VITÓRIA DA CONQUISTA;SCM
09/07/2022;19:38;Reclamação;Cobrança;Cobrança indevida;Pendente;SCM;OI S.A.;Grande;Oi;RO;RO - INTERIOR;SCM
21/01/2022;12:11;Reclamação;Velocidade;Velocidade abaixo do contratado;Respondida;SCM;TELEFONICA BRASIL S.A.;Grande;Vivo;CE;FORTALEZA;SCM
05/09/2022;17:15;Reclamação;Cobrança;Cobrança indevida;Respondida;SCM;Tim S.A.;Grande;TIM;MA;SÃO LUÍS;SCM
08/11/2022;19:17;Reclamação;Cobrança;Cobrança indevida;Respondida;SCM;TELEFONICA BRASIL S.A.;Grande;Vivo;MT;VÁRZEA GRANDE;SCM
11/03/2022;10:34;Reclamação;Contrato;Cancelamento não realizado;Respondida;SCM;CLARO S.A.;Grande;Claro;MS;DOURADOS;SCM
09/09/2022;15:58;Reclamação;Velocidade;Velocidade abaixo do contratado;Respondida;SCM;TIM S.A.;Grande;TIM;MG;CONTAGEM;SCM
30/08/2022;20:16;Reclamação;Velocidade;Velocidade abaixo do contratado;Respondida;SCM;CLARO S.A.;Grande;Claro;BA;FEIRA DE SANTANA;SCM
15/09/2022;14:28;Reclamação;Falha;Falha/Interrupção do serviço;Em análise;SCM;CLARO S.A.;Grande;Claro;MA;TIMON;SCM
01/04/2023;20:49;Reclamação;Falha;Falha/Interrupção do serviço;Respondida;SCM;TELEFONICA BRASIL S.A.;Grande;Vivo;RJ;NOVA IGUAÇU;SCM
28/08/2023;17:53;Reclamação;Velocidade;Velocidade abaixo do contratado;Respondida;SCM;CLARO S.A.;Grande;Claro;PR;MARINGÁ;SCM
27/03/2023;10:47;Reclamação;Cobrança;Cobrança indevida;Respondida;SCM;Telefonica Brasil S.A.;Grande;Vivo;BA;SALVADOR;SCM
01/02/2022;07:55;Reclamação;Instalação;Prazo de instalação excedido;Respondida;SCM;TIM S.A.;Grande;TIM;SC;SC - INTERIOR;SCM
26/10/2023;15:34;Reclamação;Velocidade;Velocidade abaixo do contratado;Respondida;SCM;OI S.A.;Grande;Oi;RS;PORTO ALEGRE;SCM
18/08/2023;14:32;Reclamação;Falha;Falha/Interrupção do serviço;Pendente;SCM;Telefonica Brasil S.A.;Grande;Vivo;SP;SANTOS;SCM
23/04/2022;22:06;Reclamação;Falha;Falha/Interrupção do serviço;Pendente;SCM;TELEFONICA BRASIL S.A.;Grande;Vivo;PA;ANANINDEUA;SCM
21/07/2022;11:32;Reclamação;Falha;Falha/Interrupção do serviço;Respondida;SCM;TIM S.A.;Grande;TIM;RN;RN - INTERIOR;SCM
09/06/2023;11:58;Reclamação;Contrato;Cancelamento não realizado;Em análise;SCM;TELEFONICA BRASIL S.A.;Grande;Vivo;PR;LONDRINA;SCM
11/04/2022;11:52;Reclamação;Contrato;Cancelamento não realizado;Pendente;SCM;TIM S.A.;Grande;TIM;RS;CANOAS;SCM
09/06/2023;08:38;Reclamação;Velocidade;Velocidade abaixo do contratado;Respondida;SCM;TELEFONICA BRASIL S.A.;Grande;Vivo;BA;SALVADOR;SCM
02/02/2023;18:59;Reclamação;Falha;Falha/Interrupção do serviço;Em análise;SCM;TIM S.A.;Grande;TIM;GO;GOIÂNIA;SCM
02/06/2023;11:19;Reclamação;Velocidade;Velocidade abaixo do contratado;Em análise;SCM;TIM S.A.;Grande;TIM;MG;BELO HORIZONTE;SCM
12/01/2023;13:31;Reclamação;Cobrança;Cobrança indevida;Respondida;SCM;TIM S.A.;Grande;TIM;TO;TO - INTERIOR;SCM
11/05/2023;16:49;Reclamação;Velocidade;Velocidade abaixo do contratado;Respondida;SCM;TELEFONICA BRASIL S.A.;Grande;Vivo;ES;CARIACICA;SCM
29/03/2023;11:27;Reclamação;Atendimento;Atendimento inadequado;Respondida;SCM;TIM S.A.;Grande;TIM;CE;JUAZEIRO DO NORTE;SCM
14/07/2022;09:57;Reclamação;Velocidade;Velocidade abaixo do contratado;Respondida;SCM;TELEFONICA BRASIL S.A.;Grande;Vivo;SP;SOROCABA;SCM
29/12/2022;21:32;Reclamação;Falha;Falha/Interrupção do serviço;Respondida;SCM;TIM S.A.;Grande;TIM;RJ;NOVA IGUAÇU;SCM
09/10/2023;12:24;Reclamação;Velocidade;Velocidade abaixo do contratado;Em análise;SCM;TELEFONICA BRASIL S.A.;NÃO INFORMADO;Vivo;SP;SOROCABA;SCM
29/03/2022;13:58;Reclamação;Outros;Outros;Respondida;SCM;CLARO S/A;Grande;Claro;DF;BRASÍLIA;SCM
10/02/2023;11:37;Reclamação;Outros;Outros;Respondida;SCM;TIM S.A.;Grande;TIM;PR;CURITIBA;SCM
20/10/2023;14:17;Reclamação;Falha;Falha/Interrupção do serviço;Respondida;SCM;EMBRATEL S.A.;Grande;Claro;RJ;RIO DE JANEIRO;SCM
03/07/2022;22:24;Reclamação;Falha;Falha/Interrupção do serviço;Em análise;SCM;OI S.A.;Grande;Oi;RJ;DUQUE DE CAXIAS;SCM
03/02/2023;12:42;Reclamação;Velocidade;Velocidade abaixo do contratado;Respondida;SCM;CLARO S.A.;Grande;Claro;SP;SÃO PAULO;SCM
10/10/2022;20:17;Reclamação;Atendimento;Atendimento inadequado;Respondida;SCM;OI S.A.;Grande;Oi;RJ;DUQUE DE CAXIAS;SCM
20/04/2022;20:38;Reclamação;Velocidade;Velocidade abaixo do contratado;Respondida;SCM;TELEFONICA BRASIL S.A.;Grande;Vivo;RJ;RIO DE JANEIRO;SCM
29/10/2023;11:19;Reclamação;Cobrança;Cobrança indevida;Pendente;SCM;TIM S.A.;Grande;TIM;MG;CONTAGEM;SCM
15/11/2023;20:43;Reclamação;Falha;Falha/Interrupção do serviço;Respondida;SCM;NET SERVIÇOS DE COMUNICAÇÃO S.A.;Grande;Claro;SP;SANTOS;SCM
10/08/2022;21:19;Reclamação;Atendimento;Atendimento inadequado;Pendente;SCM;OI S.A.;Grande;Oi;MG;UBERLÂNDIA;SCM
22/07/2023;10:06;Reclamação;Falha;Falha/Interrupção do serviço;Em análise;SCM;CLARO S.A.;Grande;Claro;ES;VILA VELHA;SCM
01/04/2022;15:26;Reclamação;Contrato;Cancelamento não realizado;Respondida;SCM;CLARO S.A.;Grande;Claro;SP;GUARULHOS;SCM
24/11/2022;20:53;Reclamação;Atendimento;Atendimento inadequado;Pendente;SCM;TIM S.A.;Grande;TIM;SP;SANTOS;SCM
05/04/2023;20:01;Reclamação;Falha;Falha/Interrupção do serviço;Respondida;SCM;TELEFONICA BRASIL S.A.;Grande;Vivo;BA;FEIRA DE SANTANA;SCM
23/08/2022;12:44;Reclamação;Velocidade;Velocidade abaixo do contratado;Em análise;SCM;TIM S.A.;Grande;TIM;ES;CARIACICA;SCM
29/06/2022;11:18;Reclamação;Velocidade;Velocidade abaixo do contratado;Respondida;SCM;CLARO S.A.;Grande;Claro;PA;MARABÁ;SCM
09/08/2023;14:48;Reclamação;Velocidade;Velocidade abaixo do contratado;Em análise;SCM;CLARO S.A.;Grande;Claro;CE;CAUCAIA;SCM
28/06/2023;12:50;Reclamação;Atendimento;Atendimento inadequado;Respondida;SCM;TELEFONICA BRASIL S.A.;Grande;Vivo;MG;CONTAGEM;SCM
01/08/2023;09:13;Reclamação;Contrato; ;Pendente;SCM;TIM S.A.;Grande;TIM;RJ;RIO DE JANEIRO;SCM
26/04/2022;09:40;Reclamação;Cobrança;Cobrança indevida;Pendente;SCM;TELEFONICA BRASIL S.A.;Grande;Vivo;BA;VITÓRIA DA CONQUISTA;SCM
25/05/2022;20:05;Reclamação;Atendimento;Atendimento inadequado;Respondida;SCM;CLARO S.A.;Grande;Claro;ES;VITÓRIA;SCM
10/02/2023;18:15;Reclamação;Instalação;Prazo de instalação excedido;Respondida;SCM;OI S.A.;Grande;Oi;MT;VÁRZEA GRANDE;SCM
01/10/2023;22:14;Reclamação;Velocidade;Velocidade abaixo do contratado;Respondida;SCM;TIM S.A.;Grande;TIM;SP;SÃO PAULO;SCM
21/04/2023;16:19;Reclamação;Velocidade;Velocidade abaixo do contratado;Respondida;SCM;TIM S.A.;Grande;TIM;MG;CONTAGEM;SCM
04/02/2022;16:01;Reclamação;Velocidade;Velocidade abaixo do contratado;Respondida;SCM;OI S.A.;Grande;Oi;CE;CAUCAIA;SCM
03/08/2023;22:50;Reclamação;Velocidade;Velocidade abaixo do contratado;Respondida;SCM;CLARO S.A.;Grande;Claro;RJ;DUQUE DE CAXIAS;SCM
09/09/2022;15:47;Reclamação;Cobrança;Cobrança indevida;Respondida;SCM;CLARO S.A.;Grande;Claro;PA;MARABÁ;SCM
24/08/2022;20:51;Reclamação;Velocidade;Velocidade abaixo do contratado;Respondida;SCM;NET SERVIÇOS DE COMUNICAÇÃO S.A.;Grande;Claro;SP;SÃO PAULO;SCM
30/10/2023;14:05;Reclamação;Velocidade;Velocidade abaixo do contratado;Em análise;SCM;CLARO S.A.;Grande;Claro;PR;PONTA GROSSA;SCM
29/05/2022;14:37;Reclamação;Velocidade;Velocidade abaixo do contratado;Respondida;SCM;SERCOMTEL S.A. - TELECOMUNICAÇÕES;Pequeno;Sercomtel;BA;FEIRA DE SANTANA;SCM
05/05/2022;08:15;Reclamação;Falha;Falha/Interrupção do serviço;Respondida;SCM;Tim S.A.;Grande;TIM;RS;PORTO ALEGRE;SCM
26/02/2023;10:32;Reclamação;Velocidade;Velocidade abaixo do contratado;Pendente;SCM;TELEFONICA BRASIL S.A.;Grande;Vivo;MT;CUIABÁ;SCM
01/06/2022;15:20;Reclamação;Velocidade;Velocidade abaixo do contratado;Pendente;SCM;CLARO S.A.;Grande;Claro;SP;GUARULHOS;SCM
08/01/2022;18:12;Reclamação;Atendimento;Atendimento inadequado;Respondida;SCM;TELEFONICA BRASIL S.A.;Grande;Vivo;SP;GUARULHOS;SCM
08/08/2022;21:34;Reclamação;Cobrança;Cobrança indevida;Respondida;SCM;CLARO S.A.;Grande;Claro;PR;MARINGÁ;SCM
17/10/2022;16:08;Reclamação;Velocidade;Velocidade abaixo do contratado;Em análise;SCM;OI S.A.;Grande;Oi;MG;CONTAGEM;SCM
20/07/2022;20:25;Reclamação;Velocidade;Velocidade abaixo do contratado;Respondida;SCM;TIM S.A.;Grande;TIM;PA;SANTARÉM;SCM
01/07/2023;16:34;Reclamação;Velocidade;Velocidade abaixo do contratado;Pendente;SCM;TIM S.A.;Grande;TIM;RJ;NOVA IGUAÇU;SCM
06/04/2023;07:43;Reclamação;Contrato;Cancelamento não realizado;Respondida;SCM;EMBRATEL S.A.;Grande;Claro;AP;AP - INTERIOR;SCM
13/09/2022;21:47;Reclamação;Velocidade;Velocidade abaixo do contratado;Pendente;SCM;CLARO S.A.;Grande;Claro;MA;IMPERATRIZ;SCM
17/10/2022;11:01;Reclamação;Cobrança;Cobrança indevida;Respondida;SCM;TELEFONICA BRASIL S.A.;Grande;Vivo;MT;SINOP;SCM
21/05/2022;10:23;Reclamação;Velocidade;Velocidade abaixo do contratado;Respondida;SCM;CLARO S.A.;Grande;Claro;SC;SC - INTERIOR;SCM
15/09/2023;11:48;Reclamação;Cobrança;Cobrança indevida;Pendente;SCM;TELEFONICA BRASIL S.A.;Grande;Vivo;PI;PI - INTERIOR;SCM
14/10/2023;09:52;Reclamação;Cobrança;Cobrança indevida;Respondida;SCM;CLARO S.A.;Grande;Claro;GO;GOIÂNIA;SCM
02/09/2023;09:25;Reclamação;Contrato;Cancelamento não realizado;Respondida;SCM;CLARO S.A.;Grande;Claro;SP;GUARULHOS;SCM
06/07/2022;18:21;Reclamação;Falha;Falha/Interrupção do serviço;Respondida;SCM;CLARO S.A.;Grande;Claro;MG;JUIZ DE FORA;SCM
16/02/2022;16:44;Reclamação;Velocidade;Velocidade abaixo do contratado;Respondida;SCM;CLARO S.A.;Grande;Claro;PE;PETROLINA;SCM
01/03/2022;17:54;Reclamação;Atendimento;Atendimento inadequado;Respondida;SCM; ;Grande;Claro;CE;SOBRAL;SCM
23/06/2023;12:08;Reclamação;Atendimento;Atendimento inadequado;Pendente;SCM;TELEFONICA BRASIL S.A.;Grande;Vivo;PE;RECIFE;SCM
01/05/2023;19:01;Reclamação;Atendimento;Atendimento inadequado;Pendente;SCM;Claro S.A.;Grande;Claro;RS;CANOAS;SCM
27/05/2022;17:49;Reclamação;Falha;Falha/Interrupção do serviço;Respondida;SCM;CLARO S.A.;Grande;Claro;AM;ITACOATIARA;SCM
19/12/2022;11:25;Reclamação;Velocidade;Velocidade abaixo do contratado;Respondida;SCM;TELEFONICA BRASIL S.A.;Grande;Vivo;PE;OLINDA;SCM
20/07/2023;09:24;Reclamação;Velocidade;Velocidade abaixo do contratado;Respondida;SCM;TELEFONICA BRASIL S.A.;Grande;Vivo;RJ;NOVA IGUAÇU;SCM
04/12/2022;19:56;Reclamação;Falha;Falha/Interrupção do serviço;Pendente;SCM;TIM S.A.;Grande;TIM;SP;CAMPINAS;SCM
19/01/2022;18:19;Reclamação;Velocidade;Velocidade abaixo do contratado;Respondida;SCM;Claro S/A;N/A;Claro;RJ;NITERÓI;SCM
26/01/2022;21:41;Reclamação;Instalação;Prazo de instalação excedido;Respondida;SCM;OI S.A.;Grande;Oi;SP;CAMPINAS;SCM
09/08/2023;14:17;Reclamação;Velocidade;Velocidade abaixo do contratado;Respondida;SCM;NET SERVIÇOS DE COMUNICAÇÃO S.A.;Grande;Claro;MG;BELO HORIZONTE;SCM
27/05/2023;17:16;Reclamação;Falha;Falha/Interrupção do serviço;Respondida;SCM;TELEFONICA BRASIL S.A.;Grande;Vivo;RJ;NOVA IGUAÇU;SCM
15/03/2022;08:46;Reclamação;Cobrança;Cobrança indevida;Respondida;SCM;OI S.A.;Grande;Oi;RJ;NITERÓI;SCM
30/06/2022;07:44;Reclamação;Velocidade;Velocidade abaixo do contratado;Em análise;SCM;OI S.A.;Grande;Oi;RS;PORTO ALEGRE;SCM
25/01/2023;12:14;Reclamação;Cobrança;Cobrança indevida;Pendente;SCM;CLARO S.A.;Grande;Claro;RJ;DUQUE DE CAXIAS;SCM
27/02/2022;11:32;Reclamação;Cobrança;Cobrança indevida;Pendente;SCM;Tim S.A.;Grande;TIM;MG;UBERLÂNDIA;SCM
05/03/2023;08:55;Reclamação;Cobrança;Cobrança indevida;Pendente;SCM;TELEFONICA BRASIL S.A.;Grande;Vivo;BA;SALVADOR;SCM
22/08/2022;18:58;Reclamação;Outros;Outros;Em análise;SCM;CLARO S/A;Grande;Claro;PI;PI - INTERIOR;SCM
28/11/2022;14:36;Reclamação;Falha;Falha/Interrupção do serviço;Respondida;SCM;TELEFONICA BRASIL S.A.;Grande;Vivo;RO;RO - INTERIOR;SCM
23/02/2023;19:09;Reclamação;Cobrança;Cobrança indevida;Respondida;SCM;TELEFONICA BRASIL S.A.;Grande;Vivo;MG;BELO HORIZONTE;SCM
14/02/2022;18:14;Reclamação;Velocidade;Velocidade abaixo do contratado;Respondida;SCM;EMBRATEL S.A.;Grande;Claro;CE;JUAZEIRO DO NORTE;SCM
02/01/2023;08:53;Reclamação;Atendimento;Atendimento inadequado;Respondida;SCM;TIM S.A.;Grande;TIM;SC;SC - INTERIOR;SCM
04/01/2022;09:44;Reclamação;Atendimento;Atendimento inadequado;Respondida;SCM;TIM S.A.;Grande;TIM;CE;FORTALEZA;SCM
31/07/2022;14:12;Reclamação;Falha;Falha/Interrupção do serviço;Pendente;SCM;CLARO S.A.;Grande;Claro;GO;GOIÂNIA;SCM
03/11/2022;22:25;Reclamação;Contrato;Cancelamento não realizado;Respondida;SCM;CLARO S.A.;Grande;Claro;DF;BRASÍLIA;SCM
22/10/2022;11:18;Reclamação;Velocidade;Velocidade abaixo do contratado;Respondida;SCM;TIM S.A.;Grande;TIM;GO;ANÁPOLIS;SCM
12/02/2023;09:27;Reclamação;Velocidade;Velocidade abaixo do contratado;Em análise;SCM;TELEFONICA BRASIL S.A.;Grande;Vivo;MS;DOURADOS;SCM
11/06/2022;22:52;Reclamação;Contrato;Cancelamento não realizado;Respondida;SCM;TELEFONICA BRASIL S.A.;Grande;Vivo;PA;SANTARÉM;SCM
14/05/2022;22:20;Reclamação;Cobrança;Cobrança indevida;Respondida;SCM;TELEFONICA BRASIL S.A.;Grande;Vivo;ES;VITÓRIA;SCM
23/11/2023;20:01;Reclamação;Atendimento;Atendimento inadequado;Respondida;SCM;TIM S.A.;Grande;TIM;PA;MARABÁ;SCM
16/08/2022;08:47;Reclamação;Contrato;Cancelamento não realizado;Respondida;SCM;CLARO S.A.;Grande;Claro;BA;SALVADOR;SCM
08/10/2022;16:01;Reclamação;Velocidade;Velocidade abaixo do contratado;Respondida;SCM;TELEFONICA BRASIL S.A.;Grande;Vivo;MG;CONTAGEM;SCM
24/04/2023;07:42;Reclamação;Velocidade;Velocidade abaixo do contratado;Pendente;SCM;CLARO S.A.;Grande;Claro;GO;ANÁPOLIS;SCM
05/11/2023;10:36;Reclamação;Instalação;Prazo de instalação excedido;Respondida;SCM;TELEFONICA BRASIL S.A.;Grande;Vivo;PR;CURITIBA;SCM
03/02/2022;11:25;Reclamação;Cobrança;Cobrança indevida;Respondida;SCM;CLARO S.A.;Grande;Claro;PA;ANANINDEUA;SCM
03/12/2022;21:19;Reclamação;Velocidade;Velocidade abaixo do contratado;Respondida;SCM;OI S.A.;Grande;Oi;MG;UBERLÂNDIA;SCM
11/12/2022;19:24;Reclamação;Velocidade;-;Respondida;SCM;SERCOMTEL S.A. - TELECOMUNICAÇÕES;NÃO INFORMADO;Sercomtel;RJ;NOVA IGUAÇU;SCM
07/07/2023;20:35;Reclamação;Atendimento;Atendimento inadequado;Respondida;SCM;TELEFONICA BRASIL S.A.;Grande;Vivo;MG;JUIZ DE FORA;SCM
10/10/2022;20:17;Reclamação;Atendimento;Atendimento inadequado;Respondida;SCM;OI S.A.;Grande;Oi;RJ;DUQUE DE CAXIAS;SCM
20/05/2023;09:26;Reclamação;Velocidade;Velocidade abaixo do contratado;Em análise;SCM;NET SERVIÇOS DE COMUNICAÇÃO S.A.;Grande;Claro;ES;VITÓRIA;SCM
08/09/2022;11:01;Reclamação;Falha;Falha/Interrupção do serviço;Respondida;SCM;CLARO S.A.;Grande;Claro;PB;PB - INTERIOR;SCM
28/02/2023;14:39;Reclamação;Cobrança;Cobrança indevida;Respondida;SCM;TELEFONICA BRASIL S.A.;Grande;Vivo;SP;SANTOS;SCM
17/06/2022;13:27;Reclamação;Instalação;Prazo de instalação excedido;Respondida;SCM;NET SERVIÇOS DE COMUNICAÇÃO S.A.;Grande;Claro;MA;IMPERATRIZ;SCM
21/02/2022;19:36;Reclamação;Velocidade;Velocidade abaixo do contratado;Respondida;SCM;Telefonica Brasil S.A.;Grande;Vivo;RS;CAXIAS DO SUL;SCM
28/09/2023;17:12;Reclamação;Atendimento;Atendimento inadequado;Pendente;SCM;Tim S.A.;Grande;TIM;PA;ANANINDEUA;SCM
17/07/2023;11:53;Reclamação;Velocidade;Velocidade abaixo do contratado;Respondida;SCM;EMBRATEL S.A.;Grande;Claro;SP;SÃO PAULO;SCM
13/04/2023;07:00;Reclamação;Cobrança;Cobrança indevida;Respondida;SCM;CLARO S.A.;Grande;Claro;SC;SC - INTERIOR;SCM
05/03/2023;15:09;Reclamação;Contrato;Cancelamento não realizado;Respondida;SCM;OI S.A.;NÃO INFORMADO;Oi;RS;PORTO ALEGRE;SCM
17/08/2022;10:56;Reclamação;Cobrança;Cobrança indevida;Respondida;SCM;OI S.A.;Grande;Oi;MG;UBERLÂNDIA;SCM
31/07/2022;16:32;Reclamação;Falha;Falha/Interrupção do serviço;Respondida;SCM;TIM S.A.;Grande;TIM;RS;CAXIAS DO SUL;SCM
01/10/2023;18:11;Reclamação;Outros;Outros;Respondida;SCM;TIM S.A.;Grande;TIM;SP;CAMPINAS;SCM
04/08/2023;19:12;Reclamação;Falha;Falha/Interrupção do serviço;Respondida;SCM;TIM S.A.;Grande;TIM;MG;JUIZ DE FORA;SCM
15/07/2023;22:04;Reclamação;Velocidade;Velocidade abaixo do contratado;Respondida;SCM;CLARO S.A.;Grande;Claro;BA;FEIRA DE SANTANA;SCM
17/06/2022;21:27;Reclamação;Velocidade;Velocidade abaixo do contratado;Respondida;SCM;CLARO S.A.;Grande;Claro;SP;CAMPINAS;SCM
12/02/2022;10:58;Reclamação;Instalação;Prazo de instalação excedido;Respondida;SCM;TIM S.A.;Grande;TIM;MG;CONTAGEM;SCM
09/12/2022;21:02;Reclamação;Velocidade;Velocidade abaixo do contratado;Respondida;SCM;OI S.A.;Grande;Oi;SP;SANTOS;SCM
29/04/2023;13:05;Reclamação;Atendimento;Atendimento inadequado;Respondida;SCM;CLARO S.A.;Grande;Claro;BA;SALVADOR;SCM
07/04/2022;21:00;Reclamação;Cobrança;Cobrança indevida;Respondida;SCM;TIM S.A.;Grande;TIM;GO;ANÁPOLIS;SCM
04/05/2022;22:09;Reclamação;Falha;Falha/Interrupção do serviço;Respondida;SCM;CLARO S.A.;Grande;Claro;RS;PORTO ALEGRE;SCM
25/09/2022;07:33;Reclamação;Outros;Outros;Respondida;SCM; ;Grande;Claro;PR;CURITIBA;SCM
05/07/2023;11:33;Reclamação;Contrato;Cancelamento não realizado;Respondida;SCM;CLARO S/A;Grande;Claro;SP;CAMPINAS;SCM
21/01/2022;20:54;Reclamação;Falha;Falha/Interrupção do serviço;Respondida;SCM;CLARO S.A.;Grande;Claro;SP;GUARULHOS;SCM
24/03/2022;16:56;Reclamação;Velocidade;Velocidade abaixo do contratado;Em análise;SCM;OI S.A.;Grande;Oi;SP;GUARULHOS;SCM
12/02/2023;22:43;Reclamação;Atendimento;Atendimento inadequado;Respondida;SCM;EMBRATEL S.A.;Grande;Claro;RJ;RIO DE JANEIRO;SCM
28/10/2022;13:48;Reclamação;Falha;Falha/Interrupção do serviço;Respondida;SCM;CLARO S.A.;Grande;Claro;RJ;NITERÓI;SCM
04/05/2022;21:21;Reclamação;Falha; ;Respondida;SCM;OI S.A.;Grande;Oi;PE;CARUARU;SCM
30/11/2023;12:04;Reclamação;Falha;Falha/Interrupção do serviço;Respondida;SCM;TELEFONICA BRASIL S.A.;Grande;Vivo;SP;CAMPINAS;SCM
29/10/2023;20:44;Reclamação;Atendimento;Atendimento inadequado;Respondida;SCM;TELEFONICA BRASIL S.A.;Grande;Vivo;RS;PELOTAS;SCM
08/08/2023;22:16;Reclamação;Contrato;Cancelamento não realizado;Respondida;SCM;TIM S.A.;Grande;TIM;RJ;NITERÓI;SCM
25/02/2022;10:03;Reclamação;Cobrança;Cobrança indevida;Pendente;SCM;CLARO S.A.;Grande;Claro;BA;FEIRA DE SANTANA;SCM
12/12/2023;14:04;Reclamação;Cobrança;Cobrança indevida;Pendente;SCM;TIM S.A.;Grande;TIM;SP;SÃO PAULO;SCM
01/07/2022;07:58;Reclamação;Instalação;Prazo de instalação excedido;Respondida;SCM;CLARO S.A.;Grande;Claro;SP;SÃO PAULO;SCM
31/10/2022;21:52;Reclamação;Cobrança;Cobrança indevida;Respondida;SCM;OI S.A.;Grande;Oi;CE;CAUCAIA;SCM
30/08/2023;16:44;Reclamação;Contrato;Cancelamento não realizado;Pendente;SCM;NET SERVIÇOS DE COMUNICAÇÃO S.A.;Grande;Claro;MG;CONTAGEM;SCM
26/11/2023;18:57;Reclamação;Atendimento;Atendimento inadequado;Respondida;SCM;NET SERVIÇOS DE COMUNICAÇÃO S.A.;Grande;Claro;MS;TRÊS LAGOAS;SCM
21/08/2022;13:26;Reclamação;Velocidade;Velocidade abaixo do contratado;Respondida;SCM;TELEFONICA BRASIL S.A.;Grande;Vivo;PE;PETROLINA;SCM
13/12/2022;07:37;Reclamação;Velocidade;Velocidade abaixo do contratado;Respondida;SCM;TELEFONICA BRASIL S.A.;Grande;Vivo;CE;SOBRAL;SCM
11/08/2022;08:29;Reclamação;Atendimento;Atendimento inadequado;Em análise;SCM;NET SERVIÇOS DE COMUNICAÇÃO S.A.;Grande;Claro;PR;PONTA GROSSA;SCM
01/10/2023;16:08;Reclamação;Velocidade;Velocidade abaixo do contratado;Respondida;SCM;NET SERVIÇOS DE COMUNICAÇÃO S.A.;Grande;Claro;RJ;RIO DE JANEIRO;SCM
12/06/2023;12:53;Reclamação;Cobrança;Cobrança indevida;Pendente;SCM;SERCOMTEL S.A. - TELECOMUNICAÇÕES;Pequeno;Sercomtel;SC;SC - INTERIOR;SCM
10/03/2022;13:04;Reclamação;Cobrança;Cobrança indevida;Respondida;SCM;CLARO S.A.;Grande;Claro;RJ;NITERÓI;SCM
22/09/2023;09:03;Reclamação;Velocidade;Velocidade abaixo do contratado;Respondida;SCM;CLARO S.A.;Grande;Claro;MS;TRÊS LAGOAS;SCM
29/08/2023;11:43;Reclamação;Outros;Outros;Respondida;SCM;TELEFONICA BRASIL S.A.;Grande;Vivo;SP;SANTOS;SCM
17/05/2023;19:23;Reclamação;Instalação;Prazo de instalação excedido;Respondida;SCM;CLARO S.A.;Grande;Claro;BA;FEIRA DE SANTANA;SCM
05/04/2022;18:25;Reclamação;Velocidade;Velocidade abaixo do contratado;Pendente;SCM;CLARO S.A.;Grande;Claro;AM;MANAUS;SCM
26/10/2022;19:39;Reclamação;Falha;Falha/Interrupção do serviço;Respondida;SCM;TELEFONICA BRASIL S.A.;Grande;Vivo;SP;CAMPINAS;SCM
27/05/2023;13:40;Reclamação;Atendimento;Atendimento inadequado;Respondida;SCM; ;Grande;TIM;RJ;RIO DE JANEIRO;SCM
02/03/2022;17:47;Reclamação;Velocidade;Velocidade abaixo do contratado;Respondida;SCM;TELEFONICA BRASIL S.A.;Grande;Vivo;CE;CAUCAIA;SCM
10/02/2023;08:09;Reclamação;Atendimento;Atendimento inadequado;Pendente;SCM;Telefonica Brasil S.A.;Grande;Vivo;PR;MARINGÁ;SCM
29/09/2022;09:50;Reclamação;N/A;Cancelamento não realizado;Respondida;SCM;CLARO S/A;Grande;Claro;RN;RN - INTERIOR;SCM
11/09/2022;11:46;Reclamação;Cobrança;Cobrança indevida;Pendente;SCM;CLARO S.A.;Grande;Claro;BA;FEIRA DE SANTANA;SCM
16/05/2023;14:30;Reclamação;Atendimento;Atendimento inadequado;Respondida;SCM;OI S.A.;Grande;Oi;RJ;DUQUE DE CAXIAS;SCM
21/12/2023;16:16;Reclamação;Cobrança;Cobrança indevida;Respondida;SCM;TELEFONICA BRASIL S.A.;Grande;Vivo;CE;FORTALEZA;SCM
10/11/2023;14:04;Reclamação;Falha;Falha/Interrupção do serviço;Respondida;SCM;Claro S.A.;Grande;Claro;PA;BELÉM;SCM
09/07/2023;12:33;Reclamação;Cobrança;Cobrança indevida;Respondida;SCM;CLARO S.A.;Grande;Claro;SP;SÃO PAULO;SCM
11/06/2023;09:58;Reclamação;Velocidade;Velocidade abaixo do contratado;Respondida;SCM;TELEFONICA BRASIL S.A.;Grande;Vivo;RJ;NITERÓI;SCM
27/07/2022;11:10;Reclamação;Atendimento;Atendimento inadequado;Em análise;SCM;CLARO S.A.;Grande;Claro;PR;CURITIBA;SCM
07/08/2023;10:08;Reclamação;Instalação;Prazo de instalação excedido;Pendente;SCM;CLARO S.A.;Grande;Claro;RN;RN - INTERIOR;SCM
10/10/2023;08:08;Reclamação;Velocidade;Velocidade abaixo do contratado;Respondida;SCM;CLARO S/A;Grande;Claro;RJ;NITERÓI;SCM
28/09/2023;16:28;Reclamação;Atendimento;Atendimento inadequado;Respondida;SCM;TIM S.A.;Grande;TIM;MG;CONTAGEM;SCM
20/08/2023;14:16;Reclamação;Falha;Falha/Interrupção do serviço;Respondida;SCM;TIM S.A.;Grande;TIM;SP;GUARULHOS;SCM
06/04/2022;14:26;Reclamação;Cobrança;Cobrança indevida;Respondida;SCM;Telefonica Brasil S.A.;Grande; ;SP;SOROCABA;SCM
20/06/2023;18:38;Reclamação;Falha;Falha/Interrupção do serviço;Respondida;SCM;CLARO S/A;Grande;Claro;RS;CAXIAS DO SUL;SCM
08/06/2022;08:05;Reclamação;Velocidade;Velocidade abaixo do contratado;Respondida;SCM;OI S.A.;Grande;Oi;CE;CAUCAIA;SCM
18/05/2023;22:14;Reclamação;Velocidade;Velocidade abaixo do contratado;Respondida;SCM;CLARO S.A.;Grande;Claro;DF;CEILÂNDIA;SCM
12/03/2023;22:53;Reclamação;Velocidade;Velocidade abaixo do contratado;Respondida;SCM;TELEFONICA BRASIL S.A.;Grande;Vivo;SP;SÃO PAULO;SCM
28/01/2023;11:45;Reclamação;Cobrança;Cobrança indevida;Respondida;SCM;CLARO S/A;Grande;Claro;BA;VITÓRIA DA CONQUISTA;SCM
06/12/2023;18:22;Reclamação;Cobrança;NÃO INFORMADO;Em análise;SCM;TIM S.A.;Grande;TIM;MT;CUIABÁ;SCM
15/02/2023;11:52;Reclamação;Atendimento;Atendimento inadequado;Respondida;SCM;CLARO S.A.;Grande;Claro;RJ;RIO DE JANEIRO;SCM
18/11/2022;16:55;Reclamação;Velocidade;Velocidade abaixo do contratado;Pendente;SCM;EMBRATEL S.A.;Grande;Claro;RS;PORTO ALEGRE;SCM
29/10/2023;19:56;Reclamação;Velocidade;Velocidade abaixo do contratado;Respondida;SCM;CLARO S.A.;Grande;Claro;AP;AP - INTERIOR;SCM
13/02/2023;09:56;Reclamação;Velocidade;Velocidade abaixo do contratado;Respondida;SCM;OI S.A.;Grande;Oi;PR;PONTA GROSSA;SCM
02/08/2023;11:40;Reclamação;-;Cancelamento não realizado;Pendente;SCM;SERCOMTEL S.A. - TELECOMUNICAÇÕES;Pequeno;Sercomtel;MA;IMPERATRIZ;SCM
31/08/2023;20:37;Reclamação;Falha;Falha/Interrupção do serviço;Respondida;SCM;TELEFONICA BRASIL S.A.;Grande;Vivo;BA;VITÓRIA DA CONQUISTA;SCM
03/07/2022;20:14;Reclamação;Cobrança;Cobrança indevida;Em análise;SCM;CLARO S.A.;Grande;Claro;PE;PETROLINA;SCM
08/07/2022;19:24;Reclamação;Velocidade;Velocidade abaixo do contratado;Respondida;SCM;CLARO S.A.;Grande;Claro;AM;PARINTINS;SCM
25/11/2023;17:12;Reclamação;Velocidade;Velocidade abaixo do contratado;Pendente;SCM;TELEFONICA BRASIL S.A.;Grande;Vivo;AL;AL - INTERIOR;SCM
07/05/2022;20:46;Reclamação;Velocidade;Velocidade abaixo do contratado;Respondida;SCM;TELEFONICA BRASIL S.A.;Grande;Vivo;MT;SINOP;SCM
22/11/2022;19:38;Reclamação;Falha;Falha/Interrupção do serviço;Em análise;SCM;NET SERVIÇOS DE COMUNICAÇÃO S.A.;Grande;Claro;CE;SOBRAL;SCM
10/05/2022;11:33;Reclamação;Falha;NÃO INFORMADO;Respondida;SCM;OI S.A.;Grande;Oi;RJ;NITERÓI;SCM
12/04/2022;20:43;Reclamação;Velocidade;Velocidade abaixo do contratado;Respondida;SCM;OI S.A.;Grande;Oi;MG;BELO HORIZONTE;SCM
06/01/2023;19:23;Reclamação; ;Cobrança indevida;Pendente;SCM;TIM S.A.;Grande;TIM;BA;FEIRA DE SANTANA;SCM
11/06/2023;11:10;Reclamação;Contrato;Cancelamento não realizado;Respondida;SCM;TIM S.A.;Grande;TIM;RJ;DUQUE DE CAXIAS;SCM
09/04/2022;18:31;Reclamação;Falha;Falha/Interrupção do serviço;Respondida;SCM;OI S.A.;Grande;Oi;MG;CONTAGEM;SCM
31/10/2022;21:33;Reclamação;Contrato;Cancelamento não realizado;Respondida;SCM;NET SERVIÇOS DE COMUNICAÇÃO S.A.;Grande;Claro;PE;PETROLINA;SCM
11/06/2022;18:55;Reclamação;Velocidade;Velocidade abaixo do contratado;Respondida;SCM;TIM S.A.;Grande;TIM;PR;PONTA GROSSA;SCM
13/03/2023;11:28;Reclamação;Instalação;Prazo de instalação excedido;Respondida;SCM;CLARO S.A.;Grande;Claro;MS;DOURADOS;SCM
18/05/2022;15:07;Reclamação;Instalação;Prazo de instalação excedido;Respondida;SCM;TELEFONICA BRASIL S.A.;Grande;Vivo;CE;JUAZEIRO DO NORTE;SCM
11/01/2023;21:00;Reclamação;Cobrança;Cobrança indevida;Respondida;SCM;OI S.A.;Grande;N/A;SP;SANTOS;SCM
19/07/2023;11:12;Reclamação;Cobrança;Cobrança indevida;Pendente;SCM;CLARO S.A.;Grande;Claro;PA;BELÉM;SCM
13/02/2022;19:09;Reclamação;Cobrança;Cobrança indevida;Respondida;SCM;OI S.A.;Grande;Oi;PI;PI - INTERIOR;SCM
10/09/2022;17:58;Reclamação;Atendimento;Atendimento inadequado;Respondida;SCM;CLARO S.A.;Grande;Claro;SP;SÃO PAULO;SCM
05/11/2023;12:55;Reclamação;Velocidade;Velocidade abaixo do contratado;Respondida;SCM;CLARO S.A.;Grande;Claro;SE;SE - INTERIOR;SCM
28/04/2022;12:13;Reclamação;Cobrança;Cobrança indevida;Respondida;SCM;CLARO S.A.;Grande;Claro;SP;GUARULHOS;SCM
08/12/2022;14:48;Reclamação;Velocidade;Velocidade abaixo do contratado;Respondida;SCM;CLARO S.A.;Grande;Claro;MG;BELO HORIZONTE;SCM
02/12/2023;17:28;Reclamação;Cobrança;Cobrança indevida;Respondida;SCM;OI S.A.;Grande;-;SP;GUARULHOS;SCM
29/10/2022;19:17;Reclamação;Contrato;Cancelamento não realizado;Respondida;SCM;CLARO S.A.;Grande;Claro;PR;MARINGÁ;SCM
07/09/2022;09:37;Reclamação;Velocidade;Velocidade abaixo do contratado;Respondida;SCM;CLARO S.A.;Grande;Claro;GO;ANÁPOLIS;SCM
30/05/2023;09:29;Reclamação;Velocidade;Velocidade abaixo do contratado;Em análise;SCM;EMBRATEL S.A.;Grande;Claro;RN;RN - INTERIOR;SCM
04/08/2023;08:07;Reclamação;Velocidade;Velocidade abaixo do contratado;Respondida;SCM;TELEFONICA BRASIL S.A.;Grande;Vivo;SP;SANTOS;SCM
10/03/2022;20:22;Reclamação;Cobrança;Cobrança indevida;Respondida;SCM;CLARO S.A.;Grande;Claro;RN;RN - INTERIOR;SCM
26/07/2023;22:09;Reclamação;Falha;Falha/Interrupção do serviço;Respondida;SCM;TELEFONICA BRASIL S.A.;Grande;Vivo;RO;RO - INTERIOR;SCM
30/01/2022;22:02;Reclamação;Velocidade;Velocidade abaixo do contratado;Respondida;SCM;OI S.A.;Grande;Oi;RJ;DUQUE DE CAXIAS;SCM
29/07/2022;12:53;Reclamação;Velocidade;Velocidade abaixo do contratado;Respondida;SCM;OI S.A.;Grande;Oi;RS;CANOAS;SCM
28/09/2022;18:13;Reclamação;Velocidade;Velocidade abaixo do contratado;Respondida;SCM;TELEFONICA BRASIL S.A.;Grande;Vivo;RJ;DUQUE DE CAXIAS;SCM
30/05/2022;10:02;Reclamação;Cobrança;N/A;Respondida;SCM;-;Grande;Vivo;SP;SOROCABA;SCM
08/10/2022;11:42;Reclamação;Cobrança;Cobrança indevida;Respondida;SCM;Embratel S.A.;Grande;Claro;PB;PB - INTERIOR;SCM
04/08/2022;20:32;Reclamação;Instalação;Prazo de instalação excedido;Respondida;SCM;OI S.A.;Grande;Oi;MT;SINOP;SCM
28/01/2023;09:54;Reclamação;Cobrança;Cobrança indevida;Respondida;SCM;EMBRATEL S.A.;Grande;Claro;SP;SOROCABA;SCM
16/07/2023;20:30;Reclamação;Atendimento;Atendimento inadequado;Respondida;SCM;CLARO S/A;Grande;Claro;RS;PELOTAS;SCM
18/05/2022;14:01;Reclamação;Cobrança;Cobrança indevida;Pendente;SCM;CLARO S.A.;Grande;Claro;MS;CAMPO GRANDE;SCM
14/01/2023;13:16;Reclamação;Contrato;Cancelamento não realizado;Respondida;SCM;TELEFONICA BRASIL S.A.;Grande;Vivo;PB;PB - INTERIOR;SCM
05/12/2022;18:52;Reclamação;Falha;Falha/Interrupção do serviço;Respondida;SCM;NET SERVIÇOS DE COMUNICAÇÃO S.A.;Grande;Claro;RJ;NITERÓI;SCM
10/01/2023;13:35;Reclamação;Falha;Falha/Interrupção do serviço;Em análise;SCM;TIM S.A.;Grande;TIM;BA;FEIRA DE SANTANA;SCM
25/08/2023;22:58;Reclamação;Instalação;Prazo de instalação excedido;Respondida;SCM;TELEFONICA BRASIL S.A.;Grande;Vivo;SP;CAMPINAS;SCM
01/07/2023;09:43;Reclamação;Atendimento;Atendimento inadequado;Respondida;SCM;Claro S.A.;Grande;Claro;SP;CAMPINAS;SCM
15/01/2022;20:49;Reclamação;Velocidade;Velocidade abaixo do contratado;Respondida;SCM;TELEFONICA BRASIL S.A.;Grande;Vivo;SP;SANTOS;SCM
02/01/2023;14:38;Reclamação;Velocidade;Velocidade abaixo do contratado;Respondida;SCM;CLARO S.A.;Grande;Claro;PE;RECIFE;SCM
23/04/2023;15:03;Reclamação;Velocidade;Velocidade abaixo do contratado;Respondida;SCM;TIM S.A.;Grande;TIM;RS;CANOAS;SCM
02/08/2023;22:05;Reclamação;Cobrança;Cobrança indevida;Respondida;SCM;CLARO S.A.;Grande;Claro;BA;SALVADOR;SCM
03/03/2022;15:54;Reclamação;Velocidade;Velocidade abaixo do contratado;Em análise;SCM;CLARO S.A.;Grande;Claro;RJ;NOVA IGUAÇU;SCM
15/02/2023;20:11;Reclamação;Cobrança;Cobrança indevida;Respondida;SCM;Claro S.A.;Grande;Claro;BA;SALVADOR;SCM
02/01/2023;20:18;Reclamação;Atendimento;Atendimento inadequado;Em análise;SCM;Claro S.A.;Grande;Claro;SP;SANTOS;SCM
01/09/2022;11:58;Reclamação;NÃO INFORMADO;Velocidade abaixo do contratado;Respondida;SCM;TELEFONICA BRASIL S.A.;Grande;Vivo;PR;MARINGÁ;SCM
09/05/2023;12:41;Reclamação;Velocidade; ;Respondida;SCM;CLARO S.A.;Grande;Claro;MG;UBERLÂNDIA;SCM
10/09/2023;18:08;Reclamação;Velocidade;Velocidade abaixo do contratado;Respondida;SCM;TELEFONICA BRASIL S.A.;Grande;Vivo;PR;PONTA GROSSA;SCM
08/10/2023;19:07;Reclamação;Cobrança;Cobrança indevida;Respondida;SCM;TELEFONICA BRASIL S.A.;Grande;Vivo;PB;PB - INTERIOR;SCM
06/11/2022;07:19;Reclamação;Cobrança;Cobrança indevida;Em análise;SCM;TIM S.A.;Grande;TIM;SC;SC - INTERIOR;SCM
12/12/2023;17:46;Reclamação;Velocidade;Velocidade abaixo do contratado;Respondida;SCM;OI S.A.;Grande;Oi;RS;CANOAS;SCM
12/06/2023;12:04;Reclamação;Contrato;Cancelamento não realizado;Pendente;SCM;TIM S.A.;Grande;TIM;GO;ANÁPOLIS;SCM
16/09/2022;13:32;Reclamação;Outros;Outros;Respondida;SCM;Claro S.A.;Grande;Claro;AL;AL - INTERIOR;SCM
17/03/2023;07:54;Reclamação;Falha;Falha/Interrupção do serviço;Respondida;SCM;EMBRATEL S.A.;Grande;Claro;GO;ANÁPOLIS;SCM
21/09/2022;10:10;Reclamação;Velocidade;Velocidade abaixo do contratado;Respondida;SCM;N/A;Grande;Claro;GO;APARECIDA DE GOIÂNIA;SCM
20/03/2023;15:26;Reclamação;Cobrança;Cobrança indevida;Respondida;SCM;CLARO S.A.;Grande;Claro;MA;IMPERATRIZ;SCM
16/10/2023;11:25;Reclamação;Falha;Falha/Interrupção do serviço;Pendente;SCM;CLARO S.A.;Grande;Claro;PB;PB - INTERIOR;SCM
21/07/2023;08:53;Reclamação;Outros;Outros;Respondida;SCM;CLARO S.A.;Grande;Claro;CE;SOBRAL;SCM
09/02/2022;20:34;Reclamação;Cobrança;Cobrança indevida;Respondida;SCM;CLARO S/A;Grande;Claro;SP;GUARULHOS;SCM
20/06/2023;16:38;Reclamação;Velocidade;Velocidade abaixo do contratado;Respondida;SCM;NET SERVIÇOS DE COMUNICAÇÃO S.A.;Grande;Claro;GO;GOIÂNIA;SCM
19/08/2023;14:22;Reclamação;Velocidade;Velocidade abaixo do contratado;Respondida;SCM;CLARO S/A;Grande;Claro;GO;APARECIDA DE GOIÂNIA;SCM
07/12/2022;18:01;Reclamação;Atendimento;Atendimento inadequado;Respondida;SCM;SERCOMTEL S.A. - TELECOMUNICAÇÕES;Pequeno;Sercomtel;SP;SÃO PAULO;SCM
26/05/2022;11:15;Reclamação;Cobrança;Cobrança indevida;Respondida;SCM;NET SERVIÇOS DE COMUNICAÇÃO S.A.;Grande;Claro;SP;SÃO PAULO;SCM
19/08/2023;16:54;Reclamação;Falha;Falha/Interrupção do serviço;Respondida;SCM;OI S.A.;Grande;Oi;PA;BELÉM;SCM
25/11/2022;20:30;Reclamação;Contrato;Cancelamento não realizado;Respondida;SCM;TELEFONICA BRASIL S.A.;Grande;Vivo;CE;SOBRAL;SCM
03/05/2022;11:47;Reclamação;Instalação;Prazo de instalação excedido;Pendente;SCM;CLARO S.A.;Grande;Claro;PE;OLINDA;SCM
23/05/2023;10:36;Reclamação;Atendimento;Atendimento inadequado;Pendente;SCM;OI S.A.;NÃO INFORMADO;Oi;PA;SANTARÉM;SCM
21/08/2022;13:07;Reclamação;Velocidade;Velocidade abaixo do contratado;Respondida;SCM;EMBRATEL S.A.;Grande;Claro;RJ;NITERÓI;SCM
30/07/2022;21:44;Reclamação;Falha;Falha/Interrupção do serviço;Respondida;SCM;CLARO S.A.;Grande;Claro;RJ;NITERÓI;SCM
28/10/2022;19:07;Reclamação;Velocidade;Velocidade abaixo do contratado;Pendente;SCM;TIM S.A.;Grande;TIM;PR;CURITIBA;SCM
27/11/2022;13:46;Reclamação;Cobrança;Cobrança indevida;Respondida;SCM;CLARO S/A;Grande;Claro;RS;CAXIAS DO SUL;SCM
25/09/2022;09:12;Reclamação;Falha;Falha/Interrupção do serviço;Em análise;SCM;CLARO S.A.;Grande;Claro;SP;GUARULHOS;SCM
06/02/2022;09:49;Reclamação;Atendimento;Atendimento inadequado;Respondida;SCM;TIM S.A.;Grande;TIM;SP;GUARULHOS;SCM
13/09/2023;19:48;Reclamação;Instalação;Prazo de instalação excedido;Respondida;SCM;OI S.A.;Grande;Oi;BA;VITÓRIA DA CONQUISTA;SCM
05/01/2023;13:17;Reclamação;Velocidade;Velocidade abaixo do contratado;Respondida;SCM;CLARO S.A.;Grande;Claro;MT;CUIABÁ;SCM
05/01/2023;18:44;Reclamação;Falha;Falha/Interrupção do serviço;Pendente;SCM;EMBRATEL S.A.;Grande;Claro;MG;CONTAGEM;SCM
21/08/2023;22:30;Reclamação;Atendimento;Atendimento inadequado;Respondida;SCM;TELEFONICA BRASIL S.A.;Grande;Vivo;SP;SÃO PAULO;SCM
11/02/2022;13:17;Reclamação;Cobrança;Cobrança indevida;Respondida;SCM;CLARO S.A.;Grande;Claro;RJ;NITERÓI;SCM
13/10/2022;11:05;Reclamação;Falha;Falha/Interrupção do serviço;Em análise;SCM;EMBRATEL S.A.;Grande;Claro;ES;VITÓRIA;SCM
10/10/2022;08:40;Reclamação;Outros;Outros;Em análise;SCM;NET SERVIÇOS DE COMUNICAÇÃO S.A.;Grande;Claro;PE;CARUARU;SCM
04/06/2022;13:43;Reclamação;Velocidade;Velocidade abaixo do contratado;Respondida;SCM;TELEFONICA BRASIL S.A.;Grande;Vivo;BA;FEIRA DE SANTANA;SCM
13/09/2022;22:36;Reclamação;Falha;-;Respondida;SCM;TIM S.A.;Grande;TIM;PR;LONDRINA;SCM
22/06/2023;22:59;Reclamação;Velocidade;Velocidade abaixo do contratado;Respondida;SCM;CLARO S.A.;Grande;Claro;SP;SOROCABA;SCM
28/10/2023;12:09;Reclamação;Falha;Falha/Interrupção do serviço;Respondida;SCM;OI S.A.;Grande;Oi;CE;JUAZEIRO DO NORTE;SCM
06/02/2022;08:33;Reclamação;Velocidade;Velocidade abaixo do contratado;Respondida;SCM;TIM S.A.;Grande;TIM;AM;MANAUS;SCM
24/04/2023;17:34;Reclamação;Falha;Falha/Interrupção do serviço;Pendente;SCM;TELEFONICA BRASIL S.A.;Grande;Vivo;PE;OLINDA;SCM
22/02/2023;10:01;Reclamação;Cobrança;Cobrança indevida;Respondida;SCM;CLARO S.A.;Grande; ;SP;GUARULHOS;SCM
14/08/2023;07:18;Reclamação;-;Velocidade abaixo do contratado;Respondida;SCM;CLARO S.A.;Grande;Claro;BA;VITÓRIA DA CONQUISTA;SCM
17/10/2022;22:43;Reclamação;Atendimento;Atendimento inadequado;Respondida;SCM;TELEFONICA BRASIL S.A.;Grande;Vivo;PR;LONDRINA;SCM
09/10/2023;13:20;Reclamação;Cobrança;Cobrança indevida;Respondida;SCM;CLARO S.A.;Grande;Claro;DF;TAGUATINGA;SCM
23/06/2023;22:01;Reclamação;Cobrança;Cobrança indevida;Pendente;SCM;OI S.A.;Grande;Oi;BA;SALVADOR;SCM
13/09/2022;10:22;Reclamação;Contrato;Cancelamento não realizado;Respondida;SCM;OI S.A.;Grande;Oi;SC;SC - INTERIOR;SCM
12/10/2022;14:12;Reclamação;Atendimento;Atendimento inadequado;Pendente;SCM;CLARO S.A.;Grande;Claro;MG;CONTAGEM;SCM
05/05/2022;15:22;Reclamação;Contrato;Cancelamento não realizado;Em análise;SCM;TELEFONICA BRASIL S.A.;Grande;Vivo;PE;RECIFE;SCM
16/08/2022;21:15;Reclamação;Velocidade;Velocidade abaixo do contratado;Respondida;SCM;OI S.A.;Grande;Oi;RJ;DUQUE DE CAXIAS;SCM
24/05/2022;11:43;Reclamação;Cobrança;Cobrança indevida;Pendente;SCM;CLARO S.A.;Grande;Claro;SE;SE - INTERIOR;SCM
04/05/2023;19:17;Reclamação;Velocidade;Velocidade abaixo do contratado;Pendente;SCM;Net Serviços De Comunicação S.A.;Grande;Claro;PE;OLINDA;SCM
18/11/2022;13:32;Reclamação;Falha;Falha/Interrupção do serviço;Respondida;SCM;TELEFONICA BRASIL S.A.;Grande;Vivo;MA;IMPERATRIZ;SCM
14/11/2023;19:24;Reclamação;Velocidade;Velocidade abaixo do contratado;Respondida;SCM;TIM S.A.;Grande;TIM;DF;BRASÍLIA;SCM
27/05/2022;13:27;Reclamação;Instalação;Prazo de instalação excedido;Respondida;SCM;TIM S.A.;Grande;TIM;RS;CAXIAS DO SUL;SCM
12/05/2023;10:01;Reclamação;Cobrança;Cobrança indevida;Em análise;SCM;TIM S.A.;Grande;TIM;SE;SE - INTERIOR;SCM
04/10/2022;17:00;Reclamação;Velocidade;Velocidade abaixo do contratado;Respondida;SCM;TELEFONICA BRASIL S.A.;Grande;Vivo;MG;UBERLÂNDIA;SCM
28/08/2022;08:30;Reclamação;Falha;Falha/Interrupção do serviço;Respondida;SCM;CLARO S.A.;Grande;Claro;PR;CURITIBA;SCM
08/10/2022;22:24;Reclamação;Velocidade;Velocidade abaixo do contratado;Pendente;SCM;SERCOMTEL S.A. - TELECOMUNICAÇÕES;Pequeno;Sercomtel;AL;AL - INTERIOR;SCM
03/02/2023;16:55;Reclamação;Falha;Falha/Interrupção do serviço;Pendente;SCM;TIM S.A.;Grande;TIM;RS;PORTO ALEGRE;SCM
25/09/2022;07:28;Reclamação;NÃO INFORMADO;Cobrança indevida;Em análise;SCM;TELEFONICA BRASIL S.A.;Grande;Vivo;PA;MARABÁ;SCM
12/02/2023;10:20;Reclamação;Cobrança;Cobrança indevida;Em análise;SCM;CLARO S.A.;Grande;Claro;SP;SANTOS;SCM
23/08/2023;16:45;Reclamação;Velocidade;Velocidade abaixo do contratado;Respondida;SCM;TIM S.A.;Grande;TIM;MG;CONTAGEM;SCM
13/09/2022;09:58;Reclamação;Instalação;Prazo de instalação excedido;Respondida;SCM;TIM S.A.;Grande;TIM;SP;SOROCABA;SCM
22/04/2022;10:32;Reclamação;Velocidade;Velocidade abaixo do contratado;Respondida;SCM;CLARO S.A.;Grande;Claro;MA;IMPERATRIZ;SCM
22/09/2023;20:18;Reclamação;Falha;Falha/Interrupção do serviço;Respondida;SCM;CLARO S/A;Grande;Claro;MG;UBERLÂNDIA;SCM
09/07/2023;16:45;Reclamação;Cobrança;Cobrança indevida;Pendente;SCM;OI S.A.;Grande;Oi;RS;PORTO ALEGRE;SCM
20/07/2023;14:43;Reclamação;Cobrança;Cobrança indevida;Respondida;SCM;TELEFONICA BRASIL S.A.;Grande;Vivo;PE;OLINDA;SCM
18/03/2022;13:27;Reclamação;Contrato;Cancelamento não realizado;Em análise;SCM;OI S.A.;Grande;Oi;RJ;NITERÓI;SCM
10/03/2023;12:15;Reclamação;N/A;Velocidade abaixo do contratado;Respondida;SCM;TIM S.A.;Grande;TIM;PB;PB - INTERIOR;SCM
31/05/2022;11:11;Reclamação;Velocidade;Velocidade abaixo do contratado;Respondida;SCM;TELEFONICA BRASIL S.A.;Grande;Vivo;BA;VITÓRIA DA CONQUISTA;SCM
15/03/2022;14:49;Reclamação;Velocidade;Velocidade abaixo do contratado;Pendente;SCM;TIM S.A.;Grande;TIM;CE;JUAZEIRO DO NORTE;SCM
13/07/2022;20:51;Reclamação;Velocidade;Velocidade abaixo do contratado;Respondida;SCM;TELEFONICA BRASIL S.A.;NÃO INFORMADO;Vivo;SP;SANTOS;SCM
30/09/2023;09:06;Reclamação;Velocidade;Velocidade abaixo do contratado;Respondida;SCM;CLARO S.A.;Grande;Claro;MT;VÁRZEA GRANDE;SCM
04/07/2023;10:59;Reclamação;Atendimento;Atendimento inadequado;Pendente;SCM;NET SERVIÇOS DE COMUNICAÇÃO S.A.;Grande;Claro;MG;CONTAGEM;SCM
10/03/2022;12:00;Reclamação;Cobrança;Cobrança indevida;Respondida;SCM;CLARO S.A.;Grande;Claro;PE;CARUARU;SCM
28/02/2023;09:13;Reclamação;Contrato;Cancelamento não realizado;Respondida;SCM;CLARO S.A.;Grande;Claro;SP;SANTOS;SCM
12/06/2022;19:08;Reclamação;Atendimento;Atendimento inadequado;Respondida;SCM;Claro S.A.;Grande;Claro;PR;PONTA GROSSA;SCM
02/02/2023;08:16;Reclamação;Cobrança;Cobrança indevida;Respondida;SCM;TELEFONICA BRASIL S.A.;Grande;Vivo;SP;CAMPINAS;SCM
20/07/2023;09:52;Reclamação;Falha;Falha/Interrupção do serviço;Respondida;SCM;CLARO S.A.;Grande;N/A;MA;IMPERATRIZ;SCM
11/11/2023;12:53;Reclamação;Cobrança;Cobrança indevida;Respondida;SCM;CLARO S.A.;Grande;Claro;SP;CAMPINAS;SCM
19/03/2023;12:33;Reclamação;Falha;Falha/Interrupção do serviço;Respondida;SCM;CLARO S.A.;Grande;Claro;MG;CONTAGEM;SCM
04/12/2023;19:50;Reclamação;-;Atendimento inadequado;Pendente;SCM;TELEFONICA BRASIL S.A.;Grande;-;SE;SE - INTERIOR;SCM
01/01/2022;10:45;Reclamação;Cobrança;Cobrança indevida;Respondida;SCM;TIM S.A.;Grande;TIM;SP;GUARULHOS;SCM
15/11/2023;10:29;Reclamação;Velocidade;Velocidade abaixo do contratado;Respondida;SCM;CLARO S.A.;Grande;Claro;RS;CAXIAS DO SUL;SCM
02/01/2023;21:30;Reclamação;Falha;Falha/Interrupção do serviço;Respondida;SCM; ;Grande;TIM;PR;MARINGÁ;SCM
14/08/2022;11:17;Reclamação;Atendimento;Atendimento inadequado;Respondida;SCM;CLARO S.A.;Grande;Claro;RJ;NITERÓI;SCM
06/11/2023;22:32;Reclamação;Cobrança;Cobrança indevida;Respondida;SCM;CLARO S.A.;Grande;NÃO INFORMADO;PA;ANANINDEUA;SCM
20/12/2022;21:31;Reclamação;Velocidade;Velocidade abaixo do contratado;Respondida;SCM;NET SERVIÇOS DE COMUNICAÇÃO S.A.;Grande;Claro;RJ;NOVA IGUAÇU;SCM
16/07/2023;10:17;Reclamação;Falha;Falha/Interrupção do serviço;Respondida;SCM;CLARO S.A.;Grande;Claro;SP;GUARULHOS;SCM
18/02/2022;15:14;Reclamação;Falha;Falha/Interrupção do serviço;Respondida;SCM;CLARO S.A.;Grande;Claro;RJ;NOVA IGUAÇU;SCM
29/11/2023;10:35;Reclamação;Falha;Falha/Interrupção do serviço;Respondida;SCM;SERCOMTEL S.A. - TELECOMUNICAÇÕES;Pequeno;Sercomtel;MG;CONTAGEM;SCM
01/08/2023;08:22;Reclamação;Velocidade;Velocidade abaixo do contratado;Respondida;SCM;TIM S.A.;Grande;TIM;TO;TO - INTERIOR;SCM
19/12/2023;19:13;Reclamação;Contrato;Cancelamento não realizado;Respondida;SCM;TIM S.A.;Grande;TIM;RS;CAXIAS DO SUL;SCM
07/12/2022;21:48;Reclamação;Velocidade;Velocidade abaixo do contratado;Respondida;SCM;TIM S.A.;Grande;TIM;PR;LONDRINA;SCM
21/04/2022;12:53;Reclamação;Instalação;Prazo de instalação excedido;Pendente;SCM;CLARO S/A;Grande;Claro;PE;CARUARU;SCM
06/06/2023;19:21;Reclamação;Velocidade;Velocidade abaixo do contratado;Respondida;SCM;OI S.A.;Grande;Oi;MG;BELO HORIZONTE;SCM
21/06/2023;17:43;Reclamação;Atendimento;Atendimento inadequado;Respondida;SCM;TELEFONICA BRASIL S.A.;Grande;Vivo;RS;CANOAS;SCM
14/10/2023;20:33;Reclamação;Contrato;Cancelamento não realizado;Respondida;SCM;TIM S.A.;Grande;TIM;MS;DOURADOS;SCM
01/07/2022;22:32;Reclamação;Atendimento;Atendimento inadequado;Pendente;SCM;TIM S.A.;Grande;TIM;GO;ANÁPOLIS;SCM
31/07/2023;09:29;Reclamação;Falha;Falha/Interrupção do serviço;Pendente;SCM;EMBRATEL S.A.;Grande;Claro;PA;MARABÁ;SCM
03/12/2022;10:50;Reclamação;Contrato;Cancelamento não realizado;Respondida;SCM;TELEFONICA BRASIL S.A.;Grande;Vivo;TO;TO - INTERIOR;SCM
04/01/2022;15:00;Reclamação;Contrato;Cancelamento não realizado;Em análise;SCM; ;Grande;Vivo;PE;RECIFE;SCM
08/03/2022;13:29;Reclamação;Falha;Falha/Interrupção do serviço;Respondida;SCM;CLARO S.A.;Grande;Claro;RS;CAXIAS DO SUL;SCM
25/01/2022;21:29;Reclamação;Contrato;Cancelamento não realizado;Pendente;SCM;TELEFONICA BRASIL S.A.;Grande;Vivo;RJ;NOVA IGUAÇU;SCM
16/10/2023;11:03;Reclamação;Falha;Falha/Interrupção do serviço;Respondida;SCM;TIM S.A.;Grande;TIM;PR;LONDRINA;SCM
27/02/2023;10:25;Reclamação;Velocidade;Velocidade abaixo do contratado;Respondida;SCM;TELEFONICA BRASIL S.A.;Grande;Vivo;RS;CANOAS;SCM
27/04/2022;11:58;Reclamação;Falha;Falha/Interrupção do serviço;Em análise;SCM;TELEFONICA BRASIL S.A.;Grande;Vivo;PA;SANTARÉM;SCM
09/07/2022;14:41;Reclamação;Contrato;Cancelamento não realizado;Respondida;SCM;TELEFONICA BRASIL S.A.;Grande;Vivo;SP;SOROCABA;SCM
09/08/2022;09:36;Reclamação;Velocidade;Velocidade abaixo do contratado;Respondida;SCM;TIM S.A.;Grande;TIM;SP;SANTOS;SCM
25/12/2022;13:15;Reclamação;Velocidade;Velocidade abaixo do contratado;Respondida;SCM;TIM S.A.;Grande;TIM;RJ;NOVA IGUAÇU;SCM
13/11/2023;22:34;Reclamação;Velocidade;Velocidade abaixo do contratado;Respondida;SCM;TIM S.A.;N/A;TIM;SP;CAMPINAS;SCM
25/07/2023;10:03;Reclamação;Atendimento;Atendimento inadequado;Respondida;SCM;NET SERVIÇOS DE COMUNICAÇÃO S.A.;Grande;Claro;TO;TO - INTERIOR;SCM
17/02/2022;09:34;Reclamação;Velocidade;Velocidade abaixo do contratado;Respondida;SCM;NET SERVIÇOS DE COMUNICAÇÃO S.A.;Grande;Claro;PA;BELÉM;SCM
29/04/2022;17:02;Reclamação;Cobrança;Cobrança indevida;Respondida;SCM;TELEFONICA BRASIL S.A.;Grande;Vivo;CE;FORTALEZA;SCM
10/05/2022;10:40;Reclamação;Cobrança;Cobrança indevida;Respondida;SCM;TELEFONICA BRASIL S.A.;Grande;Vivo;RJ;NITERÓI;SCM
18/01/2023;19:37;Reclamação;Contrato;Cancelamento não realizado;Em análise;SCM;OI S.A.;Grande;Oi;MA;TIMON;SCM
03/09/2022;15:35;Reclamação;Falha;Falha/Interrupção do serviço;Pendente;SCM;TIM S.A.;Grande;TIM;ES;VITÓRIA;SCM
20/12/2023;08:30;Reclamação; ;Cobrança indevida;Respondida;SCM;OI S.A.;Grande;Oi;CE;FORTALEZA;SCM
26/06/2023;20:19;Reclamação;Atendimento;Atendimento inadequado;Respondida;SCM;CLARO S.A.;Grande;Claro;ES;VITÓRIA;SCM
20/05/2022;20:55;Reclamação;Velocidade;Velocidade abaixo do contratado;Respondida;SCM;TELEFONICA BRASIL S.A.;Grande;Vivo;AL;AL - INTERIOR;SCM
01/12/2023;10:43;Reclamação;Velocidade;Velocidade abaixo do contratado;Respondida;SCM;TELEFONICA BRASIL S.A.;Grande;Vivo;SP;SÃO PAULO;SCM
21/05/2022;10:01;Reclamação;Cobrança;Cobrança indevida;Respondida;SCM;SERCOMTEL S.A. - TELECOMUNICAÇÕES;Pequeno;Sercomtel;MG;JUIZ DE FORA;SCM
30/11/2023;12:04;Reclamação;Falha;Falha/Interrupção do serviço;Respondida;SCM;TELEFONICA BRASIL S.A.;Grande;Vivo;SP;CAMPINAS;SCM
04/08/2022;10:36;Reclamação;Cobrança;Cobrança indevida;Respondida;SCM;TELEFONICA BRASIL S.A.;Grande;Vivo;PR;CURITIBA;SCM
24/05/2022;16:30;Reclamação;Atendimento;Atendimento inadequado;Respondida;SCM;TELEFONICA BRASIL S.A.;Grande;Vivo;ES;VITÓRIA;SCM
08/01/2023;18:58;Reclamação;Falha;Falha/Interrupção do serviço;Pendente;SCM;NET SERVIÇOS DE COMUNICAÇÃO S.A.;Grande;Claro;SC;SC - INTERIOR;SCM
02/04/2023;09:14;Reclamação;Falha;Falha/Interrupção do serviço;Em análise;SCM;TELEFONICA BRASIL S.A.;Grande;Vivo;RJ;RIO DE JANEIRO;SCM
04/04/2023;17:22;Reclamação;Velocidade;Velocidade abaixo do contratado;Respondida;SCM;EMBRATEL S.A.;Grande;Claro;PI;PI - INTERIOR;SCM
22/01/2022;11:09;Reclamação;Velocidade;N/A;Em análise;SCM;OI S.A.;Grande;Oi;RS;CANOAS;SCM
09/11/2022;07:01;Reclamação;-;Velocidade abaixo do contratado;Respondida;SCM;TIM S.A.;Grande;TIM;RJ;RIO DE JANEIRO;SCM
05/02/2022;19:39;Reclamação;Contrato;Cancelamento não realizado;Respondida;SCM;NET SERVIÇOS DE COMUNICAÇÃO S.A.;Grande;Claro;PE;OLINDA;SCM
07/07/2023;19:13;Reclamação;Velocidade;Velocidade abaixo do contratado;Pendente;SCM;TELEFONICA BRASIL S.A.;Grande;Vivo;ES;VILA VELHA;SCM
10/09/2022;19:51;Reclamação;Cobrança;Cobrança indevida;Pendente;SCM;Claro S.A.;Grande;Claro;RJ;RIO DE JANEIRO;SCM
13/12/2022;15:38;Reclamação;Atendimento;Atendimento inadequado;Respondida;SCM;EMBRATEL S.A.;Grande;Claro;SP;SOROCABA;SCM
18/01/2023;07:54;Reclamação;Outros;Outros;Pendente;SCM;TELEFONICA BRASIL S.A.;Grande;Vivo;RJ;NOVA IGUAÇU;SCM
30/06/2022;15:33;Reclamação;Velocidade;Velocidade abaixo do contratado;Respondida;SCM;CLARO S.A.;Grande;Claro;CE;SOBRAL;SCM
26/10/2023;20:04;Reclamação;Cobrança;Cobrança indevida;Respondida;SCM;TELEFONICA BRASIL S.A.;Grande;Vivo;BA;SALVADOR;SCM
16/02/2023;12:26;Reclamação;Cobrança;Cobrança indevida;Respondida;SCM;NET SERVIÇOS DE COMUNICAÇÃO S.A.;Grande;Claro;RJ;NITERÓI;SCM
16/03/2023;14:29;Reclamação;Cobrança;Cobrança indevida;Respondida;SCM;NET SERVIÇOS DE COMUNICAÇÃO S.A.;Grande;Claro;RJ;NITERÓI;SCM
05/02/2023;10:22;Reclamação;Velocidade;Velocidade abaixo do contratado;Respondida;SCM;CLARO S/A;Grande;Claro;PE;PETROLINA;SCM
27/01/2023;19:19;Reclamação;Velocidade;Velocidade abaixo do contratado;Em análise;SCM;CLARO S.A.;Grande;Claro;SC;SC - INTERIOR;SCM
08/10/2022;22:20;Reclamação;Velocidade;Velocidade abaixo do contratado;Respondida;SCM;TELEFONICA BRASIL S.A.;Grande;Vivo;RJ;NOVA IGUAÇU;SCM
01/05/2022;10:20;Reclamação;Velocidade;Velocidade abaixo do contratado;Respondida;SCM;CLARO S.A.;Grande;Claro;AM;MANAUS;SCM
24/04/2022;11:34;Reclamação;Cobrança;Cobrança indevida;Respondida;SCM;Sercomtel S.A. - Telecomunicações;Pequeno;Sercomtel;RJ;NITERÓI;SCM
06/06/2023;15:22;Reclamação;Contrato;Cancelamento não realizado;Respondida;SCM;CLARO S.A.;Grande;Claro;PA;ANANINDEUA;SCM
18/04/2023;22:21;Reclamação;Falha;Falha/Interrupção do serviço;Respondida;SCM;TIM S.A.;Grande;TIM;PE;OLINDA;SCM
13/05/2022;20:32;Reclamação;Falha;Falha/Interrupção do serviço;Respondida;SCM;TELEFONICA BRASIL S.A.;Grande;Vivo;SP;SOROCABA;SCM
04/06/2023;20:53;Reclamação;Velocidade;Velocidade abaixo do contratado;Respondida;SCM;Telefonica Brasil S.A.;Grande;Vivo;SP;GUARULHOS;SCM
07/06/2023;13:42;Reclamação;Contrato;Cancelamento não realizado;Respondida;SCM;TELEFONICA BRASIL S.A.;Grande;Vivo;MG;CONTAGEM;SCM
20/02/2022;12:44;Reclamação;Cobrança;Cobrança indevida;Respondida;SCM;OI S.A.;Grande;Oi;PA;MARABÁ;SCM
01/10/2023;17:57;Reclamação;Velocidade;Velocidade abaixo do contratado;Respondida;SCM;CLARO S.A.;Grande;Claro;SP;SOROCABA;SCM
31/07/2023;09:19;Reclamação;Velocidade;Velocidade abaixo do contratado;Pendente;SCM;OI S.A.;Grande;Oi;RJ;DUQUE DE CAXIAS;SCM
26/02/2022;22:52;Reclamação;Falha;Falha/Interrupção do serviço;Pendente;SCM;NET SERVIÇOS DE COMUNICAÇÃO S.A.;Grande;Claro;SP;GUARULHOS;SCM
09/06/2023;22:59;Reclamação;Contrato;Cancelamento não realizado;Respondida;SCM;NET SERVIÇOS DE COMUNICAÇÃO S.A.;Grande;Claro;SP;SANTOS;SCM
14/08/2022;11:39;Reclamação;Velocidade;Velocidade abaixo do contratado;Respondida;SCM;CLARO S.A.;Grande;Claro;SP;SÃO PAULO;SCM
17/07/2022;08:44;Reclamação;Cobrança;Cobrança indevida;Respondida;SCM;CLARO S/A;Grande;Claro;BA;FEIRA DE SANTANA;SCM
10/10/2022;17:08;Reclamação;Atendimento;Atendimento inadequado;Respondida;SCM;NET SERVIÇOS DE COMUNICAÇÃO S.A.;Grande;Claro;AM;MANAUS;SCM
10/03/2023;22:09;Reclamação;Falha;Falha/Interrupção do serviço;Respondida;SCM;TELEFONICA BRASIL S.A.;Grande;Vivo;ES;VILA VELHA;SCM
24/07/2022;11:47;Reclamação;Velocidade;Velocidade abaixo do contratado;Pendente;SCM;TIM S.A.;Grande;TIM;AL;AL - INTERIOR;SCM
08/01/2022;17:55;Reclamação;Falha;Falha/Interrupção do serviço;Respondida;SCM;CLARO S.A.;Grande;Claro;CE;JUAZEIRO DO NORTE;SCM
04/03/2022;20:21;Reclamação;Contrato;Cancelamento não realizado;Em análise;SCM;OI S.A.;Grande;Oi;RJ;DUQUE DE CAXIAS;SCM
19/02/2022;08:50;Reclamação;Cobrança;Cobrança indevida;Respondida;SCM;TELEFONICA BRASIL S.A.;Grande;Vivo;SP;SOROCABA;SCM
23/02/2022;10:35;Reclamação;Velocidade;Velocidade abaixo do contratado;Pendente;SCM;OI S.A.;Grande;Oi;BA;FEIRA DE SANTANA;SCM
22/04/2022;07:04;Reclamação;Cobrança;Cobrança indevida;Em análise;SCM;TELEFONICA BRASIL S.A.;Grande;Vivo;SP;GUARULHOS;SCM
27/03/2023;07:12;Reclamação;Velocidade;Velocidade abaixo do contratado;Pendente;SCM;OI S.A.;Grande;Oi;GO;GOIÂNIA;SCM
11/02/2022;13:19;Reclamação;Cobrança;Cobrança indevida;Respondida;SCM;TELEFONICA BRASIL S.A.;Grande;Vivo;PR;PONTA GROSSA;SCM
14/06/2022;20:22;Reclamação;Cobrança;Cobrança indevida;Respondida;SCM;CLARO S/A;Grande;Claro;SP;GUARULHOS;SCM
25/08/2022;19:33;Reclamação;Velocidade;Velocidade abaixo do contratado;Respondida;SCM;CLARO S.A.;Grande;Claro;RS;PELOTAS;SCM
13/10/2023;15:48;Reclamação;Contrato;Cancelamento não realizado;Em análise;SCM;CLARO S.A.;Grande;Claro;RS;PELOTAS;SCM
04/06/2023;10:26;Reclamação;Atendimento;Atendimento inadequado;Em análise;SCM;CLARO S/A;Grande;Claro;DF;BRASÍLIA;SCM
18/05/2022;10:07;Reclamação;Cobrança;Cobrança indevida;Respondida;SCM;CLARO S.A.;Grande;Claro;AL;AL - INTERIOR;SCM
13/09/2022;11:18;Reclamação;Cobrança;Cobrança indevida;Respondida;SCM;TELEFONICA BRASIL S.A.;Grande;Vivo;MA;TIMON;SCM
27/04/2023;08:30;Reclamação;Cobrança;Cobrança indevida;Respondida;SCM;TELEFONICA BRASIL S.A.;Grande;Vivo;GO;ANÁPOLIS;SCM
05/04/2022;22:22;Reclamação;Velocidade;Velocidade abaixo do contratado;Respondida;SCM;OI S.A.;Grande;Oi;SP;SANTOS;SCM
02/01/2023;19:18;Reclamação;Velocidade;Velocidade abaixo do contratado;Em análise;SCM;OI S.A.;Grande;Oi;PR;LONDRINA;SCM
21/05/2022;13:20;Reclamação;Velocidade;Velocidade abaixo do contratado;Respondida;SCM;CLARO S.A.;Grande;NÃO INFORMADO;BA;VITÓRIA DA CONQUISTA;SCM
11/04/2022;22:52;Reclamação;Velocidade;Velocidade abaixo do contratado;Respondida;SCM;TELEFONICA BRASIL S.A.;Grande;Vivo;SP;SÃO PAULO;SCM
06/10/2022;21:48;Reclamação;Falha;Falha/Interrupção do serviço;Pendente;SCM;OI S.A.;Grande;Oi;MG;JUIZ DE FORA;SCM
16/04/2023;14:52;Reclamação;Falha;Falha/Interrupção do serviço;Respondida;SCM;OI S.A.;Grande;Oi;MG;JUIZ DE FORA;SCM
22/04/2022;12:59;Reclamação;Falha;Falha/Interrupção do serviço;Respondida;SCM;TELEFONICA BRASIL S.A.;Grande;Vivo;RN;RN - INTERIOR;SCM
19/09/2022;22:55;Reclamação;Cobrança;Cobrança indevida;Respondida;SCM;CLARO S.A.;Grande;Claro;RS;PORTO ALEGRE;SCM
25/04/2023;16:59;Reclamação;Falha;Falha/Interrupção do serviço;Respondida;SCM;EMBRATEL S.A.;Grande;Claro;PR;MARINGÁ;SCM
06/06/2023;20:41;Reclamação;Cobrança;Cobrança indevida;Em análise;SCM;TIM S.A.;Grande;TIM;RJ;NITERÓI;SCM
28/02/2022;10:28;Reclamação;Velocidade;Velocidade abaixo do contratado;Respondida;SCM;TELEFONICA BRASIL S.A.;Grande;Vivo;SP;SÃO PAULO;SCM
27/05/2023;22:31;Reclamação;Falha;Falha/Interrupção do serviço;Respondida;SCM;CLARO S.A.;Grande;Claro;DF;BRASÍLIA;SCM
22/08/2022;11:17;Reclamação;Atendimento;Atendimento inadequado;Respondida;SCM;NET SERVIÇOS DE COMUNICAÇÃO S.A.;Grande;Claro;SP;SANTOS;SCM
29/12/2022;14:29;Reclamação;Instalação;Prazo de instalação excedido;Respondida;SCM;TELEFONICA BRASIL S.A.;Grande;Vivo;RS;CAXIAS DO SUL;SCM
25/03/2022;14:49;Reclamação;Velocidade;Velocidade abaixo do contratado;Respondida;SCM;OI S.A.;Grande;Oi;TO;TO - INTERIOR;SCM
18/09/2022;10:46;Reclamação;Falha;Falha/Interrupção do serviço;Respondida;SCM;CLARO S/A;Grande;Claro;RS;PORTO ALEGRE;SCM
15/12/2023;15:26;Reclamação;Falha;Falha/Interrupção do serviço;Pendente;SCM;SERCOMTEL S.A. - TELECOMUNICAÇÕES;Pequeno;Sercomtel;SC;SC - INTERIOR;SCM
11/12/2023;15:51;Reclamação;Atendimento;Atendimento inadequado;Respondida;SCM;CLARO S.A.;Grande;Claro;ES;CARIACICA;SCM
15/10/2023;10:53;Reclamação;Velocidade;Velocidade abaixo do contratado;Respondida;SCM;TIM S.A.;Grande;TIM;SP;SOROCABA;SCM
26/10/2022;20:00;Reclamação;Falha;Falha/Interrupção do serviço;Respondida;SCM;TELEFONICA BRASIL S.A.;Grande;Vivo;SP;SOROCABA;SCM
27/12/2023;22:29;Reclamação;Velocidade;Velocidade abaixo do contratado;Pendente;SCM;TIM S.A.;Grande;TIM;RS;PELOTAS;SCM
15/08/2023;20:13;Reclamação;Velocidade;Velocidade abaixo do contratado;Respondida;SCM;TIM S.A.;Grande;TIM;BA;FEIRA DE SANTANA;SCM
28/05/2022;12:41;Reclamação;Cobrança;Cobrança indevida;Respondida;SCM;CLARO S.A.;Grande;Claro;RS;CANOAS;SCM
20/08/2023;09:02;Reclamação;Velocidade;Velocidade abaixo do contratado;Respondida;SCM;TELEFONICA BRASIL S.A.;Grande;Vivo;SP;SANTOS;SCM
06/05/2023;15:07;Reclamação;Velocidade;Velocidade abaixo do contratado;Respondida;SCM;TELEFONICA BRASIL S.A.;Grande;Vivo;GO;GOIÂNIA;SCM
16/12/2022;20:51;Reclamação;Outros;Outros;Respondida;SCM;TIM S.A.;Grande;TIM;SP;GUARULHOS;SCM
16/04/2023;21:51;Reclamação;Cobrança;Cobrança indevida;Respondida;SCM;TELEFONICA BRASIL S.A.;Grande;Vivo;PR;PONTA GROSSA;SCM
21/07/2022;22:07;Reclamação;Velocidade;Velocidade abaixo do contratado;Respondida;SCM;TELEFONICA BRASIL S.A.;Grande;Vivo;RS;PORTO ALEGRE;SCM
13/12/2023;20:04;Reclamação;Velocidade;Velocidade abaixo do contratado;Respondida;SCM;NET SERVIÇOS DE COMUNICAÇÃO S.A.;Grande;Claro;MT;CUIABÁ;SCM
04/03/2022;21:21;Reclamação;Velocidade;Velocidade abaixo do contratado;Respondida;SCM;TELEFONICA BRASIL S.A.;Grande;Vivo;RJ;RIO DE JANEIRO;SCM
08/11/2022;18:54;Reclamação;Cobrança;Cobrança indevida;Respondida;SCM;TELEFONICA BRASIL S.A.;Grande;Vivo;PA;MARABÁ;SCM
21/11/2023;19:01;Reclamação;Atendimento;Atendimento inadequado;Respondida;SCM;CLARO S.A.;Grande;Claro;SP;CAMPINAS;SCM
24/03/2022;20:01;Reclamação;Falha;Falha/Interrupção do serviço;Respondida;SCM;TELEFONICA BRASIL S.A.;Grande;Vivo;PE;CARUARU;SCM
25/05/2023;22:48;Reclamação;Falha;Falha/Interrupção do serviço;Respondida;SCM;CLARO S/A;Grande;Claro;SC;SC - INTERIOR;SCM
31/01/2023;20:45;Reclamação;Falha;Falha/Interrupção do serviço;Em análise;SCM;TELEFONICA BRASIL S.A.;Grande;Vivo;RJ;NOVA IGUAÇU;SCM
02/09/2023;22:51;Reclamação;Cobrança;Cobrança indevida;Respondida;SCM;EMBRATEL S.A.;Grande;Claro;SC;SC - INTERIOR;SCM
14/11/2023;13:26;Reclamação;Atendimento;Atendimento inadequado;Em análise;SCM;OI S.A.;Grande;Oi;RS;CANOAS;SCM
23/08/2022;11:06;Reclamação;Contrato;Cancelamento não realizado;Respondida;SCM;NET SERVIÇOS DE COMUNICAÇÃO S.A.;Grande;Claro;SP;SOROCABA;SCM
02/02/2023;17:29;Reclamação;Contrato;Cancelamento não realizado;Respondida;SCM;CLARO S/A;Grande;Claro;RJ;NITERÓI;SCM
12/11/2023;10:07;Reclamação;Instalação;Prazo de instalação excedido;Respondida;SCM;TIM S.A.;Grande;TIM;BA;FEIRA DE SANTANA;SCM
21/10/2023;09:34;Reclamação;Cobrança;Cobrança indevida;Respondida;SCM;TIM S.A.;Grande;TIM;SP;SÃO PAULO;SCM
21/09/2022;22:07;Reclamação;Contrato;Cancelamento não realizado;Respondida;SCM;CLARO S/A;Grande;Claro;PE;RECIFE;SCM
19/08/2022;11:26;Reclamação;Cobrança;Cobrança indevida;Respondida;SCM;CLARO S.A.;Grande;Claro;PA;BELÉM;SCM
15/03/2023;22:11;Reclamação;Velocidade;Velocidade abaixo do contratado;Respondida;SCM;CLARO S.A.;Grande;Claro;MG;JUIZ DE FORA;SCM
05/01/2022;22:51;Reclamação;Falha;Falha/Interrupção do serviço;Em análise;SCM;TIM S.A.;Grande;TIM;MA;IMPERATRIZ;SCM
14/05/2022;22:58;Reclamação;Contrato;Cancelamento não realizado;Pendente;SCM;NET SERVIÇOS DE COMUNICAÇÃO S.A.;Grande;N/A;MG;BELO HORIZONTE;SCM
19/10/2023;11:04;Reclamação;Cobrança;N/A;Respondida;SCM;NET SERVIÇOS DE COMUNICAÇÃO S.A.;Grande;Claro;AC;AC - INTERIOR;SCM
25/04/2023;10:26;Reclamação;Atendimento;-;Respondida;SCM;TELEFONICA BRASIL S.A.;Grande;Vivo;AM;ITACOATIARA;SCM
19/01/2023;13:34;Reclamação;Velocidade;Velocidade abaixo do contratado;Respondida;SCM;TIM S.A.;Grande;TIM;PB;PB - INTERIOR;SCM
22/04/2023;20:47;Reclamação;Cobrança;Cobrança indevida;Respondida;SCM;TIM S.A.;Grande;TIM;BA;VITÓRIA DA CONQUISTA;SCM
01/01/2023;19:26;Reclamação;Velocidade;Velocidade abaixo do contratado;Respondida;SCM;CLARO S.A.;Grande;Claro;CE;FORTALEZA;SCM
18/02/2022;21:18;Reclamação;Atendimento; ;Respondida;SCM;OI S.A.;Grande;Oi;SP;GUARULHOS;SCM
18/07/2022;16:28;Reclamação;Falha;Falha/Interrupção do serviço;Respondida;SCM;TIM S.A.;Grande;TIM;MA;TIMON;SCM
22/11/2023;20:22;Reclamação;Cobrança;Cobrança indevida;Respondida;SCM;CLARO S.A.;Grande; ;SP;SOROCABA;SCM
09/01/2023;14:28;Reclamação;Falha;Falha/Interrupção do serviço;Respondida;SCM;TIM S.A.;Grande;TIM;ES;VITÓRIA;SCM
23/12/2022;08:31;Reclamação;Falha;Falha/Interrupção do serviço;Respondida;SCM;TELEFONICA BRASIL S.A.;Grande;Vivo;PR;LONDRINA;SCM
12/03/2023;14:53;Reclamação;Velocidade;Velocidade abaixo do contratado;Respondida;SCM;TIM S.A.;Grande;TIM;SP;SOROCABA;SCM
06/12/2022;19:24;Reclamação;Cobrança;Cobrança indevida;Pendente;SCM;TELEFONICA BRASIL S.A.;Grande;Vivo;RJ;DUQUE DE CAXIAS;SCM
20/02/2022;13:08;Reclamação;Velocidade;Velocidade abaixo do contratado;Respondida;SCM;OI S.A.;Grande;Oi;SP;SOROCABA;SCM
08/03/2022;11:36;Reclamação;Velocidade;Velocidade abaixo do contratado;Respondida;SCM;-;Grande;Claro;SP;SÃO PAULO;SCM
27/02/2023;22:53;Reclamação;Cobrança;Cobrança indevida;Respondida;SCM;TELEFONICA BRASIL S.A.;Grande;Vivo;RJ;NOVA IGUAÇU;SCM
12/04/2022;18:41;Reclamação;Atendimento;Atendimento inadequado;Em análise;SCM;OI S.A.;Grande;Oi;BA;VITÓRIA DA CONQUISTA;SCM
08/06/2023;11:44;Reclamação;Cobrança;Cobrança indevida;Respondida;SCM;CLARO S.A.;Grande;Claro;RJ;RIO DE JANEIRO;SCM
03/12/2023;21:10;Reclamação;Cobrança;Cobrança indevida;Respondida;SCM;CLARO S.A.;Grande;Claro;PA;ANANINDEUA;SCM
12/11/2022;20:50;Reclamação;Falha;Falha/Interrupção do serviço;Respondida;SCM;SERCOMTEL S.A. - TELECOMUNICAÇÕES;Pequeno;Sercomtel;SE;SE - INTERIOR;SCM
25/02/2023;14:13;Reclamação;Outros;Outros;Respondida;SCM;CLARO S.A.;Grande;Claro;RO;RO - INTERIOR;SCM
05/11/2023;12:23;Reclamação;Velocidade;Velocidade abaixo do contratado;Respondida;SCM;CLARO S.A.;Grande;Claro;RJ;NITERÓI;SCM
21/05/2023;16:51;Reclamação;Cobrança;Cobrança indevida;Respondida;SCM;CLARO S.A.;Grande;Claro;PA;SANTARÉM;SCM
23/12/2023;18:42;Reclamação;Cobrança;Cobrança indevida;Respondida;SCM;TELEFONICA BRASIL S.A.;Grande;Vivo;RS;CANOAS;SCM
13/06/2022;12:32;Reclamação;Cobrança;Cobrança indevida;Respondida;SCM;TIM S.A.;Grande;TIM;SP;CAMPINAS;SCM
10/08/2023;08:34;Reclamação;Falha;Falha/Interrupção do serviço;Respondida;SCM;TIM S.A.;Grande;TIM;MA;SÃO LUÍS;SCM
30/03/2023;14:56;Reclamação;Cobrança;Cobrança indevida;Respondida;SCM;CLARO S.A.;Grande;Claro;RN;RN - INTERIOR;SCM
18/04/2022;17:02;Reclamação;Velocidade;Velocidade abaixo do contratado;Respondida;SCM;CLARO S.A.;Grande;Claro;SP;SOROCABA;SCM
29/03/2023;15:06;Reclamação;Velocidade;Velocidade abaixo do contratado;Respondida;SCM;TELEFONICA BRASIL S.A.; ;Vivo;SP;GUARULHOS;SCM
04/05/2023;13:07;Reclamação;Velocidade;Velocidade abaixo do contratado;Respondida;SCM;NET SERVIÇOS DE COMUNICAÇÃO S.A.;Grande;Claro;RJ;RIO DE JANEIRO;SCM
15/02/2023;15:16;Reclamação;Velocidade;Velocidade abaixo do contratado;Respondida;SCM;TELEFONICA BRASIL S.A.;Grande;Vivo;SP;GUARULHOS;SCM
23/05/2023;20:59;Reclamação;Contrato;Cancelamento não realizado;Respondida;SCM;TELEFONICA BRASIL S.A.;Grande;Vivo;AL;AL - INTERIOR;SCM
21/03/2023;09:07;Reclamação;Outros;Outros;Em análise;SCM;NET SERVIÇOS DE COMUNICAÇÃO S.A.;Grande;Claro;SP;SOROCABA;SCM
09/08/2023;12:43;Reclamação;Contrato;Cancelamento não realizado;Em análise;SCM;TELEFONICA BRASIL S.A.;Grande;Vivo;SP;SOROCABA;SCM
15/01/2023;11:57;Reclamação;Velocidade;Velocidade abaixo do contratado;Respondida;SCM;CLARO S.A.;Grande;Claro;RJ;NOVA IGUAÇU;SCM
29/12/2022;13:38;Reclamação;Velocidade;Velocidade abaixo do contratado;Respondida;SCM;OI S.A.;Grande;Oi;RJ;NOVA IGUAÇU;SCM
15/07/2023;17:29;Reclamação;Cobrança;Cobrança indevida;Respondida;SCM;CLARO S.A.;Grande;Claro;RJ;RIO DE JANEIRO;SCM
02/04/2023;09:41;Reclamação;Cobrança;Cobrança indevida;Em análise;SCM;OI S.A.;Grande;Oi;RJ;NITERÓI;SCM
25/09/2022;17:18;Reclamação;Velocidade;Velocidade abaixo do contratado;Pendente;SCM;TELEFONICA BRASIL S.A.;Grande;Vivo;SP;SÃO PAULO;SCM
21/02/2022;22:46;Reclamação;Velocidade;Velocidade abaixo do contratado;Respondida;SCM;TIM S.A.;Grande;TIM;ES;VITÓRIA;SCM
31/08/2022;08:48;Reclamação;Instalação;Prazo de instalação excedido;Em análise;SCM;OI S.A.;NÃO INFORMADO;Oi;RJ;DUQUE DE CAXIAS;SCM
30/03/2022;07:08;Reclamação;Falha;Falha/Interrupção do serviço;Em análise;SCM;SERCOMTEL S.A. - TELECOMUNICAÇÕES;Pequeno;Sercomtel;PR;MARINGÁ;SCM
10/07/2022;21:46;Reclamação;Instalação;Prazo de instalação excedido;Pendente;SCM;CLARO S/A;Grande;Claro;PR;LONDRINA;SCM
31/05/2023;08:32;Reclamação;Cobrança;Cobrança indevida;Em análise;SCM;CLARO S.A.;N/A;Claro;BA;SALVADOR;SCM
14/02/2022;17:37;Reclamação;Instalação;Prazo de instalação excedido;Respondida;SCM;TIM S.A.;Grande;TIM;RN;RN - INTERIOR;SCM
13/11/2022;19:19;Reclamação;Contrato;Cancelamento não realizado;Respondida;SCM;TIM S.A.;Grande;TIM;SP;SÃO PAULO;SCM
21/11/2022;15:06;Reclamação;Atendimento;Atendimento inadequado;Respondida;SCM;TIM S.A.;Grande;TIM;MT;VÁRZEA GRANDE;SCM
04/02/2022;21:43;Reclamação;Velocidade;Velocidade abaixo do contratado;Respondida;SCM;-;Grande;Oi;RS;CANOAS;SCM
14/08/2022;12:57;Reclamação;Velocidade;Velocidade abaixo do contratado;Respondida;SCM;TIM S.A.;Grande;TIM;RJ;NOVA IGUAÇU;SCM
09/03/2023;10:59;Reclamação;Contrato;Cancelamento não realizado;Em análise;SCM;TIM S.A.;Grande;TIM;SE;SE - INTERIOR;SCM
02/12/2023;16:53;Reclamação;Velocidade;Velocidade abaixo do contratado;Em análise;SCM;TELEFONICA BRASIL S.A.;Grande;Vivo;PI;PI - INTERIOR;SCM
18/12/2023;13:04;Reclamação;Cobrança;Cobrança indevida;Pendente;SCM;Tim S.A.;Grande;TIM;MA;SÃO LUÍS;SCM
17/10/2022;20:45;Reclamação;Velocidade;Velocidade abaixo do contratado;Em análise;SCM;CLARO S.A.;Grande;Claro;RJ;DUQUE DE CAXIAS;SCM
22/01/2023;11:00;Reclamação;Atendimento;Atendimento inadequado;Respondida;SCM;TIM S.A.;Grande;TIM;SP;SOROCABA;SCM
23/04/2022;07:48;Reclamação;Velocidade;Velocidade abaixo do contratado;Respondida;SCM;TIM S.A.;Grande;TIM;ES;CARIACICA;SCM
23/12/2023;10:16;Reclamação;Velocidade;Velocidade abaixo do contratado;Pendente;SCM;TIM S.A.;Grande;TIM;PE;CARUARU;SCM
24/05/2023;15:32;Reclamação;Falha;Falha/Interrupção do serviço;Respondida;SCM;CLARO S.A.;Grande;Claro;PR;LONDRINA;SCM
16/04/2022;19:52;Reclamação;Falha;Falha/Interrupção do serviço;Respondida;SCM;CLARO S.A.;Grande;Claro;RJ;NOVA IGUAÇU;SCM
23/04/2023;22:23;Reclamação;Velocidade;Velocidade abaixo do contratado;Respondida;SCM;OI S.A.;Grande;Oi;BA;FEIRA DE SANTANA;SCM
02/06/2022;15:01;Reclamação;Contrato;Cancelamento não realizado;Respondida;SCM;CLARO S.A.;Grande;Claro;RJ;NITERÓI;SCM
30/03/2023;14:53;Reclamação;Cobrança;Cobrança indevida;Respondida;SCM;TELEFONICA BRASIL S.A.;Grande;Vivo;PE;PETROLINA;SCM
15/11/2023;17:10;Reclamação;Cobrança;Cobrança indevida;Pendente;SCM;CLARO S.A.;Grande;Claro;CE;JUAZEIRO DO NORTE;SCM
08/12/2023;12:03;Reclamação;Contrato;Cancelamento não realizado;Respondida;SCM;TELEFONICA BRASIL S.A.;Grande;Vivo;RJ;DUQUE DE CAXIAS;SCM
13/07/2022;15:08;Reclamação;Atendimento;Atendimento inadequado;Pendente;SCM;EMBRATEL S.A.;Grande;Claro;DF;BRASÍLIA;SCM
18/04/2023;15:59;Reclamação;Falha;Falha/Interrupção do serviço;Pendente;SCM;TELEFONICA BRASIL S.A.;Grande;Vivo;RJ;DUQUE DE CAXIAS;SCM
12/01/2022;20:07;Reclamação;Cobrança;Cobrança indevida;Respondida;SCM;CLARO S.A.;Grande;Claro;GO;GOIÂNIA;SCM
26/10/2023;10:53;Reclamação;Cobrança;Cobrança indevida;Respondida;SCM;NET SERVIÇOS DE COMUNICAÇÃO S.A.;Grande;Claro;MG;BELO HORIZONTE;SCM
25/12/2023;17:30;Reclamação;Falha;Falha/Interrupção do serviço;Pendente;SCM;CLARO S.A.;Grande;Claro;SP;GUARULHOS;SCM
15/02/2022;08:50;Reclamação;Falha;Falha/Interrupção do serviço;Em análise;SCM;TELEFONICA BRASIL S.A.;Grande;Vivo;MG;BELO HORIZONTE;SCM
14/05/2023;15:38;Reclamação;Velocidade;Velocidade abaixo do contratado;Pendente;SCM;EMBRATEL S.A.;Grande;Claro;MA;IMPERATRIZ;SCM
27/02/2023;22:19;Reclamação;Cobrança;Cobrança indevida;Pendente;SCM;CLARO S.A.;Grande;Claro;GO;ANÁPOLIS;SCM
20/07/2023;19:36;Reclamação;Velocidade;Velocidade abaixo do contratado;Respondida;SCM;CLARO S.A.;Grande;Claro;RJ;DUQUE DE CAXIAS;SCM
29/07/2022;18:40;Reclamação;Velocidade;Velocidade abaixo do contratado;Em análise;SCM;TELEFONICA BRASIL S.A.;Grande;Vivo;PE;RECIFE;SCM
18/06/2023;16:36;Reclamação;Instalação;Prazo de instalação excedido;Respondida;SCM;OI S.A.;Grande;Oi;BA;FEIRA DE SANTANA;SCM
10/08/2022;10:33;Reclamação;Falha;Falha/Interrupção do serviço;Respondida;SCM;TELEFONICA BRASIL S.A.;NÃO INFORMADO;Vivo;RJ;NOVA IGUAÇU;SCM
27/12/2023;18:23;Reclamação;Velocidade;Velocidade abaixo do contratado;Respondida;SCM;OI S.A.;Grande;Oi;MT;VÁRZEA GRANDE;SCM
01/03/2023;14:38;Reclamação;Velocidade;Velocidade abaixo do contratado;Respondida;SCM;Telefonica Brasil S.A.;Grande;Vivo;MG;JUIZ DE FORA;SCM
17/11/2022;16:46;Reclamação;Velocidade;Velocidade abaixo do contratado;Em análise;SCM;OI S.A.;Grande;Oi;PI;PI - INTERIOR;SCM
06/06/2022;12:55;Reclamação;Velocidade;Velocidade abaixo do contratado;Respondida;SCM;TIM S.A.;Grande;TIM;PR;CURITIBA;SCM
06/07/2023;22:32;Reclamação;Velocidade;Velocidade abaixo do contratado;Respondida;SCM;TIM S.A.;Grande;TIM;RJ;RIO DE JANEIRO;SCM
19/10/2023;14:07;Reclamação;Falha;Falha/Interrupção do serviço;Respondida;SCM;NET SERVIÇOS DE COMUNICAÇÃO S.A.;Grande;Claro;RJ;RIO DE JANEIRO;SCM
23/04/2022;09:35;Reclamação;-;Outros;Em análise;SCM;CLARO S.A.;Grande;Claro;PR;PONTA GROSSA;SCM
03/11/2022;22:26;Reclamação;Atendimento;Atendimento inadequado;Respondida;SCM;OI S.A.;Grande;Oi;AL;AL - INTERIOR;SCM
30/03/2022;13:53;Reclamação;Falha;Falha/Interrupção do serviço;Respondida;SCM;CLARO S.A.;Grande;Claro;BA;VITÓRIA DA CONQUISTA;SCM
27/04/2023;08:03;Reclamação;Cobrança;Cobrança indevida;Respondida;SCM;CLARO S.A.;Grande;Claro;PR;LONDRINA;SCM
04/01/2023;10:01;Reclamação;Falha;Falha/Interrupção do serviço;Em análise;SCM;CLARO S.A.;Grande;Claro;MG;CONTAGEM;SCM
27/03/2023;10:53;Reclamação;Velocidade;N/A;Pendente;SCM;OI S.A.;Grande;Oi;RJ;DUQUE DE CAXIAS;SCM
13/08/2023;18:15;Reclamação;Cobrança;Cobrança indevida;Respondida;SCM;TIM S.A.;Grande;TIM;SP;SOROCABA;SCM
03/06/2022;07:28;Reclamação;Falha;Falha/Interrupção do serviço;Respondida;SCM;CLARO S.A.;Grande;Claro;SP;SOROCABA;SCM
16/10/2022;21:33;Reclamação;Falha;Falha/Interrupção do serviço;Respondida;SCM;CLARO S.A.;Grande;Claro;MG;UBERLÂNDIA;SCM
12/05/2023;17:38;Reclamação;Atendimento;Atendimento inadequado;Em análise;SCM;TIM S.A.;Grande;TIM;BA;SALVADOR;SCM
13/11/2022;20:59;Reclamação;Cobrança;Cobrança indevida;Respondida;SCM;TIM S.A.;Grande;TIM;AM;PARINTINS;SCM
19/03/2022;20:35;Reclamação;Velocidade;Velocidade abaixo do contratado;Pendente;SCM;CLARO S.A.;Grande;Claro;MA;TIMON;SCM
16/01/2022;09:45;Reclamação;Outros;Outros;Respondida;SCM;TIM S.A.;Grande;TIM;PR;CURITIBA;SCM
20/12/2022;08:32;Reclamação;Falha;Falha/Interrupção do serviço;Respondida;SCM;TELEFONICA BRASIL S.A.;Grande;Vivo;GO;APARECIDA DE GOIÂNIA;SCM
24/04/2022;16:28;Reclamação;Velocidade;Velocidade abaixo do contratado;Respondida;SCM;OI S.A.;Grande;Oi;PB;PB - INTERIOR;SCM
07/08/2023;12:35;Reclamação;Velocidade;Velocidade abaixo do contratado;Respondida;SCM;TIM S.A.;Grande;TIM;RS;CAXIAS DO SUL;SCM
30/06/2023;17:30;Reclamação;Falha;N/A;Respondida;SCM;CLARO S.A.;Grande;Claro;PR;CURITIBA;SCM
11/08/2023;22:40;Reclamação;Velocidade;Velocidade abaixo do contratado;Pendente;SCM;CLARO S.A.;Grande;Claro;RJ;RIO DE JANEIRO;SCM
25/01/2022;21:25;Reclamação;Velocidade;Velocidade abaixo do contratado;Respondida;SCM;TELEFONICA BRASIL S.A.;Grande;Vivo;SP;SOROCABA;SCM
23/01/2022;20:36;Reclamação;Falha;Falha/Interrupção do serviço;Pendente;SCM;CLARO S.A.;Grande;Claro;MA;SÃO LUÍS;SCM
09/05/2023;20:31;Reclamação;Falha;Falha/Interrupção do serviço;Respondida;SCM;TELEFONICA BRASIL S.A.;Grande;Vivo;PE;RECIFE;SCM
28/10/2023;15:48;Reclamação;Velocidade;Velocidade abaixo do contratado;Respondida;SCM;TELEFONICA BRASIL S.A.;Grande;Vivo;RN;RN - INTERIOR;SCM
11/07/2022;22:24;Reclamação;Outros;Outros;Pendente;SCM;CLARO S.A.;Grande;Claro;SC;SC - INTERIOR;SCM
20/05/2022;22:31;Reclamação;Falha;Falha/Interrupção do serviço;Em análise;SCM;TELEFONICA BRASIL S.A.;Grande;Vivo;RN;RN - INTERIOR;SCM
24/04/2023;16:10;Reclamação;Velocidade;Velocidade abaixo do contratado;Respondida;SCM;TELEFONICA BRASIL S.A.;Grande;Vivo;AM;MANAUS;SCM
10/09/2023;16:46;Reclamação;Cobrança;Cobrança indevida;Respondida;SCM;CLARO S.A.;Grande;Claro;TO;TO - INTERIOR;SCM
30/10/2022;15:34;Reclamação;Velocidade; ;Respondida;SCM;TIM S.A.;Grande;TIM;RJ;NITERÓI;SCM
22/11/2023;12:03;Reclamação;Velocidade;Velocidade abaixo do contratado;Respondida;SCM;TIM S.A.;Grande;TIM;MA;IMPERATRIZ;SCM
14/01/2023;10:35;Reclamação;Velocidade;Velocidade abaixo do contratado;Respondida;SCM;TIM S.A.;Grande;TIM;PA;MARABÁ;SCM
07/12/2022;14:30;Reclamação;Velocidade;Velocidade abaixo do contratado;Respondida;SCM;Telefonica Brasil S.A.;Grande;Vivo;PE;RECIFE;SCM
20/11/2023;17:38;Reclamação;Velocidade;Velocidade abaixo do contratado;Respondida;SCM;TIM S.A.;Grande;TIM;RO;RO - INTERIOR;SCM
22/10/2022;17:18;Reclamação;Cobrança;Cobrança indevida;Respondida;SCM;TIM S.A.;Grande;TIM;RN;RN - INTERIOR;SCM
03/06/2023;14:17;Reclamação; ;Velocidade abaixo do contratado;Respondida;SCM;TELEFONICA BRASIL S.A.;Grande;Vivo;SP;SANTOS;SCM
10/04/2022;16:11;Reclamação;Velocidade;Velocidade abaixo do contratado;Respondida;SCM;CLARO S.A.;Grande;Claro;RR;RR - INTERIOR;SCM
29/01/2022;08:06;Reclamação;Contrato;Cancelamento não realizado;Respondida;SCM;TELEFONICA BRASIL S.A.;Grande;Vivo;SP;GUARULHOS;SCM
07/11/2022;09:53;Reclamação;Velocidade;Velocidade abaixo do contratado;Respondida;SCM;CLARO S.A.;Grande;Claro;PB;PB - INTERIOR;SCM
12/01/2022;12:20;Reclamação;Falha;N/A;Em análise;SCM;CLARO S.A.;Grande;Claro;PB;PB - INTERIOR;SCM
16/02/2023;08:31;Reclamação;Atendimento; ;Respondida;SCM;TIM S.A.;Grande;TIM;PR;CURITIBA;SCM
19/08/2022;18:27;Reclamação;Velocidade;Velocidade abaixo do contratado;Respondida;SCM;SERCOMTEL S.A. - TELECOMUNICAÇÕES;Pequeno;Sercomtel;RJ;RIO DE JANEIRO;SCM
07/05/2023;17:43;Reclamação;Falha;Falha/Interrupção do serviço;Pendente;SCM;TIM S.A.;Grande;TIM;MA;IMPERATRIZ;SCM
06/09/2023;08:17;Reclamação;Velocidade;Velocidade abaixo do contratado;Respondida;SCM;TELEFONICA BRASIL S.A.;Grande;Vivo;RS;CANOAS;SCM
29/01/2023;16:24;Reclamação;Instalação;Prazo de instalação excedido;Respondida;SCM;TELEFONICA BRASIL S.A.;Grande;Vivo;MA;TIMON;SCM
19/12/2023;14:31;Reclamação;Atendimento;Atendimento inadequado;Respondida;SCM;TIM S.A.;Grande;TIM;CE;JUAZEIRO DO NORTE;SCM
21/05/2022;12:57;Reclamação;Velocidade;Velocidade abaixo do contratado;Respondida;SCM;TIM S.A.;Grande;TIM;CE;CAUCAIA;SCM
13/11/2022;09:32;Reclamação;Cobrança;Cobrança indevida;Respondida;SCM;TIM S.A.;Grande;TIM;SP;SOROCABA;SCM
10/04/2023;11:54;Reclamação;Atendimento;Atendimento inadequado;Respondida;SCM;TIM S.A.;Grande;TIM;RS;PELOTAS;SCM
01/02/2022;13:59;Reclamação;Instalação;Prazo de instalação excedido;Respondida;SCM;CLARO S.A.;Grande;Claro;AC;AC - INTERIOR;SCM
16/10/2023;16:05;Reclamação;Velocidade;Velocidade abaixo do contratado;Respondida;SCM;TIM S.A.;Grande;TIM;PE;CARUARU;SCM
22/12/2022;12:31;Reclamação;Cobrança;Cobrança indevida;Respondida;SCM;TELEFONICA BRASIL S.A.;Grande;Vivo;SP;SOROCABA;SCM
18/08/2022;21:57;Reclamação;Velocidade;Velocidade abaixo do contratado;Respondida;SCM;TELEFONICA BRASIL S.A.;Grande;Vivo;SP;SANTOS;SCM
01/01/2023;22:37;Reclamação;Velocidade;Velocidade abaixo do contratado;Respondida;SCM;OI S.A.;Grande;Oi;PE;CARUARU;SCM
05/05/2022;11:18;Reclamação;Atendimento;Atendimento inadequado;Respondida;SCM;TIM S.A.;Grande;TIM;RJ;DUQUE DE CAXIAS;SCM
29/08/2023;07:05;Reclamação;Falha;Falha/Interrupção do serviço;Pendente;SCM;CLARO S.A.;Grande;Claro;RJ;NOVA IGUAÇU;SCM
18/10/2022;20:51;Reclamação;Falha;Falha/Interrupção do serviço;Respondida;SCM;CLARO S.A.;Grande;Claro;BA;VITÓRIA DA CONQUISTA;SCM
31/05/2023;09:08;Reclamação;Outros;Outros;Respondida;SCM;Telefonica Brasil S.A.;Grande;Vivo;RJ;NITERÓI;SCM
17/03/2022;14:31;Reclamação;Falha;Falha/Interrupção do serviço;Respondida;SCM;NET SERVIÇOS DE COMUNICAÇÃO S.A.;Grande;Claro;SC;SC - INTERIOR;SCM
15/10/2022;17:54;Reclamação;Atendimento;Atendimento inadequado;Em análise;SCM;EMBRATEL S.A.;Grande;Claro;SP;SANTOS;SCM
25/03/2023;20:10;Reclamação;Falha;Falha/Interrupção do serviço;Respondida;SCM;CLARO S.A.;Grande;Claro;RJ;RIO DE JANEIRO;SCM
25/05/2022;22:12;Reclamação;Atendimento;Atendimento inadequado;Respondida;SCM;TIM S.A.;Grande;TIM;SP;SOROCABA;SCM
10/02/2022;18:44;Reclamação;Atendimento;Atendimento inadequado;Respondida;SCM;NET SERVIÇOS DE COMUNICAÇÃO S.A.;Grande;Claro;AC;AC - INTERIOR;SCM
04/11/2023;13:31;Reclamação;Velocidade;Velocidade abaixo do contratado;Respondida;SCM;CLARO S.A.;Grande;Claro;SP;SANTOS;SCM
03/11/2022;14:39;Reclamação;Contrato;Cancelamento não realizado;Pendente;SCM;CLARO S.A.;Grande;Claro;SP;SÃO PAULO;SCM
15/04/2023;17:22;Reclamação;Falha;Falha/Interrupção do serviço;Respondida;SCM;TELEFONICA BRASIL S.A.;Grande;Vivo;SP;SOROCABA;SCM
10/11/2023;14:31;Reclamação;Cobrança;Cobrança indevida;Pendente;SCM; ;Grande;Oi;SP;GUARULHOS;SCM
03/10/2023;22:38;Reclamação;Cobrança;Cobrança indevida;Em análise;SCM; ;Grande;Vivo;RS;PORTO ALEGRE;SCM
27/06/2022;11:38;Reclamação;Contrato;Cancelamento não realizado;Respondida;SCM;TELEFONICA BRASIL S.A.;Grande;Vivo;SP;GUARULHOS;SCM
05/12/2022;10:03;Reclamação;Falha;Falha/Interrupção do serviço;Respondida;SCM;CLARO S.A.;Grande;Claro;PA;ANANINDEUA;SCM
25/04/2023;21:23;Reclamação;Cobrança;Cobrança indevida;Respondida;SCM;TELEFONICA BRASIL S.A.;Grande;Vivo;AM;ITACOATIARA;SCM
19/08/2023;15:43;Reclamação;Falha;-;Respondida;SCM;CLARO S.A.;Grande;Claro;RJ;NOVA IGUAÇU;SCM
03/08/2023;08:45;Reclamação;Falha;Falha/Interrupção do serviço;Respondida;SCM;TELEFONICA BRASIL S.A.;Grande;Vivo;PE;PETROLINA;SCM
30/07/2022;15:26;Reclamação;Velocidade;Velocidade abaixo do contratado;Pendente;SCM;CLARO S.A.;Grande;Claro;AM;PARINTINS;SCM
22/12/2023;16:44;Reclamação;Velocidade;Velocidade abaixo do contratado;Respondida;SCM;CLARO S.A.;Grande;Claro;SP;SANTOS;SCM
30/11/2023;14:26;Reclamação;NÃO INFORMADO;Velocidade abaixo do contratado;Em análise;SCM;TELEFONICA BRASIL S.A.;Grande;Vivo;GO;GOIÂNIA;SCM
15/08/2023;18:57;Reclamação;Velocidade;Velocidade abaixo do contratado;Em análise;SCM;OI S.A.;Grande;Oi;MA;SÃO LUÍS;SCM
31/07/2023;19:28;Reclamação;Falha;Falha/Interrupção do serviço;Pendente;SCM;TELEFONICA BRASIL S.A.;Grande;Vivo;SP;SOROCABA;SCM
04/05/2022;12:53;Reclamação;Falha;Falha/Interrupção do serviço;Pendente;SCM;TELEFONICA BRASIL S.A.;Grande;Vivo;RS;CANOAS;SCM
24/03/2023;09:40;Reclamação;Velocidade;Velocidade abaixo do contratado;Respondida;SCM;TELEFONICA BRASIL S.A.;Grande;Vivo;PR;CURITIBA;SCM
06/02/2022;21:09;Reclamação;Falha;Falha/Interrupção do serviço;Respondida;SCM;OI S.A.;Grande;Oi;SP;CAMPINAS;SCM
29/01/2022;22:51;Reclamação;Contrato;Cancelamento não realizado;Pendente;SCM;OI S.A.;Grande;Oi;PE;OLINDA;SCM
26/02/2022;13:23;Reclamação;Instalação;Prazo de instalação excedido;Em análise;SCM;TIM S.A.;Grande;TIM;BA;SALVADOR;SCM
30/12/2023;21:33;Reclamação;Atendimento;Atendimento inadequado;Respondida;SCM;CLARO S.A.;Grande;Claro;GO;GOIÂNIA;SCM
25/04/2022;22:41;Reclamação;Velocidade;Velocidade abaixo do contratado;Respondida;SCM;CLARO S.A.;Grande;Claro;PE;PETROLINA;SCM
20/05/2022;22:07;Reclamação;Cobrança;Cobrança indevida;Pendente;SCM;CLARO S.A.;Grande;Claro;MT;VÁRZEA GRANDE;SCM
07/05/2023;15:49;Reclamação;Cobrança;Cobrança indevida;Pendente;SCM;TIM S.A.;Grande;TIM;SP;SOROCABA;SCM
14/07/2023;09:32;Reclamação;Falha;Falha/Interrupção do serviço;Respondida;SCM;Tim S.A.;Grande;TIM;PE;RECIFE;SCM
14/05/2023;09:44;Reclamação;Velocidade;Velocidade abaixo do contratado;Respondida;SCM;TELEFONICA BRASIL S.A.;Grande;Vivo;SP;GUARULHOS;SCM
08/04/2022;19:22;Reclamação;Velocidade;Velocidade abaixo do contratado;Respondida;SCM;-;Grande;Claro;RS;PORTO ALEGRE;SCM
29/08/2023;07:40;Reclamação;Contrato;Cancelamento não realizado;Respondida;SCM;TIM S.A.;Grande;TIM;SP;GUARULHOS;SCM
11/08/2023;19:51;Reclamação;Velocidade;Velocidade abaixo do contratado;Respondida;SCM;OI S.A.;Grande;Oi;RS;PELOTAS;SCM
06/07/2022;13:04;Reclamação;Velocidade;Velocidade abaixo do contratado;Respondida;SCM;TELEFONICA BRASIL S.A.;Grande;Vivo;RJ;DUQUE DE CAXIAS;SCM
11/11/2022;13:17;Reclamação;Velocidade;Velocidade abaixo do contratado;Respondida;SCM;SERCOMTEL S.A. - TELECOMUNICAÇÕES;Pequeno;Sercomtel;AM;MANAUS;SCM
06/01/2023;10:09;Reclamação;Falha;Falha/Interrupção do serviço;Respondida;SCM;CLARO S.A.;Grande;Claro;SP;CAMPINAS;SCM
28/08/2022;22:41;Reclamação;Cobrança;Cobrança indevida;Respondida;SCM;TELEFONICA BRASIL S.A.;Grande;Vivo;PR;PONTA GROSSA;SCM
28/08/2023;18:23;Reclamação;Falha;Falha/Interrupção do serviço;Respondida;SCM;Telefonica Brasil S.A.;Grande;Vivo;MG;CONTAGEM;SCM
16/03/2023;21:54;Reclamação;Cobrança;Cobrança indevida;Respondida;SCM;CLARO S.A.;Grande;Claro;PR;LONDRINA;SCM
03/06/2022;20:29;Reclamação;Cobrança;Cobrança indevida;Respondida;SCM;CLARO S.A.;Grande;Claro;MA;IMPERATRIZ;SCM
13/10/2023;18:29;Reclamação;-;Velocidade abaixo do contratado;Respondida;SCM;TELEFONICA BRASIL S.A.;Grande;Vivo;PE;OLINDA;SCM
30/10/2023;21:29;Reclamação;Falha;Falha/Interrupção do serviço;Respondida;SCM;OI S.A.;Grande;Oi;BA;SALVADOR;SCM
09/05/2023;17:12;Reclamação;Falha;Falha/Interrupção do serviço;Respondida;SCM;CLARO S.A.;Grande;Claro;RJ;NOVA IGUAÇU;SCM
02/01/2023;10:17;Reclamação;Velocidade;Velocidade abaixo do contratado;Respondida;SCM;TELEFONICA BRASIL S.A.;Grande;Vivo;SP;GUARULHOS;SCM
27/07/2022;14:32;Reclamação;Atendimento;Atendimento inadequado;Respondida;SCM;TELEFONICA BRASIL S.A.;Grande;Vivo;CE;CAUCAIA;SCM
01/07/2022;21:16;Reclamação;Cobrança;Cobrança indevida;Respondida;SCM;TELEFONICA BRASIL S.A.;Grande;Vivo;PE;OLINDA;SCM
20/06/2023;18:30;Reclamação;Cobrança;Cobrança indevida;Pendente;SCM;TIM S.A.;Grande;TIM;BA;FEIRA DE SANTANA;SCM
30/10/2022;10:53;Reclamação;Velocidade;Velocidade abaixo do contratado;Pendente;SCM;TELEFONICA BRASIL S.A.;Grande;Vivo;MG;UBERLÂNDIA;SCM
23/10/2022;08:09;Reclamação;Velocidade;Velocidade abaixo do contratado;Respondida;SCM;TIM S.A.;Grande;TIM;SP;SANTOS;SCM
26/10/2023;20:01;Reclamação;Atendimento;Atendimento inadequado;Respondida;SCM;TELEFONICA BRASIL S.A.;Grande;Vivo;RJ;DUQUE DE CAXIAS;SCM
16/10/2022;15:37;Reclamação;Cobrança;Cobrança indevida;Respondida;SCM;CLARO S.A.;Grande;Claro;PE;PETROLINA;SCM
10/07/2023;16:11;Reclamação;Falha;NÃO INFORMADO;Respondida;SCM;CLARO S.A.;Grande;Claro;RJ;NOVA IGUAÇU;SCM
15/08/2022;16:37;Reclamação;Atendimento;Atendimento inadequado;Respondida;SCM;TELEFONICA BRASIL S.A.;Grande;Vivo;PR;LONDRINA;SCM
23/01/2023;20:55;Reclamação;Cobrança;Cobrança indevida;Respondida;SCM;TIM S.A.;Grande;TIM;MT;SINOP;SCM
02/12/2022;08:43;Reclamação;Cobrança;Cobrança indevida;Respondida;SCM;TIM S.A.;Grande;TIM;AM;PARINTINS;SCM
15/07/2022;07:29;Reclamação;Velocidade;Velocidade abaixo do contratado;Em análise;SCM;CLARO S.A.;Grande;Claro;GO;ANÁPOLIS;SCM
30/12/2023;22:50;Reclamação;Falha;Falha/Interrupção do serviço;Respondida;SCM;TELEFONICA BRASIL S.A.;Grande;Vivo;MG;BELO HORIZONTE;SCM
11/09/2022;12:06;Reclamação;Velocidade;Velocidade abaixo do contratado;Pendente;SCM;CLARO S.A.;Grande;Claro;SE;SE - INTERIOR;SCM
22/11/2023;14:22;Reclamação;Falha;Falha/Interrupção do serviço;Respondida;SCM;TELEFONICA BRASIL S.A.;Grande;Vivo;MS;TRÊS LAGOAS;SCM
04/01/2022;21:04;Reclamação;Contrato;Cancelamento não realizado;Respondida;SCM;TELEFONICA BRASIL S.A.;Grande;Vivo;BA;VITÓRIA DA CONQUISTA;SCM
28/09/2023;17:39;Reclamação;Falha;Falha/Interrupção do serviço;Em análise;SCM;CLARO S/A;Grande;Claro;SC;SC - INTERIOR;SCM
05/09/2023;12:22;Reclamação;Atendimento;Atendimento inadequado;Em análise;SCM;NET SERVIÇOS DE COMUNICAÇÃO S.A.;Grande;Claro;ES;VILA VELHA;SCM
13/08/2023;16:13;Reclamação;Contrato;Cancelamento não realizado;Respondida;SCM;CLARO S.A.;Grande;Claro;MA;TIMON;SCM
02/06/2023;15:35;Reclamação;Cobrança;Cobrança indevida;Respondida;SCM;TIM S.A.;Grande;TIM;PE;CARUARU;SCM
18/05/2023;14:20;Reclamação;Falha;Falha/Interrupção do serviço;Respondida;SCM;CLARO S/A;Grande;Claro;RJ;DUQUE DE CAXIAS;SCM
07/05/2023;07:15;Reclamação;Falha;Falha/Interrupção do serviço;Pendente;SCM;OI S.A.;Grande;Oi;ES;VILA VELHA;SCM
22/03/2022;09:54;Reclamação;Atendimento;Atendimento inadequado;Respondida;SCM;CLARO S.A.;Grande;Claro;MS;DOURADOS;SCM
30/08/2023;14:56;Reclamação;Falha;Falha/Interrupção do serviço;Respondida;SCM;CLARO S.A.;Grande;Claro;SP;CAMPINAS;SCM
26/06/2023;16:28;Reclamação;Cobrança;Cobrança indevida;Respondida;SCM;CLARO S/A;Grande;Claro;ES;CARIACICA;SCM
17/04/2023;10:36;Reclamação;Velocidade;Velocidade abaixo do contratado;Pendente;SCM;CLARO S.A.;Grande;Claro;RJ;DUQUE DE CAXIAS;SCM
13/11/2022;15:07;Reclamação;N/A;Velocidade abaixo do contratado;Pendente;SCM;Tim S.A.;Grande;TIM;RS;PORTO ALEGRE;SCM
26/10/2022;14:26;Reclamação;Velocidade;Velocidade abaixo do contratado;Respondida;SCM;CLARO S.A.;Grande;NÃO INFORMADO;RJ;DUQUE DE CAXIAS;SCM
23/05/2022;14:50;Reclamação;Velocidade;Velocidade abaixo do contratado;Em análise;SCM;TELEFONICA BRASIL S.A.;Grande;Vivo;AM;ITACOATIARA;SCM
18/04/2022;17:18;Reclamação;Contrato;Cancelamento não realizado;Respondida;SCM;OI S.A.;Grande;Oi;MG;CONTAGEM;SCM
10/05/2023;07:21;Reclamação;Cobrança;Cobrança indevida;Pendente;SCM;CLARO S.A.;Grande;Claro;PE;RECIFE;SCM
17/02/2023;20:32;Reclamação;Velocidade;Velocidade abaixo do contratado;Pendente;SCM;NÃO INFORMADO;Grande;Vivo;MG;JUIZ DE FORA;SCM
16/03/2022;17:33;Reclamação;Atendimento;Atendimento inadequado;Respondida;SCM;TELEFONICA BRASIL S.A.;Grande;Vivo;CE;SOBRAL;SCM
15/06/2022;19:25;Reclamação;Atendimento;Atendimento inadequado;Em análise;SCM;CLARO S.A.;Grande;Claro;SP;SANTOS;SCM
21/10/2023;11:16;Reclamação;Atendimento;Atendimento inadequado;Respondida;SCM;EMBRATEL S.A.;Grande;Claro;MS;DOURADOS;SCM
29/01/2023;10:31;Reclamação;Velocidade;Velocidade abaixo do contratado;Pendente;SCM;TELEFONICA BRASIL S.A.;Grande;Vivo;SP;SANTOS;SCM
12/05/2023;12:53;Reclamação;Atendimento;Atendimento inadequado;Respondida;SCM;TELEFONICA BRASIL S.A.;Grande;Vivo;PE;PETROLINA;SCM
17/01/2022;10:32;Reclamação;Cobrança;Cobrança indevida;Respondida;SCM;TIM S.A.;Grande;TIM;PR;PONTA GROSSA;SCM
11/01/2022;20:50;Reclamação;Atendimento;Atendimento inadequado;Respondida;SCM;OI S.A.;Grande;Oi;AL;AL - INTERIOR;SCM
26/11/2023;07:23;Reclamação;Falha;Falha/Interrupção do serviço;Em análise;SCM;CLARO S/A;Grande;Claro;MG;UBERLÂNDIA;SCM
22/12/2022;22:55;Reclamação;Cobrança;Cobrança indevida;Respondida;SCM;EMBRATEL S.A.;Grande;Claro;SP;GUARULHOS;SCM
17/01/2023;08:09;Reclamação;Velocidade;Velocidade abaixo do contratado;Respondida;SCM;CLARO S.A.;Grande;Claro;PR;MARINGÁ;SCM
15/02/2022;14:05;Reclamação;Velocidade;Velocidade abaixo do contratado;Respondida;SCM;EMBRATEL S.A.;Grande;Claro;SP;SOROCABA;SCM
10/01/2022;20:59;Reclamação;Velocidade;Velocidade abaixo do contratado;Respondida;SCM;TELEFONICA BRASIL S.A.;Grande;Vivo;PR;LONDRINA;SCM
09/05/2023;07:32;Reclamação;Atendimento;Atendimento inadequado;Respondida;SCM;OI S.A.;Grande;Oi;RS;PELOTAS;SCM
01/07/2022;11:08;Reclamação;Contrato;Cancelamento não realizado;Respondida;SCM;TIM S.A.;Grande;TIM;MG;BELO HORIZONTE;SCM
04/11/2022;09:54;Reclamação;Cobrança;Cobrança indevida;Pendente;SCM;TIM S.A.;Grande;TIM;SP;SÃO PAULO;SCM
11/08/2023;17:23;Reclamação;Velocidade;Velocidade abaixo do contratado;Respondida;SCM;TIM S.A.;Grande;TIM;SP;SÃO PAULO;SCM
04/10/2023;07:48;Reclamação;Velocidade;Velocidade abaixo do contratado;Em análise;SCM;EMBRATEL S.A.;Grande;Claro;MG;JUIZ DE FORA;SCM
06/06/2023;22:56;Reclamação;Atendimento;Atendimento inadequado;Respondida;SCM;CLARO S.A.;Grande;Claro;SP;SOROCABA;SCM
13/08/2023;13:45;Reclamação;Cobrança;Cobrança indevida;Pendente;SCM;CLARO S.A.;-;Claro;BA;SALVADOR;SCM
20/06/2022;07:27;Reclamação;Velocidade;Velocidade abaixo do contratado;Respondida;SCM;TELEFONICA BRASIL S.A.;Grande;Vivo;SP;SANTOS;SCM
04/08/2023;14:15;Reclamação;Outros;Outros;Respondida;SCM;TELEFONICA BRASIL S.A.;Grande;Vivo;RS;PORTO ALEGRE;SCM
07/04/2022;13:48;Reclamação;Velocidade;Velocidade abaixo do contratado;Respondida;SCM;TIM S.A.;Grande;TIM;MG;CONTAGEM;SCM
13/04/2023;22:00;Reclamação;Velocidade;Velocidade abaixo do contratado;Respondida;SCM;TELEFONICA BRASIL S.A.;Grande;Vivo;SP;SOROCABA;SCM
12/12/2022;14:31;Reclamação;Atendimento;Atendimento inadequado;Respondida;SCM;TELEFONICA BRASIL S.A.;Grande;Vivo;AC;AC - INTERIOR;SCM
27/07/2022;21:39;Reclamação;Contrato;Cancelamento não realizado;Respondida;SCM;TIM S.A.;Grande;TIM;GO;GOIÂNIA;SCM
19/08/2023;13:26;Reclamação;Instalação;Prazo de instalação excedido;Respondida;SCM;CLARO S.A.;Grande;Claro;SP;SOROCABA;SCM
06/04/2023;16:06;Reclamação;Velocidade;Velocidade abaixo do contratado;Respondida;SCM;CLARO S.A.;Grande;Claro;MG;CONTAGEM;SCM
17/07/2022;12:39;Reclamação;Atendimento;Atendimento inadequado;Respondida;SCM;TIM S.A.;Grande;TIM;SP;SANTOS;SCM
28/12/2022;08:38;Reclamação;Outros;Outros;Respondida;SCM;TIM S.A.;Grande;TIM;SP;SANTOS;SCM
29/08/2022;12:17;Reclamação;Velocidade;Velocidade abaixo do contratado;Respondida;SCM;TELEFONICA BRASIL S.A.;Grande;Vivo;MG;UBERLÂNDIA;SCM
26/02/2023;15:48;Reclamação;Velocidade;Velocidade abaixo do contratado;Respondida;SCM;OI S.A.;Grande;Oi;SP;SANTOS;SCM
29/09/2022;13:39;Reclamação;Contrato;Cancelamento não realizado;Respondida;SCM;SERCOMTEL S.A. - TELECOMUNICAÇÕES;Pequeno;Sercomtel;MG;BELO HORIZONTE;SCM
04/04/2022;21:39;Reclamação;Outros;Outros;Respondida;SCM;OI S.A.;Grande;Oi;BA;SALVADOR;SCM
03/09/2023;19:20;Reclamação;Velocidade;Velocidade abaixo do contratado;Respondida;SCM;TIM S.A.;Grande;TIM;SP;GUARULHOS;SCM
14/09/2023;15:57;Reclamação;Cobrança;NÃO INFORMADO;Respondida;SCM;TELEFONICA BRASIL S.A.;Grande;Vivo;RN;RN - INTERIOR;SCM
01/12/2023;08:06;Reclamação;Velocidade;Velocidade abaixo do contratado;Respondida;SCM;TELEFONICA BRASIL S.A.;Grande;Vivo;RJ;NOVA IGUAÇU;SCM
13/08/2022;22:49;Reclamação;Velocidade;Velocidade abaixo do contratado;Respondida;SCM;EMBRATEL S.A.;Grande;Claro;SP;SÃO PAULO;SCM
28/09/2023;16:41;Reclamação;Atendimento; ;Em análise;SCM;OI S.A.;Grande;Oi;BA;SALVADOR;SCM
30/12/2023;09:37;Reclamação;Cobrança;Cobrança indevida;Respondida;SCM;TELEFONICA BRASIL S.A.;Grande;Vivo;RR;RR - INTERIOR;SCM
05/06/2023;08:56;Reclamação;Falha;Falha/Interrupção do serviço;Respondida;SCM;CLARO S/A;Grande;Claro;RJ;NOVA IGUAÇU;SCM
10/12/2022;12:30;Reclamação;Velocidade;Velocidade abaixo do contratado;Pendente;SCM;CLARO S.A.;Grande;Claro;SP;SANTOS;SCM
07/01/2022;18:23;Reclamação;Cobrança;Cobrança indevida;Respondida;SCM;TIM S.A.;Grande;TIM;SE;SE - INTERIOR;SCM
17/11/2022;22:50;Reclamação;Instalação;Prazo de instalação excedido;Respondida;SCM;TELEFONICA BRASIL S.A.;Grande;Vivo;MG;UBERLÂNDIA;SCM
05/05/2022;18:39;Reclamação;Contrato;Cancelamento não realizado;Em análise;SCM;CLARO S/A;Grande;Claro;SC;SC - INTERIOR;SCM
25/05/2022;11:08;Reclamação;Velocidade;Velocidade abaixo do contratado;Pendente;SCM;OI S.A.;Grande;Oi;BA;SALVADOR;SCM
05/09/2022;10:45;Reclamação;Falha;Falha/Interrupção do serviço;Respondida;SCM;TIM S.A.;Grande;TIM;SC;SC - INTERIOR;SCM
08/04/2022;08:54;Reclamação;Cobrança;Cobrança indevida;Respondida;SCM;CLARO S.A.;Grande;Claro;SP;SANTOS;SCM
04/12/2022;22:48;Reclamação;Contrato;Cancelamento não realizado;Respondida;SCM;NET SERVIÇOS DE COMUNICAÇÃO S.A.;Grande;N/A;RS;PELOTAS;SCM
27/11/2023;17:56;Reclamação;Velocidade;Velocidade abaixo do contratado;Respondida;SCM;TIM S.A.;Grande;TIM;PA;MARABÁ;SCM
03/12/2023;07:51;Reclamação;Atendimento;Atendimento inadequado;Respondida;SCM;TELEFONICA BRASIL S.A.;Grande;Vivo;ES;VITÓRIA;SCM
21/12/2023;20:22;Reclamação;Velocidade;Velocidade abaixo do contratado;Respondida;SCM;CLARO S.A.;Grande;Claro;MS;DOURADOS;SCM
31/10/2023;09:20;Reclamação;Velocidade;Velocidade abaixo do contratado;Pendente;SCM;TELEFONICA BRASIL S.A.;Grande;Vivo;SP;SÃO PAULO;SCM
09/02/2023;22:01;Reclamação;Instalação;Prazo de instalação excedido;Respondida;SCM;CLARO S.A.;Grande;Claro;BA;SALVADOR;SCM
12/10/2023;15:57;Reclamação;Falha;Falha/Interrupção do serviço;Respondida;SCM;CLARO S.A.;Grande;Claro;PB;PB - INTERIOR;SCM
06/05/2023;19:28;Reclamação;Velocidade;N/A;Respondida;SCM;CLARO S.A.;Grande;Claro;SP;SANTOS;SCM
28/02/2023;15:30;Reclamação;Falha;Falha/Interrupção do serviço;Pendente;SCM;Telefonica Brasil S.A.;Grande;Vivo;MA;IMPERATRIZ;SCM
06/01/2023;22:17;Reclamação;Falha;Falha/Interrupção do serviço;Respondida;SCM;CLARO S.A.;-;Claro;AM;MANAUS;SCM
24/11/2023;07:30;Reclamação;Cobrança;Cobrança indevida;Respondida;SCM;CLARO S.A.;Grande;Claro;MS;CAMPO GRANDE;SCM
15/02/2023;11:52;Reclamação;Atendimento;Atendimento inadequado;Respondida;SCM;CLARO S.A.;Grande;Claro;RJ;RIO DE JANEIRO;SCM
03/07/2023;21:22;Reclamação;Atendimento;Atendimento inadequado;Respondida;SCM;CLARO S.A.;Grande;Claro;BA;VITÓRIA DA CONQUISTA;SCM
02/04/2022;07:39;Reclamação;Falha;Falha/Interrupção do serviço;Em análise;SCM;CLARO S/A;Grande;Claro;AP;AP - INTERIOR;SCM
05/10/2022;07:43;Reclamação;Contrato;N/A;Respondida;SCM;TELEFONICA BRASIL S.A.;Grande;Vivo;MA;SÃO LUÍS;SCM
09/03/2023;18:42;Reclamação;Atendimento;Atendimento inadequado;Respondida;SCM;TELEFONICA BRASIL S.A.;Grande;Vivo;PR;MARINGÁ;SCM
15/06/2022;21:23;Reclamação;Cobrança;Cobrança indevida;Pendente;SCM;TIM S.A.;Grande;TIM;RN;RN - INTERIOR;SCM
06/03/2023;22:03;Reclamação;Velocidade;Velocidade abaixo do contratado;Em análise;SCM;OI S.A.;Grande;Oi;GO;GOIÂNIA;SCM
09/12/2022;17:18;Reclamação;Cobrança;Cobrança indevida;Respondida;SCM;Claro S/A;Grande;Claro;RO;RO - INTERIOR;SCM
16/05/2023;22:40;Reclamação;Instalação;Prazo de instalação excedido;Respondida;SCM;CLARO S.A.;Grande;Claro;CE;CAUCAIA;SCM
04/07/2023;18:18;Reclamação;Contrato;Cancelamento não realizado;Respondida;SCM;TELEFONICA BRASIL S.A.;Grande;Vivo;MG;UBERLÂNDIA;SCM
06/09/2022;12:02;Reclamação;Falha;Falha/Interrupção do serviço;Pendente;SCM;TELEFONICA BRASIL S.A.;Grande;Vivo;RJ;NOVA IGUAÇU;SCM
14/12/2023;11:48;Reclamação;Velocidade;Velocidade abaixo do contratado;Pendente;SCM;NET SERVIÇOS DE COMUNICAÇÃO S.A.;Grande;Claro;SP;SÃO PAULO;SCM
18/07/2022;16:14;Reclamação;Velocidade;Velocidade abaixo do contratado;Respondida;SCM;TELEFONICA BRASIL S.A.;Grande;Vivo;MA;TIMON;SCM
05/09/2022;09:22;Reclamação;Velocidade;Velocidade abaixo do contratado;Respondida;SCM;CLARO S.A.;Grande;Claro;RJ;RIO DE JANEIRO;SCM
03/07/2023;14:36;Reclamação; ;Cobrança indevida;Respondida;SCM;TIM S.A.;Grande;TIM;RN;RN - INTERIOR;SCM
04/04/2023;16:49;Reclamação;Velocidade;Velocidade abaixo do contratado;Respondida;SCM;CLARO S.A.;Grande;Claro;SP;CAMPINAS;SCM
17/04/2022;11:26;Reclamação;Velocidade;Velocidade abaixo do contratado;Pendente;SCM;CLARO S.A.;Grande;Claro;RJ;DUQUE DE CAXIAS;SCM
05/12/2022;16:26;Reclamação;Velocidade;Velocidade abaixo do contratado;Respondida;SCM;TIM S.A.;Grande;TIM;MG;UBERLÂNDIA;SCM
25/04/2023;12:56;Reclamação;Velocidade;Velocidade abaixo do contratado;Respondida;SCM;CLARO S.A.;Grande;Claro;CE;SOBRAL;SCM
17/04/2023;21:47;Reclamação;Falha;Falha/Interrupção do serviço;Respondida;SCM;CLARO S.A.;Grande;Claro;AC;AC - INTERIOR;SCM
28/07/2022;16:36;Reclamação;Atendimento;Atendimento inadequado;Respondida;SCM;TELEFONICA BRASIL S.A.;Grande;Vivo;SP;GUARULHOS;SCM
16/01/2023;10:32;Reclamação;Instalação;Prazo de instalação excedido;Respondida;SCM;CLARO S.A.;Grande;Claro;SP;SANTOS;SCM
23/11/2022;20:47;Reclamação;Velocidade;Velocidade abaixo do contratado;Respondida;SCM;TELEFONICA BRASIL S.A.;Grande;Vivo;MG;CONTAGEM;SCM
17/01/2023;13:02;Reclamação;-;Cancelamento não realizado;Respondida;SCM;TIM S.A.;Grande;TIM;SP;SOROCABA;SCM
05/09/2022;21:40;Reclamação;Contrato;Cancelamento não realizado;Pendente;SCM;TIM S.A.;Grande;TIM;RJ;RIO DE JANEIRO;SCM
19/03/2023;16:06;Reclamação;Cobrança;Cobrança indevida;Respondida;SCM;TELEFONICA BRASIL S.A.;Grande;Vivo;RJ;NOVA IGUAÇU;SCM
28/12/2022;11:15;Reclamação;Velocidade;Velocidade abaixo do contratado;Pendente;SCM;TELEFONICA BRASIL S.A.;Grande;Vivo;SP;SOROCABA;SCM
17/04/2022;21:22;Reclamação;Velocidade;Velocidade abaixo do contratado;Respondida;SCM;CLARO S.A.;Grande;Claro;SP;SÃO PAULO;SCM
28/08/2023;13:47;Reclamação;Velocidade;Velocidade abaixo do contratado;Respondida;SCM;TIM S.A.;Grande;TIM;RJ;NOVA IGUAÇU;SCM
07/02/2022;19:50;Reclamação;Cobrança;Cobrança indevida;Pendente;SCM;OI S.A.;Grande;-;SE;SE - INTERIOR;SCM
19/11/2023;21:43;Reclamação;Cobrança;Cobrança indevida;Pendente;SCM;TIM S.A.;Grande;TIM;CE;FORTALEZA;SCM
30/11/2022;12:11;Reclamação;Instalação;Prazo de instalação excedido;Em análise;SCM;Oi S.A.;Grande;Oi;CE;CAUCAIA;SCM
12/11/2022;07:25;Reclamação;Velocidade;Velocidade abaixo do contratado;Respondida;SCM;TIM S.A.;Grande;TIM;GO;GOIÂNIA;SCM
25/07/2023;18:09;Reclamação;Velocidade;Velocidade abaixo do contratado;Respondida;SCM;NET SERVIÇOS DE COMUNICAÇÃO S.A.;Grande;Claro;GO;ANÁPOLIS;SCM
26/08/2022;15:44;Reclamação;Falha;Falha/Interrupção do serviço;Pendente;SCM;TELEFONICA BRASIL S.A.;Grande;Vivo;AL;AL - INTERIOR;SCM
18/07/2023;09:22;Reclamação;Cobrança;Cobrança indevida;Respondida;SCM;CLARO S.A.;Grande;Claro;SP;SOROCABA;SCM
17/03/2023;18:14;Reclamação;Cobrança;Cobrança indevida;Respondida;SCM;TELEFONICA BRASIL S.A.;Grande;Vivo;AM;ITACOATIARA;SCM
03/08/2022;19:05;Reclamação;Velocidade;Velocidade abaixo do contratado;Em análise;SCM;CLARO S.A.;Grande;Claro;MG;JUIZ DE FORA;SCM
29/10/2023;14:05;Reclamação;Cobrança;Cobrança indevida;Em análise;SCM;CLARO S.A.;Grande;Claro;SP;CAMPINAS;SCM
03/07/2023;16:52;Reclamação;Falha;Falha/Interrupção do serviço;Respondida;SCM;TIM S.A.;Grande;TIM;PB;PB - INTERIOR;SCM
26/07/2023;07:44;Reclamação;Cobrança;Cobrança indevida;Respondida;SCM;TELEFONICA BRASIL S.A.;Grande;Vivo;ES;VITÓRIA;SCM
21/08/2022;10:04;Reclamação;Velocidade;Velocidade abaixo do contratado;Pendente;SCM;TIM S.A.;Grande;TIM;SP;GUARULHOS;SCM
08/11/2022;09:15;Reclamação;Velocidade;Velocidade abaixo do contratado;Pendente;SCM;TELEFONICA BRASIL S.A.;Grande;Vivo;SP;SÃO PAULO;SCM
14/10/2023;22:40;Reclamação;Velocidade;Velocidade abaixo do contratado;Pendente;SCM;CLARO S.A.;Grande;Claro;ES;VILA VELHA;SCM
30/11/2022;22:46;Reclamação;Velocidade;Velocidade abaixo do contratado;Respondida;SCM;Claro S.A.;Grande;Claro;RS;PELOTAS;SCM
18/06/2022;07:48;Reclamação;Contrato;Cancelamento não realizado;Respondida;SCM;OI S.A.;Grande;Oi;RS;CAXIAS DO SUL;SCM
25/05/2022;10:13;Reclamação;Instalação;Prazo de instalação excedido;Respondida;SCM;CLARO S.A.;Grande;Claro;PE;RECIFE;SCM
19/08/2023;16:55;Reclamação;Velocidade;Velocidade abaixo do contratado;Pendente;SCM;CLARO S.A.;Grande;Claro;MG;JUIZ DE FORA;SCM
19/07/2023;13:52;Reclamação;Contrato;Cancelamento não realizado;Respondida;SCM;TIM S.A.;Grande;TIM;MG;CONTAGEM;SCM
19/02/2023;22:32;Reclamação;Cobrança;Cobrança indevida;Respondida;SCM;TIM S.A.;Grande;TIM;PR;PONTA GROSSA;SCM
21/02/2023;09:56;Reclamação;Instalação;Prazo de instalação excedido;Respondida;SCM;TELEFONICA BRASIL S.A.;Grande;Vivo;AM;MANAUS;SCM
17/12/2022;14:13;Reclamação;Velocidade;Velocidade abaixo do contratado;Pendente;SCM;TELEFONICA BRASIL S.A.;Grande;Vivo;ES;VITÓRIA;SCM
07/05/2023;15:15;Reclamação;Velocidade;Velocidade abaixo do contratado;Respondida;SCM;SERCOMTEL S.A. - TELECOMUNICAÇÕES;Pequeno;Sercomtel;SP;GUARULHOS;SCM
19/06/2022;11:15;Reclamação;Falha;Falha/Interrupção do serviço;Respondida;SCM;NET SERVIÇOS DE COMUNICAÇÃO S.A.;Grande;Claro;BA;FEIRA DE SANTANA;SCM
21/01/2022;08:35;Reclamação;Atendimento;Atendimento inadequado;Pendente;SCM;TELEFONICA BRASIL S.A.;Grande;Vivo;PA;ANANINDEUA;SCM
30/01/2023;07:14;Reclamação;Instalação;Prazo de instalação excedido;Respondida;SCM;TELEFONICA BRASIL S.A.;Grande;Vivo;SP;GUARULHOS;SCM
01/02/2023;19:10;Reclamação;Atendimento;Atendimento inadequado;Respondida;SCM;CLARO S.A.;Grande;-;DF;TAGUATINGA;SCM
15/10/2023;18:01;Reclamação;Contrato;Cancelamento não realizado;Respondida;SCM;TELEFONICA BRASIL S.A.;Grande;Vivo;SP;CAMPINAS;SCM
26/10/2023;10:12;Reclamação;Cobrança;Cobrança indevida;Respondida;SCM;OI S.A.;Grande;Oi;CE;FORTALEZA;SCM
09/05/2023;18:56;Reclamação;Cobrança;Cobrança indevida;Respondida;SCM;TELEFONICA BRASIL S.A.;Grande;Vivo;TO;TO - INTERIOR;SCM
21/04/2023;22:27;Reclamação;Falha;Falha/Interrupção do serviço;Respondida;SCM;NET SERVIÇOS DE COMUNICAÇÃO S.A.; ;Claro;PR;PONTA GROSSA;SCM
28/02/2023;11:04;Reclamação;Falha;Falha/Interrupção do serviço;Respondida;SCM;CLARO S.A.;Grande;Claro;PR;MARINGÁ;SCM
18/07/2022;20:31;Reclamação;Cobrança;Cobrança indevida;Respondida;SCM;NET SERVIÇOS DE COMUNICAÇÃO S.A.;Grande;Claro;CE;JUAZEIRO DO NORTE;SCM
09/07/2023;09:51;Reclamação;Velocidade;Velocidade abaixo do contratado;Pendente;SCM;TIM S.A.;Grande;TIM;RS;PORTO ALEGRE;SCM
02/04/2023;19:13;Reclamação;Falha;Falha/Interrupção do serviço;Respondida;SCM;NET SERVIÇOS DE COMUNICAÇÃO S.A.;Grande;Claro;RJ;RIO DE JANEIRO;SCM
27/08/2023;17:01;Reclamação;Velocidade;Velocidade abaixo do contratado;Respondida;SCM;NET SERVIÇOS DE COMUNICAÇÃO S.A.;Grande;Claro;PE;RECIFE;SCM
30/09/2022;11:23;Reclamação;Falha;Falha/Interrupção do serviço;Em análise;SCM;CLARO S.A.;Grande;Claro;DF;TAGUATINGA;SCM
04/01/2023;20:09;Reclamação;Cobrança;Cobrança indevida;Pendente;SCM;TIM S.A.;Grande;TIM;BA;SALVADOR;SCM
01/09/2023;11:29;Reclamação;Falha;Falha/Interrupção do serviço;Pendente;SCM;TIM S.A.;Grande;TIM;PR;PONTA GROSSA;SCM
31/10/2023;11:49;Reclamação;Cobrança;Cobrança indevida;Respondida;SCM;TIM S.A.;Grande;TIM;CE;CAUCAIA;SCM
29/07/2022;17:52;Reclamação;Cobrança;Cobrança indevida;Respondida;SCM;TELEFONICA BRASIL S.A.;Grande;Vivo;SP;SANTOS;SCM
19/11/2023;22:45;Reclamação;Cobrança;-;Respondida;SCM;TELEFONICA BRASIL S.A.;Grande;Vivo;SP;SÃO PAULO;SCM
04/03/2022;17:01;Reclamação;Cobrança;Cobrança indevida;Pendente;SCM;NET SERVIÇOS DE COMUNICAÇÃO S.A.;Grande;Claro;SP;SOROCABA;SCM
22/10/2022;15:01;Reclamação;NÃO INFORMADO;Cobrança indevida;Respondida;SCM;Claro S/A;Grande;Claro;PE;OLINDA;SCM
20/09/2022;16:27;Reclamação;Velocidade;Velocidade abaixo do contratado;Respondida;SCM;OI S.A.;Grande;Oi;RS;PELOTAS;SCM
22/07/2023;07:31;Reclamação;Velocidade;Velocidade abaixo do contratado;Pendente;SCM;CLARO S/A;Grande;Claro;RS;CAXIAS DO SUL;SCM
09/11/2023;21:51;Reclamação;Falha;Falha/Interrupção do serviço;Respondida;SCM;CLARO S.A.;Grande;Claro;SP;SOROCABA;SCM
04/10/2023;12:49;Reclamação;Falha;Falha/Interrupção do serviço;Em análise;SCM;OI S.A.;Grande;Oi;PR;PONTA GROSSA;SCM
12/02/2023;22:34;Reclamação;Falha;Falha/Interrupção do serviço;Pendente;SCM;EMBRATEL S.A.;Grande;Claro;RJ;NITERÓI;SCM
22/09/2022;07:54;Reclamação;Velocidade;Velocidade abaixo do contratado;Respondida;SCM;TELEFONICA BRASIL S.A.;Grande;Vivo;PB;PB - INTERIOR;SCM
20/12/2023;22:12;Reclamação;Contrato;Cancelamento não realizado;Respondida;SCM;NET SERVIÇOS DE COMUNICAÇÃO S.A.;Grande;Claro;BA;VITÓRIA DA CONQUISTA;SCM
31/05/2023;17:45;Reclamação;Atendimento;Atendimento inadequado;Pendente;SCM;TIM S.A.;Grande;TIM;RN;RN - INTERIOR;SCM
26/08/2023;19:12;Reclamação;Falha;Falha/Interrupção do serviço;Respondida;SCM;TELEFONICA BRASIL S.A.;Grande;Vivo;SP;SOROCABA;SCM
23/10/2023;11:57;Reclamação;Velocidade;Velocidade abaixo do contratado;Respondida;SCM;OI S.A.;Grande;Oi;GO;GOIÂNIA;SCM
22/07/2023;22:30;Reclamação;Falha;Falha/Interrupção do serviço;Respondida;SCM;TIM S.A.;Grande;TIM;RS;PORTO ALEGRE;SCM
01/11/2023;11:20;Reclamação;Falha;Falha/Interrupção do serviço;Respondida;SCM;TIM S.A.;Grande;TIM;MG;JUIZ DE FORA;SCM
19/06/2022;20:32;Reclamação;Falha;Falha/Interrupção do serviço;Pendente;SCM;TIM S.A.;Grande;TIM;SP;SANTOS;SCM
05/09/2023;19:53;Reclamação;Velocidade;Velocidade abaixo do contratado;Respondida;SCM;TIM S.A.;Grande;TIM;MG;JUIZ DE FORA;SCM
17/06/2022;22:32;Reclamação;Velocidade;Velocidade abaixo do contratado;Respondida;SCM;TELEFONICA BRASIL S.A.;Grande;Vivo;RJ;RIO DE JANEIRO;SCM
31/12/2023;13:42;Reclamação;Cobrança;Cobrança indevida;Respondida;SCM;TELEFONICA BRASIL S.A.;Grande;Vivo;MT;VÁRZEA GRANDE;SCM
29/01/2022;12:10;Reclamação;Falha;Falha/Interrupção do serviço;Respondida;SCM;TIM S.A.;Grande;TIM;GO;APARECIDA DE GOIÂNIA;SCM
28/12/2022;22:39;Reclamação;Velocidade;Velocidade abaixo do contratado;Respondida;SCM;CLARO S.A.;Grande;Claro;PE;OLINDA;SCM
06/02/2022;08:11;Reclamação;Contrato;Cancelamento não realizado;Respondida;SCM;OI S.A.;Grande;Oi;MG;CONTAGEM;SCM
27/10/2023;09:04;Reclamação;Falha;Falha/Interrupção do serviço;Respondida;SCM;NET SERVIÇOS DE COMUNICAÇÃO S.A.;Grande;Claro;RJ;RIO DE JANEIRO;SCM
11/08/2023;16:06;Reclamação;Falha;Falha/Interrupção do serviço;Respondida;SCM;Claro S.A.;Grande;Claro;SP;SANTOS;SCM
14/05/2022;11:30;Reclamação;Cobrança;Cobrança indevida;Pendente;SCM;TELEFONICA BRASIL S.A.;Grande;Vivo;RJ;NOVA IGUAÇU;SCM
02/09/2022;09:16;Reclamação;Velocidade;Velocidade abaixo do contratado;Pendente;SCM;NET SERVIÇOS DE COMUNICAÇÃO S.A.;Grande;Claro;RJ;NITERÓI;SCM
13/12/2023;21:51;Reclamação;Velocidade;Velocidade abaixo do contratado;Respondida;SCM;TIM S.A.;Grande;TIM;RJ;NITERÓI;SCM
15/07/2023;15:39;Reclamação;Falha;Falha/Interrupção do serviço;Respondida;SCM;TELEFONICA BRASIL S.A.;Grande;Vivo;MG;BELO HORIZONTE;SCM
20/10/2022;19:50;Reclamação;Velocidade;Velocidade abaixo do contratado;Em análise;SCM;TELEFONICA BRASIL S.A.;Grande;Vivo;RJ;NITERÓI;SCM
15/03/2023;12:58;Reclamação;Cobrança;Cobrança indevida;Respondida;SCM;NET SERVIÇOS DE COMUNICAÇÃO S.A.;Grande;Claro;PA;MARABÁ;SCM
04/03/2022;20:40;Reclamação;Cobrança;Cobrança indevida;Pendente;SCM;TELEFONICA BRASIL S.A.;Grande;Vivo;SP;SÃO PAULO;SCM
05/01/2022;20:15;Reclamação;Contrato;Cancelamento não realizado;Pendente;SCM;TIM S.A.;Grande;TIM;PR;CURITIBA;SCM
12/11/2023;07:55;Reclamação;Atendimento;Atendimento inadequado;Pendente;SCM;EMBRATEL S.A.;Grande;Claro;MG;BELO HORIZONTE;SCM
10/08/2022;20:59;Reclamação;Falha;Falha/Interrupção do serviço;Respondida;SCM;Telefonica Brasil S.A.;Grande;Vivo;PB;PB - INTERIOR;SCM
21/02/2023;22:45;Reclamação;Cobrança;Cobrança indevida;Respondida;SCM;NET SERVIÇOS DE COMUNICAÇÃO S.A.;Grande;Claro;PA;MARABÁ;SCM
20/06/2023;20:07;Reclamação;Atendimento;Atendimento inadequado;Respondida;SCM;CLARO S.A.;Grande;Claro;BA;SALVADOR;SCM
20/05/2022;22:31;Reclamação;Falha;Falha/Interrupção do serviço;Em análise;SCM;TELEFONICA BRASIL S.A.;Grande;Vivo;RN;RN - INTERIOR;SCM
31/01/2023;14:23;Reclamação;Velocidade;Velocidade abaixo do contratado;Respondida;SCM;TELEFONICA BRASIL S.A.;Grande;Vivo;SP;SÃO PAULO;SCM
24/05/2022;08:42;Reclamação;Velocidade;Velocidade abaixo do contratado;Em análise;SCM;TELEFONICA BRASIL S.A.;Grande;Vivo;AL;AL - INTERIOR;SCM
27/07/2022;11:22;Reclamação;Contrato;Cancelamento não realizado;Pendente;SCM;OI S.A.;Grande;Oi;SP;SÃO PAULO;SCM
29/10/2022;11:56;Reclamação;Cobrança;Cobrança indevida;Respondida;SCM;TIM S.A.;Grande;TIM;MG;BELO HORIZONTE;SCM
26/12/2022;10:36;Reclamação;Velocidade;Velocidade abaixo do contratado;Pendente;SCM;CLARO S.A.;Grande;Claro;RS;PELOTAS;SCM
30/09/2022;14:01;Reclamação;Velocidade;Velocidade abaixo do contratado;Em análise;SCM;NET SERVIÇOS DE COMUNICAÇÃO S.A.;Grande;Claro;PA;ANANINDEUA;SCM
28/06/2022;14:59;Reclamação;Velocidade;Velocidade abaixo do contratado;Respondida;SCM;TELEFONICA BRASIL S.A.;Grande;Vivo;RS;CANOAS;SCM
17/01/2023;14:14;Reclamação;Atendimento;Atendimento inadequado;Respondida;SCM;TELEFONICA BRASIL S.A.;Grande;Vivo;GO;GOIÂNIA;SCM
17/04/2023;07:05;Reclamação;Contrato;Cancelamento não realizado;Respondida;SCM;EMBRATEL S.A.;Grande;Claro;SP;CAMPINAS;SCM
01/03/2023;08:13;Reclamação;Velocidade;Velocidade abaixo do contratado;Pendente;SCM;CLARO S.A.;Grande;Claro;PA;ANANINDEUA;SCM
21/03/2023;19:47;Reclamação;Outros; ;Respondida;SCM;TELEFONICA BRASIL S.A.;Grande;Vivo;RN;RN - INTERIOR;SCM
08/05/2022;19:59;Reclamação;Cobrança;Cobrança indevida;Respondida;SCM;NET SERVIÇOS DE COMUNICAÇÃO S.A.;Grande;Claro;RS;PORTO ALEGRE;SCM
21/06/2022;13:47;Reclamação;Velocidade; ;Pendente;SCM;Tim S.A.;Grande;TIM;PR;PONTA GROSSA;SCM
01/02/2023;11:32;Reclamação;Velocidade;Velocidade abaixo do contratado;Respondida;SCM;TELEFONICA BRASIL S.A.;Grande;Vivo;PR;PONTA GROSSA;SCM
01/09/2023;16:51;Reclamação;Cobrança;Cobrança indevida;Respondida;SCM;NET SERVIÇOS DE COMUNICAÇÃO S.A.;Grande;Claro;PE;OLINDA;SCM
11/09/2022;12:26;Reclamação;Falha;Falha/Interrupção do serviço;Respondida;SCM;CLARO S.A.;Grande;Claro;CE;JUAZEIRO DO NORTE;SCM
13/12/2023;12:08;Reclamação;Atendimento;Atendimento inadequado;Respondida;SCM;NET SERVIÇOS DE COMUNICAÇÃO S.A.;Grande;-;PA;ANANINDEUA;SCM
02/04/2022;21:01;Reclamação;Instalação;Prazo de instalação excedido;Respondida;SCM;CLARO S.A.;Grande;Claro;SP;SÃO PAULO;SCM
18/05/2023;10:13;Reclamação;NÃO INFORMADO;Atendimento inadequado;Respondida;SCM;NET SERVIÇOS DE COMUNICAÇÃO S.A.;Grande;Claro;PA;BELÉM;SCM
02/12/2023;19:08;Reclamação;Atendimento;Atendimento inadequado;Pendente;SCM;N/A;Grande;Claro;SP;CAMPINAS;SCM
20/09/2023;07:19;Reclamação;Velocidade;Velocidade abaixo do contratado;Respondida;SCM;CLARO S.A.;Grande;Claro;SP;GUARULHOS;SCM
23/04/2023;19:15;Reclamação;Velocidade;Velocidade abaixo do contratado;Respondida;SCM;Claro S.A.;Grande;Claro;MG;CONTAGEM;SCM
13/04/2022;21:06;Reclamação;Cobrança;Cobrança indevida;Respondida;SCM;CLARO S.A.;Grande;Claro;DF;BRASÍLIA;SCM
26/06/2023;10:50;Reclamação;Atendimento;Atendimento inadequado;Respondida;SCM;Tim S.A.;Grande;TIM;MG;UBERLÂNDIA;SCM
11/03/2022;19:27;Reclamação;Falha;Falha/Interrupção do serviço;Em análise;SCM;CLARO S.A.;Grande;Claro;RJ;NOVA IGUAÇU;SCM
05/12/2022;14:56;Reclamação;Velocidade;Velocidade abaixo do contratado;Pendente;SCM;Embratel S.A.;Grande;Claro;MG;UBERLÂNDIA;SCM
31/10/2022;12:34;Reclamação;Velocidade;Velocidade abaixo do contratado;Pendente;SCM;OI S.A.;Grande;Oi;RJ;RIO DE JANEIRO;SCM
10/09/2023;16:46;Reclamação;Cobrança;Cobrança indevida;Respondida;SCM;CLARO S.A.;Grande;Claro;TO;TO - INTERIOR;SCM
21/12/2022;18:43;Reclamação;Velocidade;Velocidade abaixo do contratado;Respondida;SCM;CLARO S.A.;Grande;Claro;PR;MARINGÁ;SCM
17/04/2023;18:36;Reclamação;Falha;Falha/Interrupção do serviço;Pendente;SCM;CLARO S.A.;Grande;Claro;RJ;NITERÓI;SCM
27/12/2022;08:54;Reclamação;Velocidade;Velocidade abaixo do contratado;Respondida;SCM;NET SERVIÇOS DE COMUNICAÇÃO S.A.;Grande;Claro;RS;PORTO ALEGRE;SCM
01/11/2023;07:30;Reclamação;Velocidade;Velocidade abaixo do contratado;Respondida;SCM;TIM S.A.;-;TIM;RJ;RIO DE JANEIRO;SCM
08/04/2023;22:59;Reclamação;Velocidade;Velocidade abaixo do contratado;Pendente;SCM;CLARO S.A.;Grande;Claro;BA;FEIRA DE SANTANA;SCM
14/01/2023;19:19;Reclamação;Falha;Falha/Interrupção do serviço;Respondida;SCM;CLARO S.A.;Grande;Claro;GO;ANÁPOLIS;SCM
14/02/2023;09:20;Reclamação;Velocidade;Velocidade abaixo do contratado;Respondida;SCM;CLARO S.A.;Grande;Claro;RS;PELOTAS;SCM
04/08/2023;13:26;Reclamação;Falha;Falha/Interrupção do serviço;Respondida;SCM;OI S.A.;Grande;Oi;TO;TO - INTERIOR;SCM
17/08/2022;14:56;Reclamação;Velocidade;Velocidade abaixo do contratado;Respondida;SCM;CLARO S.A.;Grande;Claro;PR;MARINGÁ;SCM
31/01/2022;22:35;Reclamação;Outros;Outros;Respondida;SCM;EMBRATEL S.A.;Grande;Claro;MG;CONTAGEM;SCM
05/08/2022;17:17;Reclamação;Velocidade;Velocidade abaixo do contratado;Em análise;SCM;CLARO S.A.;Grande;Claro;PI;PI - INTERIOR;SCM
20/08/2022;21:25;Reclamação;Falha;Falha/Interrupção do serviço;Respondida;SCM;OI S.A.;Grande;Oi;RJ;DUQUE DE CAXIAS;SCM
15/10/2023;13:26;Reclamação;Velocidade;Velocidade abaixo do contratado;Em análise;SCM;TIM S.A.;NÃO INFORMADO;TIM;PI;PI - INTERIOR;SCM
13/04/2023;15:01;Reclamação;Cobrança;Cobrança indevida;Respondida;SCM;NET SERVIÇOS DE COMUNICAÇÃO S.A.;Grande;Claro;SP;SÃO PAULO;SCM
16/11/2023;13:33;Reclamação;Velocidade;Velocidade abaixo do contratado;Respondida;SCM;CLARO S.A.;Grande;Claro;RS;PORTO ALEGRE;SCM
30/05/2022;19:56;Reclamação;Velocidade;Velocidade abaixo do contratado;Pendente;SCM;TIM S.A.;Grande;TIM;PE;PETROLINA;SCM
30/06/2023;19:28;Reclamação;Contrato;Cancelamento não realizado;Em análise;SCM;TIM S.A.;Grande;TIM;ES;CARIACICA;SCM
17/08/2022;14:27;Reclamação;Cobrança;Cobrança indevida;Pendente;SCM;CLARO S.A.;Grande;Claro;SC;SC - INTERIOR;SCM
16/03/2023;07:03;Reclamação;Contrato;Cancelamento não realizado;Em análise;SCM;OI S.A.;Grande;Oi;CE;SOBRAL;SCM
30/12/2023;07:50;Reclamação;Velocidade;Velocidade abaixo do contratado;Pendente;SCM;CLARO S.A.;Grande;Claro;RJ;NOVA IGUAÇU;SCM
16/11/2022;18:06;Reclamação;Velocidade;Velocidade abaixo do contratado;Respondida;SCM;SERCOMTEL S.A. - TELECOMUNICAÇÕES;Pequeno;Sercomtel;BA;VITÓRIA DA CONQUISTA;SCM
07/06/2023;14:20;Reclamação;Atendimento;Atendimento inadequado;Respondida;SCM;TELEFONICA BRASIL S.A.;Grande;Vivo;RJ;DUQUE DE CAXIAS;SCM
06/11/2022;13:24;Reclamação;Falha;Falha/Interrupção do serviço;Respondida;SCM;TELEFONICA BRASIL S.A.;Grande;Vivo;PE;OLINDA;SCM
30/09/2023;16:03;Reclamação;Cobrança;Cobrança indevida;Pendente;SCM;CLARO S.A.;Grande;NÃO INFORMADO;SP;SÃO PAULO;SCM
04/07/2023;19:12;Reclamação;Falha;Falha/Interrupção do serviço;Respondida;SCM;CLARO S.A.;Grande;Claro;ES;VILA VELHA;SCM
09/09/2023;22:04;Reclamação;Falha;Falha/Interrupção do serviço;Respondida;SCM;TELEFONICA BRASIL S.A.;Grande;Vivo;MG;JUIZ DE FORA;SCM
20/11/2022;19:47;Reclamação;Velocidade;Velocidade abaixo do contratado;Respondida;SCM;TIM S.A.;Grande;TIM;SP;SOROCABA;SCM
04/09/2023;16:11;Reclamação;Contrato;Cancelamento não realizado;Em análise;SCM;TELEFONICA BRASIL S.A.;Grande;Vivo;BA;SALVADOR;SCM
26/09/2022;22:47;Reclamação;-;Atendimento inadequado;Respondida;SCM;TIM S.A.;Grande;TIM;SP;SANTOS;SCM
23/01/2022;20:04;Reclamação;Cobrança;Cobrança indevida;Respondida;SCM;OI S.A.;Grande;Oi;SE;SE - INTERIOR;SCM
10/02/2023;14:27;Reclamação;Cobrança;Cobrança indevida;Respondida;SCM;TELEFONICA BRASIL S.A.;Grande;Vivo;MG;BELO HORIZONTE;SCM
26/02/2022;20:21;Reclamação;Velocidade;Velocidade abaixo do contratado;Pendente;SCM;EMBRATEL S.A.;Grande;Claro;SP;CAMPINAS;SCM
09/08/2022;22:01;Reclamação;Atendimento;Atendimento inadequado;Em análise;SCM;TIM S.A.;Grande;TIM;BA;VITÓRIA DA CONQUISTA;SCM
29/05/2023;14:41;Reclamação;Velocidade;Velocidade abaixo do contratado;Respondida;SCM;CLARO S.A.;Grande;Claro;SP;GUARULHOS;SCM
02/11/2022;12:51;Reclamação;Falha;Falha/Interrupção do serviço;Pendente;SCM;OI S.A.;Grande;Oi;PB;PB - INTERIOR;SCM
20/11/2023;10:49;Reclamação;Velocidade;Velocidade abaixo do contratado;Respondida;SCM;CLARO S.A.;Grande;-;MG;JUIZ DE FORA;SCM
15/09/2023;08:55;Reclamação;Cobrança;Cobrança indevida;Respondida;SCM;TIM S.A.;Grande;TIM;SC;SC - INTERIOR;SCM
04/10/2023;21:14;Reclamação;Outros;Outros;Respondida;SCM;TIM S.A.;Grande;TIM;MG;UBERLÂNDIA;SCM
28/10/2023;12:31;Reclamação;Contrato;Cancelamento não realizado;Respondida;SCM;TIM S.A.;Grande;TIM;AC;AC - INTERIOR;SCM
16/06/2023;14:28;Reclamação;Velocidade;Velocidade abaixo do contratado;Respondida;SCM;EMBRATEL S.A.;Grande;Claro;BA;SALVADOR;SCM
24/12/2022;12:05;Reclamação;Velocidade;Velocidade abaixo do contratado;Respondida;SCM;TIM S.A.;Grande;TIM;MT;SINOP;SCM
28/10/2023;20:50;Reclamação;Cobrança;Cobrança indevida;Pendente;SCM;SERCOMTEL S.A. - TELECOMUNICAÇÕES;Pequeno;Sercomtel;SP;CAMPINAS;SCM
25/02/2022;20:59;Reclamação;Velocidade;Velocidade abaixo do contratado;Respondida;SCM;CLARO S.A.;Grande;Claro;RJ;NOVA IGUAÇU;SCM
30/04/2022;13:10;Reclamação;Cobrança;Cobrança indevida;Em análise;SCM;CLARO S.A.;Grande;Claro;SP;CAMPINAS;SCM
16/09/2022;07:55;Reclamação;Falha;Falha/Interrupção do serviço;Respondida;SCM;EMBRATEL S.A.;Grande;Claro;ES;VITÓRIA;SCM
19/09/2022;16:05;Reclamação;Contrato;Cancelamento não realizado;Respondida;SCM;CLARO S.A.;Grande;Claro;BA;SALVADOR;SCM
16/08/2023;12:24;Reclamação;Instalação;Prazo de instalação excedido;Respondida;SCM;TELEFONICA BRASIL S.A.;Grande;Vivo;MG;JUIZ DE FORA;SCM
10/01/2022;11:42;Reclamação;Cobrança;Cobrança indevida;Respondida;SCM;TIM S.A.;Grande;TIM;CE;SOBRAL;SCM
10/01/2023;07:31;Reclamação;Contrato;Cancelamento não realizado;Em análise;SCM;TIM S.A.;Grande;TIM;MA;TIMON;SCM
24/03/2023;19:46;Reclamação;Cobrança;Cobrança indevida;Respondida;SCM;EMBRATEL S.A.;Grande;Claro;SP;GUARULHOS;SCM
01/08/2022;12:08;Reclamação;Velocidade;Velocidade abaixo do contratado;Pendente;SCM;TELEFONICA BRASIL S.A.;Grande;Vivo;RN;RN - INTERIOR;SCM
21/08/2022;07:40;Reclamação;Cobrança;Cobrança indevida;Pendente;SCM;NET SERVIÇOS DE COMUNICAÇÃO S.A.;Grande;Claro;RN;RN - INTERIOR;SCM
16/08/2022;19:54;Reclamação;-;Velocidade abaixo do contratado;Em análise;SCM;CLARO S.A.;Grande;Claro;RJ;NOVA IGUAÇU;SCM
22/03/2023;16:08;Reclamação;Velocidade;Velocidade abaixo do contratado;Respondida;SCM;TIM S.A.;Grande;TIM;AM;PARINTINS;SCM
19/03/2022;18:52;Reclamação;Falha;Falha/Interrupção do serviço;Respondida;SCM;EMBRATEL S.A.;Grande;Claro;PE;PETROLINA;SCM
05/09/2023;19:54;Reclamação;Velocidade;Velocidade abaixo do contratado;Respondida;SCM;CLARO S.A.;Grande;Claro;PE;RECIFE;SCM
29/04/2022;22:42;Reclamação;Velocidade;Velocidade abaixo do contratado;Respondida;SCM;CLARO S/A;Grande;Claro;CE;SOBRAL;SCM
18/09/2023;14:08;Reclamação;Cobrança;Cobrança indevida;Respondida;SCM;TIM S.A.;Grande;TIM;BA;FEIRA DE SANTANA;SCM
07/08/2022;16:40;Reclamação;Cobrança;Cobrança indevida;Respondida;SCM;TIM S.A.;Grande;TIM;RS;CANOAS;SCM
06/04/2022;21:48;Reclamação;Falha;Falha/Interrupção do serviço;Respondida;SCM;NET SERVIÇOS DE COMUNICAÇÃO S.A.;Grande;Claro;PR;MARINGÁ;SCM
10/10/2022;22:26;Reclamação;Velocidade;Velocidade abaixo do contratado;Respondida;SCM;TELEFONICA BRASIL S.A.;Grande;Vivo;SP;SANTOS;SCM
07/08/2023;16:19;Reclamação;Falha;Falha/Interrupção do serviço;Respondida;SCM;TELEFONICA BRASIL S.A.;Grande;Vivo;SC;SC - INTERIOR;SCM
19/02/2023;20:18;Reclamação;Velocidade;Velocidade abaixo do contratado;Pendente;SCM;CLARO S/A;Grande;Claro;PA;ANANINDEUA;SCM
14/06/2022;09:36;Reclamação;Cobrança;Cobrança indevida;Respondida;SCM;TIM S.A.;Grande;TIM;MT;CUIABÁ;SCM
05/06/2022;21:54;Reclamação;Velocidade;Velocidade abaixo do contratado;Pendente;SCM;OI S.A.;Grande;Oi;SP;SANTOS;SCM
07/01/2023;10:34;Reclamação;Velocidade;Velocidade abaixo do contratado;Respondida;SCM;CLARO S/A;Grande;Claro;MS;DOURADOS;SCM
30/09/2023;22:31;Reclamação;Atendimento;Atendimento inadequado;Em análise;SCM;TELEFONICA BRASIL S.A.;Grande;Vivo;SP;SÃO PAULO;SCM
26/07/2023;12:09;Reclamação;Outros;Outros;Respondida;SCM;TIM S.A.;Grande;TIM;BA;VITÓRIA DA CONQUISTA;SCM
29/06/2022;18:10;Reclamação;Falha;Falha/Interrupção do serviço;Respondida;SCM;TIM S.A.;Grande;TIM;BA;FEIRA DE SANTANA;SCM
29/06/2023;16:59;Reclamação;Velocidade;Velocidade abaixo do contratado;Respondida;SCM;TIM S.A.;Grande;TIM;RS;PORTO ALEGRE;SCM
17/09/2022;12:22;Reclamação;Instalação;Prazo de instalação excedido;Respondida;SCM;SERCOMTEL S.A. - TELECOMUNICAÇÕES;Pequeno;Sercomtel;MG;UBERLÂNDIA;SCM
28/02/2023;17:19;Reclamação;Falha;Falha/Interrupção do serviço;Respondida;SCM;TELEFONICA BRASIL S.A.;Grande;Vivo;DF;BRASÍLIA;SCM
14/08/2023;14:44;Reclamação;Cobrança;Cobrança indevida;Em análise;SCM;TELEFONICA BRASIL S.A.;Grande;Vivo;SP;SÃO PAULO;SCM
15/03/2022;10:57;Reclamação;Velocidade;Velocidade abaixo do contratado;Em análise;SCM;TIM S.A.;Grande;TIM;SP;GUARULHOS;SCM
25/10/2022;20:47;Reclamação;Instalação;Prazo de instalação excedido;Respondida;SCM;TELEFONICA BRASIL S.A.;Grande;Vivo;SC;SC - INTERIOR;SCM
03/05/2023;15:59;Reclamação;Contrato;Cancelamento não realizado;Respondida;SCM;CLARO S.A.;Grande;Claro;CE;SOBRAL;SCM
07/08/2022;14:34;Reclamação;Velocidade;Velocidade abaixo do contratado;Respondida;SCM;TELEFONICA BRASIL S.A.;Grande;Vivo;DF;CEILÂNDIA;SCM
21/07/2023;09:15;Reclamação;Velocidade;Velocidade abaixo do contratado;Pendente;SCM;TELEFONICA BRASIL S.A.;Grande;Vivo;SP;SANTOS;SCM
22/02/2023;20:50;Reclamação;Contrato;Cancelamento não realizado;Em análise;SCM;TIM S.A.;Grande;TIM;PR;MARINGÁ;SCM
25/10/2022;11:42;Reclamação;Atendimento;Atendimento inadequado;Respondida;SCM;CLARO S.A.;Grande;Claro;MG;BELO HORIZONTE;SCM
11/03/2023;14:26;Reclamação;Cobrança;Cobrança indevida;Respondida;SCM;TELEFONICA BRASIL S.A.;Grande;Vivo;CE;CAUCAIA;SCM
06/09/2023;19:59;Reclamação;Cobrança;Cobrança indevida;Respondida;SCM;CLARO S.A.;Grande;Claro;SP;CAMPINAS;SCM
20/11/2023;20:21;Reclamação;Velocidade;Velocidade abaixo do contratado;Respondida;SCM;CLARO S.A.;Grande;Claro;PA;ANANINDEUA;SCM
24/05/2023;07:33;Reclamação;Cobrança;Cobrança indevida;Pendente;SCM;TIM S.A.;Grande;TIM;PE;RECIFE;SCM
02/04/2022;21:47;Reclamação;Falha;Falha/Interrupção do serviço;Respondida;SCM;CLARO S.A.;Grande;Claro;GO;ANÁPOLIS;SCM
26/09/2023;07:00;Reclamação;Velocidade;Velocidade abaixo do contratado;Respondida;SCM;CLARO S.A.;Grande;Claro;PR;MARINGÁ;SCM
17/07/2023;22:21;Reclamação;Falha;Falha/Interrupção do serviço;Em análise;SCM;TIM S.A.;Grande;TIM;RN;RN - INTERIOR;SCM
27/03/2023;07:38;Reclamação;Falha;Falha/Interrupção do serviço;Em análise;SCM;TELEFONICA BRASIL S.A.;Grande;Vivo;SP;CAMPINAS;SCM
10/07/2022;13:56;Reclamação;Cobrança;Cobrança indevida;Respondida;SCM;TELEFONICA BRASIL S.A.;Grande;Vivo;MG;UBERLÂNDIA;SCM
16/08/2022;11:14;Reclamação;Falha;Falha/Interrupção do serviço;Respondida;SCM;Tim S.A.;Grande;TIM;PE;OLINDA;SCM
22/05/2023;15:40;Reclamação;Contrato;Cancelamento não realizado;Respondida;SCM; ;Grande;Oi;PR;LONDRINA;SCM
14/12/2022;11:22;Reclamação;Velocidade;Velocidade abaixo do contratado;Pendente;SCM;CLARO S.A.;Grande;Claro;RR;RR - INTERIOR;SCM
16/10/2022;15:58;Reclamação;Cobrança;Cobrança indevida;Pendente;SCM;Sercomtel S.A. - Telecomunicações;Pequeno;Sercomtel;AM;PARINTINS;SCM
28/05/2022;17:52;Reclamação;Cobrança;Cobrança indevida;Respondida;SCM;TIM S.A.;Grande;TIM;AM;ITACOATIARA;SCM
31/12/2023;07:34;Reclamação;Cobrança;Cobrança indevida;Respondida;SCM;CLARO S.A.;Grande;Claro;BA;SALVADOR;SCM
03/05/2023;07:07;Reclamação;Instalação;Prazo de instalação excedido;Respondida;SCM;TELEFONICA BRASIL S.A.;Grande;Vivo;PR;CURITIBA;SCM
25/05/2022;21:23;Reclamação;Atendimento;Atendimento inadequado;Pendente;SCM;CLARO S.A.;Grande;Claro;CE;CAUCAIA;SCM
20/08/2023;17:05;Reclamação;Velocidade;Velocidade abaixo do contratado;Respondida;SCM;OI S.A.;Grande;Oi;SP;SANTOS;SCM
05/08/2023;08:11;Reclamação;Contrato;Cancelamento não realizado;Pendente;SCM;CLARO S.A.;Grande;Claro;PA;MARABÁ;SCM
15/07/2022;13:55;Reclamação;Velocidade;Velocidade abaixo do contratado;Respondida;SCM;TIM S.A.;Grande;TIM;SP;SOROCABA;SCM
09/12/2022;17:04;Reclamação;Velocidade;Velocidade abaixo do contratado;Respondida;SCM;CLARO S.A.;Grande;Claro;RJ;DUQUE DE CAXIAS;SCM
08/12/2022;11:54;Reclamação;Velocidade;Velocidade abaixo do contratado;Respondida;SCM;TIM S.A.;Grande;TIM;BA;VITÓRIA DA CONQUISTA;SCM
07/01/2022;07:27;Reclamação;Velocidade;Velocidade abaixo do contratado;Respondida;SCM;OI S.A.;Grande;Oi;MG;UBERLÂNDIA;SCM
26/12/2023;08:28;Reclamação;Cobrança;Cobrança indevida;Respondida;SCM;TIM S.A.;Grande;TIM;PR;PONTA GROSSA;SCM
20/04/2022;14:55;Reclamação;Cobrança;Cobrança indevida;Respondida;SCM;OI S.A.;Grande;Oi;SP;SOROCABA;SCM
06/11/2023;15:42;Reclamação;Atendimento;Atendimento inadequado;Respondida;SCM;TIM S.A.;Grande;TIM;BA;SALVADOR;SCM
18/07/2023;19:36;Reclamação;Cobrança;Cobrança indevida;Respondida;SCM;TELEFONICA BRASIL S.A.; ;Vivo;MG;UBERLÂNDIA;SCM
12/07/2023;16:51;Reclamação;Falha;Falha/Interrupção do serviço;Respondida;SCM;SERCOMTEL S.A. - TELECOMUNICAÇÕES;Pequeno;Sercomtel;ES;VITÓRIA;SCM
12/12/2022;08:14;Reclamação;Atendimento;Atendimento inadequado;Respondida;SCM;Claro S/A;Grande;Claro;RJ;NOVA IGUAÇU;SCM
03/03/2022;15:52;Reclamação;Cobrança;Cobrança indevida;Respondida;SCM;TIM S.A.;Grande;TIM;RJ;RIO DE JANEIRO;SCM
28/09/2022;17:33;Reclamação;Falha;Falha/Interrupção do serviço;Pendente;SCM;TIM S.A.;Grande;TIM;RN;RN - INTERIOR;SCM
24/06/2023;13:31;Reclamação;Cobrança;Cobrança indevida;Respondida;SCM;CLARO S.A.;Grande;Claro;PI;PI - INTERIOR;SCM
19/01/2022;15:21;Reclamação;Instalação;Prazo de instalação excedido;Respondida;SCM;TIM S.A.;Grande;TIM;PE;CARUARU;SCM
17/12/2023;18:35;Reclamação;Cobrança;Cobrança indevida;Respondida;SCM;OI S.A.;Grande;Oi;BA;VITÓRIA DA CONQUISTA;SCM
24/06/2022;15:19;Reclamação;Atendimento;Atendimento inadequado;Respondida;SCM;CLARO S.A.;Grande;Claro;RS;PELOTAS;SCM
11/03/2023;13:57;Reclamação;Cobrança;Cobrança indevida;Respondida;SCM;OI S.A.;Grande;Oi;SP;SÃO PAULO;SCM
09/04/2023;17:47;Reclamação;Cobrança;Cobrança indevida;Pendente;SCM;CLARO S.A.;Grande;Claro;MG;JUIZ DE FORA;SCM
07/07/2022;22:56;Reclamação;Velocidade;Velocidade abaixo do contratado;Respondida;SCM;CLARO S.A.;Grande;Claro;CE;JUAZEIRO DO NORTE;SCM
02/10/2022;19:40;Reclamação;Falha;Falha/Interrupção do serviço;Respondida;SCM;NET SERVIÇOS DE COMUNICAÇÃO S.A.;Grande;Claro;MG;JUIZ DE FORA;SCM
26/06/2022;16:58;Reclamação;Cobrança;Cobrança indevida;Respondida;SCM;TELEFONICA BRASIL S.A.;Grande;Vivo;PR;MARINGÁ;SCM
02/03/2022;15:05;Reclamação;Velocidade;Velocidade abaixo do contratado;Em análise;SCM;CLARO S.A.;Grande;Claro;TO;TO - INTERIOR;SCM
18/06/2022;17:47;Reclamação;Cobrança;Cobrança indevida;Respondida;SCM;TELEFONICA BRASIL S.A.;Grande;Vivo;MA;IMPERATRIZ;SCM
21/01/2022;07:20;Reclamação;Velocidade;Velocidade abaixo do contratado;Respondida;SCM;CLARO S.A.;Grande;Claro;ES;VITÓRIA;SCM
13/03/2023;19:43;Reclamação;Velocidade;Velocidade abaixo do contratado;Respondida;SCM;CLARO S.A.;Grande;Claro;ES;VILA VELHA;SCM
24/06/2022;20:07;Reclamação;NÃO INFORMADO;Cancelamento não realizado;Respondida;SCM;TELEFONICA BRASIL S.A.;Grande;Vivo;MG;BELO HORIZONTE;SCM
24/12/2022;17:36;Reclamação;Outros;Outros;Respondida;SCM;TELEFONICA BRASIL S.A.;Grande;Vivo;PA;ANANINDEUA;SCM
28/04/2022;09:21;Reclamação;Cobrança;Cobrança indevida;Respondida;SCM;NET SERVIÇOS DE COMUNICAÇÃO S.A.;Grande;NÃO INFORMADO;RS;PORTO ALEGRE;SCM
21/03/2023;08:54;Reclamação;Velocidade;-;Respondida;SCM;TIM S.A.;Grande;TIM;MA;TIMON;SCM
24/09/2022;22:35;Reclamação;Atendimento;Atendimento inadequado;Respondida;SCM;NET SERVIÇOS DE COMUNICAÇÃO S.A.;Grande;Claro;RN;RN - INTERIOR;SCM
09/06/2022;21:20;Reclamação;Contrato;Cancelamento não realizado;Respondida;SCM;TELEFONICA BRASIL S.A.;Grande;Vivo;SP;SÃO PAULO;SCM
15/05/2023;22:12;Reclamação;Velocidade;Velocidade abaixo do contratado;Pendente;SCM;TIM S.A.;Grande;TIM;MT;VÁRZEA GRANDE;SCM
13/06/2022;11:52;Reclamação;Falha;Falha/Interrupção do serviço;Respondida;SCM;OI S.A.;Grande;Oi;MG;UBERLÂNDIA;SCM
15/09/2023;09:33;Reclamação;Velocidade;Velocidade abaixo do contratado;Respondida;SCM;CLARO S/A;Grande;Claro;MG;JUIZ DE FORA;SCM
19/07/2023;18:33;Reclamação;Falha;Falha/Interrupção do serviço;Pendente;SCM;Tim S.A.;Grande;TIM;AC;AC - INTERIOR;SCM
25/06/2023;20:56;Reclamação;NÃO INFORMADO; ;Respondida;SCM;CLARO S.A.;Grande;Claro;MG;UBERLÂNDIA;SCM
31/03/2022;21:03;Reclamação;Velocidade;Velocidade abaixo do contratado;Em análise;SCM;TELEFONICA BRASIL S.A.;Grande;Vivo;RJ;DUQUE DE CAXIAS;SCM
16/01/2023;13:45;Reclamação;Instalação;-;Respondida;SCM;OI S.A.;Grande;Oi;PR;MARINGÁ;SCM
29/08/2023;09:46;Reclamação;Outros;Outros;Pendente;SCM;CLARO S.A.;Grande;Claro;PB;PB - INTERIOR;SCM
05/08/2023;13:46;Reclamação;N/A;Velocidade abaixo do contratado;Respondida;SCM;TIM S.A.;Grande;TIM;MS;DOURADOS;SCM
09/06/2023;11:10;Reclamação;Cobrança;Cobrança indevida;Respondida;SCM;TIM S.A.;Grande;TIM;GO;GOIÂNIA;SCM
22/01/2023;11:50;Reclamação;Velocidade;Velocidade abaixo do contratado;Em análise;SCM;Telefonica Brasil S.A.;Grande;Vivo;RO;RO - INTERIOR;SCM
31/12/2023;11:03;Reclamação;Cobrança;Cobrança indevida;Respondida;SCM;TELEFONICA BRASIL S.A.;Grande;Vivo;PB;PB - INTERIOR;SCM
14/11/2023;09:09;Reclamação;Cobrança;Cobrança indevida;Respondida;SCM;TELEFONICA BRASIL S.A.;Grande;Vivo;RN;RN - INTERIOR;SCM
30/09/2023;13:02;Reclamação;Instalação;Prazo de instalação excedido;Respondida;SCM;TIM S.A.;N/A;TIM;CE;SOBRAL;SCM
14/04/2022;10:31;Reclamação;Velocidade;Velocidade abaixo do contratado;Respondida;SCM;NET SERVIÇOS DE COMUNICAÇÃO S.A.;Grande;Claro;SP;SÃO PAULO;SCM
21/10/2022;22:55;Reclamação;N/A;Atendimento inadequado;Pendente;SCM;SERCOMTEL S.A. - TELECOMUNICAÇÕES;Pequeno;Sercomtel;RJ;DUQUE DE CAXIAS;SCM
18/05/2023;20:15;Reclamação;Atendimento;Atendimento inadequado;Em análise;SCM;NET SERVIÇOS DE COMUNICAÇÃO S.A.;Grande;Claro;SP;GUARULHOS;SCM
06/10/2022;17:20;Reclamação;Velocidade;Velocidade abaixo do contratado;Respondida;SCM;TELEFONICA BRASIL S.A.;Grande;Vivo;RJ;NOVA IGUAÇU;SCM
23/11/2023;20:48;Reclamação;Falha;Falha/Interrupção do serviço;Respondida;SCM;CLARO S.A.;Grande;Claro;BA;VITÓRIA DA CONQUISTA;SCM
26/08/2022;22:28;Reclamação;Instalação;Prazo de instalação excedido;Em análise;SCM;EMBRATEL S.A.;Grande;Claro;MG;CONTAGEM;SCM
25/06/2023;10:06;Reclamação;Cobrança;Cobrança indevida;Respondida;SCM;TELEFONICA BRASIL S.A.;Grande;Vivo;PR;MARINGÁ;SCM
06/03/2023;18:15;Reclamação;Cobrança;Cobrança indevida;Respondida;SCM;CLARO S.A.;Grande;Claro;PA;BELÉM;SCM
15/05/2023;10:38;Reclamação;Velocidade;Velocidade abaixo do contratado;Respondida;SCM;OI S.A.;Grande;Oi;GO;ANÁPOLIS;SCM
01/05/2023;21:16;Reclamação;Cobrança;Cobrança indevida;Respondida;SCM;TIM S.A.;Grande;TIM;SP;SOROCABA;SCM
25/01/2023;20:33;Reclamação;Velocidade;Velocidade abaixo do contratado;Pendente;SCM;OI S.A.;Grande;Oi;BA;VITÓRIA DA CONQUISTA;SCM
18/04/2023;19:17;Reclamação;Falha;Falha/Interrupção do serviço;Respondida;SCM;TELEFONICA BRASIL S.A.;Grande;Vivo;RS;CAXIAS DO SUL;SCM
11/08/2022;09:05;Reclamação;Velocidade;Velocidade abaixo do contratado;Pendente;SCM;TELEFONICA BRASIL S.A.;Grande; ;RJ;NOVA IGUAÇU;SCM
29/09/2022;18:46;Reclamação;Falha;Falha/Interrupção do serviço;Pendente;SCM;Claro S.A.;Grande;Claro;BA;FEIRA DE SANTANA;SCM
22/08/2023;19:05;Reclamação;Velocidade;Velocidade abaixo do contratado;Respondida;SCM;TIM S.A.;Grande;TIM;MG;CONTAGEM;SCM
11/11/2023;20:07;Reclamação;Cobrança;Cobrança indevida;Pendente;SCM;TELEFONICA BRASIL S.A.;Grande;Vivo;SP;SÃO PAULO;SCM
06/06/2023;07:51;Reclamação;Cobrança;Cobrança indevida;Em análise;SCM;CLARO S.A.;Grande;Claro;SP;SÃO PAULO;SCM
29/04/2022;10:10;Reclamação;Falha;Falha/Interrupção do serviço;Pendente;SCM;Tim S.A.;Grande;TIM;MS;CAMPO GRANDE;SCM
21/10/2022;10:24;Reclamação;Instalação;Prazo de instalação excedido;Respondida;SCM;CLARO S.A.;Grande;Claro;SE;SE - INTERIOR;SCM
31/12/2022;20:35;Reclamação;Velocidade;Velocidade abaixo do contratado;Pendente;SCM;CLARO S.A.;Grande;Claro;GO;GOIÂNIA;SCM
31/10/2022;16:55;Reclamação;Instalação;Prazo de instalação excedido;Respondida;SCM;CLARO S.A.;Grande;Claro;PE;PETROLINA;SCM
08/08/2022;21:11;Reclamação;Atendimento;Atendimento inadequado;Pendente;SCM;CLARO S/A;Grande;Claro;RS;CANOAS;SCM
24/08/2022;11:46;Reclamação;Contrato;Cancelamento não realizado;Respondida;SCM;CLARO S.A.;Grande;Claro;CE;FORTALEZA;SCM
02/10/2022;17:12;Reclamação;Cobrança;Cobrança indevida;Respondida;SCM;CLARO S.A.;Grande;Claro;MG;JUIZ DE FORA;SCM
19/12/2023;10:35;Reclamação;Velocidade;Velocidade abaixo do contratado;Respondida;SCM;TELEFONICA BRASIL S.A.;Grande;Vivo;BA;SALVADOR;SCM
19/06/2023;09:17;Reclamação;N/A;Atendimento inadequado;Respondida;SCM;CLARO S.A.;Grande;Claro;CE;FORTALEZA;SCM
17/03/2023;10:47;Reclamação;Velocidade;Velocidade abaixo do contratado;Pendente;SCM;TIM S.A.;Grande;TIM;SC;SC - INTERIOR;SCM
01/03/2022;11:17;Reclamação;Velocidade;Velocidade abaixo do contratado;Respondida;SCM;CLARO S.A.;Grande;Claro;MG;JUIZ DE FORA;SCM
26/06/2022;17:21;Reclamação;Velocidade;Velocidade abaixo do contratado;Em análise;SCM;TELEFONICA BRASIL S.A.;Grande;Vivo;BA;FEIRA DE SANTANA;SCM
12/07/2023;21:52;Reclamação;Velocidade;Velocidade abaixo do contratado;Respondida;SCM;TELEFONICA BRASIL S.A.;Grande;Vivo;AP;AP - INTERIOR;SCM
24/05/2022;21:26;Reclamação;Atendimento;Atendimento inadequado;Respondida;SCM;CLARO S.A.;Grande;Claro;RJ;NITERÓI;SCM
16/01/2022;18:50;Reclamação;Falha;Falha/Interrupção do serviço;Respondida;SCM;TELEFONICA BRASIL S.A.;Grande;Vivo;ES;VITÓRIA;SCM
05/03/2022;20:57;Reclamação;Velocidade;Velocidade abaixo do contratado;Em análise;SCM;CLARO S.A.;Grande;Claro;PI;PI - INTERIOR;SCM
19/03/2022;12:35;Reclamação;Falha;Falha/Interrupção do serviço;Respondida;SCM;CLARO S.A.;Grande;Claro;PR;MARINGÁ;SCM
17/06/2023;10:38;Reclamação;Falha;Falha/Interrupção do serviço;Pendente;SCM;CLARO S.A.;Grande;Claro;ES;VILA VELHA;SCM
29/03/2023;11:34;Reclamação;Cobrança;Cobrança indevida;Respondida;SCM;CLARO S.A.;Grande;Claro;SP;SOROCABA;SCM
21/12/2022;14:05;Reclamação;Contrato;Cancelamento não realizado;Pendente;SCM;TELEFONICA BRASIL S.A.;Grande;Vivo;SP;GUARULHOS;SCM
16/03/2023;12:23;Reclamação;Velocidade;Velocidade abaixo do contratado;Pendente;SCM;TELEFONICA BRASIL S.A.;Grande;Vivo;PE;PETROLINA;SCM
16/05/2022;18:33;Reclamação;Atendimento;Atendimento inadequado;Respondida;SCM;CLARO S.A.;Grande;Claro;PI;PI - INTERIOR;SCM
29/01/2023;12:07;Reclamação;Falha;Falha/Interrupção do serviço;Respondida;SCM;EMBRATEL S.A.;Grande;Claro;PE;RECIFE;SCM
11/02/2022;19:53;Reclamação;Contrato;Cancelamento não realizado;Em análise;SCM;TELEFONICA BRASIL S.A.;Grande;Vivo;SP;SANTOS;SCM
02/09/2022;15:54;Reclamação;Contrato;Cancelamento não realizado;Pendente;SCM;TELEFONICA BRASIL S.A.;Grande;Vivo;SP;SANTOS;SCM
07/10/2023;20:06;Reclamação;Falha;Falha/Interrupção do serviço;Respondida;SCM;TELEFONICA BRASIL S.A.;Grande;Vivo;MG;UBERLÂNDIA;SCM
12/04/2023;11:00;Reclamação;Velocidade;Velocidade abaixo do contratado;Respondida;SCM;CLARO S.A.;Grande;Claro;RJ;RIO DE JANEIRO;SCM
07/12/2023;15:38;Reclamação;Falha;Falha/Interrupção do serviço;Respondida;SCM;OI S.A.;Grande;Oi;PA;SANTARÉM;SCM
27/10/2022;08:30;Reclamação;Atendimento;Atendimento inadequado;Respondida;SCM;NET SERVIÇOS DE COMUNICAÇÃO S.A.;Grande;Claro;RS;PELOTAS;SCM
23/12/2023;22:28;Reclamação;Cobrança;Cobrança indevida;Em análise;SCM;CLARO S.A.;Grande;Claro;PR;PONTA GROSSA;SCM
30/12/2023;21:33;Reclamação;Atendimento;Atendimento inadequado;Respondida;SCM;CLARO S.A.;Grande;Claro;GO;GOIÂNIA;SCM
22/06/2023;18:50;Reclamação;Atendimento;Atendimento inadequado;Respondida;SCM;CLARO S/A;Grande;Claro;BA;VITÓRIA DA CONQUISTA;SCM
04/06/2022;11:35;Reclamação;Velocidade;Velocidade abaixo do contratado;Pendente;SCM;CLARO S.A.;Grande;Claro;SC;SC - INTERIOR;SCM
22/11/2023;13:24;Reclamação;Velocidade;Velocidade abaixo do contratado;Respondida;SCM;CLARO S.A.;Grande;Claro;SC;SC - INTERIOR;SCM
29/06/2023;17:21;Reclamação;Cobrança;Cobrança indevida;Respondida;SCM;OI S.A.;Grande;Oi;RJ;RIO DE JANEIRO;SCM
07/01/2022;22:12;Reclamação;Instalação;Prazo de instalação excedido;Respondida;SCM;TIM S.A.;Grande;TIM;RN;RN - INTERIOR;SCM
09/07/2022;16:49;Reclamação;Cobrança;Cobrança indevida;Pendente;SCM;TIM S.A.;Grande;TIM;PE;CARUARU;SCM
18/04/2023;18:53;Reclamação;Atendimento;Atendimento inadequado;Respondida;SCM;CLARO S.A.;Grande;Claro;SC;SC - INTERIOR;SCM
11/10/2022;14:38;Reclamação;Contrato;Cancelamento não realizado;Respondida;SCM;N/A;Grande;Vivo;GO;ANÁPOLIS;SCM
10/01/2023;17:12;Reclamação;Atendimento;Atendimento inadequado;Respondida;SCM;TIM S.A.;Grande;TIM;SP;SÃO PAULO;SCM
29/11/2023;07:01;Reclamação;Velocidade;Velocidade abaixo do contratado;Em análise;SCM;TELEFONICA BRASIL S.A.;Grande;Vivo;RJ;NOVA IGUAÇU;SCM
07/07/2022;11:17;Reclamação;Velocidade;Velocidade abaixo do contratado;Respondida;SCM;CLARO S.A.;Grande;Claro;PA;ANANINDEUA;SCM
05/02/2023;12:07;Reclamação;Cobrança;Cobrança indevida;Respondida;SCM;TELEFONICA BRASIL S.A.;Grande;Vivo;MG;UBERLÂNDIA;SCM
03/10/2023;07:40;Reclamação;N/A;Cobrança indevida;Respondida;SCM;CLARO S.A.;Grande;Claro;RJ;DUQUE DE CAXIAS;SCM
17/07/2022;17:07;Reclamação;Velocidade;Velocidade abaixo do contratado;Respondida;SCM;NET SERVIÇOS DE COMUNICAÇÃO S.A.;Grande;Claro;BA;FEIRA DE SANTANA;SCM
16/08/2023;14:40;Reclamação;Atendimento;Atendimento inadequado;Respondida;SCM;CLARO S.A.;Grande;Claro;PA;ANANINDEUA;SCM
07/05/2022;20:28;Reclamação;Atendimento;Atendimento inadequado;Pendente;SCM;OI S.A.;Grande;Oi;SP;GUARULHOS;SCM
26/09/2023;19:09;Reclamação;Falha;Falha/Interrupção do serviço;Respondida;SCM;NET SERVIÇOS DE COMUNICAÇÃO S.A.;Grande;Claro;PE;CARUARU;SCM
12/03/2023;07:39;Reclamação;Cobrança;Cobrança indevida;Respondida;SCM;TELEFONICA BRASIL S.A.;Grande;Vivo;SP;SOROCABA;SCM
26/05/2022;07:05;Reclamação;Falha;Falha/Interrupção do serviço;Respondida;SCM;NET SERVIÇOS DE COMUNICAÇÃO S.A.;Grande;Claro;SP;CAMPINAS;SCM
13/04/2022;21:45;Reclamação;Velocidade;Velocidade abaixo do contratado;Pendente;SCM;TELEFONICA BRASIL S.A.;Grande;Vivo;SP;SANTOS;SCM
05/09/2022;14:59;Reclamação;Velocidade;Velocidade abaixo do contratado;Pendente;SCM;CLARO S.A.;Grande;Claro;RJ;NOVA IGUAÇU;SCM
10/09/2023;13:36;Reclamação;Cobrança;Cobrança indevida;Respondida;SCM;CLARO S.A.;Grande;Claro;MT;CUIABÁ;SCM
28/02/2022;16:31;Reclamação;Velocidade;Velocidade abaixo do contratado;Em análise;SCM;TELEFONICA BRASIL S.A.;Grande;Vivo;BA;FEIRA DE SANTANA;SCM
30/11/2022;08:37;Reclamação;Falha;Falha/Interrupção do serviço;Respondida;SCM;OI S.A.;Grande;Oi;MG;BELO HORIZONTE;SCM
05/01/2023;22:16;Reclamação;Velocidade;NÃO INFORMADO;Respondida;SCM;TELEFONICA BRASIL S.A.;Grande;Vivo;MS;CAMPO GRANDE;SCM
22/12/2022;14:04;Reclamação;Atendimento;Atendimento inadequado;Pendente;SCM;TELEFONICA BRASIL S.A.;Grande;Vivo;PA;SANTARÉM;SCM
15/05/2023;21:56;Reclamação;Cobrança;Cobrança indevida;Respondida;SCM;TELEFONICA BRASIL S.A.;Grande;Vivo;SC;SC - INTERIOR;SCM
26/12/2023;07:00;Reclamação;Velocidade;Velocidade abaixo do contratado;Em análise;SCM;NET SERVIÇOS DE COMUNICAÇÃO S.A.;Grande;Claro;SP;GUARULHOS;SCM
28/08/2023;17:21;Reclamação;Falha;N/A;Em análise;SCM;TIM S.A.;Grande;TIM;SP;GUARULHOS;SCM
26/06/2023;19:02;Reclamação;Instalação;Prazo de instalação excedido;Respondida;SCM;CLARO S.A.;Grande;Claro;PA;ANANINDEUA;SCM
15/06/2022;14:45;Reclamação;Velocidade;N/A;Respondida;SCM;CLARO S.A.;Grande;Claro;PI;PI - INTERIOR;SCM
15/11/2023;16:54;Reclamação;Cobrança;Cobrança indevida;Pendente;SCM;TELEFONICA BRASIL S.A.;Grande;Vivo;PR;PONTA GROSSA;SCM
03/09/2022;09:03;Reclamação;Velocidade;Velocidade abaixo do contratado;Respondida;SCM;TIM S.A.;Grande;TIM;RJ;NITERÓI;SCM
14/06/2022;16:43;Reclamação;Velocidade;Velocidade abaixo do contratado;Pendente;SCM;CLARO S.A.;Grande;Claro;SP;SÃO PAULO;SCM
29/06/2023;11:58;Reclamação;Instalação;Prazo de instalação excedido;Respondida;SCM;CLARO S.A.;Grande;Claro;BA;VITÓRIA DA CONQUISTA;SCM
28/06/2023;12:13;Reclamação;Velocidade;Velocidade abaixo do contratado;Respondida;SCM;CLARO S.A.;Grande;Claro;MA;IMPERATRIZ;SCM
18/03/2023;08:57;Reclamação;Velocidade;Velocidade abaixo do contratado;Respondida;SCM;TIM S.A.;Grande;TIM;BA;SALVADOR;SCM
25/08/2023;16:10;Reclamação;Instalação;Prazo de instalação excedido;Respondida;SCM;TIM S.A.;Grande;TIM;RN;RN - INTERIOR;SCM
11/07/2023;14:06;Reclamação;Outros;Outros;Respondida;SCM;TELEFONICA BRASIL S.A.;Grande;Vivo;BA;SALVADOR;SCM
12/05/2023;18:00;Reclamação;Velocidade;Velocidade abaixo do contratado;Pendente;SCM;TELEFONICA BRASIL S.A.;Grande;N/A;RJ;RIO DE JANEIRO;SCM
11/01/2022;13:20;Reclamação;Instalação;Prazo de instalação excedido;Respondida;SCM;CLARO S.A.;Grande;Claro;CE;SOBRAL;SCM
28/05/2023;07:00;Reclamação;Velocidade;Velocidade abaixo do contratado;Respondida;SCM;TIM S.A.;Grande;TIM;DF;CEILÂNDIA;SCM
28/06/2023;22:23;Reclamação;Velocidade;Velocidade abaixo do contratado;Em análise;SCM;CLARO S.A.;Grande;Claro;BA;VITÓRIA DA CONQUISTA;SCM
25/07/2023;15:20;Reclamação;Falha;Falha/Interrupção do serviço;Respondida;SCM;CLARO S.A.;Grande;Claro;SP;SANTOS;SCM
30/06/2023;13:12;Reclamação;Velocidade;Velocidade abaixo do contratado;Pendente;SCM;TELEFONICA BRASIL S.A.;Grande;Vivo;SP;CAMPINAS;SCM
26/12/2022;18:57;Reclamação;Atendimento;Atendimento inadequado;Pendente;SCM;CLARO S.A.;Grande;Claro;SP;SOROCABA;SCM
26/09/2023;09:48;Reclamação;Cobrança;Cobrança indevida;Respondida;SCM;CLARO S/A;Grande;Claro;MG;BELO HORIZONTE;SCM
17/04/2023;21:42;Reclamação;Atendimento;Atendimento inadequado;Respondida;SCM;NET SERVIÇOS DE COMUNICAÇÃO S.A.;Grande;Claro;MG;UBERLÂNDIA;SCM
06/12/2023;08:44;Reclamação;Velocidade;Velocidade abaixo do contratado;Em análise;SCM;Tim S.A.;Grande;TIM;MA;IMPERATRIZ;SCM
12/02/2023;17:34;Reclamação;Instalação;Prazo de instalação excedido;Respondida;SCM;TELEFONICA BRASIL S.A.;Grande;Vivo;MA;TIMON;SCM
07/02/2023;21:48;Reclamação;Instalação;Prazo de instalação excedido;Respondida;SCM;NET SERVIÇOS DE COMUNICAÇÃO S.A.;Grande;Claro;PR;MARINGÁ;SCM
13/10/2022;14:51;Reclamação;Velocidade;Velocidade abaixo do contratado;Respondida;SCM;CLARO S.A.;Grande;Claro;PE;PETROLINA;SCM
15/04/2022;11:01;Reclamação;Atendimento;Atendimento inadequado;Pendente;SCM;CLARO S.A.;Grande;Claro;RS;PELOTAS;SCM
05/06/2023;20:21;Reclamação;Velocidade;Velocidade abaixo do contratado;Respondida;SCM;TIM S.A.;Grande;TIM;MA;TIMON;SCM
25/02/2023;20:01;Reclamação;-;Cancelamento não realizado;Respondida;SCM;TIM S.A.;Grande;TIM;RJ;DUQUE DE CAXIAS;SCM
24/09/2022;07:50;Reclamação;Falha;Falha/Interrupção do serviço;Respondida;SCM;CLARO S.A.;Grande;Claro;MS;DOURADOS;SCM
05/10/2023;09:19;Reclamação;Velocidade;Velocidade abaixo do contratado;Pendente;SCM;TELEFONICA BRASIL S.A.;Grande;-;RJ;RIO DE JANEIRO;SCM
18/02/2022;19:29;Reclamação;Velocidade;Velocidade abaixo do contratado;Pendente;SCM;TELEFONICA BRASIL S.A.;Grande;Vivo;RS;CANOAS;SCM
22/08/2023;16:23;Reclamação;Atendimento;Atendimento inadequado;Pendente;SCM;CLARO S.A.;Grande;Claro;SP;SANTOS;SCM
08/12/2023;12:19;Reclamação;Velocidade;Velocidade abaixo do contratado;Respondida;SCM;TELEFONICA BRASIL S.A.;Grande;Vivo;SP;GUARULHOS;SCM
20/02/2022;18:58;Reclamação;Instalação;Prazo de instalação excedido;Respondida;SCM;Tim S.A.;Grande;TIM;SP;SANTOS;SCM
16/06/2023;21:09;Reclamação;Falha;Falha/Interrupção do serviço;Pendente;SCM;TELEFONICA BRASIL S.A.;Grande;Vivo;SP;CAMPINAS;SCM
20/11/2023;07:26;Reclamação;Falha;Falha/Interrupção do serviço;Respondida;SCM;TIM S.A.;Grande;TIM;PR;CURITIBA;SCM
12/05/2023;08:53;Reclamação;Velocidade;Velocidade abaixo do contratado;Pendente;SCM;TELEFONICA BRASIL S.A.;Grande;Vivo;RS;CANOAS;SCM
20/09/2023;13:45;Reclamação;Atendimento;Atendimento inadequado;Respondida;SCM;CLARO S/A;Grande;Claro;CE;CAUCAIA;SCM
08/10/2023;09:59;Reclamação;Velocidade;Velocidade abaixo do contratado;Respondida;SCM;NET SERVIÇOS DE COMUNICAÇÃO S.A.;Grande;Claro;RO;RO - INTERIOR;SCM
27/06/2022;20:56;Reclamação;Cobrança;Cobrança indevida;Pendente;SCM;TELEFONICA BRASIL S.A.;Grande;Vivo;RJ;DUQUE DE CAXIAS;SCM
31/01/2022;12:30;Reclamação;Falha; ;Respondida;SCM;TIM S.A.;Grande;TIM;RJ;DUQUE DE CAXIAS;SCM
10/09/2022;16:09;Reclamação;Contrato;Cancelamento não realizado;Respondida;SCM;EMBRATEL S.A.;Grande;Claro;GO;GOIÂNIA;SCM
08/09/2022;17:18;Reclamação;Falha;Falha/Interrupção do serviço;Respondida;SCM;CLARO S.A.;Grande;Claro;MT;SINOP;SCM
15/04/2022;09:37;Reclamação;Velocidade;N/A;Respondida;SCM;TELEFONICA BRASIL S.A.;Grande;Vivo;SP;SANTOS;SCM
16/05/2022;14:55;Reclamação;Velocidade;Velocidade abaixo do contratado;Respondida;SCM;OI S.A.;Grande;Oi;MG;UBERLÂNDIA;SCM
14/11/2022;08:24;Reclamação;Atendimento;Atendimento inadequado;Pendente;SCM;TIM S.A.;Grande;TIM;AC;AC - INTERIOR;SCM
30/07/2023;12:57;Reclamação;Velocidade;Velocidade abaixo do contratado;Respondida;SCM;TIM S.A.;Grande;TIM;BA;VITÓRIA DA CONQUISTA;SCM
23/12/2022;20:30;Reclamação;Velocidade;Velocidade abaixo do contratado;Respondida;SCM;CLARO S.A.;Grande;Claro;AM;MANAUS;SCM
29/04/2022;20:57;Reclamação;Velocidade;Velocidade abaixo do contratado;Respondida;SCM;TIM S.A.;N/A;TIM;RN;RN - INTERIOR;SCM
30/11/2022;19:17;Reclamação;Instalação;Prazo de instalação excedido;Pendente;SCM;CLARO S/A;Grande;Claro;PA;MARABÁ;SCM
01/12/2022;20:16;Reclamação;Cobrança;Cobrança indevida;Respondida;SCM;Net Serviços De Comunicação S.A.;Grande;Claro;PB;PB - INTERIOR;SCM
18/01/2022;21:18;Reclamação;Atendimento;Atendimento inadequado;Respondida;SCM;TELEFONICA BRASIL S.A.;Grande;Vivo;SP;SANTOS;SCM
25/05/2023;10:32;Reclamação;Velocidade;Velocidade abaixo do contratado;Respondida;SCM;TIM S.A.;Grande;TIM;MA;IMPERATRIZ;SCM
26/02/2022;18:13;Reclamação;Contrato;Cancelamento não realizado;Respondida;SCM;CLARO S.A.;Grande;Claro;SP;SOROCABA;SCM
07/09/2023;12:20;Reclamação;Cobrança;Cobrança indevida;Respondida;SCM;TIM S.A.;Grande;TIM;AL;AL - INTERIOR;SCM
04/03/2023;18:15;Reclamação;Falha;Falha/Interrupção do serviço;Respondida;SCM;TELEFONICA BRASIL S.A.;Grande;Vivo;SP;GUARULHOS;SCM
10/04/2022;19:23;Reclamação;Falha;Falha/Interrupção do serviço;Respondida;SCM;Telefonica Brasil S.A.;Grande;Vivo;MT;SINOP;SCM
11/01/2023;11:32;Reclamação;Contrato;Cancelamento não realizado;Respondida;SCM;TELEFONICA BRASIL S.A.;Grande;Vivo;SP;SOROCABA;SCM
03/12/2023;11:29;Reclamação;Velocidade;Velocidade abaixo do contratado;Respondida;SCM;EMBRATEL S.A.;Grande;Claro;AM;PARINTINS;SCM
24/12/2022;18:46;Reclamação;Cobrança;Cobrança indevida;Respondida;SCM;CLARO S.A.;Grande;Claro;RS;PORTO ALEGRE;SCM
12/05/2023;18:44;Reclamação;Velocidade;Velocidade abaixo do contratado;Respondida;SCM;EMBRATEL S.A.;Grande;Claro;RS;CANOAS;SCM
11/02/2022;07:58;Reclamação;Falha;Falha/Interrupção do serviço;Pendente;SCM;TELEFONICA BRASIL S.A.;Grande;Vivo;SC;SC - INTERIOR;SCM
26/11/2022;15:42;Reclamação;Falha;Falha/Interrupção do serviço;Em análise;SCM;TELEFONICA BRASIL S.A.;Grande;Vivo;MT;VÁRZEA GRANDE;SCM
14/02/2022;19:07;Reclamação;Cobrança;Cobrança indevida;Respondida;SCM;Claro S.A.;Grande;Claro;PR;MARINGÁ;SCM
06/05/2022;19:10;Reclamação;Velocidade;Velocidade abaixo do contratado;Pendente;SCM;TELEFONICA BRASIL S.A.;Grande;Vivo;BA;VITÓRIA DA CONQUISTA;SCM
05/10/2023;19:15;Reclamação;Falha;Falha/Interrupção do serviço;Em análise;SCM;CLARO S.A.;Grande;Claro;RS;PELOTAS;SCM
06/09/2023;21:17;Reclamação;Contrato;Cancelamento não realizado;Respondida;SCM;TELEFONICA BRASIL S.A.;Grande;Vivo;SP;SANTOS;SCM
14/04/2023;10:51;Reclamação;Cobrança;Cobrança indevida;Respondida;SCM;TELEFONICA BRASIL S.A.;Grande;Vivo;MS;DOURADOS;SCM
27/09/2022;20:02;Reclamação;N/A;Falha/Interrupção do serviço;Respondida;SCM;TELEFONICA BRASIL S.A.;Grande;Vivo;PB;PB - INTERIOR;SCM
02/08/2022;15:08;Reclamação;Instalação;Prazo de instalação excedido;Respondida;SCM;OI S.A.;Grande;Oi;PR;PONTA GROSSA;SCM
26/04/2023;11:33;Reclamação;Falha;Falha/Interrupção do serviço;Respondida;SCM;NET SERVIÇOS DE COMUNICAÇÃO S.A.;Grande;Claro;BA;FEIRA DE SANTANA;SCM
08/06/2022;10:18;Reclamação;Falha;Falha/Interrupção do serviço;Respondida;SCM;EMBRATEL S.A.;Grande;Claro;SP;CAMPINAS;SCM
24/03/2022;22:21;Reclamação;Contrato;Cancelamento não realizado;Respondida;SCM;NÃO INFORMADO;Grande;Oi;BA;FEIRA DE SANTANA;SCM
28/10/2022;09:03;Reclamação;Falha;Falha/Interrupção do serviço;Respondida;SCM;TELEFONICA BRASIL S.A.;N/A;Vivo;PR;PONTA GROSSA;SCM
01/02/2022;11:41;Reclamação;Contrato;Cancelamento não realizado;Pendente;SCM;TELEFONICA BRASIL S.A.;Grande;Vivo;RJ;RIO DE JANEIRO;SCM
22/07/2023;22:14;Reclamação;Cobrança;Cobrança indevida;Respondida;SCM;EMBRATEL S.A.;Grande;Claro;PE;RECIFE;SCM
14/04/2022;16:41;Reclamação;Falha;Falha/Interrupção do serviço;Pendente;SCM;CLARO S.A.;Grande;Claro;PR;MARINGÁ;SCM
01/06/2023;10:35;Reclamação;Velocidade;Velocidade abaixo do contratado;Pendente;SCM;TIM S.A.;Grande;TIM;MG;CONTAGEM;SCM
22/09/2022;11:09;Reclamação;Cobrança;Cobrança indevida;Respondida;SCM;TELEFONICA BRASIL S.A.;Grande;Vivo;RJ;NITERÓI;SCM
03/05/2022;09:54;Reclamação;Falha;Falha/Interrupção do serviço;Respondida;SCM;TIM S.A.;Grande;TIM;MS;TRÊS LAGOAS;SCM
05/11/2022;17:31;Reclamação;Cobrança;Cobrança indevida;Respondida;SCM;TELEFONICA BRASIL S.A.;Grande;Vivo;PA;ANANINDEUA;SCM
14/08/2022;15:42;Reclamação;Contrato;Cancelamento não realizado;Pendente;SCM;EMBRATEL S.A.;Grande;Claro;SP;SANTOS;SCM
30/04/2023;22:41;Reclamação;Velocidade;Velocidade abaixo do contratado;Respondida;SCM;TELEFONICA BRASIL S.A.;Grande;Vivo;RJ;NITERÓI;SCM
07/11/2023;11:40;Reclamação;Falha;Falha/Interrupção do serviço;Pendente;SCM;NET SERVIÇOS DE COMUNICAÇÃO S.A.;Grande;Claro;PE;PETROLINA;SCM
07/01/2023;09:49;Reclamação;Outros;Outros;Respondida;SCM;TIM S.A.;Grande;TIM;RJ;RIO DE JANEIRO;SCM
28/01/2022;22:55;Reclamação;Cobrança;Cobrança indevida;Respondida;SCM;CLARO S.A.;Grande;Claro;RS;PELOTAS;SCM
18/05/2022;18:25;Reclamação;Atendimento;Atendimento inadequado;Pendente;SCM;CLARO S.A.;Grande;Claro;RJ;NITERÓI;SCM
24/01/2022;21:13;Reclamação;Cobrança;Cobrança indevida;Em análise;SCM;CLARO S.A.;Grande;Claro;PR;PONTA GROSSA;SCM
07/09/2022;14:17;Reclamação;Falha;Falha/Interrupção do serviço;Respondida;SCM;CLARO S.A.;Grande;Claro;SP;GUARULHOS;SCM
21/08/2022;19:13;Reclamação;Cobrança;Cobrança indevida;Pendente;SCM;NET SERVIÇOS DE COMUNICAÇÃO S.A.;Grande;Claro;SP;SÃO PAULO;SCM
30/03/2022;13:32;Reclamação;Velocidade;Velocidade abaixo do contratado;Respondida;SCM;CLARO S.A.;Grande;Claro;MA;SÃO LUÍS;SCM
29/06/2023;20:28;Reclamação;Instalação;NÃO INFORMADO;Respondida;SCM;CLARO S.A.;Grande;Claro;PI;PI - INTERIOR;SCM
16/11/2023;10:40;Reclamação;Falha;Falha/Interrupção do serviço;Respondida;SCM;NET SERVIÇOS DE COMUNICAÇÃO S.A.;Grande;Claro;MG;UBERLÂNDIA;SCM
17/01/2023;12:07;Reclamação;Cobrança;Cobrança indevida;Em análise;SCM;TELEFONICA BRASIL S.A.;Grande;Vivo;SC;SC - INTERIOR;SCM
27/03/2023;20:50;Reclamação;Cobrança;Cobrança indevida;Respondida;SCM;EMBRATEL S.A.;Grande;Claro;MG;JUIZ DE FORA;SCM
15/08/2023;07:13;Reclamação;Contrato;Cancelamento não realizado;Respondida;SCM;TELEFONICA BRASIL S.A.;Grande;Vivo;PR;PONTA GROSSA;SCM
29/08/2023;07:49;Reclamação;Falha;NÃO INFORMADO;Respondida;SCM;CLARO S.A.;Grande;Claro;SE;SE - INTERIOR;SCM
24/02/2023;22:02;Reclamação;Velocidade;Velocidade abaixo do contratado;Respondida;SCM;CLARO S.A.;Grande;Claro;PB;PB - INTERIOR;SCM
17/04/2022;11:30;Reclamação;Velocidade;Velocidade abaixo do contratado;Em análise;SCM;EMBRATEL S.A.;Grande;Claro;SP;CAMPINAS;SCM
03/06/2023;22:53;Reclamação;Cobrança;N/A;Respondida;SCM;CLARO S.A.;Grande;Claro;GO;APARECIDA DE GOIÂNIA;SCM
28/11/2023;08:14;Reclamação;Contrato;Cancelamento não realizado;Respondida;SCM;TELEFONICA BRASIL S.A.;Grande;Vivo;SC;SC - INTERIOR;SCM
19/12/2022;20:47;Reclamação;Cobrança;Cobrança indevida;Respondida;SCM;NET SERVIÇOS DE COMUNICAÇÃO S.A.;Grande;Claro;MG;BELO HORIZONTE;SCM
10/11/2023;09:47;Reclamação;Cobrança;Cobrança indevida;Respondida;SCM;TELEFONICA BRASIL S.A.;Grande;Vivo;SC;SC - INTERIOR;SCM
25/04/2023;11:03;Reclamação;Atendimento;Atendimento inadequado;Respondida;SCM;OI S.A.;Grande;Oi;BA;VITÓRIA DA CONQUISTA;SCM
16/11/2022;17:35;Reclamação;Velocidade;Velocidade abaixo do contratado;Pendente;SCM;TELEFONICA BRASIL S.A.;Grande;Vivo;CE;FORTALEZA;SCM
09/03/2022;07:44;Reclamação;Atendimento;Atendimento inadequado;Respondida;SCM;TIM S.A.;Grande;TIM;RS;CAXIAS DO SUL;SCM
22/10/2022;20:28;Reclamação;Velocidade;Velocidade abaixo do contratado;Em análise;SCM;NET SERVIÇOS DE COMUNICAÇÃO S.A.;Grande;Claro;BA;SALVADOR;SCM
12/01/2023;09:34;Reclamação;Cobrança;Cobrança indevida;Respondida;SCM;TELEFONICA BRASIL S.A.;Grande;Vivo;BA;SALVADOR;SCM
16/12/2023;07:35;Reclamação;Velocidade;Velocidade abaixo do contratado;Pendente;SCM;TELEFONICA BRASIL S.A.;Grande;Vivo;PE;OLINDA;SCM
10/04/2022;13:06;Reclamação;Velocidade;Velocidade abaixo do contratado;Respondida;SCM;CLARO S/A;Grande;Claro;SP;GUARULHOS;SCM
09/10/2022;12:43;Reclamação;Falha;Falha/Interrupção do serviço;Respondida;SCM;Telefonica Brasil S.A.;Grande;Vivo;GO;APARECIDA DE GOIÂNIA;SCM
19/12/2023;18:52;Reclamação;Cobrança;Cobrança indevida;Respondida;SCM;CLARO S/A;Grande;Claro;PE;OLINDA;SCM
13/09/2023;11:10;Reclamação;Contrato;Cancelamento não realizado;Respondida;SCM;NET SERVIÇOS DE COMUNICAÇÃO S.A.;Grande;Claro;MA;IMPERATRIZ;SCM
15/05/2023;16:21;Reclamação;Falha;Falha/Interrupção do serviço;Respondida;SCM;TELEFONICA BRASIL S.A.;Grande;Vivo;SP;SÃO PAULO;SCM
28/05/2023;13:22;Reclamação;Velocidade;Velocidade abaixo do contratado;Respondida;SCM;TELEFONICA BRASIL S.A.;Grande;Vivo;PR;LONDRINA;SCM
24/11/2022;14:55;Reclamação;Velocidade;Velocidade abaixo do contratado;Pendente;SCM;CLARO S.A.;Grande;Claro;CE;FORTALEZA;SCM
12/09/2022;14:44;Reclamação;Falha;Falha/Interrupção do serviço;Respondida;SCM;TIM S.A.;Grande;TIM;RS;PORTO ALEGRE;SCM
25/09/2022;15:26;Reclamação;Velocidade;Velocidade abaixo do contratado;Respondida;SCM;TELEFONICA BRASIL S.A.;Grande;Vivo;MG;JUIZ DE FORA;SCM
17/10/2023;16:18;Reclamação;Instalação;Prazo de instalação excedido;Respondida;SCM;CLARO S/A;Grande;Claro;PR;LONDRINA;SCM
24/05/2023;15:45;Reclamação;Velocidade;NÃO INFORMADO;Respondida;SCM;OI S.A.;Grande;Oi;RJ;NOVA IGUAÇU;SCM
25/12/2023;09:26;Reclamação;Velocidade;Velocidade abaixo do contratado;Respondida;SCM;CLARO S.A.;Grande;Claro;CE;SOBRAL;SCM
04/08/2022;10:43;Reclamação;Atendimento;Atendimento inadequado;Pendente;SCM;TIM S.A.;Grande;TIM;MG;JUIZ DE FORA;SCM
19/11/2022;21:39;Reclamação;Cobrança;Cobrança indevida;Respondida;SCM;OI S.A.;Grande;Oi;RJ;DUQUE DE CAXIAS;SCM
27/07/2023;13:45;Reclamação;Velocidade;Velocidade abaixo do contratado;Respondida;SCM;TIM S.A.;Grande;TIM;SP;GUARULHOS;SCM
10/04/2022;22:03;Reclamação;Falha;Falha/Interrupção do serviço;Respondida;SCM;TELEFONICA BRASIL S.A.;Grande;Vivo;SP;CAMPINAS;SCM
30/04/2022;07:25;Reclamação;Velocidade;Velocidade abaixo do contratado;Pendente;SCM;SERCOMTEL S.A. - TELECOMUNICAÇÕES;Pequeno;Sercomtel;MA;IMPERATRIZ;SCM
21/02/2022;08:40;Reclamação;Falha;Falha/Interrupção do serviço;Pendente;SCM;TIM S.A.;Grande;TIM;SP;SÃO PAULO;SCM
16/08/2023;21:37;Reclamação;Atendimento;Atendimento inadequado;Respondida;SCM;NET SERVIÇOS DE COMUNICAÇÃO S.A.;Grande;Claro;BA;FEIRA DE SANTANA;SCM
29/10/2023;20:39;Reclamação;Cobrança;Cobrança indevida;Pendente;SCM;TELEFONICA BRASIL S.A.;Grande;Vivo;RJ;DUQUE DE CAXIAS;SCM
15/05/2022;19:07;Reclamação;Atendimento;Atendimento inadequado;Respondida;SCM;CLARO S.A.;Grande;Claro;RJ;NOVA IGUAÇU;SCM
27/06/2023;16:21;Reclamação;Falha;Falha/Interrupção do serviço;Respondida;SCM;NET SERVIÇOS DE COMUNICAÇÃO S.A.;Grande;Claro;RJ;NOVA IGUAÇU;SCM
26/01/2023;19:50;Reclamação;Velocidade;Velocidade abaixo do contratado;Respondida;SCM;CLARO S.A.;Grande;Claro;PE;CARUARU;SCM
30/11/2023;14:17;Reclamação;Velocidade;Velocidade abaixo do contratado;Respondida;SCM;OI S.A.;Grande;Oi;DF;BRASÍLIA;SCM
29/03/2023;17:45;Reclamação;Falha;Falha/Interrupção do serviço;Respondida;SCM;TELEFONICA BRASIL S.A.;Grande;Vivo;BA;FEIRA DE SANTANA;SCM
11/02/2023;20:58;Reclamação;Falha;Falha/Interrupção do serviço;Respondida;SCM;TIM S.A.;Grande;TIM;BA;SALVADOR;SCM
08/08/2022;15:03;Reclamação;Falha;Falha/Interrupção do serviço;Em análise;SCM;TELEFONICA BRASIL S.A.;Grande;Vivo;MA;IMPERATRIZ;SCM
12/08/2023;13:13;Reclamação;Cobrança;Cobrança indevida;Respondida;SCM;TELEFONICA BRASIL S.A.;Grande;Vivo;RS;CANOAS;SCM
15/05/2023;07:09;Reclamação;Contrato;Cancelamento não realizado;Respondida;SCM;TELEFONICA BRASIL S.A.;Grande;Vivo;SP;SOROCABA;SCM
12/09/2023;16:44;Reclamação;Velocidade;Velocidade abaixo do contratado;Respondida;SCM;TELEFONICA BRASIL S.A.;-;Vivo;SP;SANTOS;SCM
25/08/2023;21:44;Reclamação;Cobrança;Cobrança indevida;Pendente;SCM;TIM S.A.;Grande;TIM;SP;SÃO PAULO;SCM
09/01/2023;18:05;Reclamação;Atendimento;Atendimento inadequado;Em análise;SCM;TIM S.A.;Grande;TIM;PE;CARUARU;SCM
10/03/2023;12:31;Reclamação;Falha;Falha/Interrupção do serviço;Respondida;SCM;TIM S.A.;Grande;TIM;RS;CANOAS;SCM
28/07/2022;18:54;Reclamação;Velocidade;Velocidade abaixo do contratado;Respondida;SCM;TIM S.A.;Grande;TIM;PR;LONDRINA;SCM
26/01/2023;17:11;Reclamação;Falha;Falha/Interrupção do serviço;Pendente;SCM;CLARO S.A.;Grande;Claro;MG;UBERLÂNDIA;SCM
14/10/2022;07:16;Reclamação;Outros;Outros;Respondida;SCM;CLARO S.A.;Grande;Claro;GO;ANÁPOLIS;SCM
14/11/2023;17:35;Reclamação;Velocidade;Velocidade abaixo do contratado;Pendente;SCM;CLARO S.A.;Grande;Claro;RJ;RIO DE JANEIRO;SCM
27/05/2023;07:54;Reclamação;Velocidade;Velocidade abaixo do contratado;Respondida;SCM;TELEFONICA BRASIL S.A.;Grande;Vivo;MG;BELO HORIZONTE;SCM
12/03/2023;14:29;Reclamação;Falha;Falha/Interrupção do serviço;Respondida;SCM;EMBRATEL S.A.;Grande;Claro;MA;SÃO LUÍS;SCM
13/10/2022;21:02;Reclamação;Falha;Falha/Interrupção do serviço;Respondida;SCM;NET SERVIÇOS DE COMUNICAÇÃO S.A.;Grande;Claro;PE;CARUARU;SCM
10/06/2022;14:47;Reclamação;Falha;Falha/Interrupção do serviço;Respondida;SCM;TIM S.A.;Grande;TIM;SC;SC - INTERIOR;SCM
29/05/2023;17:12;Reclamação;Contrato;Cancelamento não realizado;Respondida;SCM;TELEFONICA BRASIL S.A.;Grande;Vivo;RS;PORTO ALEGRE;SCM
10/11/2023;17:58;Reclamação;Falha;Falha/Interrupção do serviço;Respondida;SCM;CLARO S.A.;Grande;Claro;AM;MANAUS;SCM
08/03/2023;22:29;Reclamação;Velocidade;Velocidade abaixo do contratado;Em análise;SCM;CLARO S.A.;Grande;Claro;DF;CEILÂNDIA;SCM
19/01/2023;16:03;Reclamação;Velocidade;Velocidade abaixo do contratado;Respondida;SCM;NET SERVIÇOS DE COMUNICAÇÃO S.A.;Grande;Claro;PR;PONTA GROSSA;SCM
14/12/2022;15:52;Reclamação;Atendimento;Atendimento inadequado;Em análise;SCM;TELEFONICA BRASIL S.A.;Grande;Vivo;AL;AL - INTERIOR;SCM
02/12/2023;15:12;Reclamação;Contrato;Cancelamento não realizado;Pendente;SCM;CLARO S.A.;Grande;Claro;MS;CAMPO GRANDE;SCM
27/04/2022;12:40;Reclamação;Velocidade;Velocidade abaixo do contratado;Respondida;SCM;Tim S.A.;Grande;TIM;RS;CANOAS;SCM
04/05/2022;13:31;Reclamação;Velocidade;Velocidade abaixo do contratado;Respondida;SCM;CLARO S.A.;Grande;Claro;PR;PONTA GROSSA;SCM
01/01/2022;17:59;Reclamação;Velocidade;Velocidade abaixo do contratado;Respondida;SCM;CLARO S.A.;Grande;Claro;RS;PORTO ALEGRE;SCM
11/12/2023;09:34;Reclamação;Contrato;Cancelamento não realizado;Respondida;SCM;CLARO S.A.;Grande;Claro;SP;SÃO PAULO;SCM
29/03/2022;14:51;Reclamação;Cobrança;Cobrança indevida;Em análise;SCM;TELEFONICA BRASIL S.A.;Grande;Vivo;SP;GUARULHOS;SCM
24/12/2023;14:17;Reclamação;Velocidade;Velocidade abaixo do contratado;Respondida;SCM;TELEFONICA BRASIL S.A.;Grande;Vivo;SP;SÃO PAULO;SCM
15/10/2022;07:36;Reclamação;Cobrança;Cobrança indevida;Pendente;SCM;OI S.A.;Grande;Oi;TO;TO - INTERIOR;SCM
15/06/2022;20:53;Reclamação;Instalação;Prazo de instalação excedido;Respondida;SCM;OI S.A.;Grande;Oi;PR;CURITIBA;SCM
04/02/2022;12:47;Reclamação;Velocidade;Velocidade abaixo do contratado;Respondida;SCM;TELEFONICA BRASIL S.A.;Grande;Vivo;SP;SÃO PAULO;SCM
24/02/2022;12:41;Reclamação;Velocidade;Velocidade abaixo do contratado;Respondida;SCM;CLARO S.A.;Grande;Claro;RJ;RIO DE JANEIRO;SCM
14/03/2022;20:52;Reclamação;Cobrança;Cobrança indevida;Respondida;SCM;OI S.A.;Grande;Oi;RS;CANOAS;SCM
11/01/2023;19:55;Reclamação;Velocidade;Velocidade abaixo do contratado;Respondida;SCM;TIM S.A.;Grande;TIM;SP;SOROCABA;SCM
23/10/2023;16:19;Reclamação;Instalação;Prazo de instalação excedido;Respondida;SCM;TIM S.A.;Grande;TIM;SP;SOROCABA;SCM
05/02/2022;13:28;Reclamação;Cobrança;Cobrança indevida;Respondida;SCM;CLARO S.A.;Grande;Claro;RJ;NOVA IGUAÇU;SCM
09/08/2022;22:36;Reclamação;Outros;Outros;Respondida;SCM;CLARO S.A.;Grande;Claro;RS;PORTO ALEGRE;SCM
10/02/2022;21:46;Reclamação;Cobrança;Cobrança indevida;Em análise;SCM;TELEFONICA BRASIL S.A.;Grande;-;PR;LONDRINA;SCM
09/02/2022;20:24;Reclamação; ;Cobrança indevida;Em análise;SCM;EMBRATEL S.A.;Grande;Claro;DF;BRASÍLIA;SCM
19/01/2022;17:40;Reclamação;Velocidade;Velocidade abaixo do contratado;Respondida;SCM;CLARO S.A.;Grande;Claro;RO;RO - INTERIOR;SCM
10/03/2022;19:15;Reclamação;Falha;Falha/Interrupção do serviço;Respondida;SCM;OI S.A.;Grande;Oi;MG;BELO HORIZONTE;SCM
15/08/2023;16:04;Reclamação;Falha;Falha/Interrupção do serviço;Respondida;SCM;TELEFONICA BRASIL S.A.;Grande;Vivo;PB;PB - INTERIOR;SCM
29/03/2023;16:50;Reclamação;Velocidade;Velocidade abaixo do contratado;Respondida;SCM;NET SERVIÇOS DE COMUNICAÇÃO S.A.;Grande;Claro;DF;CEILÂNDIA;SCM
03/10/2022;07:43;Reclamação;Velocidade;Velocidade abaixo do contratado;Pendente;SCM;CLARO S.A.;Grande;Claro;SP;CAMPINAS;SCM
25/03/2022;20:45;Reclamação;Outros;Outros;Em análise;SCM;OI S.A.;Grande;Oi;PR;PONTA GROSSA;SCM
29/08/2022;07:07;Reclamação;Velocidade;Velocidade abaixo do contratado;Respondida;SCM;TIM S.A.; ;TIM;ES;CARIACICA;SCM
14/09/2022;10:02;Reclamação;Instalação;Prazo de instalação excedido;Respondida;SCM;CLARO S.A.;Grande;Claro;AL;AL - INTERIOR;SCM
13/08/2023;20:46;Reclamação;Atendimento;Atendimento inadequado;Respondida;SCM;TELEFONICA BRASIL S.A.;Grande;Vivo;MA;IMPERATRIZ;SCM
08/12/2023;21:08;Reclamação;Falha;NÃO INFORMADO;Em análise;SCM;TELEFONICA BRASIL S.A.;Grande;Vivo;CE;CAUCAIA;SCM
05/05/2023;19:20;Reclamação;Falha;Falha/Interrupção do serviço;Em análise;SCM;CLARO S.A.;Grande;Claro;SP;CAMPINAS;SCM
19/04/2022;21:23;Reclamação;Atendimento;Atendimento inadequado;Respondida;SCM;TIM S.A.;Grande;TIM;SP;SÃO PAULO;SCM
03/01/2023;11:01;Reclamação;Velocidade;Velocidade abaixo do contratado;Respondida;SCM;CLARO S.A.;Grande;Claro;TO;TO - INTERIOR;SCM
29/05/2022;07:18;Reclamação;Cobrança; ;Pendente;SCM;TIM S.A.;Grande;TIM;RJ;NITERÓI;SCM
27/11/2023;22:11;Reclamação;Velocidade;Velocidade abaixo do contratado;Respondida;SCM;TIM S.A.;Grande;TIM;RN;RN - INTERIOR;SCM
02/02/2022;09:25;Reclamação;Falha;Falha/Interrupção do serviço;Pendente;SCM;N/A;Grande;TIM;RJ;RIO DE JANEIRO;SCM
30/10/2023;17:30;Reclamação;Instalação;Prazo de instalação excedido;Pendente;SCM;CLARO S/A;Grande;Claro;SP;SÃO PAULO;SCM
10/04/2023;12:56;Reclamação;Velocidade;Velocidade abaixo do contratado;Respondida;SCM;NÃO INFORMADO;Grande;Claro;RJ;DUQUE DE CAXIAS;SCM
21/12/2022;21:14;Reclamação;Falha;Falha/Interrupção do serviço;Respondida;SCM;CLARO S.A.;Grande;Claro;RJ;NITERÓI;SCM
03/04/2023;10:05;Reclamação;Cobrança;Cobrança indevida;Respondida;SCM;SERCOMTEL S.A. - TELECOMUNICAÇÕES;Pequeno;Sercomtel;MA;TIMON;SCM
10/11/2022;20:20;Reclamação;Velocidade;Velocidade abaixo do contratado;Respondida;SCM;CLARO S.A.;Grande;Claro;PA;SANTARÉM;SCM
22/02/2023;20:22;Reclamação;Falha;Falha/Interrupção do serviço;Respondida;SCM;CLARO S.A.;Grande;Claro;AC;AC - INTERIOR;SCM
25/08/2023;16:10;Reclamação;Falha;Falha/Interrupção do serviço;Respondida;SCM;TELEFONICA BRASIL S.A.;Grande;Vivo;MT;VÁRZEA GRANDE;SCM
28/06/2022;21:49;Reclamação;Falha;Falha/Interrupção do serviço;Respondida;SCM;CLARO S.A.;Grande;Claro;BA;VITÓRIA DA CONQUISTA;SCM
03/01/2023;15:08;Reclamação;Falha;Falha/Interrupção do serviço;Respondida;SCM;CLARO S/A;Grande;Claro;MT;CUIABÁ;SCM
25/09/2023;08:47;Reclamação;Atendimento;Atendimento inadequado;Respondida;SCM;TIM S.A.;Grande;TIM;AC;AC - INTERIOR;SCM
21/03/2023;10:29;Reclamação;Velocidade;Velocidade abaixo do contratado;Respondida;SCM;CLARO S/A;Grande;N/A;BA;SALVADOR;SCM
19/04/2022;10:31;Reclamação;Velocidade;Velocidade abaixo do contratado;Respondida;SCM;TIM S.A.;Grande;TIM;SP;SOROCABA;SCM
12/08/2022;07:56;Reclamação;Velocidade;Velocidade abaixo do contratado;Respondida;SCM;TELEFONICA BRASIL S.A.;Grande;Vivo;PE;CARUARU;SCM
15/11/2023;19:48;Reclamação;Velocidade;Velocidade abaixo do contratado;Respondida;SCM;TELEFONICA BRASIL S.A.;Grande;Vivo;SP;GUARULHOS;SCM
12/10/2023;11:42;Reclamação;N/A;Cobrança indevida;Respondida;SCM;N/A;Grande;TIM;MA;TIMON;SCM
01/05/2022;14:23;Reclamação;Instalação;Prazo de instalação excedido;Respondida;SCM;CLARO S.A.;Grande;Claro;MS;TRÊS LAGOAS;SCM
04/03/2023;12:56;Reclamação;Cobrança;Cobrança indevida;Respondida;SCM;TIM S.A.;Grande;TIM;MG;CONTAGEM;SCM
04/07/2023;10:55;Reclamação;Velocidade;Velocidade abaixo do contratado;Respondida;SCM;OI S.A.;Grande;Oi;RJ;NITERÓI;SCM
14/10/2023;22:20;Reclamação;Atendimento;Atendimento inadequado;Respondida;SCM;TIM S.A.;Grande;TIM;PR;CURITIBA;SCM
13/03/2023;10:09;Reclamação;Falha;Falha/Interrupção do serviço;Pendente;SCM;OI S.A.;Grande;Oi;PE;RECIFE;SCM
21/08/2023;19:38;Reclamação;Cobrança;Cobrança indevida;Respondida;SCM;TELEFONICA BRASIL S.A.;Grande;Vivo;MA;TIMON;SCM
23/02/2023;21:56;Reclamação;Cobrança;Cobrança indevida;Respondida;SCM;Tim S.A.;Grande;TIM;RO;RO - INTERIOR;SCM
03/04/2022;09:04;Reclamação;Cobrança;Cobrança indevida;Respondida;SCM;TELEFONICA BRASIL S.A.;Grande;Vivo;SP;SANTOS;SCM
24/05/2022;18:47;Reclamação;Falha;Falha/Interrupção do serviço;Respondida;SCM;TELEFONICA BRASIL S.A.;Grande;Vivo;RJ;NOVA IGUAÇU;SCM
18/10/2023;22:28;Reclamação;NÃO INFORMADO;Prazo de instalação excedido;Pendente;SCM;TELEFONICA BRASIL S.A.;Grande;Vivo;RS;PORTO ALEGRE;SCM
23/03/2022;15:47;Reclamação;Velocidade;Velocidade abaixo do contratado;Respondida;SCM;TELEFONICA BRASIL S.A.;Grande;Vivo;SP;CAMPINAS;SCM
28/10/2022;11:11;Reclamação;Atendimento;Atendimento inadequado;Pendente;SCM;TELEFONICA BRASIL S.A.;Grande;Vivo;SC;SC - INTERIOR;SCM
17/09/2023;19:12;Reclamação;Falha;Falha/Interrupção do serviço;Respondida;SCM;TIM S.A.;Grande;TIM;PR;MARINGÁ;SCM
07/11/2022;20:19;Reclamação;NÃO INFORMADO;Atendimento inadequado;Respondida;SCM;CLARO S.A.;Grande;Claro;AC;AC - INTERIOR;SCM
03/09/2023;22:02;Reclamação;Velocidade;Velocidade abaixo do contratado;Pendente;SCM;EMBRATEL S.A.;Grande;Claro;MT;SINOP;SCM
15/08/2023;11:15;Reclamação;Contrato;Cancelamento não realizado;Pendente;SCM;OI S.A.;Grande;Oi;MG;UBERLÂNDIA;SCM
31/05/2023;13:35;Reclamação;Contrato;Cancelamento não realizado;Em análise;SCM;CLARO S.A.;Grande;Claro;PA;SANTARÉM;SCM
13/12/2022;10:13;Reclamação;Falha;Falha/Interrupção do serviço;Pendente;SCM;CLARO S.A.;Grande;Claro;RJ;DUQUE DE CAXIAS;SCM
11/05/2023;15:57;Reclamação;Velocidade;Velocidade abaixo do contratado;Respondida;SCM;TELEFONICA BRASIL S.A.;Grande;Vivo;ES;CARIACICA;SCM
29/09/2023;19:43;Reclamação;Cobrança;Cobrança indevida;Respondida;SCM;TELEFONICA BRASIL S.A.;Grande;Vivo;SC;SC - INTERIOR;SCM
08/07/2022;20:22;Reclamação;Velocidade;Velocidade abaixo do contratado;Pendente;SCM;OI S.A.;Grande;Oi;SC;SC - INTERIOR;SCM
29/04/2022;21:40;Reclamação;Instalação;Prazo de instalação excedido;Respondida;SCM;TIM S.A.;Grande;TIM;BA;SALVADOR;SCM
14/04/2022;11:42;Reclamação;Cobrança;Cobrança indevida;Respondida;SCM;TELEFONICA BRASIL S.A.;Grande;Vivo;SP;SANTOS;SCM
08/12/2023;07:19;Reclamação;Atendimento;Atendimento inadequado;Pendente;SCM;TELEFONICA BRASIL S.A.;Grande;Vivo;PR;MARINGÁ;SCM
01/12/2023;15:18;Reclamação;Velocidade;Velocidade abaixo do contratado;Pendente;SCM;TIM S.A.;Grande;TIM;GO;ANÁPOLIS;SCM
13/12/2023;10:08;Reclamação;Velocidade;Velocidade abaixo do contratado;Respondida;SCM;CLARO S.A.;Grande;Claro;MT;SINOP;SCM
31/01/2022;10:55;Reclamação;Velocidade;Velocidade abaixo do contratado;Em análise;SCM;CLARO S.A.;Grande;Claro;BA;VITÓRIA DA CONQUISTA;SCM
13/02/2022;13:45;Reclamação;Cobrança;Cobrança indevida;Respondida;SCM;TELEFONICA BRASIL S.A.;Grande;Vivo;AL;AL - INTERIOR;SCM
07/01/2022;17:52;Reclamação; ;Velocidade abaixo do contratado;Respondida;SCM;TIM S.A.;Grande;TIM;RS;CAXIAS DO SUL;SCM
14/11/2023;18:52;Reclamação;Falha;Falha/Interrupção do serviço;Respondida;SCM;NÃO INFORMADO;Grande;Oi;MG;JUIZ DE FORA;SCM
23/07/2023;07:35;Reclamação;Falha;Falha/Interrupção do serviço;Respondida;SCM;CLARO S/A;Grande;Claro;RS;PORTO ALEGRE;SCM
01/06/2023;08:11;Reclamação;Instalação;Prazo de instalação excedido;Respondida;SCM;Claro S.A.;Grande;Claro;RJ;NOVA IGUAÇU;SCM
11/11/2023;09:19;Reclamação;Velocidade;Velocidade abaixo do contratado;Respondida;SCM;TIM S.A.;Grande;TIM;RJ;NITERÓI;SCM
20/01/2023;15:36;Reclamação;Velocidade;Velocidade abaixo do contratado;Respondida;SCM;CLARO S/A;Grande;Claro;SP;CAMPINAS;SCM
20/04/2022;16:29;Reclamação;Velocidade;Velocidade abaixo do contratado;Respondida;SCM;TELEFONICA BRASIL S.A.;Grande;Vivo;BA;SALVADOR;SCM
02/09/2023;19:04;Reclamação;Outros;Outros;Respondida;SCM;TIM S.A.;Grande;TIM;BA;VITÓRIA DA CONQUISTA;SCM
16/07/2023;07:19;Reclamação;Falha;Falha/Interrupção do serviço;Respondida;SCM;SERCOMTEL S.A. - TELECOMUNICAÇÕES;Pequeno;Sercomtel;CE;CAUCAIA;SCM
18/08/2023;19:28;Reclamação;Atendimento;Atendimento inadequado;Respondida;SCM;NET SERVIÇOS DE COMUNICAÇÃO S.A.;Grande;Claro;SP;CAMPINAS;SCM
26/02/2023;07:36;Reclamação;Contrato;Cancelamento não realizado;Pendente;SCM;TIM S.A.;Grande;TIM;RS;CAXIAS DO SUL;SCM
22/03/2023;20:07;Reclamação;Falha;Falha/Interrupção do serviço;Respondida;SCM;CLARO S/A;Grande;Claro;MG;CONTAGEM;SCM
14/05/2023;16:02;Reclamação;Velocidade;Velocidade abaixo do contratado;Respondida;SCM;TELEFONICA BRASIL S.A.;Grande;Vivo;MG;BELO HORIZONTE;SCM
29/12/2022;10:13;Reclamação;Atendimento;Atendimento inadequado;Respondida;SCM;Telefonica Brasil S.A.;Grande;Vivo;SP;SOROCABA;SCM
09/04/2023;20:25;Reclamação;Atendimento;Atendimento inadequado;Respondida;SCM;CLARO S/A;Grande;Claro;AC;AC - INTERIOR;SCM
08/10/2023;19:21;Reclamação;Velocidade;Velocidade abaixo do contratado;Respondida;SCM;OI S.A.;Grande;Oi;PA;SANTARÉM;SCM
19/08/2023;17:50;Reclamação;-;Cobrança indevida;Respondida;SCM;TIM S.A.;Grande;TIM;SC;SC - INTERIOR;SCM
03/12/2022;14:30;Reclamação;N/A;Velocidade abaixo do contratado;Respondida;SCM;NET SERVIÇOS DE COMUNICAÇÃO S.A.;Grande;Claro;PR;LONDRINA;SCM
01/08/2022;21:19;Reclamação;Cobrança;Cobrança indevida;Em análise;SCM;TELEFONICA BRASIL S.A.;Grande;Vivo;RJ;RIO DE JANEIRO;SCM
03/09/2022;21:09;Reclamação;Velocidade;Velocidade abaixo do contratado;Respondida;SCM;TELEFONICA BRASIL S.A.;Grande;Vivo;GO;APARECIDA DE GOIÂNIA;SCM
18/11/2023;20:00;Reclamação;Contrato;Cancelamento não realizado;Pendente;SCM;OI S.A.;Grande;Oi;GO;APARECIDA DE GOIÂNIA;SCM
01/04/2023;20:23;Reclamação;Outros;Outros;Respondida;SCM;NET SERVIÇOS DE COMUNICAÇÃO S.A.;Grande;Claro;BA;VITÓRIA DA CONQUISTA;SCM
28/05/2023;11:19;Reclamação;Contrato;Cancelamento não realizado;Respondida;SCM;SERCOMTEL S.A. - TELECOMUNICAÇÕES;Pequeno;Sercomtel;PA;BELÉM;SCM
26/05/2023;13:55;Reclamação;Falha;Falha/Interrupção do serviço;Respondida;SCM;CLARO S.A.;Grande;Claro;BA;SALVADOR;SCM
31/08/2022;10:49;Reclamação;Falha;Falha/Interrupção do serviço;Respondida;SCM;CLARO S.A.;Grande;Claro;PA;ANANINDEUA;SCM
21/01/2022;08:34;Reclamação;Velocidade;Velocidade abaixo do contratado;Respondida;SCM;CLARO S.A.;Grande;Claro;RJ;RIO DE JANEIRO;SCM
19/07/2022;11:55;Reclamação;Falha;Falha/Interrupção do serviço;Respondida;SCM;TIM S.A.;Grande;TIM;PA;BELÉM;SCM
02/02/2023;16:25;Reclamação;Atendimento;Atendimento inadequado;Respondida;SCM;OI S.A.;Grande;Oi;MG;CONTAGEM;SCM
17/07/2023;22:47;Reclamação;Velocidade;Velocidade abaixo do contratado;Respondida;SCM;CLARO S.A.;Grande;Claro;PR;MARINGÁ;SCM
02/08/2022;19:26;Reclamação;Velocidade;Velocidade abaixo do contratado;Respondida;SCM;OI S.A.;Grande;Oi;MS;DOURADOS;SCM
07/04/2022;12:26;Reclamação;Contrato;Cancelamento não realizado;Respondida;SCM;CLARO S.A.;Grande;Claro;GO;ANÁPOLIS;SCM
22/09/2022;10:39;Reclamação;Velocidade;Velocidade abaixo do contratado;Respondida;SCM;TIM S.A.;Grande;TIM;PE;CARUARU;SCM
02/04/2023;22:56;Reclamação;Falha;Falha/Interrupção do serviço;Respondida;SCM;CLARO S.A.;Grande;Claro;SP;SÃO PAULO;SCM
17/08/2023;07:12;Reclamação;Velocidade;Velocidade abaixo do contratado;Respondida;SCM;EMBRATEL S.A.;Grande; ;BA;FEIRA DE SANTANA;SCM
22/02/2023;07:37;Reclamação;Falha;Falha/Interrupção do serviço;Respondida;SCM;OI S.A.;Grande;Oi;SP;CAMPINAS;SCM
22/10/2022;11:21;Reclamação;Velocidade;Velocidade abaixo do contratado;Respondida;SCM;CLARO S.A.;Grande;Claro;CE;SOBRAL;SCM
02/07/2022;08:35;Reclamação;Outros;Outros;Respondida;SCM;OI S.A.;Grande;Oi;SP;SÃO PAULO;SCM
12/10/2023;09:36;Reclamação;Atendimento;Atendimento inadequado;Respondida;SCM;EMBRATEL S.A.;Grande;Claro;AP;AP - INTERIOR;SCM
11/02/2023;18:12;Reclamação;Cobrança;Cobrança indevida;Respondida;SCM;CLARO S/A;Grande;Claro;AM;MANAUS;SCM
16/03/2022;09:59;Reclamação;Cobrança;Cobrança indevida;Respondida;SCM;CLARO S.A.;Grande;Claro;RS;CANOAS;SCM
06/04/2023;13:32;Reclamação;Cobrança;Cobrança indevida;Respondida;SCM;TELEFONICA BRASIL S.A.;Grande;Vivo;MS;TRÊS LAGOAS;SCM
23/10/2022;07:09;Reclamação;Cobrança;Cobrança indevida;Respondida;SCM;TELEFONICA BRASIL S.A.;Grande;Vivo;TO;TO - INTERIOR;SCM
17/01/2023;11:02;Reclamação;Atendimento;Atendimento inadequado;Respondida;SCM;OI S.A.;Grande;Oi;RS;PELOTAS;SCM
04/11/2022;15:08;Reclamação;Atendimento;Atendimento inadequado;Em análise;SCM;SERCOMTEL S.A. - TELECOMUNICAÇÕES;Pequeno;Sercomtel;SP;SÃO PAULO;SCM
02/07/2022;08:02;Reclamação;Velocidade;Velocidade abaixo do contratado;Em análise;SCM;Tim S.A.;Grande;TIM;PR;MARINGÁ;SCM
26/05/2023;14:45;Reclamação;Cobrança;Cobrança indevida;Respondida;SCM;TELEFONICA BRASIL S.A.;Grande;Vivo;MG;UBERLÂNDIA;SCM
18/02/2023;14:13;Reclamação;Velocidade;Velocidade abaixo do contratado;Pendente;SCM;CLARO S.A.;Grande;Claro;PR;CURITIBA;SCM
12/07/2023;19:43;Reclamação;Cobrança;Cobrança indevida;Em análise;SCM;OI S.A.;Grande;Oi;GO;GOIÂNIA;SCM
10/01/2022;20:04;Reclamação;Cobrança;Cobrança indevida;Respondida;SCM;TELEFONICA BRASIL S.A.;Grande;Vivo;SP;SOROCABA;SCM
01/09/2022;12:25;Reclamação;Velocidade;Velocidade abaixo do contratado;Respondida;SCM;TIM S.A.;Grande;TIM;SC;SC - INTERIOR;SCM
08/06/2023;19:50;Reclamação;Falha;Falha/Interrupção do serviço;Respondida;SCM;Telefonica Brasil S.A.;Grande;Vivo;MS;DOURADOS;SCM
12/04/2022;21:08;Reclamação;Falha;Falha/Interrupção do serviço;Respondida;SCM;TIM S.A.;Grande;TIM;SP;SANTOS;SCM
10/08/2022;20:25;Reclamação;Contrato;Cancelamento não realizado;Pendente;SCM;TELEFONICA BRASIL S.A.;Grande;Vivo;BA;SALVADOR;SCM
11/02/2023;12:32;Reclamação;Falha;Falha/Interrupção do serviço;Respondida;SCM;TIM S.A.;Grande;TIM;MG;CONTAGEM;SCM
18/07/2023;11:26;Reclamação;Cobrança;Cobrança indevida;Respondida;SCM;TIM S.A.;Grande;TIM;MG;UBERLÂNDIA;SCM
19/09/2022;12:11;Reclamação;N/A;Velocidade abaixo do contratado;Respondida;SCM;CLARO S.A.;Grande;Claro;SP;CAMPINAS;SCM
25/12/2023;19:12;Reclamação;Velocidade;Velocidade abaixo do contratado;Respondida;SCM;OI S.A.;Grande;Oi;BA;SALVADOR;SCM
25/01/2022;18:31;Reclamação;Velocidade;Velocidade abaixo do contratado;Respondida;SCM;CLARO S.A.;Grande;Claro;SP;CAMPINAS;SCM
05/11/2022;18:12;Reclamação;Atendimento;Atendimento inadequado;Respondida;SCM;TIM S.A.;Grande;TIM;SP;GUARULHOS;SCM
09/04/2022;13:02;Reclamação;Velocidade;Velocidade abaixo do contratado;Em análise;SCM;TIM S.A.;Grande;TIM;SP;SOROCABA;SCM
01/11/2023;12:55;Reclamação;Contrato;Cancelamento não realizado;Respondida;SCM;CLARO S.A.;Grande;Claro;SC;SC - INTERIOR;SCM
22/04/2022;16:29;Reclamação;Velocidade;Velocidade abaixo do contratado;Respondida;SCM;CLARO S.A.;Grande;Claro;BA;VITÓRIA DA CONQUISTA;SCM
02/01/2022;16:33;Reclamação;Atendimento;Atendimento inadequado;Respondida;SCM;CLARO S.A.;Grande;Claro;PR;CURITIBA;SCM
10/01/2023;22:25;Reclamação;NÃO INFORMADO;Velocidade abaixo do contratado;Respondida;SCM;SERCOMTEL S.A. - TELECOMUNICAÇÕES;Pequeno;Sercomtel;SP;CAMPINAS;SCM
27/02/2022;10:43;Reclamação;Atendimento;Atendimento inadequado;Respondida;SCM;OI S.A.;Grande;Oi;MG;UBERLÂNDIA;SCM
19/01/2022;10:01;Reclamação;Falha;Falha/Interrupção do serviço;Em análise;SCM;TIM S.A.;Grande;TIM;MA;TIMON;SCM
17/04/2022;09:11;Reclamação;Falha;Falha/Interrupção do serviço;Respondida;SCM;CLARO S/A;Grande;Claro;SP;SANTOS;SCM
22/02/2023;11:38;Reclamação;Instalação;Prazo de instalação excedido;Respondida;SCM;TIM S.A.;Grande;TIM;RJ;NITERÓI;SCM
28/01/2023;14:43;Reclamação;Cobrança;Cobrança indevida;Respondida;SCM;TIM S.A.;Grande;TIM;RJ;DUQUE DE CAXIAS;SCM
18/03/2022;11:29;Reclamação;Falha;Falha/Interrupção do serviço;Respondida;SCM;Telefonica Brasil S.A.;Grande;Vivo;ES;VILA VELHA;SCM
29/01/2023;15:40;Reclamação;Velocidade;Velocidade abaixo do contratado;Respondida;SCM;CLARO S/A;NÃO INFORMADO;Claro;GO;ANÁPOLIS;SCM
16/06/2023;22:49;Reclamação;Instalação;Prazo de instalação excedido;Respondida;SCM;CLARO S.A.;Grande;Claro;MG;BELO HORIZONTE;SCM
11/09/2023;18:01;Reclamação;Velocidade;Velocidade abaixo do contratado;Pendente;SCM;NÃO INFORMADO;Grande;Claro;TO;TO - INTERIOR;SCM
20/04/2022;09:21;Reclamação;Cobrança;Cobrança indevida;Em análise;SCM;EMBRATEL S.A.;Grande;Claro;MS;DOURADOS;SCM
05/04/2023;13:51;Reclamação;Falha;Falha/Interrupção do serviço;Respondida;SCM;TELEFONICA BRASIL S.A.;Grande;Vivo;SC;SC - INTERIOR;SCM
09/11/2022;14:14;Reclamação;N/A;Atendimento inadequado;Respondida;SCM;CLARO S.A.;Grande;Claro;BA;SALVADOR;SCM
02/05/2023;11:47;Reclamação;Falha;Falha/Interrupção do serviço;Pendente;SCM;Claro S.A.;Grande;Claro;RR;RR - INTERIOR;SCM
23/07/2023;11:07;Reclamação;Instalação;Prazo de instalação excedido;Respondida;SCM;TELEFONICA BRASIL S.A.;Grande;Vivo;RJ;DUQUE DE CAXIAS;SCM
11/09/2023;21:32;Reclamação;Velocidade;Velocidade abaixo do contratado;Respondida;SCM;TELEFONICA BRASIL S.A.;Grande;Vivo;SP;GUARULHOS;SCM
14/07/2023;19:28;Reclamação;Velocidade;Velocidade abaixo do contratado;Respondida;SCM;Telefonica Brasil S.A.;Grande;Vivo;PA;ANANINDEUA;SCM
27/01/2023;14:26;Reclamação;Falha;Falha/Interrupção do serviço;Respondida;SCM;CLARO S.A.;Grande;Claro;MG;JUIZ DE FORA;SCM
27/10/2023;15:04;Reclamação;Cobrança;Cobrança indevida;Pendente;SCM;CLARO S.A.;Grande;Claro;MG;CONTAGEM;SCM
23/12/2023;15:18;Reclamação;Falha;Falha/Interrupção do serviço;Respondida;SCM;OI S.A.;Grande;Oi;RJ;NITERÓI;SCM
06/04/2023;19:45;Reclamação;Velocidade;Velocidade abaixo do contratado;Respondida;SCM;EMBRATEL S.A.;Grande;Claro;MA;IMPERATRIZ;SCM
06/09/2023;18:16;Reclamação;Cobrança;Cobrança indevida;Respondida;SCM;TELEFONICA BRASIL S.A.;Grande;Vivo;SP;GUARULHOS;SCM
08/12/2022;22:25;Reclamação;Falha;Falha/Interrupção do serviço;Pendente;SCM;EMBRATEL S.A.;Grande;Claro;SC;SC - INTERIOR;SCM
08/01/2022;08:15;Reclamação;Velocidade;Velocidade abaixo do contratado;Respondida;SCM;TELEFONICA BRASIL S.A.;Grande;Vivo;PR;LONDRINA;SCM
14/08/2023;20:30;Reclamação;Velocidade;Velocidade abaixo do contratado;Respondida;SCM;NET SERVIÇOS DE COMUNICAÇÃO S.A.;Grande;Claro;RN;RN - INTERIOR;SCM
16/08/2022;15:34;Reclamação;Instalação;Prazo de instalação excedido;Em análise;SCM;TELEFONICA BRASIL S.A.;Grande;Vivo;SP;SOROCABA;SCM
10/10/2022;18:02;Reclamação;Velocidade;Velocidade abaixo do contratado;Respondida;SCM;Oi S.A.;Grande;Oi;ES;CARIACICA;SCM
19/03/2022;12:30;Reclamação;Falha;Falha/Interrupção do serviço;Pendente;SCM;CLARO S.A.;Grande;Claro;RJ;NOVA IGUAÇU;SCM
13/06/2023;07:07;Reclamação;Velocidade;Velocidade abaixo do contratado;Pendente;SCM;NET SERVIÇOS DE COMUNICAÇÃO S.A.;Grande;Claro;SC;SC - INTERIOR;SCM
24/01/2023;18:03;Reclamação;Velocidade;Velocidade abaixo do contratado;Pendente;SCM;CLARO S.A.;Grande;Claro;SP;SÃO PAULO;SCM
25/04/2022;18:56;Reclamação;Falha;Falha/Interrupção do serviço;Respondida;SCM;SERCOMTEL S.A. - TELECOMUNICAÇÕES;Pequeno;Sercomtel;TO;TO - INTERIOR;SCM
16/05/2022;08:03;Reclamação;Velocidade;Velocidade abaixo do contratado;Respondida;SCM;CLARO S.A.;Grande;Claro;SC;SC - INTERIOR;SCM
13/09/2022;20:07;Reclamação;Cobrança;Cobrança indevida;Respondida;SCM;OI S.A.;Grande;Oi;MT;SINOP;SCM
16/02/2022;18:40;Reclamação;Instalação;Prazo de instalação excedido;Em análise;SCM;NET SERVIÇOS DE COMUNICAÇÃO S.A.;Grande;Claro;RS;PELOTAS;SCM
20/04/2022;07:30;Reclamação;Velocidade;Velocidade abaixo do contratado;Respondida;SCM;CLARO S.A.;Grande;Claro;RN;RN - INTERIOR;SCM
05/09/2023;19:24;Reclamação;Contrato;N/A;Respondida;SCM;Claro S.A.;Grande;Claro;SE;SE - INTERIOR;SCM
15/11/2023;13:23;Reclamação;Cobrança;Cobrança indevida;Respondida;SCM;TIM S.A.;Grande;TIM;SP;GUARULHOS;SCM
17/07/2023;15:02;Reclamação;Cobrança;Cobrança indevida;Pendente;SCM;CLARO S/A;Grande;Claro;RJ;RIO DE JANEIRO;SCM
29/05/2022;22:43;Reclamação;NÃO INFORMADO;Falha/Interrupção do serviço;Respondida;SCM;CLARO S.A.;Grande;Claro;SP;SANTOS;SCM
18/12/2023;19:37;Reclamação;Contrato;Cancelamento não realizado;Respondida;SCM;OI S.A.;Grande;Oi;BA;VITÓRIA DA CONQUISTA;SCM
03/05/2022;12:38;Reclamação;Velocidade;Velocidade abaixo do contratado;Pendente;SCM;Telefonica Brasil S.A.;Grande;Vivo;MA;IMPERATRIZ;SCM
12/02/2022;09:28;Reclamação;N/A;Atendimento inadequado;Pendente;SCM;EMBRATEL S.A.;Grande;Claro;SP;CAMPINAS;SCM
30/11/2023;07:56;Reclamação;Velocidade;Velocidade abaixo do contratado;Respondida;SCM;OI S.A.;Grande;Oi;ES;VITÓRIA;SCM
07/02/2023;12:43;Reclamação;Cobrança;Cobrança indevida;Em análise;SCM;EMBRATEL S.A.;Grande;Claro;MG;BELO HORIZONTE;SCM
12/10/2022;07:10;Reclamação;Atendimento;Atendimento inadequado;Em análise;SCM;TELEFONICA BRASIL S.A.;Grande;Vivo;PR;PONTA GROSSA;SCM
12/01/2022;07:00;Reclamação;Velocidade;Velocidade abaixo do contratado;Respondida;SCM; ;Grande;Claro;RS;CAXIAS DO SUL;SCM
01/02/2023;17:30;Reclamação;Velocidade;Velocidade abaixo do contratado;Respondida;SCM;CLARO S.A.;Grande;Claro;PA;SANTARÉM;SCM
05/01/2023;13:26;Reclamação;Falha;Falha/Interrupção do serviço;Respondida;SCM;TIM S.A.;Grande;TIM;RJ;NOVA IGUAÇU;SCM
16/06/2022;14:59;Reclamação;Contrato;Cancelamento não realizado;Respondida;SCM;OI S.A.;Grande;Oi;CE;FORTALEZA;SCM
27/08/2022;18:08;Reclamação;Outros;Outros;Em análise;SCM;TELEFONICA BRASIL S.A.;Grande;Vivo;AL;AL - INTERIOR;SCM
03/02/2022;22:33;Reclamação;N/A;Velocidade abaixo do contratado;Pendente;SCM;OI S.A.;Grande;Oi;RJ;DUQUE DE CAXIAS;SCM
10/06/2022;17:22;Reclamação;Falha;Falha/Interrupção do serviço;Respondida;SCM;TELEFONICA BRASIL S.A.;Grande;Vivo;PA;ANANINDEUA;SCM
14/02/2022;09:45;Reclamação;Falha;Falha/Interrupção do serviço;Respondida;SCM;TELEFONICA BRASIL S.A.;Grande;Vivo;SP;CAMPINAS;SCM
26/06/2022;11:06;Reclamação;Cobrança;Cobrança indevida;Respondida;SCM;TELEFONICA BRASIL S.A.;Grande;Vivo;SP;CAMPINAS;SCM
03/01/2023;18:58;Reclamação;Cobrança;Cobrança indevida;Respondida;SCM;NET SERVIÇOS DE COMUNICAÇÃO S.A.;Grande;Claro;AM;PARINTINS;SCM
23/12/2023;10:44;Reclamação;Cobrança;Cobrança indevida;Respondida;SCM;TIM S.A.;Grande;TIM;SP;CAMPINAS;SCM
01/05/2023;20:49;Reclamação;Velocidade;Velocidade abaixo do contratado;Respondida;SCM;OI S.A.;Grande;Oi;PE;CARUARU;SCM
15/11/2022;10:10;Reclamação;Velocidade;Velocidade abaixo do contratado;Respondida;SCM;CLARO S.A.;Grande;Claro;RJ;DUQUE DE CAXIAS;SCM
03/03/2023;22:03;Reclamação;Atendimento;Atendimento inadequado;Respondida;SCM;CLARO S.A.;Grande;Claro;GO;APARECIDA DE GOIÂNIA;SCM
10/04/2022;20:05;Reclamação;Falha;NÃO INFORMADO;Pendente;SCM;CLARO S.A.;Grande;N/A;MG;UBERLÂNDIA;SCM
27/09/2023;15:52;Reclamação;Cobrança;Cobrança indevida;Respondida;SCM;OI S.A.;Grande;Oi;SP;SÃO PAULO;SCM
21/07/2022;15:03;Reclamação;Cobrança;Cobrança indevida;Respondida;SCM;TELEFONICA BRASIL S.A.;Grande;Vivo;PE;OLINDA;SCM
18/01/2023;10:51;Reclamação;Falha;Falha/Interrupção do serviço;Em análise;SCM;CLARO S.A.;Grande;Claro;MA;SÃO LUÍS;SCM
19/05/2022;16:24;Reclamação;Velocidade;Velocidade abaixo do contratado;Respondida;SCM;OI S.A.;Grande;Oi;MG;JUIZ DE FORA;SCM
06/12/2023;14:02;Reclamação;Falha;Falha/Interrupção do serviço;Respondida;SCM;CLARO S.A.;Grande;Claro;MG;UBERLÂNDIA;SCM
21/06/2023;14:47;Reclamação;Atendimento;Atendimento inadequado;Pendente;SCM;TELEFONICA BRASIL S.A.;Grande;Vivo;PR;CURITIBA;SCM
15/08/2023;09:57;Reclamação;Velocidade;Velocidade abaixo do contratado;Pendente;SCM;TIM S.A.;Grande;TIM;RJ;DUQUE DE CAXIAS;SCM
06/05/2023;09:22;Reclamação;Cobrança;Cobrança indevida;Em análise;SCM;CLARO S/A;Grande;Claro;MT;SINOP;SCM
08/04/2023;18:14;Reclamação;Falha;Falha/Interrupção do serviço;Respondida;SCM;NET SERVIÇOS DE COMUNICAÇÃO S.A.;Grande;Claro;SC;SC - INTERIOR;SCM
24/11/2023;18:56;Reclamação;Atendimento;Atendimento inadequado;Pendente;SCM;OI S.A.;Grande;Oi;RJ;NOVA IGUAÇU;SCM
15/11/2022;10:37;Reclamação;NÃO INFORMADO;Velocidade abaixo do contratado;Pendente;SCM;Telefonica Brasil S.A.;Grande;Vivo;DF;TAGUATINGA;SCM
25/11/2022;10:53;Reclamação;Cobrança;Cobrança indevida;Respondida;SCM;CLARO S/A;Grande;Claro;SP;SOROCABA;SCM
07/11/2023;22:29;Reclamação;Velocidade;Velocidade abaixo do contratado;Pendente;SCM;CLARO S.A.;Grande;Claro;MG;BELO HORIZONTE;SCM
21/06/2023;16:43;Reclamação; ;Falha/Interrupção do serviço;Respondida;SCM;CLARO S.A.;Grande;Claro;PE;RECIFE;SCM
27/02/2023;18:20;Reclamação;Instalação;Prazo de instalação excedido;Respondida;SCM;TELEFONICA BRASIL S.A.;Grande;Vivo;RN;RN - INTERIOR;SCM
30/08/2023;18:13;Reclamação;Velocidade;Velocidade abaixo do contratado;Respondida;SCM;TIM S.A.;Grande;TIM;RS;CANOAS;SCM
17/11/2023;14:44;Reclamação;Velocidade;Velocidade abaixo do contratado;Respondida;SCM;TIM S.A.;Grande;TIM;SC;SC - INTERIOR;SCM
18/06/2023;15:02;Reclamação;Falha;Falha/Interrupção do serviço;Respondida;SCM;TIM S.A.;Grande;TIM;SP;SANTOS;SCM
23/09/2022;17:28;Reclamação;Velocidade;Velocidade abaixo do contratado;Respondida;SCM;TELEFONICA BRASIL S.A.;Grande;Vivo;PE;OLINDA;SCM
06/06/2023;13:06;Reclamação;Velocidade;Velocidade abaixo do contratado;Respondida;SCM;CLARO S.A.;Grande;Claro;MT;VÁRZEA GRANDE;SCM
30/10/2022;08:32;Reclamação;Falha;Falha/Interrupção do serviço;Em análise;SCM;TIM S.A.;Grande;TIM;MG;BELO HORIZONTE;SCM
25/05/2023;22:54;Reclamação;Cobrança;Cobrança indevida;Respondida;SCM;CLARO S.A.;Grande;Claro;ES;CARIACICA;SCM
13/02/2023;17:05;Reclamação;Falha;Falha/Interrupção do serviço;Em análise;SCM;SERCOMTEL S.A. - TELECOMUNICAÇÕES;Pequeno;Sercomtel;RJ;RIO DE JANEIRO;SCM
14/12/2022;20:21;Reclamação;Velocidade;Velocidade abaixo do contratado;Respondida;SCM;TIM S.A.;Grande;TIM;CE;FORTALEZA;SCM
30/12/2023;16:52;Reclamação;Falha;Falha/Interrupção do serviço;Respondida;SCM;CLARO S.A.;Grande;Claro;RJ;NOVA IGUAÇU;SCM
22/07/2022;11:22;Reclamação;Falha;Falha/Interrupção do serviço;Respondida;SCM;TIM S.A.;Grande;TIM;PA;SANTARÉM;SCM
05/10/2023;20:24;Reclamação;Velocidade;Velocidade abaixo do contratado;Respondida;SCM;TIM S.A.;Grande;TIM;CE;SOBRAL;SCM
25/06/2023;16:18;Reclamação;Atendimento;Atendimento inadequado;Respondida;SCM;NET SERVIÇOS DE COMUNICAÇÃO S.A.;Grande;Claro;CE;JUAZEIRO DO NORTE;SCM
12/03/2023;15:56;Reclamação;Atendimento;Atendimento inadequado;Pendente;SCM;NET SERVIÇOS DE COMUNICAÇÃO S.A.;Grande;Claro;BA;VITÓRIA DA CONQUISTA;SCM
04/10/2022;14:43;Reclamação;Contrato;Cancelamento não realizado;Pendente;SCM;TELEFONICA BRASIL S.A.;Grande;Vivo;MG;BELO HORIZONTE;SCM
30/09/2022;21:05;Reclamação;Velocidade;-;Respondida;SCM;Sercomtel S.A. - Telecomunicações;Pequeno;Sercomtel;PE;OLINDA;SCM
27/04/2022;22:26;Reclamação;Atendimento;Atendimento inadequado;Respondida;SCM;CLARO S.A.;Grande;Claro;RS;PELOTAS;SCM
14/03/2023;10:57;Reclamação;Velocidade;Velocidade abaixo do contratado;Pendente;SCM;TIM S.A.;Grande;TIM;TO;TO - INTERIOR;SCM
02/09/2022;09:16;Reclamação;Velocidade;Velocidade abaixo do contratado;Pendente;SCM;NET SERVIÇOS DE COMUNICAÇÃO S.A.;Grande;Claro;RJ;NITERÓI;SCM
28/03/2023;14:19;Reclamação;Atendimento;Atendimento inadequado;Pendente;SCM;CLARO S.A.;Grande;Claro;SP;CAMPINAS;SCM
06/08/2023;21:44;Reclamação;Falha;Falha/Interrupção do serviço;Pendente;SCM;NET SERVIÇOS DE COMUNICAÇÃO S.A.;Grande;Claro;PR;CURITIBA;SCM
20/08/2023;17:14;Reclamação;Velocidade;Velocidade abaixo do contratado;Pendente;SCM;TIM S.A.;Grande;TIM;RO;RO - INTERIOR;SCM
20/01/2023;10:03;Reclamação;Cobrança;Cobrança indevida;Respondida;SCM;CLARO S/A;Grande;Claro;SP;CAMPINAS;SCM
08/11/2023;13:47;Reclamação;Velocidade;Velocidade abaixo do contratado;Respondida;SCM;NET SERVIÇOS DE COMUNICAÇÃO S.A.;Grande;Claro;DF;TAGUATINGA;SCM
04/08/2022;08:05;Reclamação;Velocidade;Velocidade abaixo do contratado;Respondida;SCM;TIM S.A.;Grande;TIM;RJ;RIO DE JANEIRO;SCM
06/02/2023;20:50;Reclamação;Cobrança;Cobrança indevida;Pendente;SCM;TELEFONICA BRASIL S.A.;N/A;Vivo;PA;BELÉM;SCM
12/06/2022;17:16;Reclamação;Cobrança;Cobrança indevida;Pendente;SCM;EMBRATEL S.A.;Grande;Claro;PR;LONDRINA;SCM
31/12/2022;18:12;Reclamação;Velocidade;Velocidade abaixo do contratado;Pendente;SCM;TIM S.A.;Grande;TIM;SP;CAMPINAS;SCM
09/03/2022;10:43;Reclamação;Velocidade;Velocidade abaixo do contratado;Respondida;SCM;CLARO S.A.;Grande;Claro;ES;VITÓRIA;SCM
17/11/2022;12:39;Reclamação;Falha;Falha/Interrupção do serviço;Respondida;SCM;TIM S.A.;Grande;TIM;SP;SÃO PAULO;SCM
10/12/2022;08:24;Reclamação;Velocidade;Velocidade abaixo do contratado;Respondida;SCM;CLARO S.A.;Grande;Claro;RS;PELOTAS;SCM
11/08/2023;10:12;Reclamação;Falha;Falha/Interrupção do serviço;Respondida;SCM;TIM S.A.;NÃO INFORMADO;TIM;SP;SÃO PAULO;SCM
08/05/2022;22:46;Reclamação;NÃO INFORMADO;Cancelamento não realizado;Respondida;SCM;TIM S.A.;Grande;TIM;SP;SANTOS;SCM
22/03/2023;09:30;Reclamação;Contrato;Cancelamento não realizado;Pendente;SCM;CLARO S.A.;Grande;Claro;PA;SANTARÉM;SCM
07/04/2023;22:30;Reclamação;Atendimento;Atendimento inadequado;Pendente;SCM;CLARO S.A.;Grande;Claro;SP;SANTOS;SCM
06/12/2022;18:00;Reclamação;Velocidade;Velocidade abaixo do contratado;Respondida;SCM;CLARO S.A.;Grande;Claro;SP;SÃO PAULO;SCM
05/02/2022;16:20;Reclamação;Velocidade;Velocidade abaixo do contratado;Respondida;SCM;TELEFONICA BRASIL S.A.;Grande;Vivo;CE;SOBRAL;SCM
22/03/2022;08:41;Reclamação;Cobrança;Cobrança indevida;Pendente;SCM;SERCOMTEL S.A. - TELECOMUNICAÇÕES;Pequeno;Sercomtel;SP;SÃO PAULO;SCM
04/09/2023;07:48;Reclamação;Cobrança;Cobrança indevida;Respondida;SCM;NET SERVIÇOS DE COMUNICAÇÃO S.A.;Grande;Claro;RJ;NITERÓI;SCM
17/10/2022;18:48;Reclamação;Velocidade;Velocidade abaixo do contratado;Respondida;SCM;Claro S.A.;Grande;Claro;RS;PELOTAS;SCM
16/12/2023;20:13;Reclamação;Outros;Outros;Respondida;SCM;TIM S.A.;Grande;TIM;PE;OLINDA;SCM
15/07/2022;16:29;Reclamação;Contrato;Cancelamento não realizado;Respondida;SCM;CLARO S/A;Grande;Claro;MG;JUIZ DE FORA;SCM
08/09/2022;15:21;Reclamação;Cobrança;Cobrança indevida;Respondida;SCM;CLARO S.A.;Grande;Claro;PE;RECIFE;SCM
24/11/2022;17:33;Reclamação;Velocidade;Velocidade abaixo do contratado;Respondida;SCM;CLARO S.A.;Grande;Claro;PA;BELÉM;SCM
27/05/2022;15:47;Reclamação;Atendimento;Atendimento inadequado;Respondida;SCM;N/A;Grande;-;SP;SOROCABA;SCM
09/08/2023;16:35;Reclamação;Velocidade;Velocidade abaixo do contratado;Respondida;SCM;TELEFONICA BRASIL S.A.;Grande;Vivo;RN;RN - INTERIOR;SCM
02/05/2023;14:53;Reclamação;Velocidade;Velocidade abaixo do contratado;Pendente;SCM;TIM S.A.;Grande;TIM;MG;UBERLÂNDIA;SCM
27/03/2022;08:20;Reclamação;Falha;Falha/Interrupção do serviço;Respondida;SCM;Telefonica Brasil S.A.; ;Vivo;BA;SALVADOR;SCM
07/10/2022;21:42;Reclamação;Outros;Outros;Respondida;SCM;CLARO S.A.;Grande;Claro;RJ;NOVA IGUAÇU;SCM
15/11/2022;10:49;Reclamação;Velocidade;Velocidade abaixo do contratado;Respondida;SCM;CLARO S.A.;Grande;Claro;RJ;DUQUE DE CAXIAS;SCM
13/11/2023;14:17;Reclamação;Velocidade;Velocidade abaixo do contratado;Respondida;SCM;NET SERVIÇOS DE COMUNICAÇÃO S.A.;Grande;Claro;SP;SÃO PAULO;SCM
03/07/2023;15:06;Reclamação;Velocidade;Velocidade abaixo do contratado;Respondida;SCM;TELEFONICA BRASIL S.A.;Grande;Vivo;MG;UBERLÂNDIA;SCM
28/10/2022;13:06;Reclamação;Atendimento;Atendimento inadequado;Respondida;SCM;TIM S.A.;Grande;TIM;SC;SC - INTERIOR;SCM
01/10/2022;11:59;Reclamação;Cobrança;Cobrança indevida;Respondida;SCM;NET SERVIÇOS DE COMUNICAÇÃO S.A.;Grande;Claro;MA;TIMON;SCM
30/11/2023;20:22;Reclamação;Velocidade;Velocidade abaixo do contratado;Respondida;SCM;CLARO S.A.;Grande;Claro;SP;SÃO PAULO;SCM
17/03/2023;08:42;Reclamação;Velocidade;N/A;Respondida;SCM;CLARO S/A;Grande;Claro;RS;PELOTAS;SCM
11/02/2022;21:33;Reclamação;Instalação;Prazo de instalação excedido;Respondida;SCM;CLARO S.A.;Grande;Claro;PA;SANTARÉM;SCM
12/10/2022;22:56;Reclamação;Atendimento;Atendimento inadequado;Respondida;SCM;CLARO S.A.;Grande;Claro;MG;BELO HORIZONTE;SCM
10/12/2023;14:19;Reclamação;Velocidade;Velocidade abaixo do contratado;Respondida;SCM;TIM S.A.;Grande;TIM;RS;PORTO ALEGRE;SCM
27/06/2022;21:46;Reclamação;Falha;Falha/Interrupção do serviço;Pendente;SCM;TIM S.A.;Grande;TIM;MG;JUIZ DE FORA;SCM
09/04/2022;17:34;Reclamação;Atendimento;Atendimento inadequado;Respondida;SCM;CLARO S.A.;Grande;Claro;PB;PB - INTERIOR;SCM
28/04/2023;12:02;Reclamação;Velocidade;Velocidade abaixo do contratado;Respondida;SCM;EMBRATEL S.A.;Grande;Claro;ES;CARIACICA;SCM
16/08/2022;20:16;Reclamação;Velocidade;Velocidade abaixo do contratado;Respondida;SCM;CLARO S.A.;Grande;Claro;MA;TIMON;SCM
26/11/2022;22:20;Reclamação;Cobrança;Cobrança indevida;Respondida;SCM;TELEFONICA BRASIL S.A.;Grande;Vivo;MG;BELO HORIZONTE;SCM
26/09/2023;14:53;Reclamação;Falha;Falha/Interrupção do serviço;Respondida;SCM;TELEFONICA BRASIL S.A.;Grande;Vivo;MG;BELO HORIZONTE;SCM
28/10/2023;14:10;Reclamação;Cobrança;Cobrança indevida;Respondida;SCM;CLARO S.A.;N/A;Claro;CE;JUAZEIRO DO NORTE;SCM
19/10/2022;10:22;Reclamação;Velocidade;Velocidade abaixo do contratado;Respondida;SCM;TIM S.A.;Grande;TIM;RJ;NITERÓI;SCM
05/01/2022;16:59;Reclamação;Velocidade;Velocidade abaixo do contratado;Respondida;SCM;Telefonica Brasil S.A.;Grande;Vivo;AC;AC - INTERIOR;SCM
06/02/2022;07:52;Reclamação;Atendimento;Atendimento inadequado;Respondida;SCM;CLARO S.A.;Grande;Claro;PE;OLINDA;SCM
10/07/2022;08:54;Reclamação;Cobrança;Cobrança indevida;Respondida;SCM;TIM S.A.;Grande;N/A;BA;SALVADOR;SCM
22/08/2022;18:54;Reclamação;Falha;Falha/Interrupção do serviço;Em análise;SCM;TIM S.A.;Grande;TIM;RN;RN - INTERIOR;SCM
04/01/2022;16:34;Reclamação;Velocidade;Velocidade abaixo do contratado;Pendente;SCM;CLARO S/A;Grande;Claro;SP;GUARULHOS;SCM
01/12/2023;15:57;Reclamação;N/A;Velocidade abaixo do contratado;Pendente;SCM;CLARO S.A.;Grande;Claro;GO;ANÁPOLIS;SCM
26/07/2022;19:45;Reclamação;Velocidade;Velocidade abaixo do contratado;Pendente;SCM;TIM S.A.;Grande;TIM;RN;RN - INTERIOR;SCM
16/06/2023;09:57;Reclamação;Cobrança;Cobrança indevida;Respondida;SCM;CLARO S.A.;Grande;Claro;DF;CEILÂNDIA;SCM
17/03/2022;08:13;Reclamação;Contrato;Cancelamento não realizado;Respondida;SCM;TIM S.A.;Grande;TIM;RJ;RIO DE JANEIRO;SCM
22/08/2023;09:00;Reclamação;Velocidade;Velocidade abaixo do contratado;Respondida;SCM;TELEFONICA BRASIL S.A.;Grande;Vivo;GO;GOIÂNIA;SCM
02/06/2022;10:59;Reclamação;Falha;Falha/Interrupção do serviço;Respondida;SCM;TIM S.A.;Grande;TIM;PR;LONDRINA;SCM
22/08/2022;18:12;Reclamação;Contrato;Cancelamento não realizado;Em análise;SCM;CLARO S.A.;Grande;Claro;RJ;RIO DE JANEIRO;SCM
22/08/2023;18:59;Reclamação;Velocidade;Velocidade abaixo do contratado;Pendente;SCM;TELEFONICA BRASIL S.A.;Grande;Vivo;RS;CANOAS;SCM
19/10/2023;09:27;Reclamação;Outros;Outros;Respondida;SCM;CLARO S.A.;Grande;Claro;MA;TIMON;SCM
25/11/2023;11:24;Reclamação;Contrato;Cancelamento não realizado;Respondida;SCM;CLARO S.A.;Grande;Claro;SP;SANTOS;SCM
06/10/2022;22:02;Reclamação;Velocidade;Velocidade abaixo do contratado;Pendente;SCM;TIM S.A.;Grande;TIM;PR;PONTA GROSSA;SCM
31/12/2023;12:58;Reclamação;Velocidade;Velocidade abaixo do contratado;Respondida;SCM;CLARO S.A.;Grande;Claro;PE;CARUARU;SCM
07/02/2023;17:52;Reclamação;Velocidade;Velocidade abaixo do contratado;Pendente;SCM;CLARO S.A.;Grande;Claro;SC;SC - INTERIOR;SCM
29/03/2023;20:31;Reclamação;Outros;Outros;Em análise;SCM;NET SERVIÇOS DE COMUNICAÇÃO S.A.;Grande;Claro;AM;ITACOATIARA;SCM
23/07/2023;09:47;Reclamação;Falha;Falha/Interrupção do serviço;Respondida;SCM;TELEFONICA BRASIL S.A.;Grande;Vivo;PB;PB - INTERIOR;SCM
20/03/2022;16:32;Reclamação;Cobrança;Cobrança indevida;Respondida;SCM;CLARO S.A.;Grande;Claro;ES;VILA VELHA;SCM
23/09/2023;14:57;Reclamação;Falha;Falha/Interrupção do serviço;Pendente;SCM;TELEFONICA BRASIL S.A.;Grande;Vivo;SP;SÃO PAULO;SCM
19/10/2023;09:16;Reclamação;Falha;Falha/Interrupção do serviço;Respondida;SCM;CLARO S.A.;Grande;Claro;SP;SÃO PAULO;SCM
17/09/2023;15:10;Reclamação;Velocidade;Velocidade abaixo do contratado;Respondida;SCM;CLARO S.A.;Grande;Claro;MG;UBERLÂNDIA;SCM
27/06/2023;18:49;Reclamação;Velocidade;Velocidade abaixo do contratado;Em análise;SCM;TELEFONICA BRASIL S.A.;Grande;Vivo;SP;SANTOS;SCM
14/07/2023;15:52;Reclamação;Atendimento;Atendimento inadequado;Pendente;SCM;CLARO S.A.;Grande;Claro;MG;UBERLÂNDIA;SCM
30/04/2023;22:31;Reclamação;Velocidade;Velocidade abaixo do contratado;Respondida;SCM;Tim S.A.;Grande;TIM;SE;SE - INTERIOR;SCM
30/05/2023;11:07;Reclamação;Contrato;Cancelamento não realizado;Respondida;SCM;Claro S.A.;Grande;Claro;RJ;NOVA IGUAÇU;SCM
16/09/2022;15:58;Reclamação;Cobrança;Cobrança indevida;Pendente;SCM;CLARO S.A.;Grande;Claro;ES;CARIACICA;SCM
01/02/2023;18:58;Reclamação;Velocidade;Velocidade abaixo do contratado;Respondida;SCM;CLARO S.A.;Grande;Claro;MG;UBERLÂNDIA;SCM
11/06/2022;10:13;Reclamação;Velocidade;Velocidade abaixo do contratado;Respondida;SCM;TELEFONICA BRASIL S.A.;Grande;Vivo;SP;SÃO PAULO;SCM
24/02/2022;18:37;Reclamação;Contrato;Cancelamento não realizado;Em análise;SCM;TELEFONICA BRASIL S.A.;Grande;Vivo;MG;CONTAGEM;SCM
27/12/2023;17:43;Reclamação;Cobrança;Cobrança indevida;Em análise;SCM;CLARO S.A.;Grande;Claro;RR;RR - INTERIOR;SCM
19/10/2022;10:52;Reclamação;Cobrança;Cobrança indevida;Respondida;SCM;TIM S.A.;Grande;TIM;RS;PELOTAS;SCM
06/12/2022;21:18;Reclamação;Velocidade;Velocidade abaixo do contratado;Pendente;SCM;TELEFONICA BRASIL S.A.;Grande;Vivo;MT;VÁRZEA GRANDE;SCM
27/03/2023;20:04;Reclamação;Velocidade;Velocidade abaixo do contratado;Respondida;SCM;TIM S.A.;Grande;TIM;SP;GUARULHOS;SCM
23/07/2022;07:49;Reclamação;Falha;-;Em análise;SCM;CLARO S/A;Grande;Claro;RJ;NOVA IGUAÇU;SCM
11/02/2022;21:49;Reclamação;Velocidade;Velocidade abaixo do contratado;Respondida;SCM;CLARO S.A.;Grande;Claro;RJ;RIO DE JANEIRO;SCM
08/08/2022;22:23;Reclamação;Outros;Outros;Respondida;SCM;CLARO S/A;Grande;Claro;PI;PI - INTERIOR;SCM
22/08/2023;17:27;Reclamação;Falha;Falha/Interrupção do serviço;Em análise;SCM;TIM S.A.;Grande;TIM;SP;SÃO PAULO;SCM
17/02/2022;20:16;Reclamação;-;Atendimento inadequado;Respondida;SCM;EMBRATEL S.A.;Grande;Claro;SP;SANTOS;SCM
16/01/2022;21:16;Reclamação;Cobrança;Cobrança indevida;Respondida;SCM;TIM S.A.;Grande;TIM;SP;GUARULHOS;SCM
30/04/2022;16:32;Reclamação;Cobrança;Cobrança indevida;Respondida;SCM;EMBRATEL S.A.;Grande;Claro;PE;RECIFE;SCM
18/07/2023;09:51;Reclamação;Velocidade;Velocidade abaixo do contratado;Pendente;SCM;TELEFONICA BRASIL S.A.;Grande;Vivo;SP;SÃO PAULO;SCM
25/03/2023;12:14;Reclamação;Velocidade;Velocidade abaixo do contratado;Respondida;SCM;TELEFONICA BRASIL S.A.;Grande;Vivo;PA;BELÉM;SCM
26/11/2022;11:58;Reclamação;Atendimento;Atendimento inadequado;Em análise;SCM;TELEFONICA BRASIL S.A.;Grande;Vivo;SP;CAMPINAS;SCM
30/09/2022;14:40;Reclamação;Atendimento;Atendimento inadequado;Respondida;SCM;TELEFONICA BRASIL S.A.;Grande;Vivo;RR;RR - INTERIOR;SCM
17/09/2022;18:16;Reclamação;Falha;Falha/Interrupção do serviço;Respondida;SCM;TELEFONICA BRASIL S.A.;Grande;Vivo;MG;JUIZ DE FORA;SCM
12/04/2022;21:12;Reclamação;Velocidade;Velocidade abaixo do contratado;Respondida;SCM;CLARO S.A.;Grande;Claro;BA;FEIRA DE SANTANA;SCM
23/04/2023;07:54;Reclamação;Contrato;Cancelamento não realizado;Respondida;SCM;OI S.A.;Grande;Oi;CE;FORTALEZA;SCM
11/08/2023;11:33;Reclamação;Cobrança;Cobrança indevida;Pendente;SCM;CLARO S.A.;Grande;Claro;BA;FEIRA DE SANTANA;SCM
07/06/2023;18:52;Reclamação;Velocidade;Velocidade abaixo do contratado;Respondida;SCM;OI S.A.;Grande;Oi;PR;LONDRINA;SCM
02/03/2022;17:00;Reclamação;Cobrança;Cobrança indevida;Respondida;SCM;CLARO S.A.;Grande;Claro;SP;GUARULHOS;SCM
14/09/2023;14:20;Reclamação;Velocidade;Velocidade abaixo do contratado;Respondida;SCM;CLARO S.A.;Grande;Claro;RJ;DUQUE DE CAXIAS;SCM
12/04/2023;21:44;Reclamação;Falha;Falha/Interrupção do serviço;Respondida;SCM;OI S.A.;Grande;Oi;BA;VITÓRIA DA CONQUISTA;SCM
22/01/2023;12:21;Reclamação;Velocidade;Velocidade abaixo do contratado;Respondida;SCM;EMBRATEL S.A.;Grande;Claro;PB;PB - INTERIOR;SCM
02/05/2023;12:16;Reclamação;Atendimento;Atendimento inadequado;Respondida;SCM;TIM S.A.;Grande;TIM;MT;SINOP;SCM
13/01/2023;12:39;Reclamação;Cobrança;Cobrança indevida;Respondida;SCM;TIM S.A.;Grande;TIM;PR;PONTA GROSSA;SCM
12/03/2022;17:55;Reclamação;Atendimento;Atendimento inadequado;Respondida;SCM;CLARO S.A.;Grande;Claro;PE;RECIFE;SCM
07/08/2022;11:11;Reclamação;Atendimento;Atendimento inadequado;Em análise;SCM;CLARO S.A.;Grande;Claro;SP;GUARULHOS;SCM
13/10/2023;21:45;Reclamação;Velocidade;Velocidade abaixo do contratado;Em análise;SCM;NET SERVIÇOS DE COMUNICAÇÃO S.A.;Grande;Claro;MS;DOURADOS;SCM
18/07/2023;22:03;Reclamação;Falha;Falha/Interrupção do serviço;Respondida;SCM;CLARO S.A.;Grande;Claro;PE;CARUARU;SCM
02/04/2022;10:42;Reclamação;Velocidade;Velocidade abaixo do contratado;Em análise;SCM;CLARO S.A.;Grande;Claro;SP;GUARULHOS;SCM
17/07/2023;11:12;Reclamação;Velocidade;Velocidade abaixo do contratado;Respondida;SCM;OI S.A.;Grande;Oi;RJ;NOVA IGUAÇU;SCM
26/05/2022;17:58;Reclamação;Contrato;Cancelamento não realizado;Respondida;SCM;TELEFONICA BRASIL S.A.;Grande;Vivo;PE;RECIFE;SCM
03/02/2022;20:55;Reclamação;Falha;Falha/Interrupção do serviço;Respondida;SCM;OI S.A.;Grande;Oi;SP;GUARULHOS;SCM
13/08/2022;20:25;Reclamação;Falha;Falha/Interrupção do serviço;Respondida;SCM;TELEFONICA BRASIL S.A.;Grande;Vivo;SP;GUARULHOS;SCM
11/07/2022;19:51;Reclamação;Velocidade;Velocidade abaixo do contratado;Respondida;SCM;TIM S.A.;Grande;TIM;PE;PETROLINA;SCM
10/01/2022;22:08;Reclamação;Falha;Falha/Interrupção do serviço;Pendente;SCM;CLARO S.A.;Grande;Claro;RJ;NOVA IGUAÇU;SCM
30/06/2022;15:53;Reclamação;-;Falha/Interrupção do serviço;Respondida;SCM;OI S.A.;Grande;Oi;SP;SÃO PAULO;SCM
24/04/2023;19:44;Reclamação;Atendimento;Atendimento inadequado;Em análise;SCM;-;Grande;Vivo;CE;JUAZEIRO DO NORTE;SCM
30/07/2023;18:57;Reclamação;Atendimento;Atendimento inadequado;Pendente;SCM;CLARO S.A.;Grande;Claro;BA;SALVADOR;SCM
23/11/2023;20:44;Reclamação;Contrato;Cancelamento não realizado;Respondida;SCM;Claro S.A.;Grande;Claro;PA;MARABÁ;SCM
18/01/2023;07:30;Reclamação;Cobrança;Cobrança indevida;Pendente;SCM;EMBRATEL S.A.;Grande;Claro;RJ;NOVA IGUAÇU;SCM
12/12/2022;22:57;Reclamação;Cobrança;Cobrança indevida;Pendente;SCM;TELEFONICA BRASIL S.A.;Grande;Vivo;GO;APARECIDA DE GOIÂNIA;SCM
23/11/2023;14:46;Reclamação;Falha;Falha/Interrupção do serviço;Respondida;SCM;CLARO S.A.;Grande;Claro;ES;VILA VELHA;SCM
17/12/2022;19:24;Reclamação;Contrato;Cancelamento não realizado;Respondida;SCM;TELEFONICA BRASIL S.A.;Grande;Vivo;PE;RECIFE;SCM
20/01/2022;21:09;Reclamação;Atendimento;Atendimento inadequado;Respondida;SCM;CLARO S/A;Grande;Claro;RJ;DUQUE DE CAXIAS;SCM
05/04/2022;07:21;Reclamação;Velocidade;Velocidade abaixo do contratado;Respondida;SCM;TIM S.A.;Grande;TIM;PE;PETROLINA;SCM
26/06/2022;13:00;Reclamação;Outros;Outros;Pendente;SCM;EMBRATEL S.A.;Grande;Claro;MG;CONTAGEM;SCM
24/09/2022;18:32;Reclamação;Cobrança;Cobrança indevida;Respondida;SCM;NET SERVIÇOS DE COMUNICAÇÃO S.A.;Grande;Claro;SP;GUARULHOS;SCM
30/03/2022;22:16;Reclamação;Cobrança;Cobrança indevida;Em análise;SCM;SERCOMTEL S.A. - TELECOMUNICAÇÕES;Pequeno;Sercomtel;PA;BELÉM;SCM
03/04/2022;11:46;Reclamação;Atendimento;Atendimento inadequado;Respondida;SCM;TELEFONICA BRASIL S.A.;Grande;Vivo;PE;RECIFE;SCM
13/09/2023;11:23;Reclamação;Contrato;Cancelamento não realizado;Respondida;SCM;TELEFONICA BRASIL S.A.;Grande;Vivo;SP;GUARULHOS;SCM
30/07/2022;22:13;Reclamação;Falha;Falha/Interrupção do serviço;Respondida;SCM;OI S.A.;Grande;Oi;RJ;NITERÓI;SCM
10/08/2022;08:37;Reclamação;Cobrança;Cobrança indevida;Respondida;SCM;TELEFONICA BRASIL S.A.;Grande;Vivo;MS;TRÊS LAGOAS;SCM
27/08/2022;07:14;Reclamação;-;Cobrança indevida;Respondida;SCM;CLARO S.A.;Grande;Claro;SE;SE - INTERIOR;SCM
07/05/2023;07:41;Reclamação;Falha;Falha/Interrupção do serviço;Respondida;SCM;OI S.A.;Grande;Oi;RJ;NOVA IGUAÇU;SCM
16/11/2022;18:45;Reclamação;Velocidade;Velocidade abaixo do contratado;Respondida;SCM;TIM S.A.;Grande;TIM;RN;RN - INTERIOR;SCM
01/12/2022;07:40;Reclamação; ;Velocidade abaixo do contratado;Respondida;SCM;CLARO S/A;Grande;Claro;RJ;NOVA IGUAÇU;SCM
07/06/2023;12:30;Reclamação;Velocidade;Velocidade abaixo do contratado;Respondida;SCM;CLARO S.A.;Grande;Claro;MA;SÃO LUÍS;SCM
12/02/2023;14:52;Reclamação;Velocidade;Velocidade abaixo do contratado;Respondida;SCM;EMBRATEL S.A.;Grande;Claro;PR;CURITIBA;SCM
15/06/2023;14:06;Reclamação;Instalação;Prazo de instalação excedido;Respondida;SCM;CLARO S.A.;Grande;Claro;RN;RN - INTERIOR;SCM
08/12/2022;10:52;Reclamação;Atendimento;Atendimento inadequado;Respondida;SCM;TIM S.A.;Grande;TIM;SP;SANTOS;SCM
03/03/2022;20:48;Reclamação;Outros;Outros;Respondida;SCM;TELEFONICA BRASIL S.A.;Grande;Vivo;GO;APARECIDA DE GOIÂNIA;SCM
10/06/2022;08:56;Reclamação;Cobrança;Cobrança indevida;Respondida;SCM;TIM S.A.;Grande;TIM;MG;JUIZ DE FORA;SCM
10/07/2022;09:10;Reclamação;Velocidade;Velocidade abaixo do contratado;Respondida;SCM;TIM S.A.;Grande;TIM;SC;SC - INTERIOR;SCM
06/02/2022;14:51;Reclamação;Contrato;Cancelamento não realizado;Respondida;SCM;CLARO S/A;Grande;Claro;RJ;NOVA IGUAÇU;SCM
21/01/2023;14:43;Reclamação;Instalação;Prazo de instalação excedido;Respondida;SCM;CLARO S.A.;Grande;Claro;SP;GUARULHOS;SCM
14/10/2023;17:53;Reclamação;Instalação;Prazo de instalação excedido;Pendente;SCM;OI S.A.;Grande;Oi;RS;PELOTAS;SCM
05/07/2022;18:57;Reclamação;Atendimento;Atendimento inadequado;Respondida;SCM;CLARO S/A;Grande;Claro;SP;GUARULHOS;SCM
15/03/2022;20:58;Reclamação;Cobrança;Cobrança indevida;Respondida;SCM;CLARO S.A.;Grande;Claro;MG;JUIZ DE FORA;SCM
13/07/2023;08:50;Reclamação;Falha;Falha/Interrupção do serviço;Respondida;SCM; ;Grande;Claro;RJ;NOVA IGUAÇU;SCM
22/03/2022;09:14;Reclamação;Falha;Falha/Interrupção do serviço;Respondida;SCM;CLARO S.A.;Grande;Claro;GO;APARECIDA DE GOIÂNIA;SCM
31/12/2022;14:36;Reclamação;Atendimento;Atendimento inadequado;Respondida;SCM;CLARO S.A.;Grande;Claro;RS;CAXIAS DO SUL;SCM
06/03/2022;08:55;Reclamação;Instalação;Prazo de instalação excedido;Respondida;SCM;TIM S.A.;Grande;TIM;RJ;NITERÓI;SCM
07/10/2023;09:53;Reclamação;Atendimento;Atendimento inadequado;Respondida;SCM;CLARO S.A.;Grande;Claro;PA;SANTARÉM;SCM
17/04/2023;15:09;Reclamação;Cobrança;Cobrança indevida;Respondida;SCM;CLARO S.A.;Grande;Claro;SC;SC - INTERIOR;SCM
07/11/2022;18:29;Reclamação;Velocidade;Velocidade abaixo do contratado;Respondida;SCM;TIM S.A.;Grande;TIM;MG;BELO HORIZONTE;SCM
01/07/2022;11:06;Reclamação;Velocidade;Velocidade abaixo do contratado;Respondida;SCM;OI S.A.;Grande;Oi;RJ;NITERÓI;SCM
12/11/2022;09:14;Reclamação;Velocidade;Velocidade abaixo do contratado;Respondida;SCM;TIM S.A.;Grande;TIM;PE;RECIFE;SCM
04/06/2022;18:20;Reclamação;Cobrança;Cobrança indevida;Pendente;SCM;CLARO S.A.;Grande;Claro;PR;PONTA GROSSA;SCM
07/06/2022;22:38;Reclamação;Velocidade;Velocidade abaixo do contratado;Respondida;SCM;TELEFONICA BRASIL S.A.;Grande;Vivo;MG;UBERLÂNDIA;SCM
30/12/2023;21:36;Reclamação;Outros;Outros;Respondida;SCM;CLARO S.A.;Grande;Claro;SP;SOROCABA;SCM
21/12/2023;20:25;Reclamação;Instalação;Prazo de instalação excedido;Respondida;SCM;TELEFONICA BRASIL S.A.;Grande;Vivo;MG;JUIZ DE FORA;SCM
24/10/2023;20:45;Reclamação;Falha;Falha/Interrupção do serviço;Respondida;SCM;TELEFONICA BRASIL S.A.;Grande;Vivo;SC;SC - INTERIOR;SCM
22/09/2023;21:04;Reclamação;Falha;Falha/Interrupção do serviço;Em análise;SCM;CLARO S.A.;Grande;Claro;BA;FEIRA DE SANTANA;SCM
21/07/2023;14:15;Reclamação;Atendimento;Atendimento inadequado;Respondida;SCM;OI S.A.;Grande;Oi;GO;ANÁPOLIS;SCM
05/10/2022;19:27;Reclamação;Velocidade;Velocidade abaixo do contratado;Pendente;SCM;TELEFONICA BRASIL S.A.;Grande;Vivo;PR;MARINGÁ;SCM
07/04/2023;22:14;Reclamação;Velocidade;Velocidade abaixo do contratado;Respondida;SCM;TELEFONICA BRASIL S.A.;Grande;Vivo;PR;MARINGÁ;SCM
18/04/2022;19:02;Reclamação;Velocidade;Velocidade abaixo do contratado;Respondida;SCM;TIM S.A.;Grande;TIM;SE;SE - INTERIOR;SCM
15/08/2023;20:30;Reclamação;Falha;Falha/Interrupção do serviço;Respondida;SCM;Claro S/A;Grande;Claro;CE;SOBRAL;SCM
08/05/2022;07:21;Reclamação;Velocidade;Velocidade abaixo do contratado;Pendente;SCM;CLARO S/A;Grande;Claro;BA;SALVADOR;SCM
18/12/2022;10:43;Reclamação;Atendimento;Atendimento inadequado;Respondida;SCM;TELEFONICA BRASIL S.A.;Grande;Vivo;SP;SÃO PAULO;SCM
19/04/2022;14:27;Reclamação;Contrato;Cancelamento não realizado;Respondida;SCM;SERCOMTEL S.A. - TELECOMUNICAÇÕES;Pequeno;Sercomtel;BA;VITÓRIA DA CONQUISTA;SCM
01/02/2022;15:18;Reclamação;Cobrança;Cobrança indevida;Respondida;SCM;TIM S.A.;Grande;TIM;SP;SOROCABA;SCM
23/06/2023;17:55;Reclamação;Atendimento;Atendimento inadequado;Respondida;SCM;EMBRATEL S.A.;Grande;Claro;ES;VILA VELHA;SCM
26/11/2023;08:40;Reclamação;Contrato;Cancelamento não realizado;Respondida;SCM;TELEFONICA BRASIL S.A.;Grande;Vivo;SP;SOROCABA;SCM
19/10/2022;07:31;Reclamação;Velocidade;Velocidade abaixo do contratado;Respondida;SCM;CLARO S.A.;Grande;Claro;MG;UBERLÂNDIA;SCM
09/03/2022;21:10;Reclamação;Cobrança;Cobrança indevida;Pendente;SCM;CLARO S.A.;Grande;Claro;RS;PORTO ALEGRE;SCM
28/09/2023;08:39;Reclamação;Outros;Outros;Respondida;SCM;TELEFONICA BRASIL S.A.;Grande;Vivo;BA;VITÓRIA DA CONQUISTA;SCM
29/04/2022;10:24;Reclamação;Atendimento;Atendimento inadequado;Respondida;SCM;TIM S.A.;Grande;TIM;SP;SOROCABA;SCM
28/08/2022;13:43;Reclamação;Falha;Falha/Interrupção do serviço;Respondida;SCM;CLARO S.A.;Grande;Claro;MG;JUIZ DE FORA;SCM
25/04/2022;17:47;Reclamação;Atendimento;Atendimento inadequado;Respondida;SCM;CLARO S.A.;Grande;Claro;RS;PORTO ALEGRE;SCM
17/02/2023;08:10;Reclamação;Contrato;Cancelamento não realizado;Respondida;SCM;CLARO S.A.;Grande;Claro;MG;CONTAGEM;SCM
17/08/2022;13:44;Reclamação;Velocidade;Velocidade abaixo do contratado;Respondida;SCM;CLARO S.A.;Grande;Claro;PR;LONDRINA;SCM
03/06/2022;17:40;Reclamação; ;Velocidade abaixo do contratado;Pendente;SCM;TIM S.A.;Grande;TIM;PR;CURITIBA;SCM
10/09/2023;21:06;Reclamação;Velocidade;Velocidade abaixo do contratado;Pendente;SCM;TELEFONICA BRASIL S.A.;Grande;Vivo;PR;LONDRINA;SCM
10/01/2022;15:10;Reclamação;Velocidade;Velocidade abaixo do contratado;Respondida;SCM;TIM S.A.;Grande;TIM;PE;CARUARU;SCM
24/04/2023;09:31;Reclamação;Velocidade;Velocidade abaixo do contratado;Respondida;SCM;TIM S.A.;Grande;TIM;TO;TO - INTERIOR;SCM
11/07/2023;16:17;Reclamação;Velocidade;Velocidade abaixo do contratado;Respondida;SCM;TELEFONICA BRASIL S.A.;Grande;Vivo;MG;UBERLÂNDIA;SCM
30/01/2022;09:02;Reclamação;Contrato;Cancelamento não realizado;Respondida;SCM;CLARO S.A.;Grande;Claro;PE;PETROLINA;SCM
16/07/2023;21:50;Reclamação;Velocidade;Velocidade abaixo do contratado;Respondida;SCM;CLARO S.A.;Grande;Claro;MS;DOURADOS;SCM
20/01/2023;09:57;Reclamação;Falha;Falha/Interrupção do serviço;Respondida;SCM;OI S.A.;Grande;Oi;PB;PB - INTERIOR;SCM
22/08/2022;10:51;Reclamação;Atendimento;Atendimento inadequado;Respondida;SCM;TIM S.A.;Grande;TIM;MA;TIMON;SCM
07/12/2022;20:51;Reclamação;Contrato;Cancelamento não realizado;Respondida;SCM;OI S.A.;Grande;Oi;SC;SC - INTERIOR;SCM
10/02/2022;19:40;Reclamação;Velocidade;Velocidade abaixo do contratado;Respondida;SCM;TELEFONICA BRASIL S.A.;Grande;Vivo;SP;CAMPINAS;SCM
08/03/2022;21:38;Reclamação;Atendimento;Atendimento inadequado;Respondida;SCM;CLARO S.A.;Grande;Claro;PR;CURITIBA;SCM
03/07/2022;14:47;Reclamação;Contrato; ;Respondida;SCM;OI S.A.;Grande;Oi;MA;IMPERATRIZ;SCM
30/08/2023;12:04;Reclamação;Instalação;Prazo de instalação excedido;Respondida;SCM;TELEFONICA BRASIL S.A.;Grande;Vivo;RS;PELOTAS;SCM
30/05/2022;19:43;Reclamação;NÃO INFORMADO;Cobrança indevida;Em análise;SCM;Claro S.A.;Grande;Claro;PB;PB - INTERIOR;SCM
08/03/2023;12:34;Reclamação;Atendimento;Atendimento inadequado;Em análise;SCM;CLARO S.A.;Grande;Claro;MA;TIMON;SCM
29/08/2023;16:31;Reclamação;Velocidade;Velocidade abaixo do contratado;Respondida;SCM;Tim S.A.;Grande;TIM;SC;SC - INTERIOR;SCM
11/08/2023;13:17;Reclamação;Velocidade;Velocidade abaixo do contratado;Respondida;SCM;NET SERVIÇOS DE COMUNICAÇÃO S.A.;Grande;Claro;MA;TIMON;SCM
23/11/2022;12:29;Reclamação;Cobrança;Cobrança indevida;Respondida;SCM;CLARO S.A.;Grande;Claro;TO;TO - INTERIOR;SCM
10/05/2023;08:17;Reclamação;Contrato;Cancelamento não realizado;Pendente;SCM;TELEFONICA BRASIL S.A.;Grande;Vivo;PB;PB - INTERIOR;SCM
17/03/2022;17:05;Reclamação;Contrato;Cancelamento não realizado;Pendente;SCM;TIM S.A.;Grande;TIM;MG;CONTAGEM;SCM
04/03/2023;08:54;Reclamação;Outros;Outros;Respondida;SCM;CLARO S.A.;Grande;Claro;TO;TO - INTERIOR;SCM
12/05/2023;16:44;Reclamação;Cobrança;Cobrança indevida;Respondida;SCM;OI S.A.;Grande;Oi;PE;RECIFE;SCM
04/10/2023;08:29;Reclamação;Instalação;Prazo de instalação excedido;Respondida;SCM;TIM S.A.;Grande;TIM;RJ;NITERÓI;SCM
24/09/2023;16:44;Reclamação;Velocidade;Velocidade abaixo do contratado;Respondida;SCM;CLARO S.A.;Grande;N/A;PE;CARUARU;SCM
29/06/2023;20:00;Reclamação;NÃO INFORMADO;Falha/Interrupção do serviço;Respondida;SCM;TELEFONICA BRASIL S.A.;Grande;Vivo;CE;SOBRAL;SCM
11/09/2022;14:41;Reclamação;Cobrança;Cobrança indevida;Respondida;SCM;TELEFONICA BRASIL S.A.;Grande;Vivo;SC;SC - INTERIOR;SCM
25/01/2022;07:29;Reclamação;Velocidade;Velocidade abaixo do contratado;Respondida;SCM;TIM S.A.;Grande;TIM;PR;LONDRINA;SCM
20/12/2023;16:27;Reclamação;Contrato;Cancelamento não realizado;Respondida;SCM;OI S.A.;Grande;Oi;SP;SOROCABA;SCM
15/09/2022;19:51;Reclamação;Velocidade;Velocidade abaixo do contratado;Respondida;SCM;EMBRATEL S.A.;Grande;Claro;RJ;RIO DE JANEIRO;SCM
22/05/2023;10:21;Reclamação;Atendimento;Atendimento inadequado;Respondida;SCM;CLARO S.A.;Grande;Claro;PE;CARUARU;SCM
30/08/2022;17:03;Reclamação;Instalação;Prazo de instalação excedido;Respondida;SCM;TIM S.A.;Grande;TIM;RN;RN - INTERIOR;SCM
10/06/2022;21:12;Reclamação;Atendimento;Atendimento inadequado;Pendente;SCM;TELEFONICA BRASIL S.A.;Grande;Vivo;RO;RO - INTERIOR;SCM
24/08/2022;13:57;Reclamação;Contrato;Cancelamento não realizado;Em análise;SCM;TIM S.A.;Grande;TIM;MG;BELO HORIZONTE;SCM
01/06/2022;21:40;Reclamação;Cobrança;Cobrança indevida;Em análise;SCM;TIM S.A.;Grande;TIM;BA;FEIRA DE SANTANA;SCM
13/01/2023;12:58;Reclamação;Falha;Falha/Interrupção do serviço;Pendente;SCM;CLARO S.A.;Grande;Claro;MG;CONTAGEM;SCM
19/11/2023;13:48;Reclamação;Instalação;Prazo de instalação excedido;Respondida;SCM;TELEFONICA BRASIL S.A.;Grande;Vivo;DF;CEILÂNDIA;SCM
30/03/2023;12:32;Reclamação;Contrato;Cancelamento não realizado;Em análise;SCM;CLARO S.A.;Grande;Claro;PR;LONDRINA;SCM
14/08/2022;12:30;Reclamação;Atendimento;Atendimento inadequado;Pendente;SCM;TELEFONICA BRASIL S.A.;Grande;Vivo;PA;ANANINDEUA;SCM
27/12/2022;08:10;Reclamação;Cobrança;Cobrança indevida;Respondida;SCM;Telefonica Brasil S.A.;Grande;Vivo;ES;VILA VELHA;SCM
08/07/2022;15:57;Reclamação;Falha;Falha/Interrupção do serviço;Respondida;SCM;TELEFONICA BRASIL S.A.;Grande;Vivo;MG;JUIZ DE FORA;SCM
11/02/2023;15:04;Reclamação;Atendimento;Atendimento inadequado;Respondida;SCM;TELEFONICA BRASIL S.A.;Grande;Vivo;RO;RO - INTERIOR;SCM
29/10/2022;21:32;Reclamação;Cobrança;Cobrança indevida;Respondida;SCM;TELEFONICA BRASIL S.A.;Grande;Vivo;PR;MARINGÁ;SCM
30/11/2022;15:16;Reclamação;Cobrança;Cobrança indevida;Pendente;SCM;EMBRATEL S.A.;Grande;Claro;RJ;RIO DE JANEIRO;SCM
19/04/2022;17:37;Reclamação;NÃO INFORMADO;Cobrança indevida;Respondida;SCM;CLARO S.A.;Grande;Claro;MT;SINOP;SCM
20/08/2023;14:50;Reclamação;Falha;Falha/Interrupção do serviço;Em análise;SCM;TIM S.A.;Grande;TIM;MG;BELO HORIZONTE;SCM
11/11/2023;13:13;Reclamação;Cobrança;Cobrança indevida;Respondida;SCM;TELEFONICA BRASIL S.A.;Grande;Vivo;SP;SÃO PAULO;SCM
08/01/2022;17:59;Reclamação;Contrato;Cancelamento não realizado;Respondida;SCM;EMBRATEL S.A.;Grande;Claro;RS;CANOAS;SCM
03/04/2023;08:40;Reclamação;Falha;Falha/Interrupção do serviço;Em análise;SCM;TELEFONICA BRASIL S.A.;Grande;NÃO INFORMADO;PE;CARUARU;SCM
27/11/2022;13:03;Reclamação;Velocidade;Velocidade abaixo do contratado;Respondida;SCM;TELEFONICA BRASIL S.A.;Grande;Vivo;SP;GUARULHOS;SCM
12/02/2023;11:49;Reclamação;Falha;Falha/Interrupção do serviço;Respondida;SCM;N/A;Grande;Claro;TO;TO - INTERIOR;SCM
16/04/2023;12:13;Reclamação;Cobrança;Cobrança indevida;Em análise;SCM;TELEFONICA BRASIL S.A.;Grande;Vivo;TO;TO - INTERIOR;SCM
21/01/2023;12:29;Reclamação;Velocidade;Velocidade abaixo do contratado;Respondida;SCM;TIM S.A.;Grande;TIM;PR;MARINGÁ;SCM
30/07/2022;08:31;Reclamação;Atendimento;Atendimento inadequado;Respondida;SCM;TIM S.A.;Grande;TIM;SP;CAMPINAS;SCM
30/07/2022;10:29;Reclamação;Cobrança;Cobrança indevida;Respondida;SCM;TELEFONICA BRASIL S.A.;Grande;Vivo;MG;UBERLÂNDIA;SCM
02/01/2022;22:56;Reclamação;Atendimento;Atendimento inadequado;Respondida;SCM;CLARO S.A.;Grande;Claro;PA;SANTARÉM;SCM
15/02/2022;12:33;Reclamação;Contrato;Cancelamento não realizado;Respondida;SCM;CLARO S.A.;Grande;Claro;SP;SANTOS;SCM
21/03/2023;16:11;Reclamação;Falha;Falha/Interrupção do serviço;Respondida;SCM;NET SERVIÇOS DE COMUNICAÇÃO S.A.;Grande;Claro;PE;RECIFE;SCM
18/03/2022;08:24;Reclamação;Falha;Falha/Interrupção do serviço;Respondida;SCM;TIM S.A.;Grande;TIM;PR;LONDRINA;SCM
05/08/2023;16:00;Reclamação;Falha;Falha/Interrupção do serviço;Pendente;SCM;TELEFONICA BRASIL S.A.;Grande;Vivo;BA;SALVADOR;SCM
03/09/2023;16:46;Reclamação;Falha;Falha/Interrupção do serviço;Pendente;SCM;CLARO S/A;Grande;Claro;MG;UBERLÂNDIA;SCM
19/03/2023;22:10;Reclamação;Velocidade;Velocidade abaixo do contratado;Respondida;SCM;CLARO S.A.;Grande;Claro;DF;BRASÍLIA;SCM
17/06/2022;19:07;Reclamação;Atendimento;Atendimento inadequado;Pendente;SCM;Telefonica Brasil S.A.;Grande;Vivo;MS;TRÊS LAGOAS;SCM
03/08/2022;13:39;Reclamação;Velocidade;Velocidade abaixo do contratado;Respondida;SCM;CLARO S/A;Grande;Claro;SP;SANTOS;SCM
26/07/2022;12:17;Reclamação;Cobrança;Cobrança indevida;Em análise;SCM;CLARO S/A;Grande;Claro;RS;CANOAS;SCM
09/09/2023;15:56;Reclamação;Cobrança;Cobrança indevida;Respondida;SCM;TIM S.A.;Grande;TIM;RS;CANOAS;SCM
01/01/2023;13:47;Reclamação;Velocidade;Velocidade abaixo do contratado;Respondida;SCM;CLARO S.A.;Grande;Claro;SP;SÃO PAULO;SCM
13/09/2023;19:34;Reclamação;Velocidade;Velocidade abaixo do contratado;Respondida;SCM;TIM S.A.;Grande;TIM;SP;SÃO PAULO;SCM
30/12/2022;21:58;Reclamação;Outros;Outros;Respondida;SCM;TIM S.A.;Grande;TIM;MG;BELO HORIZONTE;SCM
19/01/2023;22:44;Reclamação;Velocidade;Velocidade abaixo do contratado;Respondida;SCM;CLARO S.A.;Grande;Claro;MG;UBERLÂNDIA;SCM
10/07/2023;09:54;Reclamação;Contrato;Cancelamento não realizado;Pendente;SCM;TELEFONICA BRASIL S.A.;Grande;Vivo;MG;UBERLÂNDIA;SCM
13/10/2023;16:26;Reclamação;Velocidade;Velocidade abaixo do contratado;Pendente;SCM;TELEFONICA BRASIL S.A.;Grande;Vivo;RR;RR - INTERIOR;SCM
24/04/2022;13:40;Reclamação;Falha;Falha/Interrupção do serviço;Em análise;SCM;Claro S.A.;Grande;Claro;SP;SANTOS;SCM
22/07/2022;11:22;Reclamação;Falha;Falha/Interrupção do serviço;Respondida;SCM;TIM S.A.;Grande;TIM;PA;SANTARÉM;SCM
28/02/2022;13:51;Reclamação;Velocidade;Velocidade abaixo do contratado;Respondida;SCM;TELEFONICA BRASIL S.A.;Grande;Vivo;SP;SANTOS;SCM
02/02/2022;10:33;Reclamação;Velocidade;Velocidade abaixo do contratado;Respondida;SCM;TIM S.A.;Grande;TIM;RJ;NITERÓI;SCM
18/12/2023;11:01;Reclamação;Falha;Falha/Interrupção do serviço;Respondida;SCM;CLARO S.A.;Grande;Claro;RJ;NOVA IGUAÇU;SCM
11/07/2022;22:53;Reclamação;Velocidade;Velocidade abaixo do contratado;Respondida;SCM;TELEFONICA BRASIL S.A.;Grande;Vivo;MG;UBERLÂNDIA;SCM
02/05/2022;11:01;Reclamação;Atendimento;Atendimento inadequado;Respondida;SCM;TELEFONICA BRASIL S.A.;Grande;Vivo;BA;FEIRA DE SANTANA;SCM
05/07/2023;15:44;Reclamação;Atendimento;Atendimento inadequado;Em análise;SCM;CLARO S.A.;Grande;Claro;RJ;RIO DE JANEIRO;SCM
04/05/2022;10:50;Reclamação;Cobrança;Cobrança indevida;Respondida;SCM;TELEFONICA BRASIL S.A.;Grande;Vivo;PA;ANANINDEUA;SCM
28/05/2022;14:15;Reclamação;Velocidade;Velocidade abaixo do contratado;Pendente;SCM;TIM S.A.;Grande;TIM;RJ;NOVA IGUAÇU;SCM
29/07/2023;19:15;Reclamação;Contrato;Cancelamento não realizado;Pendente;SCM;TIM S.A.;Grande;TIM;SP;SOROCABA;SCM
31/08/2023;15:22;Reclamação;Velocidade;Velocidade abaixo do contratado;Em análise;SCM;TELEFONICA BRASIL S.A.;Grande;Vivo;MS;TRÊS LAGOAS;SCM
22/04/2022;11:05;Reclamação;Velocidade;Velocidade abaixo do contratado;Respondida;SCM;TELEFONICA BRASIL S.A.;Grande;Vivo;SP;GUARULHOS;SCM
03/11/2022;18:41;Reclamação;Velocidade;Velocidade abaixo do contratado;Respondida;SCM;TIM S.A.;Grande;TIM;RJ;NITERÓI;SCM
26/10/2023;15:39;Reclamação;Contrato;Cancelamento não realizado;Pendente;SCM;EMBRATEL S.A.;Grande;Claro;RJ;DUQUE DE CAXIAS;SCM
15/03/2023;20:01;Reclamação;Cobrança;Cobrança indevida;Respondida;SCM;TELEFONICA BRASIL S.A.;Grande;Vivo;MG;BELO HORIZONTE;SCM
03/01/2022;11:08;Reclamação;Cobrança;Cobrança indevida;Respondida;SCM;TELEFONICA BRASIL S.A.;-;Vivo;MS;DOURADOS;SCM
22/10/2023;22:56;Reclamação;Falha;Falha/Interrupção do serviço;Respondida;SCM;TIM S.A.;Grande;TIM;SE;SE - INTERIOR;SCM
04/07/2023;18:04;Reclamação;Cobrança;Cobrança indevida;Respondida;SCM;NET SERVIÇOS DE COMUNICAÇÃO S.A.;Grande;Claro;RJ;RIO DE JANEIRO;SCM
29/12/2023;10:17;Reclamação;Atendimento;-;Respondida;SCM;TELEFONICA BRASIL S.A.;Grande;Vivo;SP;SOROCABA;SCM
25/09/2023;20:13;Reclamação;Cobrança;Cobrança indevida;Respondida;SCM;Telefonica Brasil S.A.;Grande;Vivo;PE;OLINDA;SCM
28/10/2023;11:57;Reclamação;Velocidade;Velocidade abaixo do contratado;Pendente;SCM;CLARO S.A.;Grande;Claro;SP;GUARULHOS;SCM
04/05/2023;19:35;Reclamação;Velocidade;Velocidade abaixo do contratado;Pendente;SCM;TIM S.A.;Grande;TIM;PR;LONDRINA;SCM
18/06/2023;17:47;Reclamação;Cobrança;Cobrança indevida;Respondida;SCM;CLARO S/A;Grande;Claro;BA;VITÓRIA DA CONQUISTA;SCM
05/06/2023;14:30;Reclamação;Velocidade;Velocidade abaixo do contratado;Respondida;SCM;CLARO S.A.;Grande;Claro;DF;TAGUATINGA;SCM
25/05/2022;11:15;Reclamação;Atendimento;Atendimento inadequado;Respondida;SCM;TELEFONICA BRASIL S.A.;Grande;Vivo;SP;SOROCABA;SCM
01/05/2022;20:04;Reclamação;Contrato;Cancelamento não realizado;Respondida;SCM;TELEFONICA BRASIL S.A.;Grande;Vivo;RJ;DUQUE DE CAXIAS;SCM
16/12/2023;20:12;Reclamação;Falha;Falha/Interrupção do serviço;Pendente;SCM;CLARO S.A.;Grande;Claro;BA;SALVADOR;SCM
25/02/2022;18:19;Reclamação;Velocidade;Velocidade abaixo do contratado;Em análise;SCM;TIM S.A.;Grande;TIM;PE;RECIFE;SCM
19/11/2022;17:23;Reclamação;Velocidade;Velocidade abaixo do contratado;Em análise;SCM;CLARO S.A.;Grande;Claro;MA;TIMON;SCM
22/02/2022;09:40;Reclamação;Cobrança;Cobrança indevida;Em análise;SCM;TIM S.A.;Grande;TIM;MS;TRÊS LAGOAS;SCM
28/01/2023;16:10;Reclamação;Falha;Falha/Interrupção do serviço;Pendente;SCM;CLARO S.A.;N/A;Claro;PE;OLINDA;SCM
19/09/2022;15:13;Reclamação;Falha;Falha/Interrupção do serviço;Respondida;SCM;CLARO S.A.;Grande;Claro;MG;JUIZ DE FORA;SCM
25/12/2023;12:58;Reclamação;Cobrança;Cobrança indevida;Respondida;SCM;NET SERVIÇOS DE COMUNICAÇÃO S.A.;Grande;Claro;RJ;DUQUE DE CAXIAS;SCM
23/10/2023;12:36;Reclamação;Contrato;Cancelamento não realizado;Respondida;SCM;CLARO S.A.;Grande;Claro;MA;SÃO LUÍS;SCM
08/04/2022;07:28;Reclamação;Velocidade;Velocidade abaixo do contratado;Respondida;SCM;CLARO S.A.;Grande;Claro;BA;FEIRA DE SANTANA;SCM
28/11/2023;16:52;Reclamação;Falha;NÃO INFORMADO;Pendente;SCM;SERCOMTEL S.A. - TELECOMUNICAÇÕES;Pequeno;Sercomtel;PR;CURITIBA;SCM
29/01/2023;15:06;Reclamação;Instalação;Prazo de instalação excedido;Pendente;SCM;CLARO S.A.;Grande;Claro;GO;ANÁPOLIS;SCM
05/04/2023;19:53;Reclamação;Cobrança;Cobrança indevida;Respondida;SCM;CLARO S.A.;Grande;Claro;ES;CARIACICA;SCM
07/10/2023;21:39;Reclamação;Outros;Outros;Em análise;SCM;EMBRATEL S.A.;Grande;Claro;RS;CAXIAS DO SUL;SCM
20/03/2022;17:09;Reclamação;Cobrança;Cobrança indevida;Respondida;SCM;OI S.A.;Grande;Oi;MG;BELO HORIZONTE;SCM
04/03/2022;09:13;Reclamação;Instalação;Prazo de instalação excedido;Pendente;SCM;TELEFONICA BRASIL S.A.;Grande;Vivo;MT;CUIABÁ;SCM
15/04/2022;08:33;Reclamação;Contrato;Cancelamento não realizado;Respondida;SCM;TIM S.A.;N/A;TIM;SP;SANTOS;SCM
10/04/2022;09:42;Reclamação;Atendimento;Atendimento inadequado;Respondida;SCM;TELEFONICA BRASIL S.A.;Grande;Vivo;CE;CAUCAIA;SCM
29/07/2022;13:13;Reclamação;Outros;Outros;Respondida;SCM;TIM S.A.;Grande;TIM;SP;SÃO PAULO;SCM
04/12/2022;16:35;Reclamação;Falha;Falha/Interrupção do serviço;Em análise;SCM;CLARO S.A.;Grande;Claro;PR;CURITIBA;SCM
12/12/2022;13:06;Reclamação;Cobrança;Cobrança indevida;Respondida;SCM;CLARO S.A.;Grande;Claro;AM;MANAUS;SCM
08/04/2023;16:49;Reclamação;Velocidade;Velocidade abaixo do contratado;Respondida;SCM;TIM S.A.;Grande;TIM;ES;CARIACICA;SCM
06/06/2022;20:00;Reclamação;Velocidade;Velocidade abaixo do contratado;Respondida;SCM;TELEFONICA BRASIL S.A.;Grande;Vivo;BA;VITÓRIA DA CONQUISTA;SCM
12/06/2022;11:35;Reclamação;Falha;Falha/Interrupção do serviço;Respondida;SCM;CLARO S.A.;Grande;Claro;DF;BRASÍLIA;SCM
27/04/2023;07:13;Reclamação;Cobrança;Cobrança indevida;Respondida;SCM;CLARO S.A.;Grande;Claro;ES;VITÓRIA;SCM
26/06/2023;07:06;Reclamação;Contrato;Cancelamento não realizado;Respondida;SCM;TIM S.A.;Grande;TIM;PE;OLINDA;SCM
26/01/2022;12:29;Reclamação;Cobrança;Cobrança indevida;Respondida;SCM;TIM S.A.;Grande;TIM;RO;RO - INTERIOR;SCM
04/05/2023;16:01;Reclamação;Velocidade;Velocidade abaixo do contratado;Pendente;SCM;TELEFONICA BRASIL S.A.;Grande;Vivo;RJ;DUQUE DE CAXIAS;SCM
01/08/2023;21:42;Reclamação;Velocidade;Velocidade abaixo do contratado;Respondida;SCM;OI S.A.;Grande;Oi;BA;FEIRA DE SANTANA;SCM
11/09/2023;09:44;Reclamação;Contrato;Cancelamento não realizado;Respondida;SCM;TELEFONICA BRASIL S.A.;Grande;Vivo;MG;CONTAGEM;SCM
22/08/2023;16:10;Reclamação;Cobrança;Cobrança indevida;Respondida;SCM;TELEFONICA BRASIL S.A.;Grande;Vivo;PR;MARINGÁ;SCM
22/03/2023;10:12;Reclamação;Atendimento;Atendimento inadequado;Respondida;SCM;Telefonica Brasil S.A.;Grande;Vivo;MG;BELO HORIZONTE;SCM
22/07/2023;14:03;Reclamação;Falha; ;Em análise;SCM;CLARO S.A.;Grande;Claro;RJ;RIO DE JANEIRO;SCM
10/09/2022;15:46;Reclamação;Velocidade;Velocidade abaixo do contratado;Respondida;SCM;TELEFONICA BRASIL S.A.;Grande;Vivo;SP;SOROCABA;SCM
10/04/2022;19:57;Reclamação;Atendimento;Atendimento inadequado;Respondida;SCM;TIM S.A.;Grande;TIM;SC;SC - INTERIOR;SCM
16/07/2023;10:45;Reclamação;Contrato;Cancelamento não realizado;Em análise;SCM;TIM S.A.;Grande;TIM;MT;SINOP;SCM
09/03/2023;12:09;Reclamação;Velocidade;Velocidade abaixo do contratado;Em análise;SCM;N/A;Grande;Vivo;SP;SOROCABA;SCM
26/05/2023;10:56;Reclamação;Cobrança;Cobrança indevida;Respondida;SCM;EMBRATEL S.A.;Grande;Claro;RS;CAXIAS DO SUL;SCM
19/06/2023;15:08;Reclamação;Contrato;Cancelamento não realizado;Respondida;SCM;EMBRATEL S.A.;Grande;Claro;MG;BELO HORIZONTE;SCM
29/04/2023;08:34;Reclamação;Velocidade;Velocidade abaixo do contratado;Respondida;SCM;CLARO S/A;Grande;N/A;RO;RO - INTERIOR;SCM
13/11/2022;14:32;Reclamação;Instalação;Prazo de instalação excedido;Em análise;SCM;CLARO S.A.;Grande;Claro;MS;TRÊS LAGOAS;SCM
06/03/2023;16:42;Reclamação;Cobrança;Cobrança indevida;Respondida;SCM;TELEFONICA BRASIL S.A.;Grande;Vivo;ES;VITÓRIA;SCM
09/09/2022;19:21;Reclamação;Velocidade;Velocidade abaixo do contratado;Em análise;SCM;SERCOMTEL S.A. - TELECOMUNICAÇÕES;Pequeno;Sercomtel;SP;SANTOS;SCM
15/05/2022;08:00;Reclamação;N/A;Velocidade abaixo do contratado;Respondida;SCM;TELEFONICA BRASIL S.A.;Grande;Vivo;SP;CAMPINAS;SCM
08/12/2023;09:33;Reclamação;Velocidade;Velocidade abaixo do contratado;Respondida;SCM;CLARO S.A.;Grande;Claro;ES;VITÓRIA;SCM
21/11/2022;15:33;Reclamação;Velocidade;Velocidade abaixo do contratado;Respondida;SCM;Telefonica Brasil S.A.;Grande;Vivo;AM;ITACOATIARA;SCM
24/01/2023;15:35;Reclamação;Cobrança;Cobrança indevida;Respondida;SCM;TIM S.A.;Grande;TIM;PE;OLINDA;SCM
19/01/2023;11:29;Reclamação;Outros;Outros;Pendente;SCM;TELEFONICA BRASIL S.A.;Grande;Vivo;PR;PONTA GROSSA;SCM
02/02/2022;07:39;Reclamação;Atendimento;Atendimento inadequado;Em análise;SCM;CLARO S/A;Grande;Claro;RJ;NITERÓI;SCM
07/11/2023;11:10;Reclamação;Contrato;Cancelamento não realizado;Respondida;SCM;NET SERVIÇOS DE COMUNICAÇÃO S.A.;Grande;Claro;MG;UBERLÂNDIA;SCM
07/02/2022;17:44;Reclamação;Atendimento;Atendimento inadequado;Pendente;SCM;TIM S.A.;Grande;TIM;RJ;DUQUE DE CAXIAS;SCM
22/10/2023;12:35;Reclamação;Velocidade;Velocidade abaixo do contratado;Pendente;SCM;Claro S.A.;Grande;Claro;PR;CURITIBA;SCM
04/03/2022;16:09;Reclamação;Atendimento;Atendimento inadequado;Respondida;SCM;TELEFONICA BRASIL S.A.;Grande;Vivo;SP;SANTOS;SCM
20/09/2022;17:29;Reclamação;Velocidade;Velocidade abaixo do contratado;Pendente;SCM;OI S.A.;Grande;Oi;PR;MARINGÁ;SCM
28/01/2023;14:28;Reclamação;Instalação;Prazo de instalação excedido;Respondida;SCM;CLARO S.A.;NÃO INFORMADO;Claro;SP;SANTOS;SCM
27/08/2023;15:49;Reclamação;Contrato;Cancelamento não realizado;Respondida;SCM;TIM S.A.;Grande;TIM;RJ;NOVA IGUAÇU;SCM
09/05/2023;14:14;Reclamação;Velocidade;Velocidade abaixo do contratado;Respondida;SCM;OI S.A.;Grande;Oi;TO;TO - INTERIOR;SCM
20/12/2022;14:47;Reclamação;Cobrança;Cobrança indevida;Respondida;SCM;OI S.A.;Grande;Oi;GO;ANÁPOLIS;SCM
16/04/2023;15:42;Reclamação; ;Velocidade abaixo do contratado;Respondida;SCM;TIM S.A.;Grande;TIM;RS;CAXIAS DO SUL;SCM
18/10/2023;16:15;Reclamação;Falha;Falha/Interrupção do serviço;Respondida;SCM;CLARO S.A.;Grande;Claro;BA;FEIRA DE SANTANA;SCM
19/10/2022;17:37;Reclamação;Velocidade;Velocidade abaixo do contratado;Respondida;SCM;TIM S.A.;Grande;TIM;BA;FEIRA DE SANTANA;SCM
16/04/2022;22:41;Reclamação;Falha;Falha/Interrupção do serviço;Respondida;SCM;NET SERVIÇOS DE COMUNICAÇÃO S.A.;Grande;Claro;PA;SANTARÉM;SCM
04/02/2023;10:59;Reclamação;Atendimento;Atendimento inadequado;Pendente;SCM;TELEFONICA BRASIL S.A.;Grande;-;SP;SANTOS;SCM
01/05/2022;22:58;Reclamação;Instalação;Prazo de instalação excedido;Em análise;SCM;CLARO S/A;Grande;Claro;PI;PI - INTERIOR;SCM
10/12/2022;10:59;Reclamação;Atendimento;Atendimento inadequado;Respondida;SCM;TELEFONICA BRASIL S.A.;Grande;Vivo;MG;CONTAGEM;SCM
27/05/2022;21:26;Reclamação;Cobrança;Cobrança indevida;Respondida;SCM;Tim S.A.;Grande;TIM;SP;GUARULHOS;SCM
14/10/2023;11:01;Reclamação;Atendimento;Atendimento inadequado;Respondida;SCM;NET SERVIÇOS DE COMUNICAÇÃO S.A.;Grande;Claro;RJ;RIO DE JANEIRO;SCM
01/12/2023;11:51;Reclamação;Cobrança;Cobrança indevida;Pendente;SCM;CLARO S.A.;Grande;Claro;PA;SANTARÉM;SCM
17/06/2023;08:40;Reclamação;Cobrança;Cobrança indevida;Pendente;SCM;OI S.A.;Grande;Oi;SP;SANTOS;SCM
19/05/2023;18:21;Reclamação;Cobrança;Cobrança indevida;Respondida;SCM;TELEFONICA BRASIL S.A.;Grande;Vivo;PI;PI - INTERIOR;SCM
09/09/2022;19:26;Reclamação;Velocidade;Velocidade abaixo do contratado;Em análise;SCM;EMBRATEL S.A.;Grande;Claro;PE;PETROLINA;SCM
28/01/2022;07:36;Reclamação;Cobrança;Cobrança indevida;Respondida;SCM;TELEFONICA BRASIL S.A.;Grande;Vivo;ES;CARIACICA;SCM
11/03/2023;22:43;Reclamação;Velocidade;Velocidade abaixo do contratado;Respondida;SCM;CLARO S.A.;NÃO INFORMADO;Claro;RS;PELOTAS;SCM
01/09/2023;16:09;Reclamação;Velocidade;Velocidade abaixo do contratado;Respondida;SCM;TIM S.A.;-;TIM;PA;SANTARÉM;SCM
17/10/2022;17:25;Reclamação;Cobrança;Cobrança indevida;Respondida;SCM;TELEFONICA BRASIL S.A.;Grande;Vivo;MG;CONTAGEM;SCM
17/12/2022;13:52;Reclamação;Instalação;Prazo de instalação excedido;Respondida;SCM;TIM S.A.;Grande;TIM;PE;RECIFE;SCM
28/06/2022;18:22;Reclamação;Velocidade;Velocidade abaixo do contratado;Respondida;SCM;OI S.A.;Grande;Oi;DF;TAGUATINGA;SCM
03/02/2022;17:09;Reclamação;Velocidade;Velocidade abaixo do contratado;Respondida;SCM;TELEFONICA BRASIL S.A.;Grande;Vivo;RS;CANOAS;SCM
15/02/2022;10:34;Reclamação;Falha;Falha/Interrupção do serviço;Respondida;SCM;CLARO S.A.;Grande;Claro;PR;MARINGÁ;SCM
30/03/2023;18:04;Reclamação;Falha;Falha/Interrupção do serviço;Respondida;SCM;NET SERVIÇOS DE COMUNICAÇÃO S.A.;Grande;Claro;BA;FEIRA DE SANTANA;SCM
22/01/2023;19:05;Reclamação;Cobrança;Cobrança indevida;Em análise;SCM;EMBRATEL S.A.;Grande;Claro;MG;JUIZ DE FORA;SCM
13/06/2023;10:54;Reclamação;Atendimento;Atendimento inadequado;Respondida;SCM;CLARO S.A.; ;Claro;BA;FEIRA DE SANTANA;SCM
09/05/2023;22:34;Reclamação;Atendimento;Atendimento inadequado;Respondida;SCM;EMBRATEL S.A.;Grande;Claro;SE;SE - INTERIOR;SCM
22/04/2023;21:26;Reclamação;Velocidade;Velocidade abaixo do contratado;Respondida;SCM;CLARO S.A.;Grande;Claro;PA;BELÉM;SCM
06/06/2023;13:30;Reclamação;Velocidade;Velocidade abaixo do contratado;Respondida;SCM;CLARO S.A.;Grande;Claro;PA;BELÉM;SCM
25/02/2022;07:49;Reclamação;Instalação;Prazo de instalação excedido;Respondida;SCM;CLARO S.A.;Grande;Claro;SP;SÃO PAULO;SCM
10/12/2023;21:19;Reclamação;Instalação;Prazo de instalação excedido;Respondida;SCM;OI S.A.;Grande;Oi;SP;CAMPINAS;SCM
23/11/2022;10:32;Reclamação; ;Velocidade abaixo do contratado;Respondida;SCM;CLARO S/A;Grande;Claro;SE;SE - INTERIOR;SCM
11/12/2023;12:18;Reclamação;Cobrança;Cobrança indevida;Respondida;SCM;TIM S.A.;Grande;TIM;SP;SÃO PAULO;SCM
20/12/2022;21:56;Reclamação;Contrato;Cancelamento não realizado;Em análise;SCM;TIM S.A.;Grande;TIM;SP;SANTOS;SCM
28/07/2023;18:25;Reclamação;Velocidade;Velocidade abaixo do contratado;Em análise;SCM;OI S.A.;Grande;Oi;SC;SC - INTERIOR;SCM
13/03/2022;11:49;Reclamação;Atendimento;Atendimento inadequado;Respondida;SCM;EMBRATEL S.A.;Grande;Claro;RN;RN - INTERIOR;SCM
10/06/2022;15:59;Reclamação;Cobrança;Cobrança indevida;Respondida;SCM;OI S.A.;Grande;Oi;AM;ITACOATIARA;SCM
18/09/2023;19:42;Reclamação;Instalação;Prazo de instalação excedido;Em análise;SCM;TELEFONICA BRASIL S.A.;Grande;Vivo;RR;RR - INTERIOR;SCM
20/07/2023;12:18;Reclamação;Falha;Falha/Interrupção do serviço;Pendente;SCM;CLARO S.A.;Grande;Claro;ES;VITÓRIA;SCM
16/10/2022;13:40;Reclamação;Velocidade;Velocidade abaixo do contratado;Respondida;SCM;CLARO S.A.;Grande;Claro;SP;GUARULHOS;SCM
05/09/2023;07:27;Reclamação;Cobrança;Cobrança indevida;Pendente;SCM;TIM S.A.;Grande;TIM;BA;FEIRA DE SANTANA;SCM
11/10/2023;18:39;Reclamação;Velocidade;Velocidade abaixo do contratado;Respondida;SCM;CLARO S.A.;Grande;Claro;PA;ANANINDEUA;SCM
22/05/2022;07:56;Reclamação;Cobrança;Cobrança indevida;Respondida;SCM;CLARO S.A.;Grande;Claro;MG;BELO HORIZONTE;SCM
29/01/2022;16:29;Reclamação;Cobrança;Cobrança indevida;Respondida;SCM;TELEFONICA BRASIL S.A.;Grande;Vivo;ES;VILA VELHA;SCM
27/12/2023;16:29;Reclamação;Velocidade;Velocidade abaixo do contratado;Respondida;SCM;OI S.A.;Grande;Oi;RJ;NOVA IGUAÇU;SCM
24/02/2023;22:22;Reclamação;Velocidade;Velocidade abaixo do contratado;Respondida;SCM;SERCOMTEL S.A. - TELECOMUNICAÇÕES;-;Sercomtel;RJ;NOVA IGUAÇU;SCM
02/04/2022;11:19;Reclamação;Velocidade;Velocidade abaixo do contratado;Respondida;SCM;CLARO S.A.;Grande;Claro;SC;SC - INTERIOR;SCM
24/01/2022;12:10;Reclamação;Atendimento;Atendimento inadequado;Respondida;SCM;TELEFONICA BRASIL S.A.;Grande;Vivo;MA;TIMON;SCM
10/10/2022;19:39;Reclamação;Falha;Falha/Interrupção do serviço;Respondida;SCM;CLARO S.A.;Grande;Claro;RO;RO - INTERIOR;SCM
06/04/2022;21:40;Reclamação;Velocidade;Velocidade abaixo do contratado;Respondida;SCM;OI S.A.;Grande;Oi;MG;JUIZ DE FORA;SCM
04/02/2022;09:44;Reclamação;Falha;Falha/Interrupção do serviço;Respondida;SCM;TELEFONICA BRASIL S.A.;Grande;Vivo;MS;DOURADOS;SCM
07/05/2023;13:32;Reclamação;Atendimento;Atendimento inadequado;Pendente;SCM;CLARO S.A.;Grande;Claro;RJ;RIO DE JANEIRO;SCM
18/11/2022;18:31;Reclamação;Velocidade;Velocidade abaixo do contratado;Respondida;SCM;CLARO S.A.;Grande;Claro;PA;MARABÁ;SCM
22/11/2023;14:07;Reclamação;Velocidade;Velocidade abaixo do contratado;Respondida;SCM;NET SERVIÇOS DE COMUNICAÇÃO S.A.;Grande;Claro;MS;CAMPO GRANDE;SCM
11/08/2022;14:38;Reclamação;Cobrança;Cobrança indevida;Respondida;SCM;TIM S.A.;Grande;TIM;SP;SÃO PAULO;SCM
15/03/2022;08:16;Reclamação;Velocidade;Velocidade abaixo do contratado;Pendente;SCM;TELEFONICA BRASIL S.A.;Grande;Vivo;PR;LONDRINA;SCM
21/10/2022;11:14;Reclamação;Velocidade;Velocidade abaixo do contratado;Respondida;SCM;N/A;Grande;TIM;RS;CAXIAS DO SUL;SCM
09/03/2023;13:34;Reclamação;Velocidade;Velocidade abaixo do contratado;Respondida;SCM;TIM S.A.;Grande;TIM;CE;SOBRAL;SCM
16/10/2022;12:06;Reclamação;Velocidade; ;Pendente;SCM;OI S.A.;Grande;NÃO INFORMADO;ES;CARIACICA;SCM
12/12/2022;21:48;Reclamação;Cobrança;Cobrança indevida;Respondida;SCM;CLARO S.A.;Grande;Claro;MG;JUIZ DE FORA;SCM
27/05/2023;11:27;Reclamação;Velocidade;Velocidade abaixo do contratado;Respondida;SCM;CLARO S.A.;Grande;N/A;SC;SC - INTERIOR;SCM
08/05/2022;07:34;Reclamação;Velocidade;Velocidade abaixo do contratado;Respondida;SCM;CLARO S.A.;Grande;Claro;SC;SC - INTERIOR;SCM
05/08/2023;11:24;Reclamação;Velocidade;Velocidade abaixo do contratado;Respondida;SCM;CLARO S.A.;Grande;Claro;BA;SALVADOR;SCM
12/08/2022;15:57;Reclamação;Velocidade;Velocidade abaixo do contratado;Respondida;SCM;TELEFONICA BRASIL S.A.;Grande;Vivo;RJ;NITERÓI;SCM
27/03/2022;16:38;Reclamação;Cobrança;Cobrança indevida;Respondida;SCM;TELEFONICA BRASIL S.A.;Grande;Vivo;BA;FEIRA DE SANTANA;SCM
29/03/2023;20:01;Reclamação;Cobrança;Cobrança indevida;Respondida;SCM;TIM S.A.;Grande;TIM;SP;SÃO PAULO;SCM
15/02/2023;15:57;Reclamação;-;Cobrança indevida;Respondida;SCM;CLARO S/A;Grande;Claro;SP;GUARULHOS;SCM
05/01/2022;22:07;Reclamação;Velocidade;Velocidade abaixo do contratado;Respondida;SCM;CLARO S.A.;Grande;Claro;MG;JUIZ DE FORA;SCM
25/04/2022;12:06;Reclamação;Atendimento;Atendimento inadequado;Respondida;SCM;CLARO S/A;Grande;Claro;MA;IMPERATRIZ;SCM
22/09/2023;09:47;Reclamação;Contrato;Cancelamento não realizado;Respondida;SCM;TELEFONICA BRASIL S.A.;Grande;Vivo;PB;PB - INTERIOR;SCM
14/10/2022;15:35;Reclamação;N/A;Cobrança indevida;Respondida;SCM;OI S.A.;Grande;Oi;SP;CAMPINAS;SCM
03/11/2023;22:47;Reclamação;Outros;Outros;Respondida;SCM;CLARO S.A.;Grande;Claro;MG;UBERLÂNDIA;SCM
06/12/2022;18:16;Reclamação;Atendimento;Atendimento inadequado;Respondida;SCM;TIM S.A.;Grande;TIM;RJ;NITERÓI;SCM
30/11/2022;16:02;Reclamação;Falha;Falha/Interrupção do serviço;Pendente;SCM;OI S.A.;Grande;Oi;RJ;RIO DE JANEIRO;SCM
10/04/2022;19:12;Reclamação;Cobrança;Cobrança indevida;Pendente;SCM;TIM S.A.;Grande;TIM;RJ;NOVA IGUAÇU;SCM
18/02/2023;22:38;Reclamação;Velocidade;Velocidade abaixo do contratado;Respondida;SCM;NET SERVIÇOS DE COMUNICAÇÃO S.A.;Grande;Claro;MG;UBERLÂNDIA;SCM
31/10/2023;18:28;Reclamação;Contrato;NÃO INFORMADO;Respondida;SCM;CLARO S.A.;Grande;Claro;MS;CAMPO GRANDE;SCM
10/02/2022;14:12;Reclamação;Falha;Falha/Interrupção do serviço;Respondida;SCM;CLARO S.A.;Grande;Claro;SP;CAMPINAS;SCM
26/09/2022;18:47;Reclamação;Velocidade;Velocidade abaixo do contratado;Respondida;SCM;CLARO S.A.;Grande;Claro;SP;SÃO PAULO;SCM
01/06/2022;19:27;Reclamação;Velocidade;Velocidade abaixo do contratado;Pendente;SCM;CLARO S.A.;Grande;Claro;GO;ANÁPOLIS;SCM
06/07/2022;19:29;Reclamação;Contrato;Cancelamento não realizado;Respondida;SCM;OI S.A.;Grande;Oi;SP;SANTOS;SCM
21/09/2022;16:02;Reclamação;Velocidade;Velocidade abaixo do contratado;Respondida;SCM;EMBRATEL S.A.;Grande;Claro;MG;JUIZ DE FORA;SCM
18/04/2023;22:39;Reclamação;Velocidade;Velocidade abaixo do contratado;Respondida;SCM;CLARO S.A.;Grande;Claro;AM;ITACOATIARA;SCM
28/02/2022;10:35;Reclamação;Contrato;Cancelamento não realizado;Pendente;SCM;TIM S.A.;Grande;TIM;MG;JUIZ DE FORA;SCM
20/11/2023;15:51;Reclamação;Cobrança;Cobrança indevida;Respondida;SCM; ;Grande;Claro;PE;OLINDA;SCM
14/04/2023;18:48;Reclamação;Cobrança;Cobrança indevida;Respondida;SCM; ;Grande;Claro;SP;GUARULHOS;SCM
25/07/2022;13:50;Reclamação;Cobrança;Cobrança indevida;Respondida;SCM;CLARO S.A.;Grande;Claro;RJ;RIO DE JANEIRO;SCM
04/01/2022;22:54;Reclamação;Falha;Falha/Interrupção do serviço;Respondida;SCM;CLARO S.A.;Grande;Claro;RS;PORTO ALEGRE;SCM
11/05/2022;18:47;Reclamação;Velocidade;Velocidade abaixo do contratado;Respondida;SCM;TIM S.A.;Grande;TIM;TO;TO - INTERIOR;SCM
29/10/2022;13:24;Reclamação;Cobrança;Cobrança indevida;Pendente;SCM;NÃO INFORMADO;Grande;Vivo;PB;PB - INTERIOR;SCM
19/04/2022;07:56;Reclamação;N/A;Velocidade abaixo do contratado;Respondida;SCM;TELEFONICA BRASIL S.A.;Grande;Vivo;SP;SANTOS;SCM
10/07/2023;10:08;Reclamação;Cobrança;Cobrança indevida;Respondida;SCM;TELEFONICA BRASIL S.A.;Grande;Vivo;PA;BELÉM;SCM
31/08/2023;15:13;Reclamação;Atendimento;Atendimento inadequado;Respondida;SCM;TELEFONICA BRASIL S.A.;Grande;Vivo;SE;SE - INTERIOR;SCM
14/04/2022;20:09;Reclamação;Velocidade;Velocidade abaixo do contratado;Respondida;SCM;Telefonica Brasil S.A.;Grande;Vivo;MG;CONTAGEM;SCM
22/12/2023;12:50;Reclamação;Cobrança;Cobrança indevida;Em análise;SCM;TELEFONICA BRASIL S.A.;Grande;Vivo;MG;CONTAGEM;SCM
05/11/2022;22:39;Reclamação;Instalação;Prazo de instalação excedido;Pendente;SCM;CLARO S.A.;Grande;Claro;MG;UBERLÂNDIA;SCM
10/05/2023;12:23;Reclamação;Cobrança;Cobrança indevida;Pendente;SCM;EMBRATEL S.A.;Grande;Claro;MG;UBERLÂNDIA;SCM
21/03/2023;16:50;Reclamação;Atendimento;Atendimento inadequado;Pendente;SCM;NET SERVIÇOS DE COMUNICAÇÃO S.A.;Grande;Claro;BA;SALVADOR;SCM
28/01/2023;08:43;Reclamação;Velocidade;Velocidade abaixo do contratado;Respondida;SCM;CLARO S.A.;Grande;Claro;SP;GUARULHOS;SCM
14/10/2023;17:42;Reclamação;Cobrança;Cobrança indevida;Respondida;SCM;TELEFONICA BRASIL S.A.;Grande;Vivo;MA;IMPERATRIZ;SCM
13/06/2023;13:00;Reclamação;Falha;Falha/Interrupção do serviço;Respondida;SCM;TIM S.A.;Grande;TIM;RJ;NITERÓI;SCM
04/09/2022;08:51;Reclamação;Velocidade;Velocidade abaixo do contratado;Respondida;SCM;TIM S.A.;Grande;TIM;RR;RR - INTERIOR;SCM
03/04/2022;14:15;Reclamação;Velocidade;Velocidade abaixo do contratado;Respondida;SCM;TELEFONICA BRASIL S.A.;Grande;Vivo;SP;SÃO PAULO;SCM
17/11/2022;07:48;Reclamação;Velocidade;Velocidade abaixo do contratado;Pendente;SCM;TELEFONICA BRASIL S.A.;Grande;Vivo;SP;SANTOS;SCM
03/03/2022;09:59;Reclamação;Falha;Falha/Interrupção do serviço;Respondida;SCM;TELEFONICA BRASIL S.A.;Grande;Vivo;SP;SANTOS;SCM
31/05/2023;08:51;Reclamação;Cobrança;Cobrança indevida;Respondida;SCM;EMBRATEL S.A.;Grande;Claro;MG;CONTAGEM;SCM
08/05/2022;14:42;Reclamação;Velocidade;Velocidade abaixo do contratado;Pendente;SCM;CLARO S.A.;Grande;Claro;PR;PONTA GROSSA;SCM
28/12/2022;11:43;Reclamação;Velocidade;Velocidade abaixo do contratado;Respondida;SCM;CLARO S.A.;Grande;Claro;PR;PONTA GROSSA;SCM
23/07/2023;18:58;Reclamação;Velocidade;Velocidade abaixo do contratado;Respondida;SCM;OI S.A.;Grande;Oi;BA;VITÓRIA DA CONQUISTA;SCM
09/11/2022;16:27;Reclamação;Falha;Falha/Interrupção do serviço;Respondida;SCM;NET SERVIÇOS DE COMUNICAÇÃO S.A.;Grande;Claro;MA;TIMON;SCM
27/01/2022;15:26;Reclamação;Instalação;Prazo de instalação excedido;Respondida;SCM;CLARO S.A.;Grande;Claro;PE;OLINDA;SCM
21/06/2022;10:53;Reclamação;Velocidade;Velocidade abaixo do contratado;Respondida;SCM;CLARO S.A.;Grande;Claro;PE;OLINDA;SCM
26/08/2023;11:58;Reclamação;Cobrança;Cobrança indevida;Respondida;SCM;TELEFONICA BRASIL S.A.;Grande;Vivo;PE;PETROLINA;SCM
02/04/2023;08:16;Reclamação;Contrato;Cancelamento não realizado;Respondida;SCM;TIM S.A.;Grande;TIM;MG;CONTAGEM;SCM
26/01/2023;16:26;Reclamação;Cobrança;Cobrança indevida;Pendente;SCM;TELEFONICA BRASIL S.A.;Grande;Vivo;BA;SALVADOR;SCM
23/02/2022;08:23;Reclamação;Cobrança;Cobrança indevida;Respondida;SCM;NET SERVIÇOS DE COMUNICAÇÃO S.A.;Grande;Claro;MG;BELO HORIZONTE;SCM
14/04/2022;07:03;Reclamação;Cobrança;Cobrança indevida;Respondida;SCM;CLARO S.A.;Grande;Claro;SP;CAMPINAS;SCM
11/11/2023;15:22;Reclamação;Velocidade;Velocidade abaixo do contratado;Pendente;SCM;EMBRATEL S.A.;-;Claro;RJ;NITERÓI;SCM
10/01/2023;10:30;Reclamação;Velocidade;Velocidade abaixo do contratado;Respondida;SCM;CLARO S.A.;Grande;Claro;BA;FEIRA DE SANTANA;SCM
24/10/2023;22:01;Reclamação;Velocidade;Velocidade abaixo do contratado;Respondida;SCM;Claro S.A.;Grande;Claro;PR;CURITIBA;SCM
17/12/2022;15:04;Reclamação;Falha;Falha/Interrupção do serviço;Respondida;SCM;TIM S.A.;Grande;TIM;RS;CANOAS;SCM
17/01/2023;11:45;Reclamação;Atendimento;Atendimento inadequado;Respondida;SCM;NET SERVIÇOS DE COMUNICAÇÃO S.A.;Grande;Claro;RS;CANOAS;SCM
12/12/2022;10:18;Reclamação;Velocidade;Velocidade abaixo do contratado;Pendente;SCM;CLARO S.A.;Grande;Claro;SP;SOROCABA;SCM
31/07/2022;13:52;Reclamação;Atendimento;Atendimento inadequado;Respondida;SCM;TELEFONICA BRASIL S.A.;Grande;Vivo;MA;SÃO LUÍS;SCM
05/08/2022;07:17;Reclamação;Falha;Falha/Interrupção do serviço;Respondida;SCM;CLARO S.A.;Grande;Claro;PE;RECIFE;SCM
19/06/2023;13:16;Reclamação;Cobrança;Cobrança indevida;Respondida;SCM;EMBRATEL S.A.;Grande;Claro;PR;CURITIBA;SCM
17/07/2022;10:19;Reclamação;Cobrança;Cobrança indevida;Respondida;SCM;TELEFONICA BRASIL S.A.;Grande;Vivo;SP;SÃO PAULO;SCM
31/07/2022;19:46;Reclamação;Cobrança;Cobrança indevida;Respondida;SCM;TELEFONICA BRASIL S.A.;Grande;Vivo;RJ;NOVA IGUAÇU;SCM
27/08/2023;12:13;Reclamação;Velocidade;Velocidade abaixo do contratado;Em análise;SCM;OI S.A.;Grande;Oi;MA;SÃO LUÍS;SCM
09/03/2022;12:54;Reclamação;Outros;Outros;Respondida;SCM;CLARO S.A.;Grande;Claro;PR;MARINGÁ;SCM
10/11/2022;11:43;Reclamação;Velocidade;Velocidade abaixo do contratado;Respondida;SCM;TELEFONICA BRASIL S.A.;Grande;Vivo;SP;SÃO PAULO;SCM
22/01/2023;21:29;Reclamação;Falha;Falha/Interrupção do serviço;Respondida;SCM;TELEFONICA BRASIL S.A.;Grande;-;MG;CONTAGEM;SCM
19/07/2023;14:39;Reclamação;Velocidade;Velocidade abaixo do contratado;Pendente;SCM;TIM S.A.;Grande;TIM;SP;GUARULHOS;SCM
09/03/2022;11:55;Reclamação;Outros;Outros;Respondida;SCM;NET SERVIÇOS DE COMUNICAÇÃO S.A.;Grande;Claro;SC;SC - INTERIOR;SCM
02/09/2023;21:47;Reclamação;Contrato;Cancelamento não realizado;Respondida;SCM;OI S.A.;Grande;Oi;MG;UBERLÂNDIA;SCM
07/01/2022;20:56;Reclamação;Cobrança;Cobrança indevida;Respondida;SCM;TELEFONICA BRASIL S.A.;Grande;Vivo;SP;SOROCABA;SCM
01/06/2023;13:39;Reclamação;Cobrança;Cobrança indevida;Respondida;SCM;TELEFONICA BRASIL S.A.;Grande;Vivo;MG;CONTAGEM;SCM
17/04/2023;10:33;Reclamação;Falha;Falha/Interrupção do serviço;Respondida;SCM;TELEFONICA BRASIL S.A.;Grande;Vivo;SC;SC - INTERIOR;SCM
21/11/2022;07:09;Reclamação;Velocidade;Velocidade abaixo do contratado;Em análise;SCM;TIM S.A.;Grande;TIM;PR;LONDRINA;SCM
03/02/2022;07:01;Reclamação;Velocidade;Velocidade abaixo do contratado;Em análise;SCM;OI S.A.;Grande;Oi;PI;PI - INTERIOR;SCM
12/03/2023;13:19;Reclamação;Contrato;Cancelamento não realizado;Respondida;SCM;Tim S.A.;Grande;TIM;MG;UBERLÂNDIA;SCM
07/09/2022;17:18;Reclamação;Falha; ;Respondida;SCM;TELEFONICA BRASIL S.A.;Grande;-;SC;SC - INTERIOR;SCM
27/04/2023;18:23;Reclamação;Velocidade;Velocidade abaixo do contratado;Respondida;SCM;OI S.A.;Grande;Oi;MG;JUIZ DE FORA;SCM
05/12/2022;20:26;Reclamação;Cobrança;Cobrança indevida;Pendente;SCM;OI S.A.;Grande;Oi;RS;PELOTAS;SCM
05/12/2022;10:30;Reclamação;Falha;Falha/Interrupção do serviço;Respondida;SCM;CLARO S.A.;Grande;Claro;PE;RECIFE;SCM
07/12/2022;21:48;Reclamação;Velocidade;Velocidade abaixo do contratado;Respondida;SCM;TIM S.A.;Grande;TIM;PR;LONDRINA;SCM
20/10/2023;20:31;Reclamação;Velocidade;Velocidade abaixo do contratado;Respondida;SCM;TIM S.A.;Grande;TIM;RJ;RIO DE JANEIRO;SCM
02/04/2022;13:28;Reclamação;Falha;Falha/Interrupção do serviço;Respondida;SCM;CLARO S.A.;Grande;Claro;MG;JUIZ DE FORA;SCM
26/03/2022;12:46;Reclamação;Velocidade;Velocidade abaixo do contratado;Respondida;SCM;OI S.A.;Grande;Oi;PA;SANTARÉM;SCM
25/11/2023;21:38;Reclamação;Cobrança;Cobrança indevida;Pendente;SCM;TIM S.A.;Grande;TIM;MG;BELO HORIZONTE;SCM
15/06/2022;14:07;Reclamação;Contrato;Cancelamento não realizado;Pendente;SCM;EMBRATEL S.A.;Grande;Claro;MS;TRÊS LAGOAS;SCM
30/11/2022;07:47;Reclamação;Atendimento;Atendimento inadequado;Em análise;SCM;NET SERVIÇOS DE COMUNICAÇÃO S.A.;Grande;Claro;BA;VITÓRIA DA CONQUISTA;SCM
13/11/2023;09:37;Reclamação;Velocidade;Velocidade abaixo do contratado;Pendente;SCM;CLARO S.A.;Grande;Claro;SP;GUARULHOS;SCM
30/10/2022;16:16;Reclamação;Velocidade;Velocidade abaixo do contratado;Respondida;SCM;TIM S.A.;Grande;TIM;BA;VITÓRIA DA CONQUISTA;SCM
01/09/2022;17:08;Reclamação;Velocidade;Velocidade abaixo do contratado;Pendente;SCM;CLARO S.A.;Grande;Claro;SP;GUARULHOS;SCM
13/10/2023;17:27;Reclamação;Falha;Falha/Interrupção do serviço;Respondida;SCM;OI S.A.;Grande;Oi;SE;SE - INTERIOR;SCM
22/02/2023;07:45;Reclamação;Cobrança;Cobrança indevida;Respondida;SCM;TELEFONICA BRASIL S.A.;Grande;Vivo;SP;SANTOS;SCM
20/03/2022;13:30;Reclamação;Falha;N/A;Em análise;SCM;CLARO S/A;Grande;Claro;MG;BELO HORIZONTE;SCM
20/11/2023;17:32;Reclamação;Velocidade;Velocidade abaixo do contratado;Pendente;SCM;CLARO S.A.;Grande;Claro;DF;TAGUATINGA;SCM
12/07/2022;10:08;Reclamação;Instalação;Prazo de instalação excedido;Respondida;SCM;CLARO S/A;Grande;Claro;GO;ANÁPOLIS;SCM
18/01/2022;22:28;Reclamação;Velocidade;Velocidade abaixo do contratado;Respondida;SCM;TELEFONICA BRASIL S.A.;Grande;Vivo;SP;SANTOS;SCM
12/12/2023;12:33;Reclamação;Velocidade;Velocidade abaixo do contratado;Pendente;SCM;TELEFONICA BRASIL S.A.;Grande;N/A;CE;JUAZEIRO DO NORTE;SCM
23/04/2023;11:53;Reclamação;Velocidade;Velocidade abaixo do contratado;Respondida;SCM;TELEFONICA BRASIL S.A.;Grande;Vivo;PE;OLINDA;SCM
11/09/2023;10:33;Reclamação;Velocidade;Velocidade abaixo do contratado;Respondida;SCM;TIM S.A.;Grande;TIM;PE;CARUARU;SCM
09/05/2022;19:18;Reclamação;Falha;Falha/Interrupção do serviço;Respondida;SCM;TELEFONICA BRASIL S.A.;Grande;Vivo;SP;CAMPINAS;SCM
25/07/2022;17:07;Reclamação;Velocidade;Velocidade abaixo do contratado;Respondida;SCM;OI S.A.;Grande;Oi;MA;IMPERATRIZ;SCM
16/06/2022;18:01;Reclamação;Atendimento;Atendimento inadequado;Respondida;SCM;TIM S.A.;N/A;TIM;SP;GUARULHOS;SCM
31/03/2022;14:35;Reclamação;-;Atendimento inadequado;Respondida;SCM;TELEFONICA BRASIL S.A.;Grande;Vivo;PR;LONDRINA;SCM
15/09/2023;15:32;Reclamação;Velocidade;Velocidade abaixo do contratado;Respondida;SCM;CLARO S.A.;Grande;Claro;PA;SANTARÉM;SCM
14/04/2023;11:51;Reclamação;Velocidade;Velocidade abaixo do contratado;Respondida;SCM;TELEFONICA BRASIL S.A.;Grande;Vivo;SP;GUARULHOS;SCM
19/08/2022;16:00;Reclamação;Falha;Falha/Interrupção do serviço;Respondida;SCM;TELEFONICA BRASIL S.A.;Grande;Vivo;MG;BELO HORIZONTE;SCM
24/01/2023;20:49;Reclamação;Contrato;Cancelamento não realizado;Respondida;SCM;TELEFONICA BRASIL S.A.;Grande;Vivo;RJ;NOVA IGUAÇU;SCM
27/07/2023;17:07;Reclamação;Velocidade;Velocidade abaixo do contratado;Em análise;SCM;EMBRATEL S.A.;Grande;Claro;RS;CAXIAS DO SUL;SCM
29/11/2022;08:47;Reclamação;Velocidade;Velocidade abaixo do contratado;Respondida;SCM;CLARO S.A.;Grande;Claro;PA;ANANINDEUA;SCM
04/03/2022;22:57;Reclamação;Falha;Falha/Interrupção do serviço;Respondida;SCM;TELEFONICA BRASIL S.A.;Grande;Vivo;PE;RECIFE;SCM
21/03/2023;19:01;Reclamação;Atendimento;Atendimento inadequado;Respondida;SCM;TIM S.A.;Grande;TIM;PE;OLINDA;SCM
09/07/2023;13:40;Reclamação;Atendimento;Atendimento inadequado;Pendente;SCM;OI S.A.;Grande;Oi;RJ;DUQUE DE CAXIAS;SCM
20/09/2022;13:48;Reclamação;Falha;Falha/Interrupção do serviço;Pendente;SCM;Claro S.A.;Grande;Claro;MG;UBERLÂNDIA;SCM
22/05/2023;08:13;Reclamação;N/A;Falha/Interrupção do serviço;Respondida;SCM;TIM S.A.;Grande;TIM;RJ;NITERÓI;SCM
22/05/2022;13:48;Reclamação;Velocidade;Velocidade abaixo do contratado;Respondida;SCM;SERCOMTEL S.A. - TELECOMUNICAÇÕES;Pequeno;Sercomtel;MG;UBERLÂNDIA;SCM
08/05/2023;12:35;Reclamação;Atendimento;Atendimento inadequado;Respondida;SCM;CLARO S.A.;Grande;Claro;SP;SANTOS;SCM
24/12/2022;09:20;Reclamação;Cobrança;Cobrança indevida;Respondida;SCM;TIM S.A.;Grande;TIM;PB;PB - INTERIOR;SCM
26/02/2023;08:17;Reclamação;Velocidade;Velocidade abaixo do contratado;Pendente;SCM;CLARO S.A.;Grande;Claro;PB;PB - INTERIOR;SCM
03/05/2023;07:57;Reclamação;N/A;Falha/Interrupção do serviço;Respondida;SCM;NET SERVIÇOS DE COMUNICAÇÃO S.A.;Grande;Claro;SE;SE - INTERIOR;SCM
13/05/2023;19:26;Reclamação;Falha;Falha/Interrupção do serviço;Respondida;SCM;TELEFONICA BRASIL S.A.;Grande;Vivo;MG;UBERLÂNDIA;SCM
12/10/2023;15:57;Reclamação;Falha;Falha/Interrupção do serviço;Respondida;SCM;CLARO S.A.;Grande;Claro;PB;PB - INTERIOR;SCM
23/11/2022;10:16;Reclamação;Contrato;Cancelamento não realizado;Respondida;SCM;TIM S.A.; ;TIM;PA;ANANINDEUA;SCM
09/03/2023;11:30;Reclamação;Atendimento;Atendimento inadequado;Em análise;SCM;TIM S.A.;Grande;TIM;SP;SANTOS;SCM
03/01/2023;21:54;Reclamação;Contrato;Cancelamento não realizado;Pendente;SCM;CLARO S.A.;Grande;Claro;SP;GUARULHOS;SCM
07/04/2023;22:03;Reclamação;Contrato;Cancelamento não realizado;Respondida;SCM;TELEFONICA BRASIL S.A.;Grande;Vivo;RS;CAXIAS DO SUL;SCM
13/02/2023;20:42;Reclamação;Falha;Falha/Interrupção do serviço;Respondida;SCM;TIM S.A.;Grande;TIM;BA;FEIRA DE SANTANA;SCM
05/02/2023;17:38;Reclamação;Velocidade;NÃO INFORMADO;Em análise;SCM;SERCOMTEL S.A. - TELECOMUNICAÇÕES;Pequeno;Sercomtel;SP;CAMPINAS;SCM
24/08/2022;16:16;Reclamação;Contrato;Cancelamento não realizado;Respondida;SCM;TELEFONICA BRASIL S.A.;Grande;Vivo;SP;SOROCABA;SCM
25/10/2022;07:05;Reclamação;Atendimento;Atendimento inadequado;Pendente;SCM;NET SERVIÇOS DE COMUNICAÇÃO S.A.;Grande;Claro;SP;SOROCABA;SCM
07/06/2022;20:11;Reclamação;Cobrança;Cobrança indevida;Respondida;SCM;TIM S.A.;Grande;TIM;PR;LONDRINA;SCM
24/05/2022;20:06;Reclamação;Velocidade;Velocidade abaixo do contratado;Respondida;SCM;CLARO S/A;Grande;Claro;RS;PORTO ALEGRE;SCM
04/12/2023;15:34;Reclamação;Falha;Falha/Interrupção do serviço;Respondida;SCM;TELEFONICA BRASIL S.A.;Grande;Vivo;CE;SOBRAL;SCM
20/11/2023;15:44;Reclamação;Cobrança;Cobrança indevida;Respondida;SCM;CLARO S.A.;Grande;Claro;MG;JUIZ DE FORA;SCM
02/04/2023;09:32;Reclamação;Velocidade;Velocidade abaixo do contratado;Respondida;SCM;TELEFONICA BRASIL S.A.;Grande;Vivo;AM;PARINTINS;SCM
19/10/2023;19:24;Reclamação;Velocidade;Velocidade abaixo do contratado;Pendente;SCM;TELEFONICA BRASIL S.A.;Grande;Vivo;RS;CAXIAS DO SUL;SCM
29/12/2023;22:31;Reclamação;Contrato;Cancelamento não realizado;Respondida;SCM;TIM S.A.;Grande;TIM;RS;PORTO ALEGRE;SCM
09/02/2022;19:25;Reclamação;Instalação;Prazo de instalação excedido;Respondida;SCM;TIM S.A.;Grande;TIM;MG;UBERLÂNDIA;SCM
01/09/2022;11:20;Reclamação;Atendimento;Atendimento inadequado;Em análise;SCM;CLARO S.A.;Grande;Claro;AL;AL - INTERIOR;SCM
03/01/2022;13:54;Reclamação; ;Falha/Interrupção do serviço;Respondida;SCM;Tim S.A.;Grande;TIM;RS;CAXIAS DO SUL;SCM
12/05/2023;16:02;Reclamação;Atendimento;Atendimento inadequado;Respondida;SCM;CLARO S.A.;Grande;Claro;PI;PI - INTERIOR;SCM
18/02/2022;17:58;Reclamação;Velocidade;Velocidade abaixo do contratado;Em análise;SCM;CLARO S.A.;Grande;Claro;SP;CAMPINAS;SCM
05/11/2023;12:35;Reclamação;Velocidade;Velocidade abaixo do contratado;Respondida;SCM;TIM S.A.;Grande;TIM;PA;BELÉM;SCM
15/09/2023;07:32;Reclamação;Velocidade;Velocidade abaixo do contratado;Respondida;SCM;CLARO S.A.;Grande;Claro;PR;CURITIBA;SCM
12/09/2022;15:36;Reclamação;Velocidade;Velocidade abaixo do contratado;Em análise;SCM;TIM S.A.;Grande;TIM;RJ;DUQUE DE CAXIAS;SCM
20/11/2023;14:58;Reclamação;Contrato;Cancelamento não realizado;Respondida;SCM;TELEFONICA BRASIL S.A.;Grande;Vivo;SP;SÃO PAULO;SCM
05/05/2022;21:59;Reclamação;Velocidade;Velocidade abaixo do contratado;Respondida;SCM;TELEFONICA BRASIL S.A.;Grande;Vivo;MG;UBERLÂNDIA;SCM
28/10/2023;19:17;Reclamação;Atendimento;Atendimento inadequado;Pendente;SCM;NET SERVIÇOS DE COMUNICAÇÃO S.A.;Grande;Claro;PA;BELÉM;SCM
06/05/2022;11:02;Reclamação;Atendimento;Atendimento inadequado;Respondida;SCM;CLARO S.A.;Grande;Claro;SP;GUARULHOS;SCM
05/01/2022;15:49;Reclamação;Cobrança;Cobrança indevida;Respondida;SCM;CLARO S.A.;Grande;Claro;SC;SC - INTERIOR;SCM
25/11/2023;07:53;Reclamação;Atendimento;Atendimento inadequado;Respondida;SCM;CLARO S.A.;Grande;Claro;SP;SOROCABA;SCM
13/12/2022;18:13;Reclamação;Outros;Outros;Em análise;SCM;CLARO S.A.;Grande;Claro;SP;CAMPINAS;SCM
20/04/2023;08:00;Reclamação;Contrato;Cancelamento não realizado;Em análise;SCM;TELEFONICA BRASIL S.A.;Grande;Vivo;PR;LONDRINA;SCM
02/04/2023;16:38;Reclamação;Falha;Falha/Interrupção do serviço;Respondida;SCM;CLARO S.A.;Grande;Claro;ES;CARIACICA;SCM
23/07/2022;14:20;Reclamação;Velocidade;Velocidade abaixo do contratado;Respondida;SCM;CLARO S.A.;Grande;Claro;SP;SÃO PAULO;SCM
09/03/2022;10:30;Reclamação;Contrato;Cancelamento não realizado;Respondida;SCM;CLARO S.A.;Grande;Claro;SP;SANTOS;SCM
08/12/2023;20:37;Reclamação;Falha;Falha/Interrupção do serviço;Em análise;SCM;TIM S.A.;Grande;TIM;GO;APARECIDA DE GOIÂNIA;SCM
20/06/2022;22:50;Reclamação;Cobrança;Cobrança indevida;Respondida;SCM;OI S.A.;Grande;Oi;PE;CARUARU;SCM
17/05/2023;20:17;Reclamação;Contrato;Cancelamento não realizado;Respondida;SCM;TELEFONICA BRASIL S.A.;Grande;Vivo;PR;LONDRINA;SCM
13/11/2023;16:22;Reclamação;Velocidade;Velocidade abaixo do contratado;Respondida;SCM;TIM S.A.;Grande;TIM;PE;CARUARU;SCM
26/10/2022;12:39;Reclamação;Falha;Falha/Interrupção do serviço;Respondida;SCM;OI S.A.;Grande;Oi;SP;SOROCABA;SCM
12/11/2023;11:30;Reclamação;Velocidade;Velocidade abaixo do contratado;Respondida;SCM;CLARO S/A;Grande;Claro;RJ;NITERÓI;SCM
18/04/2022;19:28;Reclamação;Outros;Outros;Respondida;SCM;OI S.A.;Grande;Oi;MG;BELO HORIZONTE;SCM
02/01/2022;17:12;Reclamação;Velocidade;Velocidade abaixo do contratado;Respondida;SCM;TIM S.A.;Grande;TIM;PA;MARABÁ;SCM
05/10/2023;20:03;Reclamação;Falha;Falha/Interrupção do serviço;Em análise;SCM;TIM S.A.;Grande;TIM;PR;MARINGÁ;SCM
12/07/2023;19:28;Reclamação;Cobrança;Cobrança indevida;Respondida;SCM;CLARO S.A.;Grande;Claro;CE;FORTALEZA;SCM
12/10/2022;09:55;Reclamação;Instalação;NÃO INFORMADO;Pendente;SCM;CLARO S.A.;Grande;Claro;MG;BELO HORIZONTE;SCM
03/03/2023;21:13;Reclamação;Outros;Outros;Pendente;SCM;CLARO S.A.;Grande;Claro;RJ;DUQUE DE CAXIAS;SCM
17/12/2023;19:00;Reclamação;Velocidade;Velocidade abaixo do contratado;Respondida;SCM;TELEFONICA BRASIL S.A.;Grande;Vivo;PI;PI - INTERIOR;SCM
12/07/2023;07:07;Reclamação;Contrato;Cancelamento não realizado;Respondida;SCM;EMBRATEL S.A.;Grande;Claro;RJ;NITERÓI;SCM
10/10/2023;18:21;Reclamação;N/A;Velocidade abaixo do contratado;Respondida;SCM;CLARO S.A.;Grande;Claro;RJ;NITERÓI;SCM
07/10/2022;09:32;Reclamação;Atendimento;Atendimento inadequado;Respondida;SCM;OI S.A.;Grande;Oi;RJ;DUQUE DE CAXIAS;SCM
10/01/2023;20:16;Reclamação;Atendimento;N/A;Respondida;SCM;CLARO S/A; ;Claro;MG;UBERLÂNDIA;SCM
14/01/2022;19:13;Reclamação;Contrato;Cancelamento não realizado;Respondida;SCM;TELEFONICA BRASIL S.A.;Grande;Vivo;MG;CONTAGEM;SCM
20/01/2022;15:57;Reclamação;Velocidade;Velocidade abaixo do contratado;Respondida;SCM;TIM S.A.;Grande;TIM;SP;SÃO PAULO;SCM
03/02/2022;17:46;Reclamação;Instalação;Prazo de instalação excedido;Respondida;SCM;SERCOMTEL S.A. - TELECOMUNICAÇÕES;Pequeno;Sercomtel;BA;FEIRA DE SANTANA;SCM
16/08/2023;22:56;Reclamação;Cobrança;Cobrança indevida;Respondida;SCM;CLARO S/A;Grande;N/A;PA;BELÉM;SCM
11/10/2022;12:27;Reclamação;Atendimento;Atendimento inadequado;Respondida;SCM;EMBRATEL S.A.;Grande;Claro;SP;GUARULHOS;SCM
07/06/2022;22:40;Reclamação;Cobrança;Cobrança indevida;Em análise;SCM;Claro S.A.;Grande;Claro;MG;UBERLÂNDIA;SCM
18/12/2022;22:13;Reclamação;Velocidade;Velocidade abaixo do contratado;Respondida;SCM;Claro S.A.;Grande;Claro;RJ;NOVA IGUAÇU;SCM
27/10/2023;14:44;Reclamação;Velocidade;Velocidade abaixo do contratado;Respondida;SCM;TELEFONICA BRASIL S.A.;Grande;Vivo;MG;CONTAGEM;SCM
01/10/2022;15:37;Reclamação;Velocidade;Velocidade abaixo do contratado;Em análise;SCM;TELEFONICA BRASIL S.A.;Grande;Vivo;AL;AL - INTERIOR;SCM
01/02/2022;14:31;Reclamação;Falha;Falha/Interrupção do serviço;Respondida;SCM;TELEFONICA BRASIL S.A.;Grande;Vivo;SP;CAMPINAS;SCM
16/10/2022;14:29;Reclamação;Atendimento;Atendimento inadequado;Respondida;SCM;CLARO S.A.;Grande;Claro;RJ;DUQUE DE CAXIAS;SCM
14/03/2022;19:36;Reclamação;Velocidade;Velocidade abaixo do contratado;Em análise;SCM;TELEFONICA BRASIL S.A.;Grande;Vivo;RS;PELOTAS;SCM
25/05/2022;17:42;Reclamação;Velocidade;Velocidade abaixo do contratado;Respondida;SCM;CLARO S/A;Grande;Claro;RJ;NITERÓI;SCM
18/03/2022;16:01;Reclamação;Cobrança;Cobrança indevida;Pendente;SCM;CLARO S/A;Grande;Claro;PR;LONDRINA;SCM
01/02/2023;15:45;Reclamação;Cobrança;Cobrança indevida;Respondida;SCM;TELEFONICA BRASIL S.A.;Grande;Vivo;MS;TRÊS LAGOAS;SCM
21/03/2023;22:50;Reclamação;Velocidade;Velocidade abaixo do contratado;Respondida;SCM;CLARO S.A.;Grande;Claro;AL;AL - INTERIOR;SCM
21/09/2022;15:14;Reclamação;-; ;Em análise;SCM;TIM S.A.;Grande;TIM;SP;SANTOS;SCM
09/02/2022;12:29;Reclamação;Cobrança;Cobrança indevida;Respondida;SCM;TELEFONICA BRASIL S.A.;Grande;Vivo;GO;APARECIDA DE GOIÂNIA;SCM
09/02/2023;19:26;Reclamação;Velocidade;Velocidade abaixo do contratado;Respondida;SCM;TELEFONICA BRASIL S.A.;Grande;Vivo;PI;PI - INTERIOR;SCM
11/09/2022;19:07;Reclamação;Velocidade;Velocidade abaixo do contratado;Pendente;SCM;CLARO S.A.;Grande;Claro;PE;CARUARU;SCM
31/07/2023;20:03;Reclamação;Cobrança;Cobrança indevida;Respondida;SCM;TELEFONICA BRASIL S.A.;Grande;Vivo;MT;CUIABÁ;SCM
07/09/2022;22:25;Reclamação;Falha;Falha/Interrupção do serviço;Respondida;SCM;OI S.A.;Grande;Oi;RS;PORTO ALEGRE;SCM
19/03/2023;17:41;Reclamação;Velocidade;Velocidade abaixo do contratado;Em análise;SCM;TELEFONICA BRASIL S.A.;Grande;Vivo;SP;CAMPINAS;SCM
24/08/2022;08:26;Reclamação;Velocidade;Velocidade abaixo do contratado;Respondida;SCM;TIM S.A.;Grande;-;CE;JUAZEIRO DO NORTE;SCM
18/05/2023;08:50;Reclamação;Cobrança;Cobrança indevida;Respondida;SCM;TELEFONICA BRASIL S.A.;Grande;Vivo;GO;ANÁPOLIS;SCM
06/08/2022;20:54;Reclamação;Velocidade;Velocidade abaixo do contratado;Em análise;SCM;CLARO S.A.;Grande;Claro;MT;SINOP;SCM
16/08/2022;21:29;Reclamação;Contrato;Cancelamento não realizado;Pendente;SCM;TIM S.A.;Grande;TIM;MG;CONTAGEM;SCM
03/12/2023;19:33;Reclamação;Falha;Falha/Interrupção do serviço;Respondida;SCM;CLARO S.A.;Grande;Claro;SP;SÃO PAULO;SCM
07/04/2023;21:34;Reclamação;Falha;Falha/Interrupção do serviço;Pendente;SCM;TELEFONICA BRASIL S.A.;Grande;Vivo;GO;ANÁPOLIS;SCM
22/11/2022;12:56;Reclamação;Falha;Falha/Interrupção do serviço;Pendente;SCM;OI S.A.;Grande;Oi;SC;SC - INTERIOR;SCM
12/10/2022;13:29;Reclamação;Falha;Falha/Interrupção do serviço;Respondida;SCM;NET SERVIÇOS DE COMUNICAÇÃO S.A.;Grande;Claro;MG;JUIZ DE FORA;SCM
21/03/2022;12:10;Reclamação;Velocidade;Velocidade abaixo do contratado;Em análise;SCM;TIM S.A.;Grande;TIM;SP;SANTOS;SCM
31/01/2022;14:33;Reclamação;Velocidade;Velocidade abaixo do contratado;Respondida;SCM;OI S.A.;Grande;Oi;SP;GUARULHOS;SCM
22/01/2023;13:59;Reclamação;Falha;Falha/Interrupção do serviço;Respondida;SCM;TELEFONICA BRASIL S.A.;Grande;N/A;RJ;RIO DE JANEIRO;SCM
17/06/2023;13:16;Reclamação;Falha;Falha/Interrupção do serviço;Respondida;SCM;CLARO S.A.;Grande;NÃO INFORMADO;MS;DOURADOS;SCM
08/07/2022;08:02;Reclamação;N/A;Falha/Interrupção do serviço;Respondida;SCM;TELEFONICA BRASIL S.A.;Grande;Vivo;RS;PELOTAS;SCM
25/11/2023;18:22;Reclamação;Cobrança;Cobrança indevida;Respondida;SCM;CLARO S.A.;Grande;Claro;MG;UBERLÂNDIA;SCM
25/09/2022;18:48;Reclamação;Velocidade;Velocidade abaixo do contratado;Respondida;SCM;Oi S.A.;Grande;Oi;RJ;RIO DE JANEIRO;SCM
26/05/2023;16:20;Reclamação;Contrato;Cancelamento não realizado;Respondida;SCM;CLARO S.A.;Grande;Claro;SP;GUARULHOS;SCM
31/05/2023;20:55;Reclamação;Falha;Falha/Interrupção do serviço;Em análise;SCM;TIM S.A.;Grande;TIM;RS;PORTO ALEGRE;SCM
12/05/2022;08:33;Reclamação;Cobrança;Cobrança indevida;Pendente;SCM;EMBRATEL S.A.;Grande;Claro;SE;SE - INTERIOR;SCM
27/12/2022;13:18;Reclamação;Cobrança;Cobrança indevida;Respondida;SCM;OI S.A.;Grande;Oi;SP;CAMPINAS;SCM
06/09/2023;22:06;Reclamação;Contrato;Cancelamento não realizado;Respondida;SCM;Tim S.A.;Grande;TIM;MG;BELO HORIZONTE;SCM
01/11/2023;14:46;Reclamação;Cobrança;Cobrança indevida;Pendente;SCM;CLARO S.A.;Grande;Claro;RO;RO - INTERIOR;SCM
22/06/2022;07:25;Reclamação;Velocidade;Velocidade abaixo do contratado;Respondida;SCM;TIM S.A.;Grande;TIM;BA;FEIRA DE SANTANA;SCM
27/01/2022;10:54;Reclamação;Velocidade;Velocidade abaixo do contratado;Respondida;SCM;TELEFONICA BRASIL S.A.;Grande;Vivo;BA;VITÓRIA DA CONQUISTA;SCM
12/02/2023;22:58;Reclamação;Velocidade;Velocidade abaixo do contratado;Respondida;SCM;TIM S.A.;Grande;TIM;SP;CAMPINAS;SCM
28/09/2022;10:39;Reclamação;Falha;Falha/Interrupção do serviço;Respondida;SCM;TIM S.A.;Grande;TIM;PA;SANTARÉM;SCM
05/07/2022;13:54;Reclamação;Falha;Falha/Interrupção do serviço;Respondida;SCM;TIM S.A.;Grande;TIM;SP;SÃO PAULO;SCM
21/02/2022;08:01;Reclamação;Velocidade;Velocidade abaixo do contratado;Respondida;SCM;EMBRATEL S.A.;Grande;Claro;SC;SC - INTERIOR;SCM
17/08/2022;17:17;Reclamação;Velocidade;Velocidade abaixo do contratado;Respondida;SCM;SERCOMTEL S.A. - TELECOMUNICAÇÕES;Pequeno;Sercomtel;BA;VITÓRIA DA CONQUISTA;SCM
11/06/2022;14:33;Reclamação;Velocidade;Velocidade abaixo do contratado;Respondida;SCM;CLARO S.A.;Grande;Claro;SP;SANTOS;SCM
27/06/2023;12:48;Reclamação;Cobrança;Cobrança indevida;Respondida;SCM;CLARO S.A.;Grande;Claro;GO;ANÁPOLIS;SCM
24/08/2022;14:23;Reclamação;Velocidade;Velocidade abaixo do contratado;Pendente;SCM;NET SERVIÇOS DE COMUNICAÇÃO S.A.;Grande;Claro;SP;SOROCABA;SCM
23/05/2023;11:14;Reclamação;Cobrança;Cobrança indevida;Respondida;SCM;TIM S.A.;Grande;TIM;SP;CAMPINAS;SCM
09/08/2022;19:35;Reclamação;Velocidade;Velocidade abaixo do contratado;Respondida;SCM;TIM S.A.;Grande;TIM;SP;GUARULHOS;SCM
10/09/2023;07:39;Reclamação;Cobrança;Cobrança indevida;Respondida;SCM;SERCOMTEL S.A. - TELECOMUNICAÇÕES;Pequeno;Sercomtel;RS;PELOTAS;SCM
14/03/2023;22:38;Reclamação;Velocidade;Velocidade abaixo do contratado;Respondida;SCM;TIM S.A.;Grande;TIM;RS;CANOAS;SCM
10/01/2022;08:37;Reclamação;Velocidade;Velocidade abaixo do contratado;Pendente;SCM;CLARO S.A.;Grande;Claro;AM;ITACOATIARA;SCM
27/03/2022;20:39;Reclamação;Falha;Falha/Interrupção do serviço;Respondida;SCM;TIM S.A.;Grande;TIM;ES;CARIACICA;SCM
26/02/2023;09:03;Reclamação;Falha;Falha/Interrupção do serviço;Respondida;SCM;CLARO S.A.;Grande;Claro;RJ;DUQUE DE CAXIAS;SCM
15/02/2023;20:16;Reclamação;Velocidade;Velocidade abaixo do contratado;Pendente;SCM;TELEFONICA BRASIL S.A.;Grande;Vivo;PA;MARABÁ;SCM
24/02/2023;07:55;Reclamação;Falha;Falha/Interrupção do serviço;Respondida;SCM;CLARO S.A.;Grande;Claro;RJ;NITERÓI;SCM
16/11/2022;13:37;Reclamação;Cobrança;Cobrança indevida;Respondida;SCM;TELEFONICA BRASIL S.A.;Grande;Vivo;SP;SOROCABA;SCM
22/04/2022;22:39;Reclamação;Instalação;Prazo de instalação excedido;Pendente;SCM;CLARO S.A.;Grande;Claro;ES;CARIACICA;SCM
12/12/2023;11:21;Reclamação;Falha;Falha/Interrupção do serviço;Em análise;SCM;NET SERVIÇOS DE COMUNICAÇÃO S.A.;Grande;Claro;PE;OLINDA;SCM
08/03/2023;20:20;Reclamação;Velocidade;Velocidade abaixo do contratado;Pendente;SCM;SERCOMTEL S.A. - TELECOMUNICAÇÕES;Pequeno;Sercomtel;ES;CARIACICA;SCM
28/02/2022;19:37;Reclamação;Velocidade;Velocidade abaixo do contratado;Pendente;SCM;CLARO S.A.;Grande;Claro;RJ;NITERÓI;SCM
03/01/2022;11:13;Reclamação;Velocidade;Velocidade abaixo do contratado;Pendente;SCM;CLARO S.A.;Grande;Claro;PR;PONTA GROSSA;SCM
06/10/2023;21:34;Reclamação;Velocidade;Velocidade abaixo do contratado;Respondida;SCM;CLARO S.A.;Grande;Claro;PR;MARINGÁ;SCM
06/01/2022;17:29;Reclamação;Velocidade;Velocidade abaixo do contratado;Pendente;SCM;TELEFONICA BRASIL S.A.;Grande;Vivo;PR;LONDRINA;SCM
21/05/2022;18:00;Reclamação;Velocidade;Velocidade abaixo do contratado;Respondida;SCM;CLARO S.A.;Grande;Claro;DF;BRASÍLIA;SCM
23/06/2022;16:08;Reclamação;Contrato;Cancelamento não realizado;Respondida;SCM;TIM S.A.;Grande;TIM;SP;GUARULHOS;SCM
25/04/2023;07:04;Reclamação;Velocidade;Velocidade abaixo do contratado;Respondida;SCM;EMBRATEL S.A.;Grande;Claro;DF;TAGUATINGA;SCM
02/08/2023;20:39;Reclamação;Falha;Falha/Interrupção do serviço;Em análise;SCM;CLARO S.A.;Grande;Claro;SP;SOROCABA;SCM
12/05/2023;12:22;Reclamação;Falha;Falha/Interrupção do serviço;Respondida;SCM;TIM S.A.;Grande;TIM;PA;ANANINDEUA;SCM
01/11/2022;07:42;Reclamação;Velocidade;Velocidade abaixo do contratado;Respondida;SCM;OI S.A.;Grande;Oi;SP;SANTOS;SCM
13/03/2023;20:38;Reclamação;Velocidade;Velocidade abaixo do contratado;Em análise;SCM;Claro S.A.;Grande;Claro;MG;UBERLÂNDIA;SCM
28/02/2023;13:55;Reclamação;Atendimento;Atendimento inadequado;Respondida;SCM;NET SERVIÇOS DE COMUNICAÇÃO S.A.;Grande;Claro;RJ;NITERÓI;SCM
18/01/2023;07:33;Reclamação;Falha;Falha/Interrupção do serviço;Respondida;SCM;CLARO S/A;Grande;Claro;MG;UBERLÂNDIA;SCM
19/04/2022;17:40;Reclamação;Velocidade;Velocidade abaixo do contratado;Respondida;SCM;TELEFONICA BRASIL S.A.;Grande;Vivo;ES;VILA VELHA;SCM
19/05/2023;16:34;Reclamação;Falha;Falha/Interrupção do serviço;Respondida;SCM;CLARO S.A.;Grande;Claro;RS;CAXIAS DO SUL;SCM
04/07/2022;08:54;Reclamação;Velocidade;Velocidade abaixo do contratado;Respondida;SCM;TIM S.A.;Grande;TIM;SP;SOROCABA;SCM
11/07/2023;07:31;Reclamação;Velocidade;Velocidade abaixo do contratado;Respondida;SCM;Claro S.A.;Grande;Claro;SP;SÃO PAULO;SCM
18/06/2022;08:12;Reclamação;Contrato;Cancelamento não realizado;Respondida;SCM;TELEFONICA BRASIL S.A.;Grande;Vivo;TO;TO - INTERIOR;SCM
01/08/2023;15:03;Reclamação;Atendimento;Atendimento inadequado;Pendente;SCM;CLARO S/A;Grande;Claro;SP;SOROCABA;SCM
31/05/2023;12:00;Reclamação;NÃO INFORMADO;Prazo de instalação excedido;Respondida;SCM;CLARO S.A.;Grande;Claro;SP;GUARULHOS;SCM
18/11/2022;10:44;Reclamação;Velocidade;Velocidade abaixo do contratado;Em análise;SCM;EMBRATEL S.A.;Grande;Claro;RJ;NITERÓI;SCM
12/08/2023;07:03;Reclamação;Velocidade;Velocidade abaixo do contratado;Pendente;SCM;NET SERVIÇOS DE COMUNICAÇÃO S.A.;Grande;Claro;SP;SOROCABA;SCM
06/02/2023;20:42;Reclamação;Outros;Outros;Pendente;SCM;OI S.A.;Grande;Oi;AL;AL - INTERIOR;SCM
12/12/2022;20:56;Reclamação;Falha;Falha/Interrupção do serviço;Respondida;SCM;CLARO S.A.;Grande;Claro;RR;RR - INTERIOR;SCM
18/09/2022;21:50;Reclamação;Contrato;Cancelamento não realizado;Respondida;SCM;TELEFONICA BRASIL S.A.;Grande;NÃO INFORMADO;MA;TIMON;SCM
23/06/2022;11:39;Reclamação;Atendimento;Atendimento inadequado;Respondida;SCM;TELEFONICA BRASIL S.A.;Grande;Vivo;RS;PELOTAS;SCM
09/08/2022;17:27;Reclamação;Velocidade;Velocidade abaixo do contratado;Respondida;SCM;TELEFONICA BRASIL S.A.;Grande;Vivo;SP;GUARULHOS;SCM
20/08/2022;14:54;Reclamação;Velocidade; ;Em análise;SCM;TIM S.A.;Grande;TIM;SP;CAMPINAS;SCM
27/02/2023;18:46;Reclamação;Cobrança;Cobrança indevida;Respondida;SCM;TELEFONICA BRASIL S.A.;Grande;Vivo;GO;GOIÂNIA;SCM
11/04/2022;21:31;Reclamação;Contrato;Cancelamento não realizado;Em análise;SCM;CLARO S.A.;-;Claro;MG;BELO HORIZONTE;SCM
29/11/2022;11:43;Reclamação;Outros;Outros;Respondida;SCM;CLARO S.A.;Grande;Claro;BA;VITÓRIA DA CONQUISTA;SCM
18/12/2023;08:25;Reclamação;Cobrança;Cobrança indevida;Pendente;SCM;TELEFONICA BRASIL S.A.;Grande;Vivo;RJ;RIO DE JANEIRO;SCM
27/06/2022;13:44;Reclamação;Falha;Falha/Interrupção do serviço;Respondida;SCM;CLARO S.A.;Grande;Claro;RJ;DUQUE DE CAXIAS;SCM
20/01/2022;10:47;Reclamação;Falha;Falha/Interrupção do serviço;Respondida;SCM;TELEFONICA BRASIL S.A.;Grande;Vivo;ES;VITÓRIA;SCM
18/06/2023;21:48;Reclamação;Cobrança;Cobrança indevida;Respondida;SCM;CLARO S.A.;Grande;Claro;SP;SOROCABA;SCM
10/01/2022;12:04;Reclamação;Velocidade;Velocidade abaixo do contratado;Respondida;SCM;TELEFONICA BRASIL S.A.;Grande;Vivo;RS;PELOTAS;SCM
01/12/2023;19:18;Reclamação; ;Falha/Interrupção do serviço;Respondida;SCM;TIM S.A.;Grande;TIM;MG;BELO HORIZONTE;SCM
23/04/2022;17:08;Reclamação;Cobrança;-;Pendente;SCM;TELEFONICA BRASIL S.A.;Grande;Vivo;PR;LONDRINA;SCM
15/10/2023;07:34;Reclamação;Cobrança;Cobrança indevida;Em análise;SCM;TELEFONICA BRASIL S.A.;Grande;Vivo;PI;PI - INTERIOR;SCM
01/09/2022;21:47;Reclamação;Cobrança;Cobrança indevida;Respondida;SCM;NET SERVIÇOS DE COMUNICAÇÃO S.A.;Grande;Claro;RJ;NITERÓI;SCM
29/10/2022;13:04;Reclamação;Falha;Falha/Interrupção do serviço;Respondida;SCM;OI S.A.;Grande;Oi;SP;SÃO PAULO;SCM
20/07/2023;16:03;Reclamação;Velocidade;Velocidade abaixo do contratado;Respondida;SCM;TELEFONICA BRASIL S.A.;Grande;Vivo;RS;CAXIAS DO SUL;SCM
03/01/2023;22:34;Reclamação;Outros;Outros;Pendente;SCM;EMBRATEL S.A.;Grande;Claro;PR;CURITIBA;SCM
17/11/2023;15:43;Reclamação;Velocidade;Velocidade abaixo do contratado;Em análise;SCM;CLARO S.A.;Grande;Claro;CE;CAUCAIA;SCM
01/04/2023;13:02;Reclamação;Velocidade;Velocidade abaixo do contratado;Respondida;SCM;CLARO S.A.;Grande;Claro;PE;RECIFE;SCM
05/07/2023;20:30;Reclamação;Velocidade;Velocidade abaixo do contratado;Em análise;SCM;TIM S.A.;Grande;TIM;MG;BELO HORIZONTE;SCM
14/07/2022;11:55;Reclamação;Velocidade;Velocidade abaixo do contratado;Respondida;SCM;Telefonica Brasil S.A.;Grande;Vivo;MA;SÃO LUÍS;SCM
31/03/2022;09:25;Reclamação;Velocidade;Velocidade abaixo do contratado;Pendente;SCM;TELEFONICA BRASIL S.A.;Grande;Vivo;MG;BELO HORIZONTE;SCM
04/04/2022;16:56;Reclamação;Cobrança;Cobrança indevida;Respondida;SCM;CLARO S.A.;Grande;Claro;MG;BELO HORIZONTE;SCM
25/08/2022;22:40;Reclamação;Falha;NÃO INFORMADO;Respondida;SCM;TIM S.A.;Grande;TIM;RS;PELOTAS;SCM
07/09/2022;11:28;Reclamação;Velocidade;Velocidade abaixo do contratado;Respondida;SCM;CLARO S.A.;Grande;Claro;BA;VITÓRIA DA CONQUISTA;SCM
28/09/2022;07:39;Reclamação;Cobrança;Cobrança indevida;Respondida;SCM;TELEFONICA BRASIL S.A.;Grande;Vivo;RJ;RIO DE JANEIRO;SCM
24/10/2023;12:02;Reclamação;Outros;Outros;Respondida;SCM;TELEFONICA BRASIL S.A.;Grande;Vivo;ES;VILA VELHA;SCM
21/09/2023;18:14;Reclamação;Falha;Falha/Interrupção do serviço;Respondida;SCM;EMBRATEL S.A.;Grande;Claro;CE;CAUCAIA;SCM
27/09/2022;15:21;Reclamação;Falha;Falha/Interrupção do serviço;Pendente;SCM;TELEFONICA BRASIL S.A.;Grande;Vivo;PA;SANTARÉM;SCM
14/03/2022;07:41;Reclamação;Cobrança;Cobrança indevida;Respondida;SCM;TELEFONICA BRASIL S.A.;Grande;Vivo;SP;CAMPINAS;SCM
30/12/2022;19:41;Reclamação;Falha;Falha/Interrupção do serviço;Respondida;SCM;EMBRATEL S.A.;Grande;Claro;BA;SALVADOR;SCM
08/09/2022;15:42;Reclamação;Instalação;Prazo de instalação excedido;Respondida;SCM;OI S.A.;Grande;Oi;PI;PI - INTERIOR;SCM
06/01/2022;21:51;Reclamação;Contrato;Cancelamento não realizado;Respondida;SCM;EMBRATEL S.A.;Grande;Claro;AL;AL - INTERIOR;SCM
08/09/2022;19:19;Reclamação;Falha;Falha/Interrupção do serviço;Respondida;SCM;CLARO S.A.;Grande;Claro;RN;RN - INTERIOR;SCM
14/11/2023;12:08;Reclamação;Instalação;Prazo de instalação excedido;Pendente;SCM;NET SERVIÇOS DE COMUNICAÇÃO S.A.;Grande;Claro;RJ;NOVA IGUAÇU;SCM
29/09/2022;13:00;Reclamação;Velocidade;Velocidade abaixo do contratado;Respondida;SCM;TIM S.A.;Grande;TIM;MT;CUIABÁ;SCM
21/10/2022;09:23;Reclamação;Velocidade;Velocidade abaixo do contratado;Respondida;SCM;Claro S.A.;Grande;Claro;RS;CAXIAS DO SUL;SCM
25/10/2022;18:51;Reclamação;Atendimento;Atendimento inadequado;Pendente;SCM;CLARO S/A;Grande;N/A;BA;SALVADOR;SCM
19/02/2022;16:27;Reclamação;Velocidade;Velocidade abaixo do contratado;Respondida;SCM;TIM S.A.;Grande;TIM;ES;VITÓRIA;SCM
05/05/2022;11:18;Reclamação;Atendimento;Atendimento inadequado;Respondida;SCM;TIM S.A.;Grande;TIM;RJ;DUQUE DE CAXIAS;SCM
12/03/2022;14:23;Reclamação;Velocidade;Velocidade abaixo do contratado;Respondida;SCM;CLARO S.A.;Grande;Claro;RJ;DUQUE DE CAXIAS;SCM
07/12/2023;08:27;Reclamação;Atendimento;Atendimento inadequado;Respondida;SCM;SERCOMTEL S.A. - TELECOMUNICAÇÕES;Pequeno;Sercomtel;PR;PONTA GROSSA;SCM
04/05/2022;19:12;Reclamação;Velocidade;Velocidade abaixo do contratado;Respondida;SCM;TELEFONICA BRASIL S.A.;Grande;Vivo;SC;SC - INTERIOR;SCM
13/05/2022;19:46;Reclamação;Contrato;Cancelamento não realizado;Respondida;SCM;TIM S.A.;Grande;TIM;MS;TRÊS LAGOAS;SCM
14/10/2022;18:26;Reclamação;Falha;Falha/Interrupção do serviço;Respondida;SCM;CLARO S/A;Grande;Claro;GO;APARECIDA DE GOIÂNIA;SCM
08/11/2023;21:16;Reclamação;Falha;Falha/Interrupção do serviço;Respondida;SCM;TIM S.A.;Grande;TIM;RJ;RIO DE JANEIRO;SCM
04/05/2022;14:14;Reclamação;Cobrança;N/A;Respondida;SCM;-;Grande;TIM;MG;CONTAGEM;SCM
08/01/2023;08:28;Reclamação;Falha;Falha/Interrupção do serviço;Respondida;SCM;TIM S.A.;Grande;TIM;MA;TIMON;SCM
13/01/2023;12:58;Reclamação;Falha;Falha/Interrupção do serviço;Pendente;SCM;CLARO S.A.;Grande;Claro;MG;CONTAGEM;SCM
06/06/2022;19:43;Reclamação;Contrato;Cancelamento não realizado;Respondida;SCM;SERCOMTEL S.A. - TELECOMUNICAÇÕES;Pequeno;Sercomtel;MS;CAMPO GRANDE;SCM
04/06/2022;11:07;Reclamação;Velocidade;Velocidade abaixo do contratado;Respondida;SCM;TELEFONICA BRASIL S.A.;Grande;Vivo;SP;SÃO PAULO;SCM
13/03/2022;13:51;Reclamação;Contrato;Cancelamento não realizado;Respondida;SCM;CLARO S.A.;Grande;Claro;MG;UBERLÂNDIA;SCM
07/02/2022;09:01;Reclamação;Velocidade;Velocidade abaixo do contratado;Respondida;SCM;CLARO S.A.;Grande;Claro;RS;CANOAS;SCM
24/03/2022;08:57;Reclamação;Falha;Falha/Interrupção do serviço;Respondida;SCM;CLARO S.A.;Grande;Claro;MG;JUIZ DE FORA;SCM
20/10/2023;09:42;Reclamação;Velocidade;Velocidade abaixo do contratado;Em análise;SCM;TIM S.A.;Grande;TIM;SP;SANTOS;SCM
09/04/2022;08:25;Reclamação;Falha;Falha/Interrupção do serviço;Respondida;SCM;CLARO S.A.;Grande;Claro;PA;SANTARÉM;SCM
17/09/2023;15:33;Reclamação;NÃO INFORMADO;Velocidade abaixo do contratado;Respondida;SCM;NET SERVIÇOS DE COMUNICAÇÃO S.A.;Grande;Claro;SP;SANTOS;SCM
26/06/2022;13:40;Reclamação;Falha;Falha/Interrupção do serviço;Pendente;SCM;CLARO S/A;Grande;Claro;ES;CARIACICA;SCM
18/10/2022;15:46;Reclamação;Atendimento;Atendimento inadequado;Respondida;SCM;CLARO S.A.;Grande;Claro;MG;CONTAGEM;SCM
31/08/2023;19:26;Reclamação;Cobrança;Cobrança indevida;Pendente;SCM;TIM S.A.;Grande;TIM;SP;GUARULHOS;SCM
19/01/2023;07:37;Reclamação;Atendimento;Atendimento inadequado;Respondida;SCM;EMBRATEL S.A.;Grande;Claro;PE;PETROLINA;SCM
02/07/2023;07:30;Reclamação;Falha;Falha/Interrupção do serviço;Em análise;SCM;TIM S.A.;Grande;TIM;PA;SANTARÉM;SCM
13/03/2022;22:20;Reclamação;Atendimento;Atendimento inadequado;Pendente;SCM;TELEFONICA BRASIL S.A.;Grande;Vivo;SP;SÃO PAULO;SCM
16/11/2023;13:52;Reclamação;Cobrança;Cobrança indevida;Respondida;SCM;CLARO S.A.;Grande;Claro;SC;SC - INTERIOR;SCM
19/04/2023;09:42;Reclamação;Falha;Falha/Interrupção do serviço;Respondida;SCM;TELEFONICA BRASIL S.A.;Grande;Vivo;SP;SANTOS;SCM
15/05/2022;16:38;Reclamação;Atendimento;Atendimento inadequado;Respondida;SCM;TIM S.A.;Grande;TIM;PA;SANTARÉM;SCM
19/06/2023;15:44;Reclamação;Velocidade;Velocidade abaixo do contratado;Pendente;SCM;CLARO S.A.;Grande;Claro;RR;RR - INTERIOR;SCM
16/02/2023;13:03;Reclamação;Velocidade;Velocidade abaixo do contratado;Respondida;SCM;CLARO S.A.;Grande;Claro;SP;GUARULHOS;SCM
27/09/2022;14:28;Reclamação;Velocidade;Velocidade abaixo do contratado;Pendente;SCM;CLARO S.A.;Grande;Claro;MT;VÁRZEA GRANDE;SCM
12/12/2023;13:11;Reclamação;Velocidade;Velocidade abaixo do contratado;Respondida;SCM;EMBRATEL S.A.;Grande;Claro;MS;CAMPO GRANDE;SCM
08/01/2023;08:54;Reclamação;Velocidade;Velocidade abaixo do contratado;Respondida;SCM;SERCOMTEL S.A. - TELECOMUNICAÇÕES;Pequeno;Sercomtel;SP;GUARULHOS;SCM
12/11/2023;18:10;Reclamação;Velocidade;Velocidade abaixo do contratado;Respondida;SCM;OI S.A.;Grande;Oi;RS;PORTO ALEGRE;SCM
03/01/2023;16:56;Reclamação;Velocidade;Velocidade abaixo do contratado;Respondida;SCM;TELEFONICA BRASIL S.A.;Grande;Vivo;SP;CAMPINAS;SCM
19/01/2022;22:03;Reclamação;Contrato;Cancelamento não realizado;Respondida;SCM;TIM S.A.;Grande;TIM;SP;SOROCABA;SCM
26/09/2023;22:09;Reclamação;Velocidade;Velocidade abaixo do contratado;Respondida;SCM;TIM S.A.;Grande;TIM;ES;VILA VELHA;SCM
29/11/2022;17:58;Reclamação;Cobrança;Cobrança indevida;Respondida;SCM;CLARO S.A.;Grande;Claro;PR;LONDRINA;SCM
20/03/2023;20:38;Reclamação;Cobrança;Cobrança indevida;Respondida;SCM;CLARO S.A.;Grande;Claro;DF;BRASÍLIA;SCM
29/08/2022;18:43;Reclamação;Instalação;Prazo de instalação excedido;Pendente;SCM;CLARO S.A.;Grande;Claro;MS;TRÊS LAGOAS;SCM
02/10/2023;18:10;Reclamação;Contrato;Cancelamento não realizado;Respondida;SCM;OI S.A.;Grande;Oi;DF;CEILÂNDIA;SCM
08/04/2023;14:05;Reclamação;Velocidade;Velocidade abaixo do contratado;Em análise;SCM;TELEFONICA BRASIL S.A.;Grande;Vivo;SC;SC - INTERIOR;SCM
03/11/2022;21:27;Reclamação;Atendimento;Atendimento inadequado;Respondida;SCM;TELEFONICA BRASIL S.A.;Grande;Vivo;SC;SC - INTERIOR;SCM
09/09/2022;17:11;Reclamação;Falha;Falha/Interrupção do serviço;Respondida;SCM;NET SERVIÇOS DE COMUNICAÇÃO S.A.;Grande;Claro;RS;PELOTAS;SCM
03/12/2022;07:23;Reclamação;Velocidade;Velocidade abaixo do contratado;Respondida;SCM;TELEFONICA BRASIL S.A.;Grande;Vivo;RN;RN - INTERIOR;SCM
10/06/2022;22:04;Reclamação;Cobrança;Cobrança indevida;Em análise;SCM;NET SERVIÇOS DE COMUNICAÇÃO S.A.;Grande;Claro;SP;CAMPINAS;SCM
24/09/2023;15:33;Reclamação;Atendimento;Atendimento inadequado;Respondida;SCM;OI S.A.;Grande;Oi;MG;CONTAGEM;SCM
05/04/2022;20:37;Reclamação;Outros;Outros;Respondida;SCM;EMBRATEL S.A.;Grande;Claro;CE;FORTALEZA;SCM
30/11/2022;18:38;Reclamação;Cobrança;Cobrança indevida;Respondida;SCM;CLARO S/A;Grande;Claro;PI;PI - INTERIOR;SCM
20/08/2023;09:39;Reclamação;Velocidade;NÃO INFORMADO;Em análise;SCM;TELEFONICA BRASIL S.A.;Grande;Vivo;MG;UBERLÂNDIA;SCM
02/05/2022;20:46;Reclamação;Atendimento;Atendimento inadequado;Pendente;SCM;TELEFONICA BRASIL S.A.;Grande;Vivo;RJ;NOVA IGUAÇU;SCM
10/11/2023;14:04;Reclamação;Falha;Falha/Interrupção do serviço;Respondida;SCM;Claro S.A.;Grande;Claro;PA;BELÉM;SCM
17/10/2023;07:09;Reclamação;Velocidade;Velocidade abaixo do contratado;Respondida;SCM;CLARO S.A.;Grande;Claro;AM;PARINTINS;SCM
17/08/2022;19:30;Reclamação;Instalação;Prazo de instalação excedido;Respondida;SCM;NET SERVIÇOS DE COMUNICAÇÃO S.A.;Grande;Claro;ES;VILA VELHA;SCM
27/06/2023;08:14;Reclamação;Falha;Falha/Interrupção do serviço;Pendente;SCM;TELEFONICA BRASIL S.A.;Grande;Vivo;SC;SC - INTERIOR;SCM
08/11/2023;16:26;Reclamação;Velocidade;Velocidade abaixo do contratado;Respondida;SCM;OI S.A.;Grande;Oi;SP;SOROCABA;SCM
08/04/2023;12:08;Reclamação;Falha;Falha/Interrupção do serviço;Respondida;SCM;OI S.A.;Grande;Oi;SP;CAMPINAS;SCM
02/05/2023;13:50;Reclamação;Velocidade;Velocidade abaixo do contratado;Respondida;SCM;TIM S.A.;Grande;TIM;RS;CANOAS;SCM
21/07/2022;16:14;Reclamação;Instalação;Prazo de instalação excedido;Respondida;SCM;SERCOMTEL S.A. - TELECOMUNICAÇÕES;Pequeno;Sercomtel;ES;VILA VELHA;SCM
17/01/2022;13:13;Reclamação;Velocidade;Velocidade abaixo do contratado;Respondida;SCM;CLARO S.A.;Grande;Claro;MS;TRÊS LAGOAS;SCM
10/07/2022;12:52;Reclamação;Velocidade;Velocidade abaixo do contratado;Respondida;SCM;CLARO S/A;Grande;Claro;ES;VITÓRIA;SCM
15/02/2022;11:31;Reclamação;Velocidade;Velocidade abaixo do contratado;Respondida;SCM;CLARO S.A.;Grande;Claro;RJ;NOVA IGUAÇU;SCM
23/04/2023;07:06;Reclamação;Falha;Falha/Interrupção do serviço;Respondida;SCM;CLARO S.A.;Grande;Claro;BA;VITÓRIA DA CONQUISTA;SCM
20/01/2023;10:31;Reclamação;Velocidade;Velocidade abaixo do contratado;Respondida;SCM;Tim S.A.;Grande;TIM;RJ;NITERÓI;SCM
09/11/2023;11:18;Reclamação;Falha;Falha/Interrupção do serviço;Em análise;SCM;OI S.A.;Grande;Oi;SP;GUARULHOS;SCM
01/12/2023;15:09;Reclamação;Cobrança;Cobrança indevida;Pendente;SCM;TIM S.A.;Grande;TIM;PI;PI - INTERIOR;SCM
24/07/2023;13:12;Reclamação;Velocidade;Velocidade abaixo do contratado;Respondida;SCM;NET SERVIÇOS DE COMUNICAÇÃO S.A.;Grande;Claro;PA;MARABÁ;SCM
07/08/2023;19:02;Reclamação;Velocidade;Velocidade abaixo do contratado;Respondida;SCM;OI S.A.;Grande;Oi;SP;CAMPINAS;SCM
02/08/2022;07:52;Reclamação;Cobrança;Cobrança indevida;Respondida;SCM;TIM S.A.;Grande;TIM;RO;RO - INTERIOR;SCM
27/03/2023;07:38;Reclamação;Falha;Falha/Interrupção do serviço;Em análise;SCM;TELEFONICA BRASIL S.A.;Grande;Vivo;SP;CAMPINAS;SCM
31/10/2022;12:16;Reclamação;Velocidade;Velocidade abaixo do contratado;Respondida;SCM;CLARO S.A.;Grande;Claro;SP;CAMPINAS;SCM
20/03/2022;17:09;Reclamação;Cobrança;Cobrança indevida;Respondida;SCM;OI S.A.;Grande;Oi;MG;BELO HORIZONTE;SCM
15/06/2022;12:53;Reclamação;-;Velocidade abaixo do contratado;Pendente;SCM;TIM S.A.;Grande;TIM;PA;MARABÁ;SCM
30/08/2023;16:50;Reclamação;Falha;Falha/Interrupção do serviço;Em análise;SCM;EMBRATEL S.A.;Grande;Claro;SP;SOROCABA;SCM
04/02/2023;09:31;Reclamação;Cobrança;Cobrança indevida;Respondida;SCM;TELEFONICA BRASIL S.A.;Grande;Vivo;MS;CAMPO GRANDE;SCM
17/09/2022;17:33;Reclamação;Falha;Falha/Interrupção do serviço;Respondida;SCM;CLARO S/A;NÃO INFORMADO;Claro;RJ;NOVA IGUAÇU;SCM
04/01/2022;09:44;Reclamação;Falha;Falha/Interrupção do serviço;Respondida;SCM;TIM S.A.;Grande;TIM;MA;IMPERATRIZ;SCM
30/07/2023;13:25;Reclamação;Atendimento;Atendimento inadequado;Respondida;SCM;SERCOMTEL S.A. - TELECOMUNICAÇÕES;Pequeno;Sercomtel;TO;TO - INTERIOR;SCM
08/05/2023;08:16;Reclamação;Velocidade;Velocidade abaixo do contratado;Respondida;SCM;TELEFONICA BRASIL S.A.;Grande;Vivo;SP;CAMPINAS;SCM
19/05/2023;22:00;Reclamação;Instalação;N/A;Respondida;SCM;TELEFONICA BRASIL S.A.;Grande;Vivo;MG;BELO HORIZONTE;SCM
23/08/2023;17:52;Reclamação;Falha;Falha/Interrupção do serviço;Respondida;SCM;CLARO S.A.;Grande;Claro;MT;CUIABÁ;SCM
05/10/2022;15:22;Reclamação;Velocidade;Velocidade abaixo do contratado;Respondida;SCM;CLARO S.A.;Grande;Claro;MG;BELO HORIZONTE;SCM
02/11/2023;17:58;Reclamação;Contrato;Cancelamento não realizado;Respondida;SCM;OI S.A.;Grande;Oi;TO;TO - INTERIOR;SCM
02/07/2022;15:35;Reclamação;Velocidade;Velocidade abaixo do contratado;Respondida;SCM;Tim S.A.;Grande;TIM;SP;SANTOS;SCM
10/12/2023;22:58;Reclamação;Contrato;Cancelamento não realizado;Respondida;SCM;TIM S.A.;Grande;TIM;ES;VITÓRIA;SCM
30/01/2023;21:29;Reclamação;Velocidade;Velocidade abaixo do contratado;Respondida;SCM;TIM S.A.;Grande;TIM;GO;GOIÂNIA;SCM
18/09/2022;09:56;Reclamação;Contrato;Cancelamento não realizado;Pendente;SCM;TELEFONICA BRASIL S.A.;Grande;Vivo;PA;MARABÁ;SCM
11/01/2023;08:48;Reclamação;Velocidade;Velocidade abaixo do contratado;Respondida;SCM;TELEFONICA BRASIL S.A.;Grande;Vivo;SP;SÃO PAULO;SCM
05/02/2022;09:04;Reclamação;Falha;Falha/Interrupção do serviço;Respondida;SCM;NET SERVIÇOS DE COMUNICAÇÃO S.A.;Grande;Claro;PI;PI - INTERIOR;SCM
10/01/2022;07:28;Reclamação;Falha;Falha/Interrupção do serviço;Pendente;SCM;TIM S.A.;Grande;TIM;MT;CUIABÁ;SCM
05/09/2023;10:44;Reclamação;Falha;Falha/Interrupção do serviço;Em análise;SCM;SERCOMTEL S.A. - TELECOMUNICAÇÕES;Pequeno;Sercomtel;GO;APARECIDA DE GOIÂNIA;SCM
15/03/2023;13:15;Reclamação;Falha;Falha/Interrupção do serviço;Respondida;SCM;TELEFONICA BRASIL S.A.;Grande;Vivo;SP;SOROCABA;SCM
17/04/2022;13:34;Reclamação;Contrato;Cancelamento não realizado;Respondida;SCM;CLARO S.A.;Grande;Claro;PE;CARUARU;SCM
05/05/2022;08:31;Reclamação;Instalação;Prazo de instalação excedido;Respondida;SCM;N/A;Pequeno;Sercomtel;RN;RN - INTERIOR;SCM
26/05/2023;22:42;Reclamação;Cobrança;Cobrança indevida;Em análise;SCM;TIM S.A.;Grande;TIM;MS;CAMPO GRANDE;SCM
04/10/2022;12:53;Reclamação;Falha;Falha/Interrupção do serviço;Respondida;SCM;TELEFONICA BRASIL S.A.;Grande;Vivo;RS;CAXIAS DO SUL;SCM
07/03/2023;19:57;Reclamação;Cobrança;Cobrança indevida;Respondida;SCM;TELEFONICA BRASIL S.A.;Grande;Vivo;MG;JUIZ DE FORA;SCM
22/10/2022;11:18;Reclamação;Velocidade;Velocidade abaixo do contratado;Respondida;SCM;TIM S.A.;Grande;TIM;GO;ANÁPOLIS;SCM
21/10/2022;11:14;Reclamação;Velocidade;Velocidade abaixo do contratado;Respondida;SCM;N/A;Grande;TIM;RS;CAXIAS DO SUL;SCM
20/07/2022;15:05;Reclamação;Atendimento;Atendimento inadequado;Respondida;SCM;EMBRATEL S.A.;Grande;Claro;SP;CAMPINAS;SCM
04/04/2022;15:59;Reclamação;Cobrança;Cobrança indevida;Respondida;SCM;TIM S.A.;Grande;TIM;MA;TIMON;SCM
06/12/2023;17:54;Reclamação;Velocidade;Velocidade abaixo do contratado;Pendente;SCM;TELEFONICA BRASIL S.A.;Grande;Vivo;RJ;NOVA IGUAÇU;SCM
30/10/2023;21:19;Reclamação;Velocidade;Velocidade abaixo do contratado;Respondida;SCM;NET SERVIÇOS DE COMUNICAÇÃO S.A.;Grande;Claro;RJ;NOVA IGUAÇU;SCM
21/08/2022;08:31;Reclamação;Velocidade;Velocidade abaixo do contratado;Respondida;SCM;TELEFONICA BRASIL S.A.;Grande;Vivo;MS;TRÊS LAGOAS;SCM
10/11/2023;09:30;Reclamação;Cobrança;Cobrança indevida;Respondida;SCM;TIM S.A.;Grande;TIM;PA;MARABÁ;SCM
19/04/2022;11:48;Reclamação;Atendimento;Atendimento inadequado;Em análise;SCM;OI S.A.;Grande;Oi;CE;SOBRAL;SCM
19/07/2023;13:43;Reclamação;Cobrança;Cobrança indevida;Pendente;SCM;TELEFONICA BRASIL S.A.;Grande;Vivo;AL;AL - INTERIOR;SCM
28/09/2022;18:02;Reclamação;Outros;Outros;Respondida;SCM;OI S.A.;Grande;Oi;RS;CAXIAS DO SUL;SCM
03/02/2022;14:58;Reclamação;Atendimento;Atendimento inadequado;Pendente;SCM;OI S.A.;Grande;Oi;SC;SC - INTERIOR;SCM
19/12/2022;21:29;Reclamação;Falha;Falha/Interrupção do serviço;Em análise;SCM;NET SERVIÇOS DE COMUNICAÇÃO S.A.;Grande;Claro;RS;PELOTAS;SCM
14/09/2022;16:35;Reclamação;Instalação;Prazo de instalação excedido;Respondida;SCM;OI S.A.;Grande;Oi;PE;CARUARU;SCM
25/04/2022;12:52;Reclamação;Falha;Falha/Interrupção do serviço;Respondida;SCM;CLARO S.A.;Grande;-;RJ;NOVA IGUAÇU;SCM
28/05/2022;17:12;Reclamação;Cobrança;Cobrança indevida;Respondida;SCM;CLARO S/A;Grande;Claro;SP;SANTOS;SCM
06/12/2023;07:27;Reclamação;Velocidade;Velocidade abaixo do contratado;Em análise;SCM;TELEFONICA BRASIL S.A.;Grande;Vivo;SP;CAMPINAS;SCM
21/06/2022;14:03;Reclamação;Falha;Falha/Interrupção do serviço;Respondida;SCM;OI S.A.;Grande;Oi;SC;SC - INTERIOR;SCM
17/05/2022;21:02;Reclamação;Velocidade;Velocidade abaixo do contratado;Respondida;SCM;TELEFONICA BRASIL S.A.;Grande;Vivo;SP;SOROCABA;SCM
19/04/2023;21:09;Reclamação;Atendimento;Atendimento inadequado;Respondida;SCM;TELEFONICA BRASIL S.A.;Grande;Vivo;GO;APARECIDA DE GOIÂNIA;SCM
21/12/2022;08:31;Reclamação;Cobrança;N/A;Respondida;SCM;CLARO S.A.;Grande;Claro;SP;SANTOS;SCM
12/09/2022;19:27;Reclamação;Cobrança;Cobrança indevida;Respondida;SCM;CLARO S/A;Grande;Claro;SP;CAMPINAS;SCM
14/02/2022;17:47;Reclamação;Velocidade;Velocidade abaixo do contratado;Pendente;SCM;EMBRATEL S.A.;Grande;Claro;RJ;NOVA IGUAÇU;SCM
01/06/2023;22:41;Reclamação;Contrato;Cancelamento não realizado;Respondida;SCM;CLARO S/A;Grande;Claro;SP;CAMPINAS;SCM
22/10/2022;18:30;Reclamação;Velocidade;Velocidade abaixo do contratado;Respondida;SCM;CLARO S.A.;Grande;Claro;RJ;NITERÓI;SCM
02/09/2023;15:45;Reclamação;Instalação;Prazo de instalação excedido;Pendente;SCM;NET SERVIÇOS DE COMUNICAÇÃO S.A.;Grande;-;PA;ANANINDEUA;SCM
13/04/2022;10:57;Reclamação;Contrato;Cancelamento não realizado;Respondida;SCM;CLARO S.A.;Grande;Claro;BA;FEIRA DE SANTANA;SCM
09/12/2022;15:15;Reclamação;Falha;Falha/Interrupção do serviço;Respondida;SCM;CLARO S.A.;Grande;Claro;BA;SALVADOR;SCM
05/01/2023;18:39;Reclamação;Contrato;Cancelamento não realizado;Respondida;SCM;EMBRATEL S.A.;Grande;Claro;BA;VITÓRIA DA CONQUISTA;SCM
13/07/2022;07:53;Reclamação;Cobrança;Cobrança indevida;Respondida;SCM;NET SERVIÇOS DE COMUNICAÇÃO S.A.;Grande;Claro;PR;LONDRINA;SCM
23/02/2023;08:37;Reclamação;Falha;Falha/Interrupção do serviço;Respondida;SCM;TELEFONICA BRASIL S.A.;Grande;Vivo;DF;CEILÂNDIA;SCM
17/05/2023;16:30;Reclamação;Cobrança;Cobrança indevida;Respondida;SCM;TIM S.A.;Grande;TIM;RJ;DUQUE DE CAXIAS;SCM
24/10/2023;12:20;Reclamação;Velocidade;Velocidade abaixo do contratado;Respondida;SCM;TELEFONICA BRASIL S.A.;Grande;Vivo;PA;SANTARÉM;SCM
02/03/2023;14:57;Reclamação;Velocidade;Velocidade abaixo do contratado;Em análise;SCM;Telefonica Brasil S.A.;Grande;Vivo;SC;SC - INTERIOR;SCM
04/03/2023;09:32;Reclamação;Cobrança;Cobrança indevida;Pendente;SCM;CLARO S.A.;Grande;Claro;PB;PB - INTERIOR;SCM
09/08/2022;18:29;Reclamação;Contrato;Cancelamento não realizado;Respondida;SCM;CLARO S.A.;Grande;Claro;BA;VITÓRIA DA CONQUISTA;SCM
22/05/2023;21:24;Reclamação;Atendimento;Atendimento inadequado;Em análise;SCM;TIM S.A.;Grande;TIM;SP;CAMPINAS;SCM
11/04/2023;08:15;Reclamação;Falha;Falha/Interrupção do serviço;Respondida;SCM;TIM S.A.;Grande;TIM;CE;SOBRAL;SCM
11/09/2023;22:29;Reclamação;Velocidade;Velocidade abaixo do contratado;Respondida;SCM;TIM S.A.;Grande;TIM;PB;PB - INTERIOR;SCM
01/05/2022;18:17;Reclamação;Cobrança;Cobrança indevida;Respondida;SCM;EMBRATEL S.A.;Grande;Claro;SC;SC - INTERIOR;SCM
05/02/2022;13:19;Reclamação;Atendimento;Atendimento inadequado;Pendente;SCM;EMBRATEL S.A.;Grande;Claro;AM;PARINTINS;SCM
13/06/2023;16:02;Reclamação;Contrato;Cancelamento não realizado;Respondida;SCM;TELEFONICA BRASIL S.A.;Grande;Vivo;RS;CAXIAS DO SUL;SCM
16/02/2022;13:43;Reclamação;Cobrança;Cobrança indevida;Respondida;SCM;CLARO S.A.;Grande;Claro;SP;SANTOS;SCM
17/10/2023;17:17;Reclamação;Velocidade;Velocidade abaixo do contratado;Respondida;SCM;OI S.A.;Grande;Oi;PR;MARINGÁ;SCM
16/10/2022;15:50;Reclamação;Velocidade;Velocidade abaixo do contratado;Respondida;SCM;NET SERVIÇOS DE COMUNICAÇÃO S.A.;Grande;Claro;ES;VITÓRIA;SCM
04/09/2023;16:11;Reclamação;Contrato;Cancelamento não realizado;Em análise;SCM;TELEFONICA BRASIL S.A.;Grande;Vivo;BA;SALVADOR;SCM
21/04/2023;12:14;Reclamação;Velocidade;Velocidade abaixo do contratado;Respondida;SCM;CLARO S/A;Grande;Claro;PB;PB - INTERIOR;SCM
24/11/2023;16:46;Reclamação;Velocidade;Velocidade abaixo do contratado;Pendente;SCM;TELEFONICA BRASIL S.A.;Grande;Vivo;PA;SANTARÉM;SCM
10/03/2023;07:01;Reclamação;Atendimento;Atendimento inadequado;Respondida;SCM;CLARO S.A.;Grande;Claro;PA;SANTARÉM;SCM
10/06/2022;11:55;Reclamação;Contrato;Cancelamento não realizado;Pendente;SCM;Oi S.A.;Grande;Oi;TO;TO - INTERIOR;SCM
07/01/2022;09:56;Reclamação;Falha;Falha/Interrupção do serviço;Respondida;SCM;TIM S.A.;Grande;TIM;RJ;NITERÓI;SCM
31/07/2022;16:32;Reclamação;Falha;Falha/Interrupção do serviço;Respondida;SCM;TIM S.A.;Grande;TIM;RS;CAXIAS DO SUL;SCM
18/04/2023;09:59;Reclamação;Velocidade;Velocidade abaixo do contratado;Respondida;SCM;EMBRATEL S.A.;Grande;Claro;RJ;DUQUE DE CAXIAS;SCM
09/03/2022;18:37;Reclamação;Atendimento;Atendimento inadequado;Respondida;SCM;TELEFONICA BRASIL S.A.;Grande;Vivo;PA;MARABÁ;SCM
25/12/2023;21:40;Reclamação;Falha;Falha/Interrupção do serviço;Respondida;SCM;OI S.A.;Grande;Oi;ES;CARIACICA;SCM
09/11/2023;11:01;Reclamação;Contrato;Cancelamento não realizado;Respondida;SCM;CLARO S.A.;Grande;Claro;RJ;RIO DE JANEIRO;SCM
08/12/2023;14:27;Reclamação;Velocidade;Velocidade abaixo do contratado;Em análise;SCM;TELEFONICA BRASIL S.A.;Grande;Vivo;PE;OLINDA;SCM
08/04/2022;09:09;Reclamação;Falha;Falha/Interrupção do serviço;Respondida;SCM;CLARO S/A;NÃO INFORMADO;Claro;RJ;DUQUE DE CAXIAS;SCM
08/06/2023;13:51;Reclamação;Velocidade;Velocidade abaixo do contratado;Respondida;SCM;TELEFONICA BRASIL S.A.;Grande;Vivo;MG;UBERLÂNDIA;SCM
16/12/2023;15:53;Reclamação;Velocidade;Velocidade abaixo do contratado;Respondida;SCM;SERCOMTEL S.A. - TELECOMUNICAÇÕES;Pequeno;Sercomtel;MA;SÃO LUÍS;SCM
13/12/2023;19:31;Reclamação;Velocidade;Velocidade abaixo do contratado;Respondida;SCM;TELEFONICA BRASIL S.A.;Grande;Vivo;RN;RN - INTERIOR;SCM
15/08/2023;11:28;Reclamação;Velocidade;Velocidade abaixo do contratado;Respondida;SCM;TELEFONICA BRASIL S.A.;Grande;Vivo;ES;CARIACICA;SCM
30/10/2023;13:20;Reclamação;Cobrança;Cobrança indevida;Respondida;SCM;TIM S.A.;Grande;-;RS;CANOAS;SCM
22/10/2022;16:38;Reclamação;Cobrança;Cobrança indevida;Pendente;SCM;TIM S.A.;Grande;TIM;SP;GUARULHOS;SCM
27/07/2022;16:18;Reclamação;Falha;Falha/Interrupção do serviço;Pendente;SCM;CLARO S.A.;Grande;Claro;SP;SÃO PAULO;SCM
22/09/2023;18:45;Reclamação;Falha;Falha/Interrupção do serviço;Respondida;SCM;TIM S.A.;Grande;TIM;SP;SANTOS;SCM
01/01/2022;14:33;Reclamação;Falha;Falha/Interrupção do serviço;Respondida;SCM;TELEFONICA BRASIL S.A.;Grande;Vivo;RJ;DUQUE DE CAXIAS;SCM
02/02/2022;15:34;Reclamação;Velocidade;Velocidade abaixo do contratado;Respondida;SCM;TELEFONICA BRASIL S.A.;Grande;Vivo;RJ;NITERÓI;SCM
06/12/2022;15:30;Reclamação;Velocidade;Velocidade abaixo do contratado;Respondida;SCM;CLARO S.A.;Grande;Claro;PE;PETROLINA;SCM
02/04/2023;12:47;Reclamação;Cobrança;Cobrança indevida;Em análise;SCM;TELEFONICA BRASIL S.A.;Grande;Vivo;ES;CARIACICA;SCM
28/08/2022;18:15;Reclamação;Velocidade;Velocidade abaixo do contratado;Respondida;SCM;EMBRATEL S.A.;Grande;Claro;BA;VITÓRIA DA CONQUISTA;SCM
27/12/2023;22:35;Reclamação;Velocidade;Velocidade abaixo do contratado;Pendente;SCM;TELEFONICA BRASIL S.A.;Grande;Vivo;PR;MARINGÁ;SCM
27/02/2023;22:53;Reclamação;Cobrança;Cobrança indevida;Respondida;SCM;TELEFONICA BRASIL S.A.;Grande;Vivo;RJ;NOVA IGUAÇU;SCM
16/07/2023;21:06;Reclamação;Cobrança;Cobrança indevida;Respondida;SCM;TELEFONICA BRASIL S.A.;Grande;Vivo;AP;AP - INTERIOR;SCM
21/01/2023;08:48;Reclamação;Cobrança;Cobrança indevida;Respondida;SCM;NET SERVIÇOS DE COMUNICAÇÃO S.A.;NÃO INFORMADO;Claro;PR;CURITIBA;SCM
25/04/2023;12:07;Reclamação;Instalação;Prazo de instalação excedido;Em análise;SCM;CLARO S.A.;Grande;Claro;PA;SANTARÉM;SCM
23/11/2022;09:39;Reclamação;Falha;Falha/Interrupção do serviço;Em análise;SCM;TELEFONICA BRASIL S.A.;Grande;Vivo;SP;GUARULHOS;SCM
12/11/2023;22:48;Reclamação;Falha;Falha/Interrupção do serviço;Respondida;SCM;CLARO S.A.;Grande;Claro;CE;FORTALEZA;SCM
29/11/2023;21:59;Reclamação;Velocidade;Velocidade abaixo do contratado;Em análise;SCM;TELEFONICA BRASIL S.A.;Grande;Vivo;RJ;NITERÓI;SCM
14/07/2023;12:52;Reclamação;Velocidade;Velocidade abaixo do contratado;Pendente;SCM;EMBRATEL S.A.;Grande;Claro;BA;FEIRA DE SANTANA;SCM
02/08/2022;10:25;Reclamação;N/A;Velocidade abaixo do contratado;Pendente;SCM;TIM S.A.;Grande;TIM;CE;CAUCAIA;SCM
31/05/2022;09:04;Reclamação;Velocidade;Velocidade abaixo do contratado;Respondida;SCM;OI S.A.;Grande;Oi;AP;AP - INTERIOR;SCM
26/05/2023;14:15;Reclamação;Falha;Falha/Interrupção do serviço;Respondida;SCM;TIM S.A.;Grande;TIM;MG;CONTAGEM;SCM
26/02/2022;17:53;Reclamação;Velocidade;Velocidade abaixo do contratado;Respondida;SCM;OI S.A.;Grande;Oi;SP;SOROCABA;SCM
28/08/2023;09:33;Reclamação;Cobrança;Cobrança indevida;Respondida;SCM;CLARO S.A.;Grande;Claro;MG;CONTAGEM;SCM
19/10/2022;22:30;Reclamação;Velocidade;Velocidade abaixo do contratado;Respondida;SCM;CLARO S/A;Grande;Claro;AP;AP - INTERIOR;SCM
05/12/2022;08:38;Reclamação;Velocidade;Velocidade abaixo do contratado;Em análise;SCM;TELEFONICA BRASIL S.A.;Grande;Vivo;SP;CAMPINAS;SCM
29/12/2023;14:30;Reclamação;Atendimento;Atendimento inadequado;Respondida;SCM;CLARO S.A.;Grande;Claro;MG;JUIZ DE FORA;SCM
24/02/2023;11:30;Reclamação;Velocidade;Velocidade abaixo do contratado;Respondida;SCM;TELEFONICA BRASIL S.A.;Grande;Vivo;PE;CARUARU;SCM
23/12/2022;07:58;Reclamação;Falha;Falha/Interrupção do serviço;Respondida;SCM;Claro S.A.;Grande;Claro;BA;SALVADOR;SCM
20/02/2023;10:01;Reclamação;Velocidade;Velocidade abaixo do contratado;Pendente;SCM;CLARO S.A.;Grande;Claro;SP;CAMPINAS;SCM
15/10/2022;15:02;Reclamação;Cobrança;Cobrança indevida;Respondida;SCM;TIM S.A.;Grande;TIM;SP;CAMPINAS;SCM
14/10/2022;22:46;Reclamação;Velocidade;Velocidade abaixo do contratado;Respondida;SCM;NET SERVIÇOS DE COMUNICAÇÃO S.A.;Grande;Claro;SP;GUARULHOS;SCM
12/12/2022;15:47;Reclamação; ;Velocidade abaixo do contratado;Respondida;SCM;TELEFONICA BRASIL S.A.;Grande;Vivo;PB;PB - INTERIOR;SCM
03/12/2023;08:37;Reclamação;Cobrança;Cobrança indevida;Respondida;SCM;OI S.A.;Grande;Oi;PR;LONDRINA;SCM
07/04/2023;11:16;Reclamação;Atendimento;Atendimento inadequado;Respondida;SCM;TELEFONICA BRASIL S.A.;Grande;Vivo;RJ;DUQUE DE CAXIAS;SCM
21/05/2022;17:53;Reclamação;Outros;Outros;Respondida;SCM;TIM S.A.;Grande;TIM;MG;BELO HORIZONTE;SCM
10/11/2022;22:28;Reclamação;Cobrança;Cobrança indevida;Respondida;SCM;EMBRATEL S.A.;Grande;Claro;AM;PARINTINS;SCM
26/02/2022;11:08;Reclamação;Atendimento;Atendimento inadequado;Pendente;SCM;CLARO S.A.;Grande;Claro;PA;BELÉM;SCM
27/10/2022;16:15;Reclamação;Cobrança;Cobrança indevida;Respondida;SCM;CLARO S.A.;Grande; ;SP;SÃO PAULO;SCM
09/01/2022;12:26;Reclamação;Falha;Falha/Interrupção do serviço;Pendente;SCM;Telefonica Brasil S.A.;Grande;Vivo;SP;SÃO PAULO;SCM
13/09/2022;10:11;Reclamação;Velocidade;Velocidade abaixo do contratado;Respondida;SCM;CLARO S/A;Grande;Claro;BA;FEIRA DE SANTANA;SCM
19/08/2023;15:53;Reclamação;Velocidade;Velocidade abaixo do contratado;Respondida;SCM;TELEFONICA BRASIL S.A.;Grande;Vivo;MG;JUIZ DE FORA;SCM
30/09/2023;16:17;Reclamação;Cobrança;Cobrança indevida;Em análise;SCM;TIM S.A.;Grande;TIM;MG;UBERLÂNDIA;SCM
17/12/2023;22:08;Reclamação;Cobrança;Cobrança indevida;Respondida;SCM;TELEFONICA BRASIL S.A.;Grande;Vivo;SP;SOROCABA;SCM
11/03/2023;16:40;Reclamação;Cobrança;Cobrança indevida;Respondida;SCM;CLARO S.A.;Grande;Claro;MT;SINOP;SCM
01/11/2023;12:30;Reclamação;Contrato;Cancelamento não realizado;Pendente;SCM;TELEFONICA BRASIL S.A.;Grande;Vivo;PR;PONTA GROSSA;SCM
06/01/2023;20:29;Reclamação;Outros;Outros;Respondida;SCM;TELEFONICA BRASIL S.A.;Grande;Vivo;PR;MARINGÁ;SCM
02/11/2023;12:49;Reclamação;Velocidade;Velocidade abaixo do contratado;Em análise;SCM;OI S.A.;Grande;Oi;RJ;RIO DE JANEIRO;SCM
13/09/2023;12:18;Reclamação;Cobrança;Cobrança indevida;Respondida;SCM;CLARO S.A.;Grande;Claro;MG;BELO HORIZONTE;SCM
20/05/2022;08:40;Reclamação;Falha;Falha/Interrupção do serviço;Respondida;SCM;Telefonica Brasil S.A.;Grande;Vivo;RJ;NOVA IGUAÇU;SCM
19/01/2022;16:53;Reclamação;Atendimento;Atendimento inadequado;Respondida;SCM;TELEFONICA BRASIL S.A.;Grande;Vivo;MT;VÁRZEA GRANDE;SCM
15/06/2022;14:43;Reclamação;Falha;Falha/Interrupção do serviço;Respondida;SCM;OI S.A.;Grande;Oi;BA;SALVADOR;SCM
13/03/2023;19:58;Reclamação;Falha;Falha/Interrupção do serviço;Em análise;SCM;TIM S.A.;Grande;TIM;MA;IMPERATRIZ;SCM
01/10/2022;09:58;Reclamação;Cobrança;Cobrança indevida;Respondida;SCM;CLARO S.A.;Grande;Claro;MG;CONTAGEM;SCM
08/06/2023;15:42;Reclamação;Falha;Falha/Interrupção do serviço;Respondida;SCM;TELEFONICA BRASIL S.A.;Grande;Vivo;AM;MANAUS;SCM
22/01/2023;20:36;Reclamação;Velocidade;Velocidade abaixo do contratado;Respondida;SCM;CLARO S.A.;Grande;Claro;SP;GUARULHOS;SCM
06/04/2022;12:53;Reclamação;Cobrança;Cobrança indevida;Respondida;SCM;CLARO S.A.;Grande;Claro;RS;CANOAS;SCM
05/06/2022;07:02;Reclamação;Contrato;Cancelamento não realizado;Respondida;SCM;Telefonica Brasil S.A.;Grande;Vivo;MS;DOURADOS;SCM
09/02/2023;07:30;Reclamação;Atendimento;Atendimento inadequado;Respondida;SCM;TIM S.A.;Grande;TIM;PE;PETROLINA;SCM
30/05/2022;08:23;Reclamação;Velocidade;Velocidade abaixo do contratado;Pendente;SCM;TELEFONICA BRASIL S.A.;Grande;Vivo;BA;VITÓRIA DA CONQUISTA;SCM
06/12/2022;08:33;Reclamação;Cobrança;Cobrança indevida;Pendente;SCM;CLARO S.A.;Grande;Claro;SP;SOROCABA;SCM
10/07/2022;12:33;Reclamação;Velocidade;Velocidade abaixo do contratado;Respondida;SCM;TELEFONICA BRASIL S.A.;Grande;Vivo;SP;GUARULHOS;SCM
04/10/2022;11:26;Reclamação;Falha;Falha/Interrupção do serviço;Respondida;SCM;TIM S.A.;Grande;TIM;SP;GUARULHOS;SCM
26/12/2022;08:05;Reclamação;Velocidade;Velocidade abaixo do contratado;Respondida;SCM;OI S.A.;Grande;Oi;TO;TO - INTERIOR;SCM
15/12/2023;09:28;Reclamação;Velocidade;Velocidade abaixo do contratado;Respondida;SCM; ;Grande;Claro;MG;BELO HORIZONTE;SCM
10/12/2022;08:33;Reclamação;Velocidade;Velocidade abaixo do contratado;Respondida;SCM;TELEFONICA BRASIL S.A.;Grande;Vivo;PR;PONTA GROSSA;SCM
17/08/2023;20:44;Reclamação; ;Atendimento inadequado;Respondida;SCM;TELEFONICA BRASIL S.A.;Grande;Vivo;AL;AL - INTERIOR;SCM
26/06/2023;16:34;Reclamação;Atendimento;Atendimento inadequado;Em análise;SCM;TIM S.A.;Grande;TIM;PR;LONDRINA;SCM
11/10/2022;20:34;Reclamação; ;Falha/Interrupção do serviço;Respondida;SCM;OI S.A.;Grande;Oi;RS;CAXIAS DO SUL;SCM
24/02/2023;13:18;Reclamação;Contrato;Cancelamento não realizado;Pendente;SCM;SERCOMTEL S.A. - TELECOMUNICAÇÕES;Pequeno;Sercomtel;CE;CAUCAIA;SCM
16/06/2023;11:56;Reclamação;Falha;N/A;Respondida;SCM;OI S.A.;Grande;Oi;SP;CAMPINAS;SCM
13/09/2022;10:29;Reclamação;Cobrança;Cobrança indevida;Respondida;SCM;CLARO S.A.;Grande;Claro;ES;CARIACICA;SCM
22/10/2023;11:59;Reclamação;Velocidade;Velocidade abaixo do contratado;Respondida;SCM;TIM S.A.;Grande;TIM;PB;PB - INTERIOR;SCM
05/01/2022;07:55;Reclamação;Velocidade;Velocidade abaixo do contratado;Em análise;SCM;CLARO S.A.;Grande;Claro;SP;GUARULHOS;SCM
10/12/2022;17:26;Reclamação;Velocidade;Velocidade abaixo do contratado;Respondida;SCM;TIM S.A.;Grande;TIM;AC;AC - INTERIOR;SCM
03/08/2022;17:12;Reclamação;Falha;Falha/Interrupção do serviço;Respondida;SCM;TIM S.A.;Grande;TIM;GO;GOIÂNIA;SCM
30/06/2022;19:43;Reclamação;Velocidade;Velocidade abaixo do contratado;Respondida;SCM;CLARO S.A.;Grande;Claro;SP;SOROCABA;SCM
23/08/2022;11:36;Reclamação;Cobrança;Cobrança indevida;Respondida;SCM;CLARO S/A;Grande;Claro;PR;MARINGÁ;SCM
15/07/2022;13:55;Reclamação;Velocidade;Velocidade abaixo do contratado;Respondida;SCM;TIM S.A.;Grande;TIM;SP;SOROCABA;SCM
02/05/2022;12:20;Reclamação;Velocidade;Velocidade abaixo do contratado;Respondida;SCM;OI S.A.;Grande;Oi;SE;SE - INTERIOR;SCM
16/12/2023;10:42;Reclamação;Cobrança;Cobrança indevida;Respondida;SCM;CLARO S.A.;Grande;Claro;PR;LONDRINA;SCM
18/01/2023;08:56;Reclamação;Velocidade;Velocidade abaixo do contratado;Respondida;SCM;CLARO S.A.;Grande;Claro;RJ;RIO DE JANEIRO;SCM
26/12/2023;20:42;Reclamação;Velocidade;Velocidade abaixo do contratado;Respondida;SCM;TIM S.A.;N/A;TIM;PB;PB - INTERIOR;SCM
04/03/2023;18:04;Reclamação;Instalação;Prazo de instalação excedido;Pendente;SCM;CLARO S.A.;Grande;Claro;MA;TIMON;SCM
01/05/2023;19:19;Reclamação;Velocidade;Velocidade abaixo do contratado;Pendente;SCM;TIM S.A.;Grande;TIM;PR;PONTA GROSSA;SCM
10/04/2023;20:11;Reclamação;Cobrança;Cobrança indevida;Respondida;SCM;TELEFONICA BRASIL S.A.;Grande;Vivo;SP;GUARULHOS;SCM
21/02/2023;14:58;Reclamação;Velocidade;Velocidade abaixo do contratado;Respondida;SCM;CLARO S.A.;Grande;Claro;SP;SOROCABA;SCM
20/06/2023;21:35;Reclamação;Falha;Falha/Interrupção do serviço;Respondida;SCM;TIM S.A.;Grande;TIM;SP;SANTOS;SCM
20/07/2023;17:29;Reclamação;Contrato;Cancelamento não realizado;Respondida;SCM;EMBRATEL S.A.;Grande;Claro;SC;SC - INTERIOR;SCM
22/02/2023;10:14;Reclamação;Velocidade;Velocidade abaixo do contratado;Respondida;SCM;TELEFONICA BRASIL S.A.;Grande;-;CE;SOBRAL;SCM
17/03/2023;20:35;Reclamação;Cobrança;Cobrança indevida;Respondida;SCM;TIM S.A.;Grande;TIM;BA;FEIRA DE SANTANA;SCM
01/12/2023;12:13;Reclamação;Velocidade;Velocidade abaixo do contratado;Pendente;SCM;CLARO S.A.;Grande;Claro;RS;PELOTAS;SCM
16/06/2022;10:29;Reclamação;Falha;Falha/Interrupção do serviço;Respondida;SCM;OI S.A.;Grande;Oi;PR;MARINGÁ;SCM
26/09/2022;11:09;Reclamação;Cobrança;Cobrança indevida;Respondida;SCM;CLARO S.A.;Grande;Claro;PB;PB - INTERIOR;SCM
30/07/2022;22:45;Reclamação;Velocidade;Velocidade abaixo do contratado;Em análise;SCM;Telefonica Brasil S.A.;Grande;Vivo;CE;FORTALEZA;SCM
13/05/2023;20:31;Reclamação;Falha;Falha/Interrupção do serviço;Em análise;SCM;CLARO S.A.;Grande;Claro;PI;PI - INTERIOR;SCM
03/12/2022;08:50;Reclamação;Cobrança;Cobrança indevida;Respondida;SCM;OI S.A.;Grande;Oi;ES;CARIACICA;SCM
28/09/2023;07:46;Reclamação;Atendimento;Atendimento inadequado;Respondida;SCM;EMBRATEL S.A.;Grande;Claro;SP;SOROCABA;SCM
07/08/2023;15:06;Reclamação;Velocidade;Velocidade abaixo do contratado;Respondida;SCM;SERCOMTEL S.A. - TELECOMUNICAÇÕES;Pequeno;Sercomtel;RJ;NOVA IGUAÇU;SCM
24/12/2022;13:46;Reclamação;Falha;N/A;Em análise;SCM;EMBRATEL S.A.;Grande;Claro;SC;SC - INTERIOR;SCM
09/09/2022;12:02;Reclamação;Velocidade;Velocidade abaixo do contratado;Respondida;SCM;TIM S.A.;Grande;TIM;PR;PONTA GROSSA;SCM
10/01/2023;10:40;Reclamação;Cobrança;Cobrança indevida;Respondida;SCM;CLARO S.A.;Grande;Claro;MS;DOURADOS;SCM
24/08/2023;09:16;Reclamação;Cobrança;Cobrança indevida;Respondida;SCM;TIM S.A.;Grande;TIM;SP;SANTOS;SCM
15/06/2023;17:38;Reclamação;Falha;Falha/Interrupção do serviço;Respondida;SCM;Tim S.A.;Grande;TIM;BA;FEIRA DE SANTANA;SCM
12/06/2023;22:20;Reclamação;Atendimento;Atendimento inadequado;Respondida;SCM;SERCOMTEL S.A. - TELECOMUNICAÇÕES;Pequeno;Sercomtel;RJ;NOVA IGUAÇU;SCM
28/04/2023;13:48;Reclamação;Cobrança;Cobrança indevida;Respondida;SCM;CLARO S.A.;Grande;Claro;GO;ANÁPOLIS;SCM
27/04/2022;21:07;Reclamação;Cobrança;Cobrança indevida;Respondida;SCM;Tim S.A.;Grande;TIM;RJ;RIO DE JANEIRO;SCM
25/02/2023;10:07;Reclamação;Cobrança;Cobrança indevida;Respondida;SCM;TIM S.A.;Grande;TIM;PR;PONTA GROSSA;SCM
09/12/2022;12:24;Reclamação;Cobrança;Cobrança indevida;Pendente;SCM;TELEFONICA BRASIL S.A.;Grande;Vivo;MT;VÁRZEA GRANDE;SCM
20/01/2022;21:21;Reclamação;Velocidade;Velocidade abaixo do contratado;Respondida;SCM;CLARO S.A.;Grande;Claro;PE;OLINDA;SCM
30/09/2023;12:17;Reclamação;Contrato;Cancelamento não realizado;Em análise;SCM;TIM S.A.;Grande;TIM;SP;CAMPINAS;SCM
30/01/2022;20:40;Reclamação;Cobrança;Cobrança indevida;Respondida;SCM;CLARO S.A.;Grande;Claro;SP;GUARULHOS;SCM
11/11/2023;19:13;Reclamação;Cobrança;Cobrança indevida;Respondida;SCM;NET SERVIÇOS DE COMUNICAÇÃO S.A.;Grande;Claro;PR;MARINGÁ;SCM
05/03/2023;09:16;Reclamação;Atendimento;Atendimento inadequado;Respondida;SCM;CLARO S.A.;Grande;Claro;RJ;NITERÓI;SCM
28/08/2022;13:25;Reclamação;Instalação;Prazo de instalação excedido;Respondida;SCM;TELEFONICA BRASIL S.A.;Grande;-;CE;JUAZEIRO DO NORTE;SCM
25/05/2023;22:48;Reclamação;Falha;Falha/Interrupção do serviço;Respondida;SCM;CLARO S/A;Grande;Claro;SC;SC - INTERIOR;SCM
02/04/2022;16:57;Reclamação;Cobrança;Cobrança indevida;Respondida;SCM;TIM S.A.;Grande;TIM;RJ;RIO DE JANEIRO;SCM
22/01/2023;15:16;Reclamação;Velocidade;Velocidade abaixo do contratado;Respondida;SCM;NET SERVIÇOS DE COMUNICAÇÃO S.A.;Grande;Claro;SP;CAMPINAS;SCM
23/10/2023;20:48;Reclamação;Falha;Falha/Interrupção do serviço;Respondida;SCM;OI S.A.;Grande;Oi;RS;CAXIAS DO SUL;SCM
11/01/2022;16:30;Reclamação;Cobrança;Cobrança indevida;Respondida;SCM;NET SERVIÇOS DE COMUNICAÇÃO S.A.;Grande;Claro;RJ;NOVA IGUAÇU;SCM
23/09/2022;18:37;Reclamação;Velocidade;Velocidade abaixo do contratado;Respondida;SCM;NET SERVIÇOS DE COMUNICAÇÃO S.A.;Grande;Claro;SP;CAMPINAS;SCM
21/03/2022;16:12;Reclamação;Falha;Falha/Interrupção do serviço;Respondida;SCM;TELEFONICA BRASIL S.A.;Grande;Vivo;MG;JUIZ DE FORA;SCM
02/02/2023;15:56;Reclamação;Falha;Falha/Interrupção do serviço;Respondida;SCM;OI S.A.;Grande;Oi;RJ;DUQUE DE CAXIAS;SCM
08/02/2022;17:18;Reclamação;Contrato;Cancelamento não realizado;Respondida;SCM;Telefonica Brasil S.A.;Grande;Vivo;RJ;DUQUE DE CAXIAS;SCM
04/04/2023;10:43;Reclamação;Velocidade;Velocidade abaixo do contratado;Respondida;SCM;CLARO S.A.;Grande;Claro;MG;CONTAGEM;SCM
11/08/2023;10:12;Reclamação;Falha;Falha/Interrupção do serviço;Respondida;SCM;TIM S.A.;NÃO INFORMADO;TIM;SP;SÃO PAULO;SCM
22/11/2022;12:38;Reclamação;Cobrança;Cobrança indevida;Respondida;SCM;TELEFONICA BRASIL S.A.;Grande;Vivo;DF;BRASÍLIA;SCM
01/01/2022;07:39;Reclamação;Velocidade;NÃO INFORMADO;Respondida;SCM;Embratel S.A.;Grande;Claro;PB;PB - INTERIOR;SCM
22/08/2023;09:27;Reclamação;Falha;Falha/Interrupção do serviço;Pendente;SCM;CLARO S.A.;Grande;Claro;RJ;NOVA IGUAÇU;SCM
03/03/2022;13:23;Reclamação;Instalação;Prazo de instalação excedido;Pendente;SCM;TIM S.A.;Grande;TIM;MS;DOURADOS;SCM
26/10/2023;11:18;Reclamação;Falha;Falha/Interrupção do serviço;Respondida;SCM;CLARO S.A.;Grande;Claro;PR;CURITIBA;SCM
08/05/2023;17:53;Reclamação;Cobrança;Cobrança indevida;Respondida;SCM;CLARO S.A.;Grande;Claro;PA;BELÉM;SCM
26/09/2022;13:41;Reclamação;Atendimento;Atendimento inadequado;Respondida;SCM;CLARO S.A.;Grande;Claro;SP;SOROCABA;SCM
26/10/2023;17:47;Reclamação;Cobrança;Cobrança indevida;Pendente;SCM;CLARO S.A.;Grande;Claro;AM;MANAUS;SCM
12/07/2022;09:09;Reclamação;Atendimento;Atendimento inadequado;Respondida;SCM;Claro S/A;Grande;Claro;RJ;NITERÓI;SCM
03/03/2022;10:23;Reclamação;Velocidade;Velocidade abaixo do contratado;Respondida;SCM;CLARO S.A.;Grande;Claro;ES;VILA VELHA;SCM
08/09/2022;18:25;Reclamação;Falha;Falha/Interrupção do serviço;Respondida;SCM;CLARO S.A.;Grande;Claro;SP;GUARULHOS;SCM
08/05/2022;16:32;Reclamação;Falha;Falha/Interrupção do serviço;Respondida;SCM;TELEFONICA BRASIL S.A.;Grande;Vivo;RR;RR - INTERIOR;SCM
07/07/2023;09:37;Reclamação;Velocidade;Velocidade abaixo do contratado;Respondida;SCM;EMBRATEL S.A.;Grande;Claro;RS;PELOTAS;SCM
03/01/2023;19:13;Reclamação;Atendimento;Atendimento inadequado;Respondida;SCM;OI S.A.;Grande;Oi;SP;SOROCABA;SCM
23/02/2023;21:07;Reclamação;Outros;Outros;Respondida;SCM;EMBRATEL S.A.;Grande;Claro;SC;SC - INTERIOR;SCM
21/10/2023;13:37;Reclamação;Falha;Falha/Interrupção do serviço;Respondida;SCM; ;Grande;Claro;BA;SALVADOR;SCM
11/12/2023;21:08;Reclamação;Falha;Falha/Interrupção do serviço;Respondida;SCM;CLARO S.A.;Grande;Claro;CE;CAUCAIA;SCM
20/04/2023;18:58;Reclamação;Cobrança;Cobrança indevida;Respondida;SCM;TELEFONICA BRASIL S.A.;Grande;Vivo;SP;SOROCABA;SCM
05/08/2023;09:07;Reclamação;Cobrança;Cobrança indevida;Pendente;SCM;CLARO S.A.;Grande;Claro;SP;SOROCABA;SCM
07/06/2022;18:35;Reclamação;Atendimento;Atendimento inadequado;Respondida;SCM;OI S.A.;Grande;Oi;RS;PORTO ALEGRE;SCM
16/04/2022;10:29;Reclamação;Falha;Falha/Interrupção do serviço;Respondida;SCM;CLARO S.A.;Grande;Claro;RO;RO - INTERIOR;SCM
13/09/2022;10:30;Reclamação;Atendimento;Atendimento inadequado;Respondida;SCM;TELEFONICA BRASIL S.A.;Grande;Vivo;PA;MARABÁ;SCM
14/12/2023;21:37;Reclamação;Velocidade;Velocidade abaixo do contratado;Pendente;SCM;CLARO S.A.;Grande;Claro;RJ;DUQUE DE CAXIAS;SCM
11/09/2023;12:10;Reclamação;Atendimento;Atendimento inadequado;Respondida;SCM;CLARO S.A.;Grande;Claro;AC;AC - INTERIOR;SCM
24/11/2022;15:52;Reclamação;Velocidade;Velocidade abaixo do contratado;Respondida;SCM;TIM S.A.;Grande;TIM;PA;MARABÁ;SCM
08/02/2023;22:04;Reclamação;Cobrança;Cobrança indevida;Respondida;SCM;OI S.A.;Grande;Oi;AM;MANAUS;SCM
12/08/2023;10:20;Reclamação;Velocidade;Velocidade abaixo do contratado;Respondida;SCM;Telefonica Brasil S.A.;Grande;Vivo;MG;JUIZ DE FORA;SCM
22/12/2023;12:45;Reclamação;Contrato;Cancelamento não realizado;Respondida;SCM;TIM S.A.;Grande;TIM;PB;PB - INTERIOR;SCM
08/06/2023;09:53;Reclamação;Velocidade;Velocidade abaixo do contratado;Respondida;SCM;OI S.A.;Grande;Oi;ES;CARIACICA;SCM
04/02/2022;09:48;Reclamação;Cobrança;Cobrança indevida;Em análise;SCM;TIM S.A.;Grande;TIM;SP;SOROCABA;SCM
27/11/2023;07:23;Reclamação;Velocidade;NÃO INFORMADO;Respondida;SCM;CLARO S.A.;Grande;Claro;MG;CONTAGEM;SCM
21/10/2023;12:53;Reclamação;Cobrança;Cobrança indevida;Respondida;SCM;TIM S.A.;Grande;TIM;MG;BELO HORIZONTE;SCM
27/04/2022;14:12;Reclamação;Contrato;Cancelamento não realizado;Em análise;SCM;Telefonica Brasil S.A.;Grande;Vivo;AL;AL - INTERIOR;SCM
02/06/2023;14:32;Reclamação;Atendimento;Atendimento inadequado;Respondida;SCM;TELEFONICA BRASIL S.A.;Grande;Vivo;RS;CAXIAS DO SUL;SCM
17/06/2022;16:29;Reclamação;Atendimento;Atendimento inadequado;Respondida;SCM;NET SERVIÇOS DE COMUNICAÇÃO S.A.;Grande;Claro;PB;PB - INTERIOR;SCM
24/04/2022;08:05;Reclamação;Atendimento;Atendimento inadequado;Pendente;SCM;EMBRATEL S.A.;Grande;Claro;SP;SÃO PAULO;SCM
21/08/2023;16:31;Reclamação;Velocidade;Velocidade abaixo do contratado;Respondida;SCM;CLARO S.A.;Grande;Claro;RS;CANOAS;SCM
16/02/2022;16:10;Reclamação;Velocidade;Velocidade abaixo do contratado;Respondida;SCM;CLARO S.A.;Grande;Claro;SP;CAMPINAS;SCM
15/02/2023;16:27;Reclamação; ;Atendimento inadequado;Respondida;SCM;TELEFONICA BRASIL S.A.;Grande;Vivo;BA;VITÓRIA DA CONQUISTA;SCM
06/04/2023;11:39;Reclamação;Falha;Falha/Interrupção do serviço;Respondida;SCM;EMBRATEL S.A.;Grande;Claro;MT;SINOP;SCM
08/12/2022;14:28;Reclamação;Contrato;Cancelamento não realizado;Respondida;SCM;CLARO S.A.;Grande;Claro;RO;RO - INTERIOR;SCM
30/12/2023;11:53;Reclamação;Instalação;Prazo de instalação excedido;Pendente;SCM;TELEFONICA BRASIL S.A.;Grande;Vivo;RJ;NITERÓI;SCM
06/08/2023;13:47;Reclamação;Atendimento;Atendimento inadequado;Pendente;SCM;CLARO S.A.;Grande;Claro;RJ;DUQUE DE CAXIAS;SCM
24/04/2022;08:53;Reclamação;Falha;Falha/Interrupção do serviço;Em análise;SCM;TELEFONICA BRASIL S.A.;Grande;Vivo;RJ;DUQUE DE CAXIAS;SCM
29/03/2023;16:36;Reclamação;NÃO INFORMADO;Cobrança indevida;Respondida;SCM;TELEFONICA BRASIL S.A.;Grande;Vivo;RJ;DUQUE DE CAXIAS;SCM
23/06/2023;20:49;Reclamação;Outros;Outros;Respondida;SCM;OI S.A.;Grande;Oi;SP;GUARULHOS;SCM
07/11/2023;21:20;Reclamação;Atendimento;Atendimento inadequado;Respondida;SCM;TELEFONICA BRASIL S.A.;Grande;Vivo;SP;SOROCABA;SCM
04/08/2023;17:13;Reclamação;Cobrança;Cobrança indevida;Respondida;SCM;Claro S.A.;Grande;Claro;SP;SANTOS;SCM
15/10/2023;17:47;Reclamação;Cobrança;Cobrança indevida;Em análise;SCM;CLARO S.A.;Grande;Claro;PR;LONDRINA;SCM
27/04/2023;07:13;Reclamação;Cobrança;Cobrança indevida;Respondida;SCM;CLARO S.A.;Grande;Claro;ES;VITÓRIA;SCM
21/06/2022;22:02;Reclamação;Falha;Falha/Interrupção do serviço;Respondida;SCM;CLARO S.A.;Grande;Claro;SP;SÃO PAULO;SCM
15/10/2022;20:24;Reclamação;Velocidade;Velocidade abaixo do contratado;Respondida;SCM;OI S.A.;Grande;Oi;RS;CANOAS;SCM
18/04/2023;07:17;Reclamação;Falha;Falha/Interrupção do serviço;Respondida;SCM;TIM S.A.;Grande;TIM;SP;SANTOS;SCM
21/02/2022;12:18;Reclamação;Cobrança;Cobrança indevida;Respondida;SCM;TELEFONICA BRASIL S.A.;Grande;Vivo;BA;VITÓRIA DA CONQUISTA;SCM
18/02/2022;18:07;Reclamação;Cobrança;Cobrança indevida;Respondida;SCM;TIM S.A.;Grande;TIM;MG;JUIZ DE FORA;SCM
26/11/2023;08:07;Reclamação;Cobrança;Cobrança indevida;Respondida;SCM;TIM S.A.;Grande;TIM;SP;CAMPINAS;SCM
14/11/2022;07:41;Reclamação;Contrato;Cancelamento não realizado;Pendente;SCM;TELEFONICA BRASIL S.A.;Grande;Vivo;RJ;RIO DE JANEIRO;SCM
05/02/2022;16:33;Reclamação;Velocidade;Velocidade abaixo do contratado;Em análise;SCM;TIM S.A.;Grande;TIM;SP;CAMPINAS;SCM
07/03/2023;16:27;Reclamação;Cobrança;Cobrança indevida;Pendente;SCM;CLARO S.A.;Grande;Claro;PE;OLINDA;SCM
03/03/2023;20:09;Reclamação;Atendimento;Atendimento inadequado;Respondida;SCM;TELEFONICA BRASIL S.A.;Grande;Vivo;SC;SC - INTERIOR;SCM
13/02/2022;18:35;Reclamação;Velocidade;Velocidade abaixo do contratado;Respondida;SCM;TIM S.A.;Grande;TIM;SP;GUARULHOS;SCM
28/02/2022;10:43;Reclamação;Velocidade;Velocidade abaixo do contratado;Em análise;SCM;CLARO S.A.;Grande;Claro;RS;CAXIAS DO SUL;SCM
11/02/2023;19:58;Reclamação;Cobrança;Cobrança indevida;Respondida;SCM;CLARO S.A.;Grande;Claro;MG;BELO HORIZONTE;SCM
22/03/2022;14:19;Reclamação;Velocidade;Velocidade abaixo do contratado;Pendente;SCM;TIM S.A.;Grande;TIM;PR;MARINGÁ;SCM
15/10/2022;16:46;Reclamação;Falha;Falha/Interrupção do serviço;Em análise;SCM;EMBRATEL S.A.;Grande;Claro;PR;CURITIBA;SCM
09/06/2022;17:15;Reclamação;Cobrança;Cobrança indevida;Respondida;SCM;SERCOMTEL S.A. - TELECOMUNICAÇÕES;Pequeno;Sercomtel;GO;ANÁPOLIS;SCM
16/12/2023;10:03;Reclamação;Cobrança;Cobrança indevida;Respondida;SCM;TIM S.A.;Grande;TIM;RJ;NITERÓI;SCM
17/01/2023;22:16;Reclamação;Atendimento;Atendimento inadequado;Respondida;SCM;Tim S.A.;Grande;TIM;SP;GUARULHOS;SCM
03/02/2022;11:25;Reclamação;Cobrança;Cobrança indevida;Respondida;SCM;CLARO S.A.;Grande;Claro;PA;ANANINDEUA;SCM
28/04/2023;15:24;Reclamação;Velocidade;Velocidade abaixo do contratado;Respondida;SCM;SERCOMTEL S.A. - TELECOMUNICAÇÕES;Pequeno;Sercomtel;SE;SE - INTERIOR;SCM
24/09/2022;13:22;Reclamação;Atendimento;Atendimento inadequado;Respondida;SCM;CLARO S.A.;Grande;Claro;RJ;NOVA IGUAÇU;SCM
13/01/2023;21:03;Reclamação;Velocidade;Velocidade abaixo do contratado;Respondida;SCM;TIM S.A.;Grande;TIM;PR;PONTA GROSSA;SCM
01/12/2022;22:18;Reclamação;Outros;Outros;Em análise;SCM;EMBRATEL S.A.;Grande;Claro;MG;JUIZ DE FORA;SCM
15/05/2022;08:08;Reclamação;Falha;Falha/Interrupção do serviço;Em análise;SCM;Claro S.A.;Grande;Claro;SP;SANTOS;SCM
15/01/2023;22:21;Reclamação;Cobrança;Cobrança indevida;Respondida;SCM;TELEFONICA BRASIL S.A.;Grande;Vivo;BA;FEIRA DE SANTANA;SCM
29/08/2023;12:38;Reclamação;Velocidade;Velocidade abaixo do contratado;Respondida;SCM;TIM S.A.; ;TIM;RS;CAXIAS DO SUL;SCM
08/09/2022;15:43;Reclamação;Velocidade;Velocidade abaixo do contratado;Em análise;SCM;CLARO S.A.;Grande;Claro;CE;SOBRAL;SCM
06/04/2022;07:49;Reclamação;Contrato;Cancelamento não realizado;Respondida;SCM;NET SERVIÇOS DE COMUNICAÇÃO S.A.;Grande;Claro;PB;PB - INTERIOR;SCM
24/09/2022;18:58;Reclamação;Cobrança;Cobrança indevida;Em análise;SCM;TELEFONICA BRASIL S.A.;Grande;Vivo;SP;SÃO PAULO;SCM
26/05/2022;21:52;Reclamação;Instalação;Prazo de instalação excedido;Respondida;SCM;CLARO S.A.;N/A;Claro;MA;IMPERATRIZ;SCM
28/04/2023;20:05;Reclamação;Atendimento;Atendimento inadequado;Pendente;SCM;CLARO S.A.;Grande;Claro;DF;BRASÍLIA;SCM
07/12/2022;11:50;Reclamação;Velocidade;Velocidade abaixo do contratado;Respondida;SCM;TELEFONICA BRASIL S.A.;Grande;Vivo;SE;SE - INTERIOR;SCM
14/06/2023;09:05;Reclamação;Cobrança;Cobrança indevida;Pendente;SCM;TIM S.A.;Grande;TIM;MG;BELO HORIZONTE;SCM
12/09/2023;09:31;Reclamação;Contrato;Cancelamento não realizado;Respondida;SCM;CLARO S.A.;Grande;Claro;PR;LONDRINA;SCM
27/12/2023;15:08;Reclamação;Falha;Falha/Interrupção do serviço;Respondida;SCM;TIM S.A.;Grande;TIM;RS;CANOAS;SCM
21/11/2023;20:13;Reclamação;Cobrança;Cobrança indevida;Pendente;SCM;TIM S.A.;Grande;TIM;PA;MARABÁ;SCM
29/12/2022;21:06;Reclamação;Velocidade;Velocidade abaixo do contratado;Pendente;SCM;TIM S.A.;Grande;TIM;SP;SÃO PAULO;SCM
04/05/2022;22:09;Reclamação;Falha;Falha/Interrupção do serviço;Respondida;SCM;CLARO S.A.;Grande;Claro;RS;PORTO ALEGRE;SCM
26/05/2023;10:50;Reclamação;Falha;Falha/Interrupção do serviço;Respondida;SCM;TELEFONICA BRASIL S.A.;Grande;Vivo;MS;CAMPO GRANDE;SCM
05/08/2023;11:21;Reclamação;Velocidade;Velocidade abaixo do contratado;Respondida;SCM;SERCOMTEL S.A. - TELECOMUNICAÇÕES;Pequeno;Sercomtel;RO;RO - INTERIOR;SCM
22/07/2022;10:31;Reclamação;Contrato;Cancelamento não realizado;Respondida;SCM;EMBRATEL S.A.;Grande;Claro;RJ;RIO DE JANEIRO;SCM
28/05/2022;10:25;Reclamação;Cobrança;Cobrança indevida;Respondida;SCM;OI S.A.;Grande;Oi;RJ;DUQUE DE CAXIAS;SCM
05/10/2023;09:04;Reclamação;Cobrança;Cobrança indevida;Respondida;SCM;TELEFONICA BRASIL S.A.;Grande;Vivo;PB;PB - INTERIOR;SCM
24/11/2023;12:17;Reclamação;Contrato;Cancelamento não realizado;Respondida;SCM;TIM S.A.;Grande;TIM;RJ;NITERÓI;SCM
14/04/2023;15:53;Reclamação;Cobrança;Cobrança indevida;Respondida;SCM;CLARO S.A.;Grande;Claro;CE;FORTALEZA;SCM
04/07/2023;18:23;Reclamação;Velocidade;NÃO INFORMADO;Pendente;SCM;NET SERVIÇOS DE COMUNICAÇÃO S.A.;Grande;Claro;RJ;DUQUE DE CAXIAS;SCM
06/09/2022;22:25;Reclamação;Instalação;Prazo de instalação excedido;Respondida;SCM;OI S.A.;Grande;Oi;PE;CARUARU;SCM
30/09/2022;08:37;Reclamação;Cobrança;Cobrança indevida;Respondida;SCM;CLARO S.A.;Grande;Claro;RS;CAXIAS DO SUL;SCM
15/12/2023;19:23;Reclamação;Instalação;Prazo de instalação excedido;Respondida;SCM;Tim S.A.;Grande;TIM;AC;AC - INTERIOR;SCM
13/12/2022;09:12;Reclamação;Instalação;Prazo de instalação excedido;Respondida;SCM;TELEFONICA BRASIL S.A.;Grande;Vivo;AM;MANAUS;SCM
22/02/2023;17:17;Reclamação;Falha;Falha/Interrupção do serviço;Pendente;SCM;OI S.A.;Grande;Oi;TO;TO - INTERIOR;SCM
14/12/2022;22:50;Reclamação;Velocidade;Velocidade abaixo do contratado;Pendente;SCM;TIM S.A.;Grande;TIM;PE;OLINDA;SCM
10/09/2022;15:35;Reclamação;Falha;Falha/Interrupção do serviço;Respondida;SCM;TIM S.A.;Grande;TIM;ES;VILA VELHA;SCM
02/04/2023;13:39;Reclamação;Velocidade;Velocidade abaixo do contratado;Respondida;SCM;TELEFONICA BRASIL S.A.;Grande;Vivo;SE;SE - INTERIOR;SCM
13/01/2022;12:50;Reclamação;Instalação;Prazo de instalação excedido;Respondida;SCM;TIM S.A.;Grande;TIM;PB;PB - INTERIOR;SCM
11/03/2023;14:26;Reclamação;Cobrança;Cobrança indevida;Respondida;SCM;TELEFONICA BRASIL S.A.;Grande;Vivo;CE;CAUCAIA;SCM
16/02/2022;08:50;Reclamação;Velocidade;Velocidade abaixo do contratado;Respondida;SCM;OI S.A.;Grande;Oi;CE;SOBRAL;SCM
24/05/2022;10:00;Reclamação;Cobrança;Cobrança indevida;Pendente;SCM;TELEFONICA BRASIL S.A.;Grande;Vivo;PR;CURITIBA;SCM
15/12/2022;22:32;Reclamação;Falha;Falha/Interrupção do serviço;Em análise;SCM;TIM S.A.;Grande;TIM;PE;RECIFE;SCM
24/02/2022;10:58;Reclamação;Falha;Falha/Interrupção do serviço;Respondida;SCM;TELEFONICA BRASIL S.A.;Grande;Vivo;PE;RECIFE;SCM
24/06/2022;20:14;Reclamação;Velocidade;Velocidade abaixo do contratado;Pendente;SCM;TIM S.A.;Grande;TIM;PB;PB - INTERIOR;SCM
13/07/2022;15:46;Reclamação;-;Cobrança indevida;Respondida;SCM;TIM S.A.;Grande;TIM;MG;BELO HORIZONTE;SCM
30/04/2022;11:24;Reclamação;Falha;Falha/Interrupção do serviço;Em análise;SCM;CLARO S.A.;Grande;Claro;BA;SALVADOR;SCM
21/01/2023;09:06;Reclamação;Velocidade;Velocidade abaixo do contratado;Respondida;SCM;CLARO S.A.;Grande;Claro;ES;VILA VELHA;SCM
04/04/2023;17:39;Reclamação;Falha;Falha/Interrupção do serviço;Respondida;SCM;TELEFONICA BRASIL S.A.;Grande;Vivo;PR;MARINGÁ;SCM
09/07/2022;09:06;Reclamação;Contrato;Cancelamento não realizado;Respondida;SCM;TELEFONICA BRASIL S.A.;Grande;Vivo;SP;SANTOS;SCM
01/02/2022;15:50;Reclamação;Contrato;Cancelamento não realizado;Respondida;SCM;CLARO S.A.;Grande;Claro;SC;SC - INTERIOR;SCM
03/07/2023;22:25;Reclamação;Contrato;-;Respondida;SCM;CLARO S.A.;Grande;Claro;MG;UBERLÂNDIA;SCM
12/06/2023;17:05;Reclamação;Velocidade;Velocidade abaixo do contratado;Respondida;SCM;CLARO S.A.;Grande;Claro;BA;VITÓRIA DA CONQUISTA;SCM
23/04/2023;18:39;Reclamação;Cobrança;Cobrança indevida;Respondida;SCM;NET SERVIÇOS DE COMUNICAÇÃO S.A.;Grande;Claro;ES;CARIACICA;SCM
26/04/2023;07:43;Reclamação;Contrato;Cancelamento não realizado;Respondida;SCM;NET SERVIÇOS DE COMUNICAÇÃO S.A.;Grande;Claro;RJ;DUQUE DE CAXIAS;SCM
13/10/2023;13:09;Reclamação;Velocidade;Velocidade abaixo do contratado;Pendente;SCM;TELEFONICA BRASIL S.A.;Grande;Vivo;PI;PI - INTERIOR;SCM
25/10/2023;17:39;Reclamação;Falha;Falha/Interrupção do serviço;Respondida;SCM;TELEFONICA BRASIL S.A.;Grande;Vivo;RJ;NITERÓI;SCM
27/12/2023;15:37;Reclamação;Cobrança;Cobrança indevida;Respondida;SCM;TELEFONICA BRASIL S.A.;Grande;Vivo;BA;VITÓRIA DA CONQUISTA;SCM
30/04/2022;09:22;Reclamação;Falha;Falha/Interrupção do serviço;Respondida;SCM;CLARO S/A;Grande;Claro;RN;RN - INTERIOR;SCM
11/07/2023;10:06;Reclamação;Contrato;Cancelamento não realizado;Pendente;SCM;TELEFONICA BRASIL S.A.;Grande;Vivo;SC;SC - INTERIOR;SCM
06/07/2022;19:27;Reclamação;Cobrança;Cobrança indevida;Respondida;SCM;Claro S/A;Grande;Claro;AM;PARINTINS;SCM
28/02/2023;22:02;Reclamação;Velocidade;Velocidade abaixo do contratado;Respondida;SCM;TELEFONICA BRASIL S.A.;Grande;Vivo;MG;JUIZ DE FORA;SCM
16/05/2023;15:34;Reclamação;Instalação;Prazo de instalação excedido;Respondida;SCM;TIM S.A.;Grande;TIM;MG;UBERLÂNDIA;SCM
27/07/2022;22:06;Reclamação;Velocidade;Velocidade abaixo do contratado;Respondida;SCM;TELEFONICA BRASIL S.A.;Grande;Vivo;SC;SC - INTERIOR;SCM
28/06/2023;11:28;Reclamação;Cobrança;Cobrança indevida;Respondida;SCM;TELEFONICA BRASIL S.A.;Grande; ;PE;CARUARU;SCM
25/06/2023;18:42;Reclamação;Falha;NÃO INFORMADO;Respondida;SCM;CLARO S.A.;Grande;Claro;RJ;RIO DE JANEIRO;SCM
17/07/2022;18:58;Reclamação;Velocidade;Velocidade abaixo do contratado;Respondida;SCM;CLARO S.A.;Grande;Claro;SC;SC - INTERIOR;SCM
10/05/2023;18:23;Reclamação;Falha;Falha/Interrupção do serviço;Respondida;SCM;TIM S.A.;Grande;TIM;PR;CURITIBA;SCM
01/01/2022;07:34;Reclamação;Contrato;Cancelamento não realizado;Respondida;SCM;CLARO S/A;Grande;Claro;BA;VITÓRIA DA CONQUISTA;SCM
17/05/2022;19:13;Reclamação;Cobrança;Cobrança indevida;Respondida;SCM;OI S.A.;Grande;Oi;SP;SOROCABA;SCM
24/06/2023;10:32;Reclamação;Velocidade;Velocidade abaixo do contratado;Respondida;SCM;CLARO S.A.;Grande;Claro;GO;GOIÂNIA;SCM
05/07/2022;17:04;Reclamação;Cobrança;Cobrança indevida;Respondida;SCM;CLARO S.A.;Grande;Claro;AL;AL - INTERIOR;SCM
10/07/2023;13:12;Reclamação;NÃO INFORMADO;Cancelamento não realizado;Respondida;SCM;TIM S.A.;Grande;TIM;SP;SOROCABA;SCM
23/07/2022;15:32;Reclamação;Cobrança;Cobrança indevida;Pendente;SCM;CLARO S/A;Grande;Claro;CE;SOBRAL;SCM
16/11/2022;15:36;Reclamação;Velocidade;Velocidade abaixo do contratado;Respondida;SCM;OI S.A.;Grande;Oi;PR;MARINGÁ;SCM
14/03/2022;17:08;Reclamação;Cobrança;Cobrança indevida;Respondida;SCM;TIM S.A.;Grande;TIM;RS;CANOAS;SCM
05/11/2023;20:25;Reclamação;N/A;Falha/Interrupção do serviço;Respondida;SCM;N/A;Grande;Vivo;BA;FEIRA DE SANTANA;SCM
19/08/2023;08:12;Reclamação;Falha;Falha/Interrupção do serviço;Pendente;SCM;TELEFONICA BRASIL S.A.;Grande;Vivo;SP;SANTOS;SCM
07/05/2022;19:22;Reclamação;Contrato;Cancelamento não realizado;Respondida;SCM;TIM S.A.;Grande;TIM;PB;PB - INTERIOR;SCM
22/11/2022;16:04;Reclamação;Cobrança;NÃO INFORMADO;Respondida;SCM;TELEFONICA BRASIL S.A.;Grande;Vivo;SC;SC - INTERIOR;SCM
02/01/2023;14:03;Reclamação;Velocidade;Velocidade abaixo do contratado;Respondida;SCM;CLARO S/A;Grande;Claro;SP;SÃO PAULO;SCM
08/05/2022;13:47;Reclamação;Falha;Falha/Interrupção do serviço;Respondida;SCM;TIM S.A.;Grande;TIM;BA;VITÓRIA DA CONQUISTA;SCM
05/02/2023;12:07;Reclamação;Cobrança;Cobrança indevida;Em análise;SCM;OI S.A.;Grande;Oi;SP;SOROCABA;SCM
25/03/2023;20:35;Reclamação;Velocidade;Velocidade abaixo do contratado;Em análise;SCM;TIM S.A.;Grande;TIM;RJ;RIO DE JANEIRO;SCM
13/11/2022;09:31;Reclamação;Atendimento;Atendimento inadequado;Respondida;SCM;Telefonica Brasil S.A.;Grande;Vivo;SC;SC - INTERIOR;SCM
18/06/2023;22:02;Reclamação;Contrato;Cancelamento não realizado;Respondida;SCM;CLARO S.A.;Grande;Claro;MA;SÃO LUÍS;SCM
17/04/2023;19:39;Reclamação;Atendimento;Atendimento inadequado;Pendente;SCM;TELEFONICA BRASIL S.A.;Grande;Vivo;SP;CAMPINAS;SCM
21/03/2023;09:06;Reclamação;Atendimento;Atendimento inadequado;Pendente;SCM;TELEFONICA BRASIL S.A.;Grande;Vivo;AC;AC - INTERIOR;SCM
31/03/2022;08:06;Reclamação;Atendimento;Atendimento inadequado;Respondida;SCM;CLARO S.A.;Grande;Claro;SP;SOROCABA;SCM
04/12/2023;13:17;Reclamação;Atendimento;Atendimento inadequado;Respondida;SCM;TELEFONICA BRASIL S.A.;Grande;Vivo;BA;FEIRA DE SANTANA;SCM
10/11/2023;12:00;Reclamação;Velocidade;Velocidade abaixo do contratado;Respondida;SCM;CLARO S.A.;Grande;Claro;PE;CARUARU;SCM
11/04/2022;10:04;Reclamação;Atendimento;Atendimento inadequado;Em análise;SCM;OI S.A.;Grande;Oi;RS;PORTO ALEGRE;SCM
21/09/2022;18:01;Reclamação;Falha;Falha/Interrupção do serviço;Em análise;SCM;TIM S.A.;Grande;TIM;RJ;DUQUE DE CAXIAS;SCM
04/09/2022;22:48;Reclamação;Velocidade;Velocidade abaixo do contratado;Respondida;SCM;TELEFONICA BRASIL S.A.;Grande;Vivo;PE;PETROLINA;SCM
31/12/2022;07:48;Reclamação;Outros;Outros;Pendente;SCM;TIM S.A.;Grande;TIM;PE;OLINDA;SCM
10/04/2023;22:27;Reclamação;Falha;Falha/Interrupção do serviço;Em análise;SCM;OI S.A.;Grande;Oi;PR;PONTA GROSSA;SCM
29/04/2023;17:59;Reclamação;Atendimento;Atendimento inadequado;Pendente;SCM;TIM S.A.;Grande;TIM;SP;SÃO PAULO;SCM
24/06/2022;13:08;Reclamação;Falha;Falha/Interrupção do serviço;Pendente;SCM;TELEFONICA BRASIL S.A.;Grande;Vivo;DF;CEILÂNDIA;SCM
18/05/2022;22:44;Reclamação;Outros;Outros;Respondida;SCM;OI S.A.;Grande;Oi;RJ;RIO DE JANEIRO;SCM
23/04/2023;10:26;Reclamação;Falha;Falha/Interrupção do serviço;Pendente;SCM;TIM S.A.;Grande;TIM;AM;ITACOATIARA;SCM
06/07/2022;21:07;Reclamação;Velocidade;Velocidade abaixo do contratado;Respondida;SCM;OI S.A.;Grande;Oi;BA;VITÓRIA DA CONQUISTA;SCM
22/05/2023;09:38;Reclamação;Velocidade;Velocidade abaixo do contratado;Em análise;SCM;TIM S.A.;Grande;TIM;RS;PELOTAS;SCM
23/02/2023;22:02;Reclamação;Atendimento;Atendimento inadequado;Respondida;SCM;CLARO S/A;Grande;Claro;SP;SANTOS;SCM
02/08/2023;17:11;Reclamação;Velocidade;Velocidade abaixo do contratado;Respondida;SCM;SERCOMTEL S.A. - TELECOMUNICAÇÕES;Pequeno;Sercomtel;RJ;NOVA IGUAÇU;SCM
15/09/2022;22:25;Reclamação;Falha;Falha/Interrupção do serviço;Respondida;SCM;TELEFONICA BRASIL S.A.;Grande;Vivo;MG;JUIZ DE FORA;SCM
27/03/2022;15:37;Reclamação;Contrato;Cancelamento não realizado;Em análise;SCM;CLARO S/A;Grande;Claro;PB;PB - INTERIOR;SCM
03/04/2022;12:27;Reclamação;Velocidade;Velocidade abaixo do contratado;Respondida;SCM;Embratel S.A.;Grande;Claro;GO;GOIÂNIA;SCM
03/04/2023;11:54;Reclamação;Velocidade;Velocidade abaixo do contratado;Respondida;SCM;CLARO S.A.;Grande;Claro;PA;MARABÁ;SCM
25/11/2023;21:59;Reclamação;Velocidade;Velocidade abaixo do contratado;Respondida;SCM;TIM S.A.;Grande;TIM;MS;DOURADOS;SCM
26/12/2023;21:25;Reclamação;Falha;Falha/Interrupção do serviço;Respondida;SCM;CLARO S.A.;Grande;Claro;PI;PI - INTERIOR;SCM
29/09/2023;18:41;Reclamação;Velocidade;Velocidade abaixo do contratado;Respondida;SCM;CLARO S/A;Grande;Claro;SC;SC - INTERIOR;SCM
13/03/2023;19:28;Reclamação;Outros;Outros;Respondida;SCM;TIM S.A.;Grande;TIM;RS;CANOAS;SCM
17/01/2023;09:17;Reclamação;Falha;-;Em análise;SCM;CLARO S.A.;Grande;Claro;SP;CAMPINAS;SCM
02/01/2022;19:58;Reclamação;Cobrança;Cobrança indevida;Respondida;SCM;TELEFONICA BRASIL S.A.;Grande;Vivo;MA;IMPERATRIZ;SCM
21/05/2023;12:03;Reclamação;Velocidade;Velocidade abaixo do contratado;Respondida;SCM;CLARO S.A.;Grande;Claro;RJ;NOVA IGUAÇU;SCM
25/12/2022;16:41;Reclamação;Falha;Falha/Interrupção do serviço;Respondida;SCM;TELEFONICA BRASIL S.A.;Grande;Vivo;SP;SÃO PAULO;SCM
27/11/2023;20:05;Reclamação;Velocidade;Velocidade abaixo do contratado;Respondida;SCM;Claro S.A.;Grande;Claro;SP;CAMPINAS;SCM
12/05/2023;11:21;Reclamação;Cobrança;Cobrança indevida;Respondida;SCM;CLARO S.A.;Grande;Claro;SP;SÃO PAULO;SCM
09/02/2022;21:49;Reclamação;Atendimento;Atendimento inadequado;Respondida;SCM;Tim S.A.;Grande;TIM;GO;GOIÂNIA;SCM
28/12/2023;12:50;Reclamação;Instalação;Prazo de instalação excedido;Respondida;SCM;TELEFONICA BRASIL S.A.;Grande;Vivo;MT;VÁRZEA GRANDE;SCM
24/03/2023;13:19;Reclamação;Falha;Falha/Interrupção do serviço;Respondida;SCM;CLARO S/A;Grande;Claro;PR;CURITIBA;SCM
03/01/2023;07:45;Reclamação;Instalação;Prazo de instalação excedido;Respondida;SCM;EMBRATEL S.A.;Grande;Claro;RJ;RIO DE JANEIRO;SCM
13/10/2023;15:08;Reclamação;Contrato;Cancelamento não realizado;Respondida;SCM;TIM S.A.;Grande;TIM;MG;CONTAGEM;SCM
24/11/2022;13:48;Reclamação;Cobrança;Cobrança indevida;Em análise;SCM;TELEFONICA BRASIL S.A.;Grande;Vivo;RJ;NITERÓI;SCM
20/10/2022;17:59;Reclamação;Velocidade;Velocidade abaixo do contratado;Respondida;SCM;CLARO S.A.;Grande; ;SP;SOROCABA;SCM
22/04/2022;21:34;Reclamação;Cobrança;Cobrança indevida;Em análise;SCM;NET SERVIÇOS DE COMUNICAÇÃO S.A.;Grande;Claro;RO;RO - INTERIOR;SCM
18/11/2022;19:30;Reclamação;Cobrança;Cobrança indevida;Pendente;SCM;TIM S.A.;NÃO INFORMADO;TIM;SP;SANTOS;SCM
05/07/2022;18:43;Reclamação;Contrato;Cancelamento não realizado;Respondida;SCM;Claro S.A.;Grande;Claro;PE;OLINDA;SCM
07/09/2023;17:08;Reclamação;Velocidade;Velocidade abaixo do contratado;Respondida;SCM;TELEFONICA BRASIL S.A.;Grande;Vivo;ES;CARIACICA;SCM
01/04/2022;20:20;Reclamação;Instalação;Prazo de instalação excedido;Pendente;SCM;SERCOMTEL S.A. - TELECOMUNICAÇÕES;Pequeno;Sercomtel;RS;PELOTAS;SCM
20/02/2022;09:19;Reclamação;Velocidade;Velocidade abaixo do contratado;Respondida;SCM;CLARO S.A.;Grande;Claro;SP;CAMPINAS;SCM
20/09/2022;22:13;Reclamação;Cobrança;Cobrança indevida;Respondida;SCM;Claro S.A.;Grande;Claro;SP;SÃO PAULO;SCM
14/03/2022;09:37;Reclamação;Instalação;Prazo de instalação excedido;Respondida;SCM;CLARO S.A.;Grande;Claro;SP;SANTOS;SCM
04/11/2022;12:17;Reclamação;Velocidade;Velocidade abaixo do contratado;Respondida;SCM;Telefonica Brasil S.A.;Grande;Vivo;SP;SÃO PAULO;SCM
21/10/2022;09:37;Reclamação;Falha;Falha/Interrupção do serviço;Respondida;SCM;OI S.A.;Grande;Oi;PR;PONTA GROSSA;SCM
12/08/2023;09:20;Reclamação;Falha;Falha/Interrupção do serviço;Em análise;SCM;CLARO S/A;Grande;Claro;RR;RR - INTERIOR;SCM
12/12/2022;09:41;Reclamação;Velocidade;Velocidade abaixo do contratado;Pendente;SCM;CLARO S.A.;Grande;Claro;DF;TAGUATINGA;SCM
06/09/2023;11:55;Reclamação;Cobrança;Cobrança indevida;Respondida;SCM;TELEFONICA BRASIL S.A.;Grande;Vivo;BA;FEIRA DE SANTANA;SCM
23/03/2023;16:13;Reclamação;Velocidade;Velocidade abaixo do contratado;Respondida;SCM;CLARO S.A.;Grande;Claro;RJ;NITERÓI;SCM
01/10/2023;21:22;Reclamação;Atendimento;Atendimento inadequado;Em análise;SCM;CLARO S.A.;Grande;-;SP;SANTOS;SCM
31/01/2022;10:44;Reclamação;Velocidade;Velocidade abaixo do contratado;Respondida;SCM;TELEFONICA BRASIL S.A.;Grande;Vivo;CE;FORTALEZA;SCM
02/10/2023;17:23;Reclamação;Cobrança;Cobrança indevida;Respondida;SCM;TELEFONICA BRASIL S.A.;Grande;Vivo;PE;CARUARU;SCM
09/07/2022;14:58;Reclamação;N/A;Cobrança indevida;Respondida;SCM;Telefonica Brasil S.A.;Grande;Vivo;SP;SÃO PAULO;SCM
30/03/2023;11:10;Reclamação;Velocidade;Velocidade abaixo do contratado;Em análise;SCM;NET SERVIÇOS DE COMUNICAÇÃO S.A.;Grande;Claro;SP;SANTOS;SCM
08/02/2023;07:20;Reclamação;Falha;Falha/Interrupção do serviço;Respondida;SCM;CLARO S.A.;Grande;Claro;RJ;NITERÓI;SCM
14/03/2022;17:08;Reclamação;Cobrança;Cobrança indevida;Respondida;SCM;TIM S.A.;Grande;TIM;RS;CANOAS;SCM
23/02/2023;10:51;Reclamação;Cobrança;Cobrança indevida;Respondida;SCM;TELEFONICA BRASIL S.A.; ;Vivo;SP;GUARULHOS;SCM
14/03/2022;21:26;Reclamação;Falha;Falha/Interrupção do serviço;Respondida;SCM;CLARO S/A;Grande;Claro;BA;FEIRA DE SANTANA;SCM
27/06/2023;10:44;Reclamação;Velocidade;Velocidade abaixo do contratado;Respondida;SCM;TELEFONICA BRASIL S.A.;Grande;Vivo;SP;SÃO PAULO;SCM
11/08/2023;12:47;Reclamação;Velocidade;Velocidade abaixo do contratado;Pendente;SCM;TELEFONICA BRASIL S.A.;Grande;Vivo;BA;SALVADOR;SCM
11/07/2022;21:27;Reclamação;Cobrança;Cobrança indevida;Pendente;SCM;TELEFONICA BRASIL S.A.;Grande;Vivo;BA;VITÓRIA DA CONQUISTA;SCM
16/10/2023;17:15;Reclamação;Velocidade;Velocidade abaixo do contratado;Pendente;SCM;TELEFONICA BRASIL S.A.;Grande;Vivo;PR;MARINGÁ;SCM
14/09/2022;19:20;Reclamação;Velocidade;Velocidade abaixo do contratado;Respondida;SCM;TELEFONICA BRASIL S.A.;Grande;Vivo;BA;FEIRA DE SANTANA;SCM
26/05/2023;10:11;Reclamação;Velocidade;Velocidade abaixo do contratado;Respondida;SCM;CLARO S/A;N/A;Claro;AC;AC - INTERIOR;SCM
09/05/2023;15:12;Reclamação;Atendimento;Atendimento inadequado;Respondida;SCM;CLARO S/A;Grande;Claro;RO;RO - INTERIOR;SCM
06/10/2023;17:44;Reclamação;Velocidade;Velocidade abaixo do contratado;Pendente;SCM;CLARO S.A.;Grande;Claro;SP;SOROCABA;SCM
13/11/2023;19:49;Reclamação;Cobrança;Cobrança indevida;Respondida;SCM;TIM S.A.;Grande;TIM;RN;RN - INTERIOR;SCM
13/12/2022;13:38;Reclamação;Velocidade;Velocidade abaixo do contratado;Em análise;SCM;TIM S.A.;Grande;TIM;AL;AL - INTERIOR;SCM
09/10/2023;17:04;Reclamação;Falha;Falha/Interrupção do serviço;Respondida;SCM;CLARO S/A;Grande;Claro;MG;CONTAGEM;SCM
27/11/2023;10:40;Reclamação;Atendimento;Atendimento inadequado;Em análise;SCM;TELEFONICA BRASIL S.A.;Grande;Vivo;PR;CURITIBA;SCM
16/11/2023;12:23;Reclamação;Instalação;Prazo de instalação excedido;Pendente;SCM;TELEFONICA BRASIL S.A.;Grande;Vivo;SP;SOROCABA;SCM
24/11/2022;18:45;Reclamação;Atendimento;Atendimento inadequado;Em análise;SCM;OI S.A.;Grande;Oi;BA;SALVADOR;SCM
27/02/2022;22:49;Reclamação;Falha;Falha/Interrupção do serviço;Pendente;SCM;TELEFONICA BRASIL S.A.;Grande;Vivo;RS;CANOAS;SCM
21/09/2022;13:38;Reclamação;Cobrança;Cobrança indevida;Respondida;SCM;CLARO S.A.;Grande;Claro;SE;SE - INTERIOR;SCM
29/01/2022;12:36;Reclamação;Falha;Falha/Interrupção do serviço;Pendente;SCM;OI S.A.;Grande;Oi;PR;CURITIBA;SCM
10/08/2022;21:11;Reclamação;Velocidade;Velocidade abaixo do contratado;Respondida;SCM;CLARO S.A.;Grande;Claro;BA;FEIRA DE SANTANA;SCM
10/04/2023;19:26;Reclamação;Contrato;Cancelamento não realizado;Respondida;SCM;TIM S.A.;Grande;TIM;RJ;NOVA IGUAÇU;SCM
10/09/2022;19:58;Reclamação;Velocidade;Velocidade abaixo do contratado;Respondida;SCM;TELEFONICA BRASIL S.A.;Grande;Vivo;MA;SÃO LUÍS;SCM
21/10/2022;12:16;Reclamação;Contrato;Cancelamento não realizado;Respondida;SCM;OI S.A.;Grande;Oi;SE;SE - INTERIOR;SCM
29/11/2023;12:05;Reclamação;Instalação;Prazo de instalação excedido;Respondida;SCM;CLARO S.A.;Grande;Claro;PE;OLINDA;SCM
01/09/2022;16:02;Reclamação;Velocidade;Velocidade abaixo do contratado;Respondida;SCM;CLARO S/A;Grande;Claro;RJ;RIO DE JANEIRO;SCM
10/05/2023;15:55;Reclamação;Velocidade;Velocidade abaixo do contratado;Respondida;SCM;NET SERVIÇOS DE COMUNICAÇÃO S.A.;Grande;Claro;PI;PI - INTERIOR;SCM
01/10/2023;19:24;Reclamação;Cobrança;Cobrança indevida;Respondida;SCM;TIM S.A.; ;TIM;RN;RN - INTERIOR;SCM
10/03/2022;08:53;Reclamação;Instalação;Prazo de instalação excedido;Respondida;SCM;SERCOMTEL S.A. - TELECOMUNICAÇÕES;Pequeno;Sercomtel;DF;BRASÍLIA;SCM
20/06/2022;07:06;Reclamação;Cobrança;Cobrança indevida;Respondida;SCM;TELEFONICA BRASIL S.A.;Grande;N/A;SP;CAMPINAS;SCM
25/01/2023;11:47;Reclamação;Velocidade;Velocidade abaixo do contratado;Respondida;SCM;TELEFONICA BRASIL S.A.;Grande;Vivo;ES;CARIACICA;SCM
16/05/2022;08:54;Reclamação;Contrato;Cancelamento não realizado;Respondida;SCM;OI S.A.;Grande;Oi;ES;CARIACICA;SCM
21/04/2022;11:32;Reclamação;Falha;Falha/Interrupção do serviço;Em análise;SCM;CLARO S.A.;Grande;Claro;PA;ANANINDEUA;SCM
26/07/2022;20:53;Reclamação;Velocidade;Velocidade abaixo do contratado;Respondida;SCM;TELEFONICA BRASIL S.A.;Grande;Vivo;MG;UBERLÂNDIA;SCM
21/03/2022;15:38;Reclamação;Contrato;Cancelamento não realizado;Respondida;SCM;TIM S.A.;Grande;TIM;CE;JUAZEIRO DO NORTE;SCM
25/01/2022;20:24;Reclamação;Contrato;Cancelamento não realizado;Respondida;SCM;OI S.A.;Grande;Oi;PA;ANANINDEUA;SCM
17/10/2022;20:38;Reclamação;Cobrança;Cobrança indevida;Respondida;SCM;TELEFONICA BRASIL S.A.;Grande;Vivo;RJ;NITERÓI;SCM
27/09/2022;19:37;Reclamação;Contrato;Cancelamento não realizado;Respondida;SCM;TIM S.A.;Grande;TIM;PE;OLINDA;SCM
19/07/2023;17:56;Reclamação;Falha;Falha/Interrupção do serviço;Em análise;SCM;CLARO S.A.;Grande;Claro;ES;CARIACICA;SCM
17/05/2023;13:46;Reclamação;Velocidade;Velocidade abaixo do contratado;Pendente;SCM;Tim S.A.;Grande;TIM;BA;FEIRA DE SANTANA;SCM
21/01/2022;08:44;Reclamação;Falha;Falha/Interrupção do serviço;Respondida;SCM;TIM S.A.;Grande;TIM;PE;RECIFE;SCM
14/01/2022;13:41;Reclamação;Velocidade;Velocidade abaixo do contratado;Respondida;SCM;TIM S.A.;Grande;TIM;RJ;DUQUE DE CAXIAS;SCM
31/01/2023;09:27;Reclamação;Cobrança;Cobrança indevida;Respondida;SCM;EMBRATEL S.A.;Grande;N/A;SP;CAMPINAS;SCM
14/12/2022;21:45;Reclamação;Cobrança;Cobrança indevida;Respondida;SCM;TELEFONICA BRASIL S.A.;Grande;Vivo;SP;CAMPINAS;SCM
19/07/2022;19:00;Reclamação;Cobrança;Cobrança indevida;Respondida;SCM;CLARO S.A.;Grande;Claro;BA;FEIRA DE SANTANA;SCM
19/01/2023;22:35;Reclamação;Velocidade;Velocidade abaixo do contratado;Respondida;SCM;TIM S.A.;Grande;N/A;PE;CARUARU;SCM
25/02/2023;11:09;Reclamação;Instalação;Prazo de instalação excedido;Respondida;SCM;CLARO S.A.;Grande;Claro;GO;ANÁPOLIS;SCM
20/11/2023;15:36;Reclamação;Falha;Falha/Interrupção do serviço;Respondida;SCM;CLARO S.A.;Grande;Claro;SP;SOROCABA;SCM
02/09/2022;12:01;Reclamação;Falha;Falha/Interrupção do serviço;Respondida;SCM;TIM S.A.;Grande;TIM;RJ;DUQUE DE CAXIAS;SCM
08/04/2023;22:44;Reclamação;Outros;Outros;Respondida;SCM;TIM S.A.;Grande;TIM;PE;CARUARU;SCM
02/06/2023;20:56;Reclamação;Velocidade;Velocidade abaixo do contratado;Respondida;SCM;TIM S.A.;Grande;TIM;PR;PONTA GROSSA;SCM
09/02/2023;15:37;Reclamação;Cobrança;Cobrança indevida;Respondida;SCM;CLARO S.A.;Grande;Claro;SP;SOROCABA;SCM
01/07/2022;22:28;Reclamação;Velocidade;Velocidade abaixo do contratado;Pendente;SCM;EMBRATEL S.A.;Grande;Claro;MA;TIMON;SCM
03/10/2023;12:28;Reclamação;Cobrança;Cobrança indevida;Respondida;SCM;CLARO S.A.;-;Claro;CE;SOBRAL;SCM
22/04/2022;07:04;Reclamação;Cobrança;Cobrança indevida;Em análise;SCM;TELEFONICA BRASIL S.A.;Grande;Vivo;SP;GUARULHOS;SCM
12/02/2022;17:59;Reclamação;Velocidade;Velocidade abaixo do contratado;Pendente;SCM;TIM S.A.;Grande;TIM;BA;FEIRA DE SANTANA;SCM
02/12/2023;20:47;Reclamação;Cobrança;Cobrança indevida;Respondida;SCM;CLARO S.A.;Grande;Claro;RJ;NITERÓI;SCM
22/12/2023;22:37;Reclamação;Cobrança;Cobrança indevida;Respondida;SCM;TIM S.A.;Grande;TIM;RS;CAXIAS DO SUL;SCM
16/04/2022;17:34;Reclamação;Cobrança;Cobrança indevida;Respondida;SCM;OI S.A.;Grande;Oi;MA;TIMON;SCM
20/01/2023;16:53;Reclamação;Atendimento;Atendimento inadequado;Respondida;SCM;TIM S.A.;Grande;TIM;MG;JUIZ DE FORA;SCM
27/03/2023;19:33;Reclamação;Cobrança;Cobrança indevida;Pendente;SCM;TELEFONICA BRASIL S.A.;Grande;Vivo;RJ;NITERÓI;SCM
22/05/2022;07:56;Reclamação;Cobrança;Cobrança indevida;Respondida;SCM;CLARO S.A.;Grande;Claro;MG;BELO HORIZONTE;SCM
12/12/2023;14:21;Reclamação;Velocidade;Velocidade abaixo do contratado;Respondida;SCM;TELEFONICA BRASIL S.A.;Grande;Vivo;SP;SANTOS;SCM
11/07/2022;20:20;Reclamação;Atendimento;Atendimento inadequado;Pendente;SCM;CLARO S.A.;Grande;Claro;CE;JUAZEIRO DO NORTE;SCM
26/09/2022;13:02;Reclamação;Velocidade;Velocidade abaixo do contratado;Respondida;SCM;TIM S.A.;Grande;TIM;DF;BRASÍLIA;SCM
25/11/2022;19:58;Reclamação;Instalação;Prazo de instalação excedido;Respondida;SCM;NET SERVIÇOS DE COMUNICAÇÃO S.A.;Grande;Claro;RJ;NITERÓI;SCM
09/10/2022;07:52;Reclamação;Velocidade;Velocidade abaixo do contratado;Respondida;SCM;EMBRATEL S.A.;Grande;Claro;AL;AL - INTERIOR;SCM
26/12/2023;18:40;Reclamação;Contrato;Cancelamento não realizado;Respondida;SCM;CLARO S.A.;Grande;Claro;SP;SÃO PAULO;SCM
07/07/2023;12:37;Reclamação;Velocidade;Velocidade abaixo do contratado;Em análise;SCM;TELEFONICA BRASIL S.A.;Grande;Vivo;RJ;NOVA IGUAÇU;SCM
18/03/2022;09:32;Reclamação;Cobrança;Cobrança indevida;Respondida;SCM;OI S.A.;Grande;Oi;SP;CAMPINAS;SCM
04/12/2023;11:25;Reclamação;Falha;Falha/Interrupção do serviço;Respondida;SCM;CLARO S.A.;Grande;Claro;RN;RN - INTERIOR;SCM
13/10/2023;19:10;Reclamação;Cobrança;Cobrança indevida;Pendente;SCM;CLARO S.A.;Grande;Claro;SP;CAMPINAS;SCM
01/08/2023;18:45;Reclamação;Velocidade;Velocidade abaixo do contratado;Pendente;SCM;TIM S.A.;Grande;TIM;SP;SANTOS;SCM
16/07/2023;10:18;Reclamação;Falha;Falha/Interrupção do serviço;Respondida;SCM;Net Serviços De Comunicação S.A.;Grande;Claro;SP;SOROCABA;SCM
28/06/2022;22:33;Reclamação;Contrato;Cancelamento não realizado;Respondida;SCM;TELEFONICA BRASIL S.A.;Grande;Vivo;SP;GUARULHOS;SCM
15/05/2022;07:30;Reclamação;Cobrança;Cobrança indevida;Respondida;SCM;TIM S.A.;Grande;TIM;CE;SOBRAL;SCM
08/08/2022;16:23;Reclamação;Velocidade;Velocidade abaixo do contratado;Pendente;SCM;OI S.A.;Grande;Oi;RS;CANOAS;SCM
08/03/2022;10:24;Reclamação;Outros;Outros;Respondida;SCM;CLARO S.A.;Grande;Claro;RS;CANOAS;SCM
09/10/2022;20:57;Reclamação;Falha;Falha/Interrupção do serviço;Respondida;SCM;CLARO S.A.;Grande;Claro;RJ;DUQUE DE CAXIAS;SCM
03/12/2023;13:04;Reclamação;NÃO INFORMADO;Velocidade abaixo do contratado;Pendente;SCM;CLARO S.A.;Grande;Claro;SP;GUARULHOS;SCM
23/05/2023;15:11;Reclamação;Falha;Falha/Interrupção do serviço;Respondida;SCM;CLARO S.A.;Grande;Claro;MG;JUIZ DE FORA;SCM
17/07/2022;07:46;Reclamação;Falha;Falha/Interrupção do serviço;Respondida;SCM;TIM S.A.;Grande;TIM;RS;CANOAS;SCM
12/07/2022;10:26;Reclamação;Velocidade;Velocidade abaixo do contratado;Respondida;SCM;NET SERVIÇOS DE COMUNICAÇÃO S.A.;Grande;Claro;SE;SE - INTERIOR;SCM
07/09/2022;08:23;Reclamação;Falha;Falha/Interrupção do serviço;Respondida;SCM;Tim S.A.;Grande;TIM;PR;MARINGÁ;SCM
07/03/2023;17:03;Reclamação;Falha;Falha/Interrupção do serviço;Respondida;SCM;TELEFONICA BRASIL S.A.;Grande;Vivo;MT;CUIABÁ;SCM
08/03/2023;12:36;Reclamação;Cobrança;Cobrança indevida;Respondida;SCM;CLARO S.A.;Grande;Claro;CE;JUAZEIRO DO NORTE;SCM
09/05/2023;10:38;Reclamação;Cobrança;Cobrança indevida;Respondida;SCM;TIM S.A.;Grande;TIM;RJ;RIO DE JANEIRO;SCM
23/08/2023;20:28;Reclamação;Cobrança;Cobrança indevida;Pendente;SCM;TELEFONICA BRASIL S.A.;Grande;Vivo;AM;ITACOATIARA;SCM
04/11/2022;21:49;Reclamação;Outros;Outros;Respondida;SCM;OI S.A.;Grande;Oi;PB;PB - INTERIOR;SCM
11/12/2022;14:34;Reclamação;Falha;Falha/Interrupção do serviço;Respondida;SCM;TELEFONICA BRASIL S.A.;Grande;Vivo;MG;CONTAGEM;SCM
02/07/2022;20:33;Reclamação;Contrato;Cancelamento não realizado;Respondida;SCM;CLARO S.A.;Grande;Claro;TO;TO - INTERIOR;SCM
05/12/2022;10:40;Reclamação;Velocidade;Velocidade abaixo do contratado;Em análise;SCM;TELEFONICA BRASIL S.A.;Grande;Vivo;SP;CAMPINAS;SCM
12/08/2023;09:45;Reclamação;Cobrança;Cobrança indevida;Respondida;SCM;TIM S.A.;Grande;TIM;SP;SOROCABA;SCM
01/11/2023;16:04;Reclamação;Cobrança;Cobrança indevida;Respondida;SCM;CLARO S.A.;Grande;Claro;MA;IMPERATRIZ;SCM
02/05/2022;16:19;Reclamação;Cobrança;Cobrança indevida;Respondida;SCM;TELEFONICA BRASIL S.A.;Grande;Vivo;MG;BELO HORIZONTE;SCM
04/11/2023;14:50;Reclamação;Cobrança;Cobrança indevida;Respondida;SCM;TIM S.A.;Grande;TIM;SP;CAMPINAS;SCM
20/05/2022;09:02;Reclamação;Instalação;Prazo de instalação excedido;Respondida;SCM;CLARO S.A.;Grande;Claro;PB;PB - INTERIOR;SCM
24/01/2023;10:07;Reclamação;Cobrança;Cobrança indevida;Em análise;SCM;OI S.A.;Grande;Oi;AL;AL - INTERIOR;SCM
24/09/2023;19:53;Reclamação;Cobrança;Cobrança indevida;Respondida;SCM;SERCOMTEL S.A. - TELECOMUNICAÇÕES;Pequeno;Sercomtel;SC;SC - INTERIOR;SCM
06/02/2022;09:21;Reclamação;Outros;Outros;Respondida;SCM;TELEFONICA BRASIL S.A.;Grande;Vivo;BA;VITÓRIA DA CONQUISTA;SCM
08/04/2022;11:40;Reclamação;Outros;Outros;Respondida;SCM;TELEFONICA BRASIL S.A.;Grande;Vivo;AL;AL - INTERIOR;SCM
13/03/2023;07:47;Reclamação;Velocidade;Velocidade abaixo do contratado;Respondida;SCM;TIM S.A.;Grande;TIM;AM;MANAUS;SCM
24/07/2023;11:50;Reclamação;Instalação;Prazo de instalação excedido;Em análise;SCM;TIM S.A.;Grande;TIM;MG;UBERLÂNDIA;SCM
30/03/2023;08:22;Reclamação;Cobrança;Cobrança indevida;Respondida;SCM;OI S.A.;Grande;Oi;PA;MARABÁ;SCM
12/07/2022;19:51;Reclamação;-;Prazo de instalação excedido;Pendente;SCM;TELEFONICA BRASIL S.A.;Grande;Vivo;CE;JUAZEIRO DO NORTE;SCM
30/05/2022;15:06;Reclamação;Falha;Falha/Interrupção do serviço;Respondida;SCM;OI S.A.;Grande;Oi;SP;CAMPINAS;SCM
03/12/2023;22:42;Reclamação;Cobrança;NÃO INFORMADO;Em análise;SCM;TELEFONICA BRASIL S.A.;Grande;Vivo;RJ;NITERÓI;SCM
31/05/2022;07:06;Reclamação;Cobrança;Cobrança indevida;Respondida;SCM;EMBRATEL S.A.;Grande;Claro;RN;RN - INTERIOR;SCM
25/07/2023;19:49;Reclamação;Cobrança;Cobrança indevida;Respondida;SCM;CLARO S.A.;Grande;Claro;AM;MANAUS;SCM
06/08/2023;20:06;Reclamação;Outros;Outros;Respondida;SCM;CLARO S/A;Grande;Claro;RJ;RIO DE JANEIRO;SCM
04/04/2023;15:20;Reclamação;Falha;Falha/Interrupção do serviço;Respondida;SCM;SERCOMTEL S.A. - TELECOMUNICAÇÕES;Pequeno;Sercomtel;RJ;NOVA IGUAÇU;SCM
20/06/2022;07:55;Reclamação;Velocidade;Velocidade abaixo do contratado;Respondida;SCM;TELEFONICA BRASIL S.A.;Grande;Vivo;TO;TO - INTERIOR;SCM
25/06/2022;10:05;Reclamação;Atendimento;Atendimento inadequado;Respondida;SCM;CLARO S.A.;Grande;Claro;SP;GUARULHOS;SCM
05/02/2022;10:56;Reclamação;Cobrança;Cobrança indevida;Respondida;SCM;TIM S.A.;Grande;TIM;MT;CUIABÁ;SCM
15/06/2023;13:15;Reclamação;Falha;-;Respondida;SCM;CLARO S.A.;Grande;Claro;RN;RN - INTERIOR;SCM
31/08/2023;10:03;Reclamação;Velocidade;NÃO INFORMADO;Respondida;SCM;NÃO INFORMADO;Grande;Claro;RJ;NOVA IGUAÇU;SCM
14/01/2022;15:12;Reclamação;Velocidade;Velocidade abaixo do contratado;Respondida;SCM;TELEFONICA BRASIL S.A.;Grande;Vivo;AM;ITACOATIARA;SCM
16/11/2023;12:40;Reclamação;Velocidade;Velocidade abaixo do contratado;Respondida;SCM;SERCOMTEL S.A. - TELECOMUNICAÇÕES;Pequeno;Sercomtel;SP;SANTOS;SCM
03/06/2023;16:30;Reclamação;Contrato;Cancelamento não realizado;Respondida;SCM;CLARO S.A.;Grande;Claro;SP;GUARULHOS;SCM
26/03/2022;19:20;Reclamação;Velocidade;Velocidade abaixo do contratado;Em análise;SCM;TELEFONICA BRASIL S.A.;Grande;Vivo;RJ;NOVA IGUAÇU;SCM
01/12/2022;21:39;Reclamação;Cobrança;Cobrança indevida;Respondida;SCM;TELEFONICA BRASIL S.A.;Grande;Vivo;PE;PETROLINA;SCM
19/10/2023;11:30;Reclamação;Falha;Falha/Interrupção do serviço;Respondida;SCM;TELEFONICA BRASIL S.A.;Grande;Vivo;PR;LONDRINA;SCM
06/06/2023;15:22;Reclamação;Contrato;Cancelamento não realizado;Respondida;SCM;CLARO S.A.;Grande;Claro;PA;ANANINDEUA;SCM
05/10/2022;13:13;Reclamação;Cobrança;Cobrança indevida;Respondida;SCM;OI S.A.;Grande;Oi;MG;CONTAGEM;SCM
07/10/2023;14:02;Reclamação;Atendimento;Atendimento inadequado;Respondida;SCM;TELEFONICA BRASIL S.A.;Grande;Vivo;SP;SANTOS;SCM
11/07/2023;10:17;Reclamação;Falha;Falha/Interrupção do serviço;Respondida;SCM;TELEFONICA BRASIL S.A.;Grande;Vivo;RS;CAXIAS DO SUL;SCM
21/08/2022;20:27;Reclamação;Atendimento;Atendimento inadequado;Respondida;SCM;TIM S.A.;Grande;TIM;MT;CUIABÁ;SCM
07/06/2023;09:41;Reclamação;Cobrança;Cobrança indevida;Respondida;SCM;NET SERVIÇOS DE COMUNICAÇÃO S.A.;Grande;Claro;PR;MARINGÁ;SCM
04/04/2023;09:57;Reclamação;Atendimento;Atendimento inadequado;Pendente;SCM;OI S.A.;Grande;Oi;MT;VÁRZEA GRANDE;SCM
10/03/2023;14:25;Reclamação;Atendimento;Atendimento inadequado;Em análise;SCM;EMBRATEL S.A.;Grande;Claro;PI;PI - INTERIOR;SCM
22/12/2023;20:23;Reclamação;Contrato;Cancelamento não realizado;Respondida;SCM;CLARO S.A.;Grande;Claro;SC;SC - INTERIOR;SCM
03/09/2022;17:54;Reclamação;Velocidade;Velocidade abaixo do contratado;Respondida;SCM;Telefonica Brasil S.A.;Grande;Vivo;RJ;RIO DE JANEIRO;SCM
10/03/2022;11:53;Reclamação;Falha;Falha/Interrupção do serviço;Respondida;SCM;SERCOMTEL S.A. - TELECOMUNICAÇÕES;Pequeno;Sercomtel;MG;JUIZ DE FORA;SCM
07/01/2023;18:24;Reclamação;Instalação;Prazo de instalação excedido;Respondida;SCM;CLARO S.A.;Grande;Claro;RN;RN - INTERIOR;SCM
12/04/2023;11:02;Reclamação;Cobrança;Cobrança indevida;Respondida;SCM;CLARO S.A.;Grande;Claro;SP;SANTOS;SCM
19/05/2022;18:20;Reclamação;Falha;Falha/Interrupção do serviço;Respondida;SCM;CLARO S.A.;Grande;Claro;PR;MARINGÁ;SCM
30/05/2023;15:55;Reclamação;Velocidade;Velocidade abaixo do contratado;Respondida;SCM;TIM S.A.;Grande;TIM;RJ;RIO DE JANEIRO;SCM
29/07/2022;10:00;Reclamação;Atendimento;Atendimento inadequado;Respondida;SCM;OI S.A.;Grande;Oi;CE;FORTALEZA;SCM
02/12/2023;22:17;Reclamação;Cobrança;Cobrança indevida;Respondida;SCM;OI S.A.;Grande;Oi;RJ;RIO DE JANEIRO;SCM
02/02/2023;16:54;Reclamação;Cobrança;Cobrança indevida;Respondida;SCM;TIM S.A.;Grande;TIM;RJ;NOVA IGUAÇU;SCM
23/02/2022;18:47;Reclamação;Cobrança;Cobrança indevida;Pendente;SCM;CLARO S.A.;Grande;Claro;RJ;DUQUE DE CAXIAS;SCM
09/07/2023;11:09;Reclamação;Atendimento;Atendimento inadequado;Respondida;SCM;CLARO S/A;Grande;Claro;BA;VITÓRIA DA CONQUISTA;SCM
18/02/2023;12:37;Reclamação;Cobrança;Cobrança indevida;Respondida;SCM;EMBRATEL S.A.;Grande;Claro;RJ;DUQUE DE CAXIAS;SCM
09/10/2023;08:55;Reclamação;Contrato;Cancelamento não realizado;Pendente;SCM;TIM S.A.;Grande;TIM;RR;RR - INTERIOR;SCM
20/01/2023;18:04;Reclamação;Velocidade;Velocidade abaixo do contratado;Respondida;SCM;TIM S.A.;Grande;TIM;SC;SC - INTERIOR;SCM
12/10/2022;15:08;Reclamação;Cobrança;Cobrança indevida;Pendente;SCM;CLARO S.A.;Grande;Claro;RS;CAXIAS DO SUL;SCM
07/11/2023;22:20;Reclamação;Cobrança;Cobrança indevida;Respondida;SCM;TELEFONICA BRASIL S.A.;Grande;Vivo;SC;SC - INTERIOR;SCM
29/12/2022;11:36;Reclamação;Atendimento;Atendimento inadequado;Respondida;SCM;EMBRATEL S.A.;Grande;Claro;SP;CAMPINAS;SCM
19/12/2022;19:14;Reclamação;Velocidade;Velocidade abaixo do contratado;Respondida;SCM;CLARO S.A.;Grande;Claro;MA;IMPERATRIZ;SCM
02/06/2022;07:26;Reclamação;Contrato;Cancelamento não realizado;Respondida;SCM;CLARO S.A.;Grande;Claro;MG;UBERLÂNDIA;SCM
06/09/2022;19:42;Reclamação;Velocidade;Velocidade abaixo do contratado;Pendente;SCM;TIM S.A.;Grande;TIM;SP;SANTOS;SCM
06/07/2022;19:26;Reclamação;Cobrança;Cobrança indevida;Respondida;SCM;CLARO S.A.;Grande;Claro;MS;CAMPO GRANDE;SCM
03/12/2022;20:42;Reclamação;Contrato;Cancelamento não realizado;Respondida;SCM;OI S.A.;Grande;Oi;RJ;DUQUE DE CAXIAS;SCM
21/06/2022;07:50;Reclamação;Instalação;Prazo de instalação excedido;Respondida;SCM;TELEFONICA BRASIL S.A.;Grande;Vivo;MA;TIMON;SCM
16/03/2023;19:27;Reclamação;Velocidade;Velocidade abaixo do contratado;Respondida;SCM;TELEFONICA BRASIL S.A.;Grande;NÃO INFORMADO;SP;SÃO PAULO;SCM
16/09/2022;09:12;Reclamação;Cobrança;Cobrança indevida;Respondida;SCM;OI S.A.;Grande;Oi;RJ;RIO DE JANEIRO;SCM
27/05/2023;16:48;Reclamação;Atendimento;Atendimento inadequado;Respondida;SCM;TIM S.A.;Grande;TIM;RJ;DUQUE DE CAXIAS;SCM
02/03/2023;20:05;Reclamação;Velocidade;Velocidade abaixo do contratado;Respondida;SCM;CLARO S.A.;Grande;Claro;MG;JUIZ DE FORA;SCM
17/10/2023;14:36;Reclamação;Falha;NÃO INFORMADO;Respondida;SCM;TELEFONICA BRASIL S.A.;Grande;Vivo;SC;SC - INTERIOR;SCM
11/01/2022;15:07;Reclamação;Contrato;Cancelamento não realizado;Respondida;SCM;TELEFONICA BRASIL S.A.;Grande;Vivo;MG;JUIZ DE FORA;SCM
29/08/2022;09:48;Reclamação;Velocidade;Velocidade abaixo do contratado;Respondida;SCM;CLARO S.A.;Grande;Claro;SP;CAMPINAS;SCM
27/02/2022;11:40;Reclamação;Velocidade;Velocidade abaixo do contratado;Em análise;SCM;CLARO S.A.;Grande;Claro;MG;BELO HORIZONTE;SCM
01/01/2023;17:34;Reclamação;Cobrança;Cobrança indevida;Respondida;SCM;CLARO S.A.;Grande;Claro;SP;SÃO PAULO;SCM
20/10/2022;14:28;Reclamação;Velocidade;Velocidade abaixo do contratado;Respondida;SCM;CLARO S/A;Grande;Claro;SP;SÃO PAULO;SCM
01/10/2023;16:39;Reclamação;Velocidade;Velocidade abaixo do contratado;Respondida;SCM;SERCOMTEL S.A. - TELECOMUNICAÇÕES;Pequeno;Sercomtel;SP;CAMPINAS;SCM
12/04/2023;17:05;Reclamação;Falha;Falha/Interrupção do serviço;Respondida;SCM;OI S.A.;Grande; ;RN;RN - INTERIOR;SCM
13/10/2023;09:58;Reclamação;Velocidade;Velocidade abaixo do contratado;Pendente;SCM;TIM S.A.;Grande;TIM;MG;UBERLÂNDIA;SCM
04/12/2023;21:10;Reclamação;Instalação;Prazo de instalação excedido;Pendente;SCM;CLARO S.A.;Grande;Claro;PR;MARINGÁ;SCM
23/09/2022;16:25;Reclamação;Cobrança;Cobrança indevida;Respondida;SCM;TELEFONICA BRASIL S.A.;Grande;Vivo;PI;PI - INTERIOR;SCM
05/10/2023;16:12;Reclamação;Falha;Falha/Interrupção do serviço;Em análise;SCM;TELEFONICA BRASIL S.A.;Grande;Vivo;SP;CAMPINAS;SCM
08/09/2022;12:08;Reclamação;Velocidade;Velocidade abaixo do contratado;Respondida;SCM;Claro S.A.;Grande;Claro;MS;TRÊS LAGOAS;SCM
12/11/2022;17:14;Reclamação;Falha;Falha/Interrupção do serviço;Pendente;SCM;TELEFONICA BRASIL S.A.;Grande;Vivo;RS;PORTO ALEGRE;SCM
13/11/2022;07:22;Reclamação;Velocidade;Velocidade abaixo do contratado;Respondida;SCM;TELEFONICA BRASIL S.A.;Grande;Vivo;SP;GUARULHOS;SCM
11/10/2022;08:12;Reclamação;Atendimento;Atendimento inadequado;Respondida;SCM;EMBRATEL S.A.;Grande;Claro;RS;CANOAS;SCM
30/07/2022;09:58;Reclamação;Cobrança;Cobrança indevida;Respondida;SCM;CLARO S.A.;Grande;Claro;MG;JUIZ DE FORA;SCM
19/10/2022;19:17;Reclamação;Falha;Falha/Interrupção do serviço;Pendente;SCM;TIM S.A.;Grande;TIM;RJ;DUQUE DE CAXIAS;SCM
08/09/2022;18:04;Reclamação;Velocidade;Velocidade abaixo do contratado;Em análise;SCM;Net Serviços De Comunicação S.A.;Grande;Claro;SP;CAMPINAS;SCM
25/10/2022;21:17;Reclamação;Contrato;Cancelamento não realizado;Respondida;SCM;CLARO S.A.;Grande;N/A;PR;CURITIBA;SCM
30/04/2023;08:07;Reclamação;Falha;Falha/Interrupção do serviço;Pendente;SCM;OI S.A.;Grande;Oi;PA;BELÉM;SCM
15/11/2022;22:40;Reclamação; ;Atendimento inadequado;Respondida;SCM;CLARO S.A.;Grande;Claro;AM;PARINTINS;SCM
04/05/2022;18:47;Reclamação;Falha;Falha/Interrupção do serviço;Em análise;SCM;NET SERVIÇOS DE COMUNICAÇÃO S.A.;Grande;Claro;MA;IMPERATRIZ;SCM
10/04/2022;22:10;Reclamação;Cobrança;Cobrança indevida;Respondida;SCM;TELEFONICA BRASIL S.A.;Grande;Vivo;SE;SE - INTERIOR;SCM
08/08/2022;20:02;Reclamação;Cobrança;Cobrança indevida;Em análise;SCM;OI S.A.;Grande;Oi;SP;SANTOS;SCM
13/03/2022;21:09;Reclamação;Contrato;Cancelamento não realizado;Pendente;SCM;SERCOMTEL S.A. - TELECOMUNICAÇÕES;Pequeno;Sercomtel;PE;RECIFE;SCM
01/01/2022;16:37;Reclamação;Falha;Falha/Interrupção do serviço;Respondida;SCM;CLARO S.A.;Grande;Claro;PB;PB - INTERIOR;SCM
19/08/2023;11:23;Reclamação; ;Cobrança indevida;Respondida;SCM;CLARO S.A.;Grande;Claro;CE;JUAZEIRO DO NORTE;SCM
01/11/2023;19:18;Reclamação;Contrato;Cancelamento não realizado;Pendente;SCM;CLARO S.A.;Grande;Claro;RJ;NOVA IGUAÇU;SCM
21/12/2022;15:11;Reclamação;Velocidade;Velocidade abaixo do contratado;Respondida;SCM;TIM S.A.;Grande;TIM;SP;SOROCABA;SCM
23/10/2022;16:34;Reclamação;Velocidade;Velocidade abaixo do contratado;Respondida;SCM;CLARO S.A.;Grande;Claro;BA;VITÓRIA DA CONQUISTA;SCM
22/02/2023;20:22;Reclamação;Falha;Falha/Interrupção do serviço;Respondida;SCM;CLARO S.A.;Grande;Claro;AC;AC - INTERIOR;SCM
10/12/2022;07:12;Reclamação;Cobrança;Cobrança indevida;Respondida;SCM;Claro S/A;Grande;Claro;RR;RR - INTERIOR;SCM
01/08/2023;08:35;Reclamação;Velocidade;Velocidade abaixo do contratado;Respondida;SCM;TELEFONICA BRASIL S.A.;Grande;Vivo;ES;VILA VELHA;SCM
18/03/2023;15:22;Reclamação;Velocidade;Velocidade abaixo do contratado;Pendente;SCM;CLARO S.A.;Grande;Claro;SP;SOROCABA;SCM
15/05/2023;12:52;Reclamação;-;Velocidade abaixo do contratado;Em análise;SCM;Telefonica Brasil S.A.;Grande;Vivo;SP;SÃO PAULO;SCM
13/10/2022;12:21;Reclamação;Contrato;Cancelamento não realizado;Em análise;SCM;TIM S.A.;Grande;TIM;RS;PORTO ALEGRE;SCM
28/01/2023;12:51;Reclamação;Velocidade;Velocidade abaixo do contratado;Respondida;SCM;CLARO S/A;Grande;Claro;RJ;NOVA IGUAÇU;SCM
30/08/2022;07:42;Reclamação;-;Velocidade abaixo do contratado;Respondida;SCM;CLARO S.A.;Grande;Claro;RJ;NOVA IGUAÇU;SCM
03/05/2022;21:42;Reclamação;Falha;Falha/Interrupção do serviço;Respondida;SCM;OI S.A.;Grande;Oi;BA;FEIRA DE SANTANA;SCM
16/03/2023;21:18;Reclamação;Cobrança;Cobrança indevida;Em análise;SCM;Claro S.A.;Grande;Claro;RN;RN - INTERIOR;SCM
12/03/2022;09:26;Reclamação;Falha;Falha/Interrupção do serviço;Respondida;SCM;TELEFONICA BRASIL S.A.;Grande;Vivo;PR;MARINGÁ;SCM
20/05/2023;19:15;Reclamação;Velocidade;Velocidade abaixo do contratado;Respondida;SCM;CLARO S.A.;Grande;Claro;RS;CAXIAS DO SUL;SCM
31/05/2023;08:48;Reclamação;Velocidade;Velocidade abaixo do contratado;Pendente;SCM;OI S.A.;Grande;Oi;PE;OLINDA;SCM
21/12/2022;21:45;Reclamação;Falha;Falha/Interrupção do serviço;Em análise;SCM;NET SERVIÇOS DE COMUNICAÇÃO S.A.;Grande;Claro;RJ;NOVA IGUAÇU;SCM
30/08/2023;08:04;Reclamação;Contrato;Cancelamento não realizado;Respondida;SCM;CLARO S.A.;Grande;Claro;SC;SC - INTERIOR;SCM
01/03/2022;09:41;Reclamação;Cobrança;Cobrança indevida;Em análise;SCM;NET SERVIÇOS DE COMUNICAÇÃO S.A.;Grande;Claro;SP;SÃO PAULO;SCM
04/12/2022;20:25;Reclamação;Falha;Falha/Interrupção do serviço;Em análise;SCM;CLARO S.A.;Grande;Claro;PA;ANANINDEUA;SCM
07/08/2022;09:32;Reclamação;Cobrança;Cobrança indevida;Respondida;SCM;TELEFONICA BRASIL S.A.;Grande;Vivo;MG;UBERLÂNDIA;SCM
21/10/2023;18:57;Reclamação;NÃO INFORMADO;Velocidade abaixo do contratado;Pendente;SCM;TELEFONICA BRASIL S.A.;Grande;Vivo;PA;BELÉM;SCM
10/10/2023;13:11;Reclamação;Cobrança;Cobrança indevida;Respondida;SCM;TELEFONICA BRASIL S.A.;Grande;N/A;BA;VITÓRIA DA CONQUISTA;SCM
21/08/2022;12:54;Reclamação;Atendimento;Atendimento inadequado;Em análise;SCM;TELEFONICA BRASIL S.A.;Grande;Vivo;BA;FEIRA DE SANTANA;SCM
12/12/2023;21:44;Reclamação;Falha;Falha/Interrupção do serviço;Respondida;SCM;TIM S.A.;Grande;TIM;MG;JUIZ DE FORA;SCM
25/07/2023;21:48;Reclamação;Cobrança;Cobrança indevida;Respondida;SCM;TELEFONICA BRASIL S.A.;Grande;Vivo;RJ;NOVA IGUAÇU;SCM
23/07/2022;17:14;Reclamação;Falha;Falha/Interrupção do serviço;Respondida;SCM;CLARO S.A.;Grande;Claro;RJ;NOVA IGUAÇU;SCM
21/11/2023;19:08;Reclamação;Velocidade;Velocidade abaixo do contratado;Em análise;SCM;CLARO S.A.;Grande;Claro;MA;SÃO LUÍS;SCM
16/07/2023;19:30;Reclamação;Instalação;Prazo de instalação excedido;Respondida;SCM;CLARO S.A.;Grande;Claro;AP;AP - INTERIOR;SCM
22/02/2023;07:23;Reclamação;Falha;Falha/Interrupção do serviço;Respondida;SCM;CLARO S.A.;Grande;Claro;AM;MANAUS;SCM
26/02/2022;20:01;Reclamação;Velocidade;Velocidade abaixo do contratado;Pendente;SCM;NET SERVIÇOS DE COMUNICAÇÃO S.A.;Grande;Claro;SP;CAMPINAS;SCM
18/06/2022;08:51;Reclamação;Falha;Falha/Interrupção do serviço;Pendente;SCM;TIM S.A.;Grande;TIM;BA;VITÓRIA DA CONQUISTA;SCM
03/07/2022;22:46;Reclamação;Falha;Falha/Interrupção do serviço;Respondida;SCM;TIM S.A.;Grande;TIM;RJ;NITERÓI;SCM
04/10/2023;10:27;Reclamação;Velocidade;Velocidade abaixo do contratado;Respondida;SCM;CLARO S.A.;Grande;Claro;PR;PONTA GROSSA;SCM
28/11/2022;14:28;Reclamação;Falha;Falha/Interrupção do serviço;Em análise;SCM;SERCOMTEL S.A. - TELECOMUNICAÇÕES;Pequeno;Sercomtel;ES;VILA VELHA;SCM
27/01/2023;17:01;Reclamação;Contrato;Cancelamento não realizado;Respondida;SCM;CLARO S.A.;Grande;Claro;PA;BELÉM;SCM
04/02/2023;08:07;Reclamação;Atendimento;Atendimento inadequado;Respondida;SCM;NET SERVIÇOS DE COMUNICAÇÃO S.A.;Grande;Claro;RJ;RIO DE JANEIRO;SCM
03/12/2023;08:46;Reclamação;Atendimento;Atendimento inadequado;Respondida;SCM;OI S.A.;Grande;Oi;SE;SE - INTERIOR;SCM
06/11/2022;20:25;Reclamação;NÃO INFORMADO;Velocidade abaixo do contratado;Respondida;SCM;TELEFONICA BRASIL S.A.;Grande;Vivo;SC;SC - INTERIOR;SCM
09/02/2022;10:05;Reclamação;Cobrança;Cobrança indevida;Respondida;SCM;TIM S.A.;Grande;TIM;PE;CARUARU;SCM
21/11/2023;22:32;Reclamação;Velocidade;Velocidade abaixo do contratado;Respondida;SCM;TELEFONICA BRASIL S.A.;Grande;Vivo;SP;CAMPINAS;SCM
04/10/2023;10:39;Reclamação;Cobrança;Cobrança indevida;Respondida;SCM;CLARO S.A.;Grande;Claro;RJ;RIO DE JANEIRO;SCM
03/05/2022;21:03;Reclamação;Contrato;Cancelamento não realizado;Respondida;SCM;CLARO S.A.;Grande;Claro;SP;CAMPINAS;SCM
15/09/2023;21:02;Reclamação;Velocidade;Velocidade abaixo do contratado;Respondida;SCM;NET SERVIÇOS DE COMUNICAÇÃO S.A.;Grande;Claro;ES;CARIACICA;SCM
23/05/2023;19:18;Reclamação;N/A;Cobrança indevida;Em análise;SCM;TELEFONICA BRASIL S.A.;Grande;Vivo;BA;SALVADOR;SCM
01/07/2023;10:14;Reclamação;Contrato;Cancelamento não realizado;Em análise;SCM;CLARO S.A.;Grande;Claro;PR;CURITIBA;SCM
12/01/2022;10:43;Reclamação;Cobrança;Cobrança indevida;Em análise;SCM;TELEFONICA BRASIL S.A.;Grande;Vivo;MG;JUIZ DE FORA;SCM
16/12/2022;18:20;Reclamação;Velocidade;Velocidade abaixo do contratado;Respondida;SCM;TELEFONICA BRASIL S.A.;Grande;Vivo;GO;APARECIDA DE GOIÂNIA;SCM
02/09/2022;18:46;Reclamação;Velocidade;Velocidade abaixo do contratado;Respondida;SCM;NET SERVIÇOS DE COMUNICAÇÃO S.A.;Grande;Claro;RJ;NITERÓI;SCM
22/10/2022;15:15;Reclamação;Cobrança;Cobrança indevida;Pendente;SCM;CLARO S.A.;Grande;Claro;RR;RR - INTERIOR;SCM
01/02/2023;10:58;Reclamação;Atendimento;Atendimento inadequado;Respondida;SCM;CLARO S.A.;Grande;Claro;SP;CAMPINAS;SCM
03/04/2022;13:58;Reclamação;Cobrança;Cobrança indevida;Respondida;SCM;TELEFONICA BRASIL S.A.;Grande;Vivo;RJ;NOVA IGUAÇU;SCM
11/12/2022;18:21;Reclamação;Velocidade;Velocidade abaixo do contratado;Respondida;SCM;TELEFONICA BRASIL S.A.;Grande;Vivo;SP;SANTOS;SCM
31/08/2023;11:01;Reclamação;Cobrança;Cobrança indevida;Respondida;SCM;NET SERVIÇOS DE COMUNICAÇÃO S.A.;Grande;Claro;SP;SÃO PAULO;SCM
18/07/2022;15:44;Reclamação;Atendimento;Atendimento inadequado;Respondida;SCM;CLARO S.A.;Grande;Claro;SP;GUARULHOS;SCM
18/06/2022;19:45;Reclamação;Falha;Falha/Interrupção do serviço;Respondida;SCM;TIM S.A.; ;TIM;PB;PB - INTERIOR;SCM
01/05/2023;12:51;Reclamação;Cobrança;Cobrança indevida;Respondida;SCM;TIM S.A.;Grande; ;RS;CAXIAS DO SUL;SCM
09/10/2023;07:16;Reclamação;Velocidade;Velocidade abaixo do contratado;Em análise;SCM;TELEFONICA BRASIL S.A.;Grande;Vivo;AP;AP - INTERIOR;SCM
15/11/2022;17:05;Reclamação;Contrato;N/A;Pendente;SCM;EMBRATEL S.A.;Grande;Claro;DF;BRASÍLIA;SCM
03/04/2023;09:49;Reclamação;Atendimento;NÃO INFORMADO;Respondida;SCM;CLARO S.A.;Grande;Claro;MS;DOURADOS;SCM
12/07/2023;12:01;Reclamação;Velocidade;Velocidade abaixo do contratado;Respondida;SCM;TIM S.A.;Grande;TIM;SP;CAMPINAS;SCM
22/04/2022;15:49;Reclamação;Cobrança;Cobrança indevida;Respondida;SCM;CLARO S.A.;Grande;Claro;RJ;NOVA IGUAÇU;SCM
18/06/2023;18:27;Reclamação;Falha;Falha/Interrupção do serviço;Respondida;SCM;OI S.A.;Grande;Oi;BA;VITÓRIA DA CONQUISTA;SCM
07/02/2022;16:23;Reclamação;Velocidade;Velocidade abaixo do contratado;Respondida;SCM;N/A;Grande;Vivo;RO;RO - INTERIOR;SCM
18/03/2023;22:59;Reclamação;Cobrança;Cobrança indevida;Respondida;SCM;TELEFONICA BRASIL S.A.;Grande; ;SP;GUARULHOS;SCM
26/01/2022;14:44;Reclamação;Velocidade;Velocidade abaixo do contratado;Respondida;SCM;CLARO S/A;Grande;Claro;MG;CONTAGEM;SCM
26/09/2022;19:37;Reclamação;Velocidade;Velocidade abaixo do contratado;Respondida;SCM;NET SERVIÇOS DE COMUNICAÇÃO S.A.;Grande;Claro;RJ;NOVA IGUAÇU;SCM
07/04/2022;19:51;Reclamação;Falha;Falha/Interrupção do serviço;Respondida;SCM;NET SERVIÇOS DE COMUNICAÇÃO S.A.;Grande;Claro;RJ;RIO DE JANEIRO;SCM
04/03/2022;20:29;Reclamação;Cobrança;Cobrança indevida;Pendente;SCM;Embratel S.A.;Grande;Claro;BA;SALVADOR;SCM
28/01/2022;08:09;Reclamação;Falha;Falha/Interrupção do serviço;Respondida;SCM;TELEFONICA BRASIL S.A.;Grande;Vivo;PE;RECIFE;SCM
03/06/2023;21:11;Reclamação;Velocidade;Velocidade abaixo do contratado;Respondida;SCM;CLARO S.A.;Grande;Claro;RJ;NITERÓI;SCM
08/01/2023;22:02;Reclamação;Velocidade;Velocidade abaixo do contratado;Respondida;SCM;CLARO S.A.;Grande;Claro;BA;VITÓRIA DA CONQUISTA;SCM
08/07/2023;08:22;Reclamação;Velocidade;Velocidade abaixo do contratado;Respondida;SCM;NÃO INFORMADO;Grande;TIM;RN;RN - INTERIOR;SCM
31/07/2023;16:22;Reclamação;Velocidade;Velocidade abaixo do contratado;Respondida;SCM;CLARO S.A.;Grande;Claro;PE;PETROLINA;SCM
01/06/2023;17:42;Reclamação;Atendimento;Atendimento inadequado;Respondida;SCM;TIM S.A.;Grande;TIM;RN;RN - INTERIOR;SCM
08/07/2022;20:21;Reclamação;Atendimento;Atendimento inadequado;Pendente;SCM;CLARO S.A.;Grande;Claro;MG;JUIZ DE FORA;SCM
22/11/2022;17:40;Reclamação;Atendimento;Atendimento inadequado;Respondida;SCM;OI S.A.;Grande;Oi;SP;SOROCABA;SCM
11/08/2023;14:39;Reclamação;Cobrança;Cobrança indevida;Respondida;SCM;CLARO S.A.;Grande;Claro;AM;ITACOATIARA;SCM
06/11/2022;18:00;Reclamação;Falha;Falha/Interrupção do serviço;Respondida;SCM;EMBRATEL S.A.;Grande;Claro;SP;CAMPINAS;SCM
04/11/2022;11:35;Reclamação;Contrato;Cancelamento não realizado;Pendente;SCM;TELEFONICA BRASIL S.A.;Grande;Vivo;MA;IMPERATRIZ;SCM
12/09/2023;11:56;Reclamação;Velocidade;Velocidade abaixo do contratado;Em análise;SCM;TIM S.A.;Grande;TIM;RS;CAXIAS DO SUL;SCM
27/05/2023;17:04;Reclamação;Instalação;Prazo de instalação excedido;Respondida;SCM;TELEFONICA BRASIL S.A.;Grande;Vivo;SP;CAMPINAS;SCM
18/11/2022;22:19;Reclamação; ;Velocidade abaixo do contratado;Respondida;SCM;OI S.A.;Grande;Oi;RJ;NITERÓI;SCM
18/02/2022;10:33;Reclamação;Velocidade;Velocidade abaixo do contratado;Respondida;SCM;TIM S.A.;Grande;TIM;SP;CAMPINAS;SCM
17/06/2022;15:47;Reclamação;Falha;Falha/Interrupção do serviço;Respondida;SCM;TELEFONICA BRASIL S.A.;Grande;Vivo;BA;FEIRA DE SANTANA;SCM
21/12/2022;22:41;Reclamação;Velocidade;Velocidade abaixo do contratado;Respondida;SCM;OI S.A.;Grande;Oi;PB;PB - INTERIOR;SCM
29/07/2023;07:21;Reclamação;Cobrança;Cobrança indevida;Respondida;SCM;TELEFONICA BRASIL S.A.;Grande;Vivo;BA;FEIRA DE SANTANA;SCM
08/06/2023;13:03;Reclamação;Velocidade;Velocidade abaixo do contratado;Pendente;SCM;CLARO S.A.;Grande;Claro;RJ;NOVA IGUAÇU;SCM
12/12/2022;20:51;Reclamação;Velocidade;Velocidade abaixo do contratado;Respondida;SCM;TELEFONICA BRASIL S.A.;Grande;Vivo;RJ;RIO DE JANEIRO;SCM
20/05/2023;18:06;Reclamação;Instalação;Prazo de instalação excedido;Respondida;SCM;Oi S.A.;Grande;Oi;RJ;RIO DE JANEIRO;SCM
11/03/2023;14:05;Reclamação;Falha;Falha/Interrupção do serviço;Em análise;SCM;TIM S.A.;Grande;TIM;MG;BELO HORIZONTE;SCM
04/07/2023;07:06;Reclamação;Cobrança;Cobrança indevida;Respondida;SCM;CLARO S.A.;Grande;Claro;ES;CARIACICA;SCM
13/08/2022;15:59;Reclamação;Falha;Falha/Interrupção do serviço;Respondida;SCM;CLARO S.A.;Grande;Claro;MT;SINOP;SCM
01/04/2022;10:43;Reclamação;Cobrança;Cobrança indevida;Respondida;SCM;NET SERVIÇOS DE COMUNICAÇÃO S.A.;NÃO INFORMADO;Claro;MG;CONTAGEM;SCM
03/05/2023;11:13;Reclamação;Cobrança;Cobrança indevida;Pendente;SCM;CLARO S.A.;Grande;Claro;TO;TO - INTERIOR;SCM
23/04/2023;20:15;Reclamação;Contrato;Cancelamento não realizado;Respondida;SCM;TIM S.A.;Grande;TIM;PE;RECIFE;SCM
25/06/2022;19:27;Reclamação;Velocidade;Velocidade abaixo do contratado;Respondida;SCM;TELEFONICA BRASIL S.A.;Grande;Vivo;PR;LONDRINA;SCM
07/06/2023;11:55;Reclamação;Velocidade;Velocidade abaixo do contratado;Respondida;SCM;TELEFONICA BRASIL S.A.;Grande;Vivo;PE;RECIFE;SCM
18/11/2023;10:51;Reclamação;Instalação;Prazo de instalação excedido;Pendente;SCM;EMBRATEL S.A.;Grande;Claro;PE;RECIFE;SCM
25/10/2022;12:34;Reclamação;Velocidade;Velocidade abaixo do contratado;Pendente;SCM;CLARO S.A.;Grande;Claro;GO;ANÁPOLIS;SCM
18/06/2022;20:53;Reclamação;Atendimento;-;Em análise;SCM;CLARO S.A.;Grande;Claro;MT;VÁRZEA GRANDE;SCM
16/12/2022;15:08;Reclamação;Atendimento;Atendimento inadequado;Respondida;SCM;CLARO S.A.;Grande;Claro;MA;SÃO LUÍS;SCM
13/01/2023;07:59;Reclamação;Velocidade;Velocidade abaixo do contratado;Em análise;SCM;TIM S.A.;Grande;TIM;RJ;RIO DE JANEIRO;SCM
06/12/2023;13:32;Reclamação;Falha;Falha/Interrupção do serviço;Respondida;SCM;OI S.A.;Grande;Oi;SP;CAMPINAS;SCM
12/11/2023;17:30;Reclamação;Velocidade;Velocidade abaixo do contratado;Respondida;SCM;CLARO S/A;Grande;Claro;SE;SE - INTERIOR;SCM
25/07/2022;13:30;Reclamação;Instalação;Prazo de instalação excedido;Respondida;SCM;TELEFONICA BRASIL S.A.;Grande;Vivo;RN;RN - INTERIOR;SCM
25/05/2023;17:17;Reclamação;Cobrança;Cobrança indevida;Respondida;SCM;TELEFONICA BRASIL S.A.;Grande;Vivo;MG;JUIZ DE FORA;SCM
03/08/2023;17:05;Reclamação;Instalação;Prazo de instalação excedido;Respondida;SCM;CLARO S/A;Grande;Claro;SC;SC - INTERIOR;SCM
27/07/2022;14:00;Reclamação;Velocidade;Velocidade abaixo do contratado;Em análise;SCM;CLARO S/A;Grande;Claro;MA;TIMON;SCM
01/10/2022;07:44;Reclamação;Falha;NÃO INFORMADO;Em análise;SCM;TELEFONICA BRASIL S.A.;Grande;Vivo;SP;GUARULHOS;SCM
04/02/2022;12:57;Reclamação;Cobrança;Cobrança indevida;Respondida;SCM;TELEFONICA BRASIL S.A.;Grande;Vivo;RJ;RIO DE JANEIRO;SCM
20/12/2022;10:36;Reclamação;Velocidade;Velocidade abaixo do contratado;Respondida;SCM;TIM S.A.;Grande;TIM;AM;ITACOATIARA;SCM
02/02/2022;08:41;Reclamação;Velocidade;Velocidade abaixo do contratado;Pendente;SCM;CLARO S.A.; ;Claro;MG;BELO HORIZONTE;SCM
10/04/2023;09:14;Reclamação;Falha;Falha/Interrupção do serviço;Respondida;SCM;TELEFONICA BRASIL S.A.;Grande;Vivo;RS;CAXIAS DO SUL;SCM
31/10/2022;12:28;Reclamação;Cobrança;Cobrança indevida;Em análise;SCM;TIM S.A.;Grande;TIM;PR;MARINGÁ;SCM
28/06/2023;15:40;Reclamação;Velocidade;Velocidade abaixo do contratado;Pendente;SCM;TELEFONICA BRASIL S.A.;Grande;Vivo;CE;SOBRAL;SCM
28/02/2023;07:06;Reclamação;Velocidade;Velocidade abaixo do contratado;Pendente;SCM;CLARO S.A.;Grande;Claro;PB;PB - INTERIOR;SCM
12/07/2022;17:40;Reclamação;Velocidade;Velocidade abaixo do contratado;Respondida;SCM;TIM S.A.;Grande;TIM;BA;FEIRA DE SANTANA;SCM
22/09/2023;08:48;Reclamação;Cobrança;Cobrança indevida;Respondida;SCM;CLARO S.A.;Grande;Claro;RS;CANOAS;SCM
21/02/2022;19:09;Reclamação;Falha;Falha/Interrupção do serviço;Respondida;SCM;CLARO S.A.;Grande;Claro;SP;SANTOS;SCM
07/10/2022;20:44;Reclamação; ;Velocidade abaixo do contratado;Pendente;SCM;TELEFONICA BRASIL S.A.;Grande;Vivo;PR;MARINGÁ;SCM
01/12/2023;10:05;Reclamação;Contrato;NÃO INFORMADO;Respondida;SCM;TELEFONICA BRASIL S.A.;Grande;Vivo;SC;SC - INTERIOR;SCM
14/10/2022;19:20;Reclamação;Contrato;Cancelamento não realizado;Em análise;SCM;TELEFONICA BRASIL S.A.;Grande;Vivo;MG;UBERLÂNDIA;SCM
20/12/2023;14:29;Reclamação;Velocidade;Velocidade abaixo do contratado;Respondida;SCM;CLARO S/A;Grande;Claro;ES;CARIACICA;SCM
05/07/2023;18:27;Reclamação;Velocidade;Velocidade abaixo do contratado;Respondida;SCM;NET SERVIÇOS DE COMUNICAÇÃO S.A.;Grande;Claro;RS;CAXIAS DO SUL;SCM
11/03/2022;11:04;Reclamação;Falha;Falha/Interrupção do serviço;Em análise;SCM;OI S.A.;Grande;Oi;MG;CONTAGEM;SCM
20/07/2023;09:06;Reclamação;Cobrança;Cobrança indevida;Respondida;SCM;CLARO S.A.;Grande;Claro;SP;SANTOS;SCM
25/02/2022;13:11;Reclamação;Velocidade;Velocidade abaixo do contratado;Respondida;SCM;CLARO S.A.;Grande;Claro;SP;SÃO PAULO;SCM
11/05/2022;08:22;Reclamação;Cobrança;Cobrança indevida;Respondida;SCM;TIM S.A.;Grande;TIM;DF;BRASÍLIA;SCM
04/06/2022;21:14;Reclamação;Contrato;Cancelamento não realizado;Respondida;SCM;NET SERVIÇOS DE COMUNICAÇÃO S.A.;NÃO INFORMADO;Claro;AL;AL - INTERIOR;SCM
13/07/2023;09:54;Reclamação;Atendimento;Atendimento inadequado;Em análise;SCM;CLARO S.A.;Grande;Claro;BA;VITÓRIA DA CONQUISTA;SCM
25/04/2023;08:08;Reclamação;Atendimento;Atendimento inadequado;Pendente;SCM;EMBRATEL S.A.;Grande;Claro;RJ;DUQUE DE CAXIAS;SCM
20/09/2023;13:45;Reclamação;Atendimento;Atendimento inadequado;Respondida;SCM;CLARO S/A;Grande;Claro;CE;CAUCAIA;SCM
25/08/2022;12:44;Reclamação;Velocidade;Velocidade abaixo do contratado;Respondida;SCM;TIM S.A.;Grande;TIM;SP;SÃO PAULO;SCM
13/12/2023;17:04;Reclamação;Cobrança;Cobrança indevida;Respondida;SCM;Claro S/A;Grande;Claro;MG;CONTAGEM;SCM
14/07/2022;08:38;Reclamação;Falha;Falha/Interrupção do serviço;Respondida;SCM;NET SERVIÇOS DE COMUNICAÇÃO S.A.;Grande;Claro;SP;CAMPINAS;SCM
03/06/2022;07:06;Reclamação;Cobrança;Cobrança indevida;Respondida;SCM;EMBRATEL S.A.;Grande;Claro;PE;CARUARU;SCM
23/09/2023;08:29;Reclamação;Velocidade;Velocidade abaixo do contratado;Respondida;SCM;SERCOMTEL S.A. - TELECOMUNICAÇÕES;Pequeno;Sercomtel;RR;RR - INTERIOR;SCM
09/09/2022;19:26;Reclamação;Velocidade;Velocidade abaixo do contratado;Em análise;SCM;EMBRATEL S.A.;Grande;Claro;PE;PETROLINA;SCM
28/09/2023;21:05;Reclamação;Falha;Falha/Interrupção do serviço;Respondida;SCM;CLARO S.A.;Grande;Claro;AL;AL - INTERIOR;SCM
12/02/2023;10:20;Reclamação;Cobrança;Cobrança indevida;Em análise;SCM;CLARO S.A.;Grande;Claro;SP;SANTOS;SCM
09/06/2023;21:09;Reclamação;Cobrança;Cobrança indevida;Respondida;SCM;OI S.A.;Grande;Oi;MG;CONTAGEM;SCM
28/04/2023;09:20;Reclamação;Cobrança;Cobrança indevida;Respondida;SCM;NET SERVIÇOS DE COMUNICAÇÃO S.A.;Grande;Claro;PA;SANTARÉM;SCM
29/01/2023;19:01;Reclamação;Cobrança;Cobrança indevida;Pendente;SCM;CLARO S.A.;Grande;Claro;SP;GUARULHOS;SCM
04/02/2022;13:47;Reclamação;Velocidade;Velocidade abaixo do contratado;Respondida;SCM;CLARO S.A.;Grande;Claro;PR;MARINGÁ;SCM
06/04/2022;07:18;Reclamação;Contrato;Cancelamento não realizado;Respondida;SCM;CLARO S.A.;Grande;Claro;SP;GUARULHOS;SCM
30/07/2023;21:23;Reclamação;Velocidade;Velocidade abaixo do contratado;Respondida;SCM;TIM S.A.;Grande;TIM;RR;RR - INTERIOR;SCM
14/01/2022;22:28;Reclamação;Velocidade;Velocidade abaixo do contratado;Respondida;SCM;TIM S.A.;Grande;TIM;PB;PB - INTERIOR;SCM
06/11/2022;22:02;Reclamação;Falha;Falha/Interrupção do serviço;Respondida;SCM;OI S.A.;Grande;Oi;MT;CUIABÁ;SCM
26/06/2022;17:21;Reclamação;Velocidade;Velocidade abaixo do contratado;Em análise;SCM;TELEFONICA BRASIL S.A.;Grande;Vivo;BA;FEIRA DE SANTANA;SCM
21/05/2023;21:48;Reclamação;Velocidade;Velocidade abaixo do contratado;Pendente;SCM;CLARO S.A.;Grande;Claro;MA;SÃO LUÍS;SCM
20/06/2023;19:20;Reclamação;Velocidade;Velocidade abaixo do contratado;Respondida;SCM;TIM S.A.;Grande;TIM;MG;CONTAGEM;SCM
14/05/2022;19:07;Reclamação;Contrato;Cancelamento não realizado;Respondida;SCM;TIM S.A.;Grande;TIM;SP;CAMPINAS;SCM
04/12/2023;19:48;Reclamação;Velocidade;Velocidade abaixo do contratado;Respondida;SCM;TIM S.A.;Grande;TIM;RS;PELOTAS;SCM
01/02/2022;16:41;Reclamação;Cobrança;Cobrança indevida;Respondida;SCM;TELEFONICA BRASIL S.A.;Grande;Vivo;MA;TIMON;SCM
15/04/2023;20:11;Reclamação;Velocidade;Velocidade abaixo do contratado;Em análise;SCM;CLARO S.A.;Grande;Claro;GO;APARECIDA DE GOIÂNIA;SCM
03/11/2022;14:32;Reclamação;Cobrança;Cobrança indevida;Respondida;SCM;NET SERVIÇOS DE COMUNICAÇÃO S.A.; ;Claro;SP;CAMPINAS;SCM
04/05/2022;07:17;Reclamação;Cobrança;Cobrança indevida;Pendente;SCM;TIM S.A.;Grande;TIM;SP;SOROCABA;SCM
17/08/2023;09:44;Reclamação;Velocidade;Velocidade abaixo do contratado;Respondida;SCM;CLARO S.A.;Grande;Claro;SP;SÃO PAULO;SCM
06/06/2023;16:45;Reclamação;Falha;Falha/Interrupção do serviço;Respondida;SCM;CLARO S/A;Grande;Claro;RJ;NITERÓI;SCM
20/05/2023;10:06;Reclamação;Velocidade;Velocidade abaixo do contratado;Respondida;SCM;CLARO S/A;Grande;Claro;MG;UBERLÂNDIA;SCM
28/05/2022;16:48;Reclamação;Falha;Falha/Interrupção do serviço;Pendente;SCM;TIM S.A.;Grande;TIM;AP;AP - INTERIOR;SCM
29/06/2023;16:37;Reclamação;Velocidade;Velocidade abaixo do contratado;Respondida;SCM;CLARO S/A;Grande;-;SC;SC - INTERIOR;SCM
23/02/2023;21:40;Reclamação;Atendimento;Atendimento inadequado;Respondida;SCM;CLARO S.A.;Grande;Claro;SP;CAMPINAS;SCM
30/05/2022;08:23;Reclamação;Velocidade;Velocidade abaixo do contratado;Respondida;SCM;TIM S.A.;Grande;TIM;MG;CONTAGEM;SCM
06/11/2022;14:59;Reclamação;Velocidade;Velocidade abaixo do contratado;Respondida;SCM;TIM S.A.;Grande;TIM;SC;SC - INTERIOR;SCM
12/05/2022;16:52;Reclamação;Cobrança;Cobrança indevida;Respondida;SCM;Tim S.A.;Grande;TIM;RN;RN - INTERIOR;SCM
01/07/2022;19:12;Reclamação;Falha;Falha/Interrupção do serviço;Respondida;SCM;TIM S.A.;Grande;TIM;SP;SOROCABA;SCM
08/07/2023;13:24;Reclamação;Cobrança;Cobrança indevida;Respondida;SCM;Telefonica Brasil S.A.;Grande;Vivo;SP;SOROCABA;SCM
11/03/2023;20:08;Reclamação;Atendimento;Atendimento inadequado;Em análise;SCM;TELEFONICA BRASIL S.A.;Grande;Vivo;BA;SALVADOR;SCM
05/08/2022;14:53;Reclamação;Cobrança;Cobrança indevida;Pendente;SCM;CLARO S.A.;Grande;Claro;MG;BELO HORIZONTE;SCM
25/01/2023;19:59;Reclamação;Cobrança;Cobrança indevida;Respondida;SCM;TIM S.A.;Grande;TIM;CE;JUAZEIRO DO NORTE;SCM
23/01/2022;09:12;Reclamação;Velocidade;Velocidade abaixo do contratado;Pendente;SCM;OI S.A.;Grande;Oi;SP;SOROCABA;SCM
06/02/2023;14:57;Reclamação;Falha;Falha/Interrupção do serviço;Respondida;SCM;CLARO S.A.;Grande;Claro;RJ;NOVA IGUAÇU;SCM
27/02/2023;22:33;Reclamação;Falha;N/A;Respondida;SCM;TIM S.A.;Grande;TIM;RS;PELOTAS;SCM
31/08/2023;17:51;Reclamação;Velocidade;Velocidade abaixo do contratado;Respondida;SCM;OI S.A.;Grande;Oi;BA;VITÓRIA DA CONQUISTA;SCM
19/09/2022;16:28;Reclamação;Falha;Falha/Interrupção do serviço;Em análise;SCM;TIM S.A.;Grande;TIM;SP;CAMPINAS;SCM
29/08/2023;21:40;Reclamação;Contrato;Cancelamento não realizado;Respondida;SCM;CLARO S.A.;Grande;Claro;MS;TRÊS LAGOAS;SCM
07/05/2022;20:39;Reclamação;Falha;Falha/Interrupção do serviço;Respondida;SCM;CLARO S.A.;Grande;Claro;SP;GUARULHOS;SCM
29/01/2023;08:15;Reclamação;Velocidade;Velocidade abaixo do contratado;Respondida;SCM;CLARO S.A.;Grande;Claro;SP;SOROCABA;SCM
21/03/2023;20:15;Reclamação;Atendimento;Atendimento inadequado;Respondida;SCM;TIM S.A.;Grande;TIM;SP;CAMPINAS;SCM
04/10/2023;14:58;Reclamação;Instalação;Prazo de instalação excedido;Respondida;SCM;TELEFONICA BRASIL S.A.;Grande;Vivo;SP;SÃO PAULO;SCM
07/03/2022;16:46;Reclamação;Velocidade;Velocidade abaixo do contratado;Respondida;SCM;TELEFONICA BRASIL S.A.;Grande;Vivo;SP;CAMPINAS;SCM
14/12/2022;08:55;Reclamação;Atendimento;Atendimento inadequado;Respondida;SCM;TELEFONICA BRASIL S.A.;Grande;Vivo;SC;SC - INTERIOR;SCM
26/10/2022;21:58;Reclamação;Cobrança;Cobrança indevida;Pendente;SCM;TELEFONICA BRASIL S.A.;Grande;Vivo;SP;SOROCABA;SCM
19/02/2022;22:22;Reclamação;Falha;Falha/Interrupção do serviço;Respondida;SCM;TIM S.A.;Grande;TIM;GO;ANÁPOLIS;SCM
15/09/2023;19:24;Reclamação;Falha;Falha/Interrupção do serviço;Pendente;SCM;CLARO S.A.;Grande;Claro;DF;CEILÂNDIA;SCM
04/04/2022;16:10;Reclamação;Instalação;Prazo de instalação excedido;Em análise;SCM;OI S.A.;Grande;Oi;BA;VITÓRIA DA CONQUISTA;SCM
06/03/2023;18:15;Reclamação;Cobrança;Cobrança indevida;Respondida;SCM;CLARO S.A.;Grande;Claro;PA;BELÉM;SCM
18/12/2023;20:45;Reclamação;Velocidade;Velocidade abaixo do contratado;Pendente;SCM;TELEFONICA BRASIL S.A.;Grande;Vivo;MT;SINOP;SCM
12/10/2022;11:23;Reclamação;Cobrança;Cobrança indevida;Respondida;SCM;SERCOMTEL S.A. - TELECOMUNICAÇÕES;Pequeno;Sercomtel;RJ;NOVA IGUAÇU;SCM
03/02/2023;18:46;Reclamação;Cobrança;Cobrança indevida;Respondida;SCM;CLARO S/A;Grande;Claro;CE;FORTALEZA;SCM
02/10/2022;11:50;Reclamação;Velocidade;Velocidade abaixo do contratado;Respondida;SCM;EMBRATEL S.A.;Grande;Claro;SP;SÃO PAULO;SCM
20/09/2023;13:45;Reclamação;Atendimento;Atendimento inadequado;Respondida;SCM;CLARO S/A;Grande;Claro;CE;CAUCAIA;SCM
07/01/2022;15:55;Reclamação;Cobrança;Cobrança indevida;Respondida;SCM;TELEFONICA BRASIL S.A.;Grande;Vivo;MA;IMPERATRIZ;SCM
26/02/2023;21:03;Reclamação;Falha;Falha/Interrupção do serviço;Pendente;SCM;CLARO S.A.;Grande;Claro;SP;CAMPINAS;SCM
03/08/2022;17:48;Reclamação;Falha;Falha/Interrupção do serviço;Respondida;SCM;EMBRATEL S.A.;Grande;Claro;SP;CAMPINAS;SCM
03/12/2022;21:21;Reclamação;Contrato;Cancelamento não realizado;Em análise;SCM;CLARO S.A.;Grande;Claro;MA;IMPERATRIZ;SCM
11/04/2022;08:25;Reclamação;Atendimento;Atendimento inadequado;Respondida;SCM;CLARO S.A.;Grande;Claro;SP;SOROCABA;SCM
01/09/2022;08:47;Reclamação;Contrato;Cancelamento não realizado;Respondida;SCM;TIM S.A.;Grande;TIM;MG;JUIZ DE FORA;SCM
26/12/2023;15:46;Reclamação;Falha;Falha/Interrupção do serviço;Respondida;SCM;TELEFONICA BRASIL S.A.;Grande;Vivo;BA;VITÓRIA DA CONQUISTA;SCM
24/06/2023;09:30;Reclamação;Cobrança;Cobrança indevida;Respondida;SCM;CLARO S.A.;Grande;Claro;SP;SOROCABA;SCM
26/06/2023;11:24;Reclamação;Velocidade;Velocidade abaixo do contratado;Em análise;SCM;OI S.A.;Grande;Oi;RJ;DUQUE DE CAXIAS;SCM
26/07/2022;15:00;Reclamação;Falha;Falha/Interrupção do serviço;Respondida;SCM;OI S.A.;Grande;Oi;PE;RECIFE;SCM
10/04/2023;09:16;Reclamação;Falha;Falha/Interrupção do serviço;Respondida;SCM;CLARO S.A.;Grande;Claro;PE;OLINDA;SCM
29/06/2022;07:02;Reclamação;Cobrança;Cobrança indevida;Respondida;SCM;OI S.A.;Grande;Oi;MG;BELO HORIZONTE;SCM
31/07/2023;09:37;Reclamação;Falha;Falha/Interrupção do serviço;Respondida;SCM;NET SERVIÇOS DE COMUNICAÇÃO S.A.;Grande;Claro;RS;CAXIAS DO SUL;SCM
20/12/2022;09:35;Reclamação;Falha;Falha/Interrupção do serviço;Respondida;SCM;CLARO S.A.;Grande;Claro;AP;AP - INTERIOR;SCM
18/04/2023;19:17;Reclamação;Falha;Falha/Interrupção do serviço;Respondida;SCM;TELEFONICA BRASIL S.A.;Grande;Vivo;RS;CAXIAS DO SUL;SCM
02/03/2023;16:17;Reclamação;Velocidade;Velocidade abaixo do contratado;Respondida;SCM;OI S.A.;Grande;Oi;SP;SÃO PAULO;SCM
24/04/2023;19:54;Reclamação;Outros;Outros;Respondida;SCM;CLARO S/A;Grande;Claro;MG;CONTAGEM;SCM
15/03/2023;13:44;Reclamação;Cobrança;Cobrança indevida;Em análise;SCM;CLARO S.A.;Grande;Claro;PB;PB - INTERIOR;SCM
20/02/2022;11:40;Reclamação;Instalação; ;Em análise;SCM;NET SERVIÇOS DE COMUNICAÇÃO S.A.;Grande;Claro;MG;BELO HORIZONTE;SCM
17/05/2023;21:44;Reclamação;Instalação;Prazo de instalação excedido;Em análise;SCM;Tim S.A.;Grande;TIM;PR;MARINGÁ;SCM
14/09/2023;12:17;Reclamação;Velocidade;Velocidade abaixo do contratado;Respondida;SCM;CLARO S.A.;Grande;Claro;PE;OLINDA;SCM
11/12/2023;16:56;Reclamação;Instalação;Prazo de instalação excedido;Em análise;SCM;NET SERVIÇOS DE COMUNICAÇÃO S.A.;Grande;Claro;BA;FEIRA DE SANTANA;SCM
29/11/2023;18:49;Reclamação;Velocidade;Velocidade abaixo do contratado;Pendente;SCM;Tim S.A.;Grande;TIM;SP;GUARULHOS;SCM
25/12/2023;10:34;Reclamação;Atendimento;Atendimento inadequado;Respondida;SCM;Telefonica Brasil S.A.;Grande;Vivo;SP;SANTOS;SCM
22/03/2023;22:15;Reclamação;Atendimento;Atendimento inadequado;Respondida;SCM;CLARO S.A.;Grande;Claro;RJ;DUQUE DE CAXIAS;SCM
23/12/2022;08:44;Reclamação;Cobrança;Cobrança indevida;Respondida;SCM;Tim S.A.;Grande;TIM;SP;SANTOS;SCM
11/02/2023;18:38;Reclamação;Cobrança;-;Em análise;SCM;CLARO S.A.;Grande;Claro;MG;CONTAGEM;SCM
21/12/2022;20:13;Reclamação;Contrato;Cancelamento não realizado;Pendente;SCM;Tim S.A.;Grande;TIM;SP;SANTOS;SCM
01/09/2022;16:07;Reclamação;Cobrança;Cobrança indevida;Pendente;SCM;TELEFONICA BRASIL S.A.;Grande;Vivo;GO;ANÁPOLIS;SCM
09/09/2022;09:17;Reclamação;Falha;Falha/Interrupção do serviço;Respondida;SCM;TIM S.A.;Grande;TIM;BA;VITÓRIA DA CONQUISTA;SCM
28/11/2023;19:30;Reclamação;Atendimento;Atendimento inadequado;Respondida;SCM;OI S.A.;Grande;Oi;CE;SOBRAL;SCM
30/09/2022;14:29;Reclamação;Instalação;Prazo de instalação excedido;Respondida;SCM;TIM S.A.;Grande;TIM;RJ;RIO DE JANEIRO;SCM
30/05/2022;12:12;Reclamação;Outros;Outros;Respondida;SCM;TIM S.A.;Grande;TIM;SP;CAMPINAS;SCM
16/09/2022;13:40;Reclamação;Falha;Falha/Interrupção do serviço;Respondida;SCM;EMBRATEL S.A.;Grande;Claro;RJ;NOVA IGUAÇU;SCM
23/10/2023;17:44;Reclamação;NÃO INFORMADO;Atendimento inadequado;Em análise;SCM;TIM S.A.;Grande;TIM;PA;ANANINDEUA;SCM
09/09/2022;11:00;Reclamação;Falha;NÃO INFORMADO;Respondida;SCM;NET SERVIÇOS DE COMUNICAÇÃO S.A.;NÃO INFORMADO; ;SC;SC - INTERIOR;SCM
11/04/2022;18:10;Reclamação;Velocidade;Velocidade abaixo do contratado;Pendente;SCM;CLARO S.A.;Grande;Claro;MG;JUIZ DE FORA;SCM
24/05/2022;08:23;Reclamação;Velocidade;Velocidade abaixo do contratado;Respondida;SCM;CLARO S.A.;Grande;Claro;PR;MARINGÁ;SCM
06/11/2022;10:18;Reclamação;-;Velocidade abaixo do contratado;Pendente;SCM;CLARO S.A.;Grande;Claro;RJ;RIO DE JANEIRO;SCM
13/03/2023;14:55;Reclamação;Falha;Falha/Interrupção do serviço;Respondida;SCM;TIM S.A.;Grande;TIM;AM;ITACOATIARA;SCM
10/07/2023;21:53;Reclamação;Cobrança;Cobrança indevida;Respondida;SCM;CLARO S.A.;Grande;Claro;RJ;RIO DE JANEIRO;SCM
27/10/2023;13:08;Reclamação;Velocidade;Velocidade abaixo do contratado;Respondida;SCM;TIM S.A.;Grande;TIM;PE;PETROLINA;SCM
12/12/2022;20:21;Reclamação;Instalação;Prazo de instalação excedido;Respondida;SCM;TIM S.A.;Grande;TIM;MG;CONTAGEM;SCM
03/06/2023;07:38;Reclamação;Falha;Falha/Interrupção do serviço;Respondida;SCM;TELEFONICA BRASIL S.A.;Grande;Vivo;CE;FORTALEZA;SCM
14/09/2023;21:58;Reclamação;Falha;Falha/Interrupção do serviço;Respondida;SCM;TELEFONICA BRASIL S.A.;Grande;Vivo;PR;LONDRINA;SCM
27/05/2023;15:36;Reclamação;Cobrança;Cobrança indevida;Pendente;SCM;Telefonica Brasil S.A.;Grande;Vivo;MG;UBERLÂNDIA;SCM
01/04/2022;22:05;Reclamação;Velocidade;Velocidade abaixo do contratado;Respondida;SCM;TELEFONICA BRASIL S.A.;Grande;-;ES;VILA VELHA;SCM
18/11/2022;18:57;Reclamação;Contrato;Cancelamento não realizado;Respondida;SCM;CLARO S/A;Grande;Claro;SP;SÃO PAULO;SCM
02/04/2022;11:41;Reclamação;Velocidade;Velocidade abaixo do contratado;Pendente;SCM;CLARO S.A.;Grande;Claro;RJ;DUQUE DE CAXIAS;SCM
17/02/2023;13:13;Reclamação;Velocidade;Velocidade abaixo do contratado;Respondida;SCM;Claro S/A;Grande;Claro;PE;OLINDA;SCM
14/06/2023;18:29;Reclamação;Atendimento;Atendimento inadequado;Respondida;SCM;TELEFONICA BRASIL S.A.;Grande;Vivo;RJ;NITERÓI;SCM
14/10/2023;13:21;Reclamação;Falha;Falha/Interrupção do serviço;Respondida;SCM;TIM S.A.;Grande;TIM;PR;LONDRINA;SCM
23/01/2022;12:02;Reclamação;Outros;Outros;Pendente;SCM;Claro S/A;Grande;Claro;SP;GUARULHOS;SCM
09/12/2023;14:21;Reclamação;Velocidade;Velocidade abaixo do contratado;Pendente;SCM;TELEFONICA BRASIL S.A.;Grande;Vivo;RJ;NOVA IGUAÇU;SCM
24/05/2023;13:34;Reclamação;Atendimento;Atendimento inadequado;Respondida;SCM;TELEFONICA BRASIL S.A.;Grande;Vivo;MG;CONTAGEM;SCM
10/02/2023;17:36;Reclamação;Outros;Outros;Respondida;SCM;TELEFONICA BRASIL S.A.;Grande;Vivo;SP;CAMPINAS;SCM
08/11/2022;21:23;Reclamação;Cobrança;Cobrança indevida;Respondida;SCM;CLARO S.A.;Grande;Claro;SP;SANTOS;SCM
11/02/2022;10:28;Reclamação;Velocidade;Velocidade abaixo do contratado;Respondida;SCM;CLARO S.A.;Grande;Claro;PA;BELÉM;SCM
25/08/2022;11:45;Reclamação;Falha;Falha/Interrupção do serviço;Respondida;SCM;OI S.A.;Grande;Oi;DF;TAGUATINGA;SCM
13/06/2023;22:22;Reclamação;Falha;Falha/Interrupção do serviço;Em análise;SCM;CLARO S.A.;Grande;Claro;SP;CAMPINAS;SCM
09/09/2022;11:37;Reclamação;Instalação;Prazo de instalação excedido;Respondida;SCM;TIM S.A.;Grande;TIM;RN;RN - INTERIOR;SCM
05/07/2023;15:11;Reclamação;Velocidade;Velocidade abaixo do contratado;Respondida;SCM;NET SERVIÇOS DE COMUNICAÇÃO S.A.;Grande;Claro;RJ;NOVA IGUAÇU;SCM
13/11/2023;17:19;Reclamação;Velocidade;Velocidade abaixo do contratado;Respondida;SCM;OI S.A.;Grande;Oi;SP;SOROCABA;SCM
16/10/2023;08:35;Reclamação;Cobrança;Cobrança indevida;Respondida;SCM;TIM S.A.;Grande;TIM;AM;MANAUS;SCM
04/12/2023;08:58;Reclamação;Velocidade;Velocidade abaixo do contratado;Respondida;SCM;Claro S.A.;Grande;Claro;MT;VÁRZEA GRANDE;SCM
07/10/2022;08:32;Reclamação;Cobrança;Cobrança indevida;Respondida;SCM;TELEFONICA BRASIL S.A.;Grande;Vivo;PE;OLINDA;SCM
07/12/2023;17:26;Reclamação;Contrato;Cancelamento não realizado;Respondida;SCM;TIM S.A.;Grande;TIM;GO;GOIÂNIA;SCM
04/01/2022;16:17;Reclamação;Falha;Falha/Interrupção do serviço;Pendente;SCM;CLARO S.A.;Grande;Claro;RS;CAXIAS DO SUL;SCM
26/11/2022;17:22;Reclamação;Velocidade;Velocidade abaixo do contratado;Respondida;SCM;NET SERVIÇOS DE COMUNICAÇÃO S.A.;Grande;Claro;BA;VITÓRIA DA CONQUISTA;SCM
31/12/2022;21:38;Reclamação;Atendimento;Atendimento inadequado;Respondida;SCM;TELEFONICA BRASIL S.A.;Grande;Vivo;SP;CAMPINAS;SCM
28/11/2023;18:08;Reclamação;Velocidade;Velocidade abaixo do contratado;Respondida;SCM;N/A;Grande;Oi;SP;CAMPINAS;SCM
07/08/2023;12:01;Reclamação;Falha;Falha/Interrupção do serviço;Pendente;SCM;CLARO S.A.;Grande;Claro;SP;SÃO PAULO;SCM
13/08/2022;11:32;Reclamação;Contrato;Cancelamento não realizado;Respondida;SCM;TELEFONICA BRASIL S.A.;Grande;Vivo;RJ;NOVA IGUAÇU;SCM
10/06/2023;13:08;Reclamação;Falha;Falha/Interrupção do serviço;Respondida;SCM;TELEFONICA BRASIL S.A.;Grande;Vivo;SP;SOROCABA;SCM
29/08/2022;10:09;Reclamação;Cobrança;Cobrança indevida;Respondida;SCM;TELEFONICA BRASIL S.A.;Grande;Vivo;MG;UBERLÂNDIA;SCM
06/12/2023;08:57;Reclamação;Contrato;Cancelamento não realizado;Respondida;SCM;TELEFONICA BRASIL S.A.;Grande;Vivo;SP;GUARULHOS;SCM
29/04/2022;19:55;Reclamação;Velocidade;Velocidade abaixo do contratado;Respondida;SCM;TIM S.A.;Grande;TIM;PR;PONTA GROSSA;SCM
26/12/2022;20:06;Reclamação;Cobrança;Cobrança indevida;Respondida;SCM;TELEFONICA BRASIL S.A.;Grande;Vivo;SP;CAMPINAS;SCM
30/10/2022;22:49;Reclamação;Cobrança;Cobrança indevida;Em análise;SCM;TELEFONICA BRASIL S.A.;Grande;Vivo;PB;PB - INTERIOR;SCM
14/11/2022;13:51;Reclamação;Falha;Falha/Interrupção do serviço;Respondida;SCM;TELEFONICA BRASIL S.A.;Grande;Vivo;RR;RR - INTERIOR;SCM
17/07/2023;18:50;Reclamação;Velocidade;Velocidade abaixo do contratado;Pendente;SCM;CLARO S.A.;Grande;Claro;ES;CARIACICA;SCM
28/10/2022;16:17;Reclamação;Velocidade;Velocidade abaixo do contratado;Pendente;SCM;TELEFONICA BRASIL S.A.;Grande;Vivo;RJ;RIO DE JANEIRO;SCM
06/10/2023;09:44;Reclamação;Atendimento;Atendimento inadequado;Respondida;SCM;EMBRATEL S.A.;Grande;Claro;RJ;NITERÓI;SCM
19/09/2023;13:02;Reclamação;Velocidade;Velocidade abaixo do contratado;Respondida;SCM;OI S.A.;Grande;Oi;PR;PONTA GROSSA;SCM
24/02/2022;22:20;Reclamação;Instalação;Prazo de instalação excedido;Respondida;SCM;CLARO S.A.;Grande;Claro;RJ;RIO DE JANEIRO;SCM
12/10/2022;17:52;Reclamação;Atendimento;NÃO INFORMADO;Respondida;SCM;OI S.A.;Grande;Oi;MT;VÁRZEA GRANDE;SCM
15/01/2023;14:40;Reclamação;-;Falha/Interrupção do serviço;Pendente;SCM;CLARO S.A.;Grande;Claro;CE;JUAZEIRO DO NORTE;SCM
23/08/2023;13:15;Reclamação;Cobrança;Cobrança indevida;Respondida;SCM;OI S.A.;Grande;Oi;RS;CAXIAS DO SUL;SCM
27/03/2022;13:47;Reclamação;Cobrança;Cobrança indevida;Em análise;SCM;OI S.A.;Grande;Oi;DF;TAGUATINGA;SCM
28/05/2022;15:58;Reclamação;Cobrança;Cobrança indevida;Em análise;SCM;Telefonica Brasil S.A.;Grande;Vivo;PA;MARABÁ;SCM
30/05/2023;07:35;Reclamação;Cobrança;Cobrança indevida;Pendente;SCM;CLARO S.A.;Grande;Claro;SP;SÃO PAULO;SCM
12/03/2023;11:54;Reclamação;Cobrança;Cobrança indevida;Respondida;SCM;CLARO S.A.;Grande;Claro;SP;SANTOS;SCM
14/10/2022;20:47;Reclamação;Velocidade;Velocidade abaixo do contratado;Pendente;SCM;OI S.A.;Grande;Oi;RJ;NOVA IGUAÇU;SCM
29/08/2023;13:44;Reclamação;Cobrança;Cobrança indevida;Respondida;SCM;EMBRATEL S.A.;Grande;Claro;SP;SANTOS;SCM
29/10/2022;15:13;Reclamação;Velocidade;Velocidade abaixo do contratado;Respondida;SCM;TIM S.A.;Grande;TIM;RS;PELOTAS;SCM
08/06/2023;11:23;Reclamação;Contrato;Cancelamento não realizado;Em análise;SCM;EMBRATEL S.A.;Grande;Claro;SP;SANTOS;SCM
28/04/2023;13:48;Reclamação;Cobrança;Cobrança indevida;Respondida;SCM;TIM S.A.;Grande;TIM;PR;LONDRINA;SCM
24/10/2023;17:31;Reclamação;Cobrança;Cobrança indevida;Respondida;SCM;CLARO S.A.;Grande;Claro;AP;AP - INTERIOR;SCM
29/09/2022;11:57;Reclamação;Cobrança;Cobrança indevida;Respondida;SCM;CLARO S.A.;Grande;Claro;RJ;DUQUE DE CAXIAS;SCM
03/12/2023;09:41;Reclamação;Falha;Falha/Interrupção do serviço;Em análise;SCM;TIM S.A.;Grande;TIM;ES;CARIACICA;SCM
17/01/2023;18:31;Reclamação;Cobrança;Cobrança indevida;Em análise;SCM;TIM S.A.;Grande;TIM;TO;TO - INTERIOR;SCM
01/04/2022;09:47;Reclamação;Velocidade;Velocidade abaixo do contratado;Respondida;SCM;CLARO S/A;Grande;Claro;CE;SOBRAL;SCM
03/03/2022;12:48;Reclamação;Velocidade;Velocidade abaixo do contratado;Respondida;SCM;EMBRATEL S.A.;Grande;Claro;PB;PB - INTERIOR;SCM
18/03/2023;22:33;Reclamação;Cobrança;Cobrança indevida;Respondida;SCM;CLARO S.A.;NÃO INFORMADO;Claro;RJ;NITERÓI;SCM
25/11/2023;08:15;Reclamação;Falha;Falha/Interrupção do serviço;Pendente;SCM;CLARO S.A.;Grande;Claro;DF;TAGUATINGA;SCM
31/10/2022;12:54;Reclamação;Contrato;Cancelamento não realizado;Respondida;SCM;CLARO S/A;Grande;Claro;SC;SC - INTERIOR;SCM
21/12/2023;14:50;Reclamação;Instalação;Prazo de instalação excedido;Respondida;SCM;CLARO S.A.;Grande;Claro;PR;CURITIBA;SCM
16/06/2022;19:49;Reclamação;Velocidade;Velocidade abaixo do contratado;Pendente;SCM;CLARO S.A.;Grande;Claro;MA;IMPERATRIZ;SCM
18/04/2023;18:21;Reclamação;Instalação;Prazo de instalação excedido;Em análise;SCM;CLARO S.A.;Grande;Claro;PB;PB - INTERIOR;SCM
17/08/2023;10:23;Reclamação;Velocidade;Velocidade abaixo do contratado;Respondida;SCM;TELEFONICA BRASIL S.A.;Grande;Vivo;MG;BELO HORIZONTE;SCM
10/01/2022;08:34;Reclamação;Falha;Falha/Interrupção do serviço;Pendente;SCM;NET SERVIÇOS DE COMUNICAÇÃO S.A.;Grande;Claro;MG;UBERLÂNDIA;SCM
11/07/2023;15:00;Reclamação;Falha;Falha/Interrupção do serviço;Em análise;SCM;TIM S.A.;Grande;TIM;MS;CAMPO GRANDE;SCM
25/10/2023;13:24;Reclamação;Velocidade;Velocidade abaixo do contratado;Respondida;SCM;EMBRATEL S.A.;Grande;Claro;CE;CAUCAIA;SCM
27/05/2023;10:31;Reclamação;Contrato;Cancelamento não realizado;Respondida;SCM;CLARO S.A.;Grande;Claro;SP;CAMPINAS;SCM
13/10/2023;19:23;Reclamação;Cobrança;-;Respondida;SCM;CLARO S.A.;Grande;Claro;RS;PORTO ALEGRE;SCM
09/12/2023;12:43;Reclamação;Velocidade;N/A;Respondida;SCM;OI S.A.;Grande;Oi;CE;SOBRAL;SCM
26/06/2022;16:19;Reclamação;Falha;Falha/Interrupção do serviço;Respondida;SCM;TELEFONICA BRASIL S.A.;Grande;Vivo;SP;SÃO PAULO;SCM
13/04/2023;18:59;Reclamação;Falha;Falha/Interrupção do serviço;Respondida;SCM;TELEFONICA BRASIL S.A.;Grande;Vivo;SP;SÃO PAULO;SCM
15/06/2023;11:54;Reclamação;Outros;Outros;Respondida;SCM;TIM S.A.;Grande;TIM;MG;CONTAGEM;SCM
01/08/2022;22:32;Reclamação;Falha;Falha/Interrupção do serviço;Respondida;SCM;CLARO S.A.;Grande;Claro;GO;ANÁPOLIS;SCM
11/09/2023;08:00;Reclamação;Cobrança;NÃO INFORMADO;Respondida;SCM;CLARO S.A.;Grande;Claro;MG;UBERLÂNDIA;SCM
20/04/2023;14:00;Reclamação;Cobrança;Cobrança indevida;Respondida;SCM;TELEFONICA BRASIL S.A.;Grande;Vivo;MA;TIMON;SCM
01/09/2023;22:18;Reclamação;Velocidade;Velocidade abaixo do contratado;Respondida;SCM;CLARO S.A.;Grande;Claro;PR;LONDRINA;SCM
13/01/2022;07:51;Reclamação;Instalação;Prazo de instalação excedido;Respondida;SCM;CLARO S.A.;Grande;Claro;RJ;DUQUE DE CAXIAS;SCM
30/11/2022;09:36;Reclamação;Atendimento;Atendimento inadequado;Respondida;SCM;OI S.A.;Grande;Oi;PA;MARABÁ;SCM
22/09/2023;13:44;Reclamação;Velocidade;Velocidade abaixo do contratado;Respondida;SCM;CLARO S.A.;Grande;Claro;RJ;NITERÓI;SCM
30/11/2023;13:27;Reclamação;Velocidade;Velocidade abaixo do contratado;Respondida;SCM;Claro S/A;Grande;Claro;ES;CARIACICA;SCM
05/07/2022;21:08;Reclamação;Cobrança;Cobrança indevida;Respondida;SCM;CLARO S.A.;Grande;Claro;SP;SOROCABA;SCM
01/04/2022;17:37;Reclamação;Velocidade;Velocidade abaixo do contratado;Pendente;SCM;TIM S.A.;Grande;TIM;SP;GUARULHOS;SCM
24/01/2022;16:35;Reclamação;Falha;Falha/Interrupção do serviço;Respondida;SCM;TELEFONICA BRASIL S.A.;Grande;Vivo;SP;SANTOS;SCM
30/05/2023;17:58;Reclamação;Atendimento;Atendimento inadequado;Respondida;SCM;CLARO S.A.;Grande;Claro;SP;SOROCABA;SCM
18/11/2023;19:04;Reclamação;Velocidade;Velocidade abaixo do contratado;Pendente;SCM;TELEFONICA BRASIL S.A.;Grande;Vivo;BA;SALVADOR;SCM
08/03/2023;16:53;Reclamação;Falha;Falha/Interrupção do serviço;Pendente;SCM;TIM S.A.;Grande;TIM;MG;CONTAGEM;SCM
20/11/2022;22:23;Reclamação;Velocidade;Velocidade abaixo do contratado;Pendente;SCM;OI S.A.;Grande;Oi;SP;CAMPINAS;SCM
13/05/2023;12:04;Reclamação;Velocidade;Velocidade abaixo do contratado;Em análise;SCM;Oi S.A.;Grande;Oi;PA;MARABÁ;SCM
22/07/2022;14:24;Reclamação;Velocidade;Velocidade abaixo do contratado;Em análise;SCM;EMBRATEL S.A.;Grande;Claro;SE;SE - INTERIOR;SCM
07/11/2022;18:29;Reclamação;Falha;Falha/Interrupção do serviço;Pendente;SCM;TELEFONICA BRASIL S.A.;Grande;Vivo;GO;ANÁPOLIS;SCM
27/09/2023;22:23;Reclamação;Velocidade;Velocidade abaixo do contratado;Respondida;SCM;TIM S.A.;Grande;TIM;SP;SÃO PAULO;SCM
09/12/2022;21:41;Reclamação;Cobrança;Cobrança indevida;Respondida;SCM;TELEFONICA BRASIL S.A.;Grande;Vivo;TO;TO - INTERIOR;SCM
05/03/2023;10:22;Reclamação;Velocidade;Velocidade abaixo do contratado;Respondida;SCM;TELEFONICA BRASIL S.A.;Grande;Vivo;RJ;DUQUE DE CAXIAS;SCM
08/01/2022;14:06;Reclamação;Instalação;Prazo de instalação excedido;Pendente;SCM;OI S.A.;Grande;Oi;SP;CAMPINAS;SCM
12/04/2023;21:10;Reclamação;Velocidade;Velocidade abaixo do contratado;Respondida;SCM;TIM S.A.;Grande;TIM;PI;PI - INTERIOR;SCM
01/05/2022;09:11;Reclamação;Velocidade;Velocidade abaixo do contratado;Respondida;SCM;TELEFONICA BRASIL S.A.;Grande;Vivo;RJ;NOVA IGUAÇU;SCM
25/12/2023;10:01;Reclamação;Velocidade;Velocidade abaixo do contratado;Respondida;SCM;CLARO S.A.;Grande;Claro;DF;CEILÂNDIA;SCM
04/07/2023;15:39;Reclamação;Falha;Falha/Interrupção do serviço;Respondida;SCM;TELEFONICA BRASIL S.A.;Grande;Vivo;DF;BRASÍLIA;SCM
14/07/2023;13:30;Reclamação;Velocidade;Velocidade abaixo do contratado;Pendente;SCM;CLARO S.A.;Grande;Claro;GO;GOIÂNIA;SCM
24/08/2023;14:00;Reclamação;Falha;Falha/Interrupção do serviço;Pendente;SCM;TIM S.A.;Grande;TIM;SP;SOROCABA;SCM
08/03/2022;22:04;Reclamação;Velocidade;Velocidade abaixo do contratado;Respondida;SCM;TELEFONICA BRASIL S.A.;Grande;Vivo;MG;CONTAGEM;SCM
19/03/2023;10:51;Reclamação;Velocidade;Velocidade abaixo do contratado;Pendente;SCM;CLARO S.A.;Grande;Claro;SC;SC - INTERIOR;SCM
30/11/2022;20:28;Reclamação;Atendimento;Atendimento inadequado;Respondida;SCM;TELEFONICA BRASIL S.A.;Grande;Vivo;SC;SC - INTERIOR;SCM
29/12/2023;22:07;Reclamação;Atendimento;Atendimento inadequado;Pendente;SCM;TIM S.A.;Grande;TIM;SP;SANTOS;SCM
08/06/2022;13:07;Reclamação;Velocidade;Velocidade abaixo do contratado;Respondida;SCM;NET SERVIÇOS DE COMUNICAÇÃO S.A.;Grande;Claro;MG;CONTAGEM;SCM
14/04/2023;16:37;Reclamação;Instalação;Prazo de instalação excedido;Respondida;SCM;OI S.A.;Grande;Oi;MA;TIMON;SCM
22/05/2022;21:07;Reclamação;Velocidade;Velocidade abaixo do contratado;Respondida;SCM;CLARO S.A.;Grande;Claro;PA;MARABÁ;SCM
25/05/2023;21:06;Reclamação;Velocidade;Velocidade abaixo do contratado;Respondida;SCM;TELEFONICA BRASIL S.A.;Grande;Vivo;RS;PELOTAS;SCM
21/05/2023;08:50;Reclamação;Velocidade;Velocidade abaixo do contratado;Respondida;SCM;TIM S.A.;Grande;TIM;SP;CAMPINAS;SCM
09/08/2023;08:48;Reclamação;Atendimento;Atendimento inadequado;Respondida;SCM;CLARO S/A;Grande;Claro;AL;AL - INTERIOR;SCM
24/07/2023;14:06;Reclamação;Velocidade;Velocidade abaixo do contratado;Respondida;SCM;CLARO S.A.;Grande;Claro;RR;RR - INTERIOR;SCM
17/09/2022;08:22;Reclamação;Velocidade;Velocidade abaixo do contratado;Respondida;SCM;TIM S.A.;Grande;TIM;CE;SOBRAL;SCM
12/11/2022;16:31;Reclamação;Falha;NÃO INFORMADO;Respondida;SCM;TIM S.A.;Grande;TIM;ES;VILA VELHA;SCM
10/11/2022;11:25;Reclamação;Instalação;Prazo de instalação excedido;Respondida;SCM;CLARO S.A.;Grande;Claro;PI;PI - INTERIOR;SCM
08/01/2023;08:07;Reclamação;Cobrança;Cobrança indevida;Em análise;SCM;CLARO S.A.;Grande;Claro;RN;RN - INTERIOR;SCM
18/10/2023;07:09;Reclamação;Velocidade;Velocidade abaixo do contratado;Respondida;SCM;CLARO S/A;Grande;Claro;MG;JUIZ DE FORA;SCM
21/01/2022;17:14;Reclamação;Velocidade;Velocidade abaixo do contratado;Respondida;SCM;TELEFONICA BRASIL S.A.;Grande;Vivo;SP;GUARULHOS;SCM
26/08/2023;10:00;Reclamação;Velocidade;Velocidade abaixo do contratado;Respondida;SCM;OI S.A.;Grande;Oi;GO;ANÁPOLIS;SCM
30/10/2022;12:38;Reclamação;Cobrança;Cobrança indevida;Respondida;SCM;OI S.A.;Grande;Oi;PA;BELÉM;SCM
22/06/2022;17:03;Reclamação;Velocidade;Velocidade abaixo do contratado;Respondida;SCM;OI S.A.;Grande;Oi;PR;MARINGÁ;SCM
06/03/2023;18:23;Reclamação;Velocidade;Velocidade abaixo do contratado;Respondida;SCM;TELEFONICA BRASIL S.A.;Grande;Vivo;PE;PETROLINA;SCM
21/02/2022;07:00;Reclamação;Falha;Falha/Interrupção do serviço;Pendente;SCM; ;Grande;Claro;MS;DOURADOS;SCM
06/02/2022;13:21;Reclamação;Cobrança;Cobrança indevida;Respondida;SCM;TELEFONICA BRASIL S.A.;Grande;Vivo;SP;CAMPINAS;SCM
14/01/2023;21:05;Reclamação;N/A;Falha/Interrupção do serviço;Em análise;SCM;CLARO S.A.;Grande;Claro;SC;SC - INTERIOR;SCM
28/06/2022;21:10;Reclamação;Cobrança;Cobrança indevida;Respondida;SCM;TELEFONICA BRASIL S.A.;Grande;Vivo;PR;LONDRINA;SCM
22/01/2022;11:57;Reclamação;Outros;Outros;Pendente;SCM;CLARO S.A.;Grande;Claro;TO;TO - INTERIOR;SCM
31/03/2022;20:34;Reclamação;Contrato;Cancelamento não realizado;Em análise;SCM;CLARO S.A.;Grande;Claro;SP;CAMPINAS;SCM
08/03/2023;09:31;Reclamação;Velocidade;Velocidade abaixo do contratado;Respondida;SCM;CLARO S/A;Grande;Claro;MS;DOURADOS;SCM
01/07/2023;07:04;Reclamação;Contrato;Cancelamento não realizado;Pendente;SCM;TIM S.A.;Grande;TIM;RJ;NOVA IGUAÇU;SCM
26/01/2022;11:59;Reclamação;Atendimento;Atendimento inadequado;Respondida;SCM;TIM S.A.;Grande;TIM;RN;RN - INTERIOR;SCM
29/10/2022;21:51;Reclamação;Velocidade;Velocidade abaixo do contratado;Em análise;SCM;TELEFONICA BRASIL S.A.;Grande;Vivo;PE;CARUARU;SCM
23/10/2022;19:00;Reclamação;Cobrança;Cobrança indevida;Respondida;SCM;CLARO S.A.;Grande;Claro;PE;OLINDA;SCM
16/10/2023;17:21;Reclamação;Velocidade;Velocidade abaixo do contratado;Respondida;SCM;OI S.A.;Grande;Oi;PA;BELÉM;SCM
07/05/2022;21:09;Reclamação;Atendimento;Atendimento inadequado;Respondida;SCM;CLARO S/A;-;Claro;CE;JUAZEIRO DO NORTE;SCM
31/03/2023;16:01;Reclamação;Velocidade;Velocidade abaixo do contratado;Respondida;SCM;TELEFONICA BRASIL S.A.;Grande;Vivo;SP;SÃO PAULO;SCM
11/07/2023;21:46;Reclamação;Cobrança;Cobrança indevida;Respondida;SCM;CLARO S.A.;Grande;Claro;MG;CONTAGEM;SCM
04/03/2023;19:11;Reclamação;Cobrança;Cobrança indevida;Respondida;SCM;CLARO S.A.;Grande;Claro;GO;APARECIDA DE GOIÂNIA;SCM
30/12/2023;15:12;Reclamação;Cobrança;Cobrança indevida;Respondida;SCM;OI S.A.;Grande;Oi;SC;SC - INTERIOR;SCM
21/04/2022;14:30;Reclamação;NÃO INFORMADO;Atendimento inadequado;Em análise;SCM;TIM S.A.;Grande;TIM;CE;SOBRAL;SCM
30/03/2023;15:40;Reclamação;Falha;Falha/Interrupção do serviço;Respondida;SCM;CLARO S.A.;Grande;Claro;MG;UBERLÂNDIA;SCM
18/01/2022;19:42;Reclamação;Velocidade;Velocidade abaixo do contratado;Pendente;SCM;TIM S.A.;Grande;TIM;MG;CONTAGEM;SCM
18/04/2023;17:54;Reclamação;Atendimento;Atendimento inadequado;Respondida;SCM;TIM S.A.;Grande;TIM;MG;UBERLÂNDIA;SCM
06/06/2022;08:46;Reclamação;Cobrança;Cobrança indevida;Em análise;SCM;CLARO S.A.;Grande;-;TO;TO - INTERIOR;SCM
05/12/2022;19:36;Reclamação;Velocidade;Velocidade abaixo do contratado;Respondida;SCM;EMBRATEL S.A.;Grande;Claro;PE;CARUARU;SCM
30/12/2022;11:32;Reclamação; ;Velocidade abaixo do contratado;Respondida;SCM;OI S.A.;Grande; ;SP;CAMPINAS;SCM
31/01/2023;07:31;Reclamação;Contrato;Cancelamento não realizado;Respondida;SCM;CLARO S.A.;Grande;Claro;MG;BELO HORIZONTE;SCM
29/03/2023;18:52;Reclamação;Falha;Falha/Interrupção do serviço;Pendente;SCM;TELEFONICA BRASIL S.A.;Grande;Vivo;MG;CONTAGEM;SCM
01/04/2022;20:30;Reclamação;Falha;Falha/Interrupção do serviço;Respondida;SCM;TELEFONICA BRASIL S.A.;Grande;Vivo;SP;SANTOS;SCM
05/10/2023;09:37;Reclamação;Velocidade;Velocidade abaixo do contratado;Respondida;SCM;TELEFONICA BRASIL S.A.;Grande;Vivo;PE;OLINDA;SCM
25/08/2022;08:23;Reclamação;Velocidade;Velocidade abaixo do contratado;Respondida;SCM;NET SERVIÇOS DE COMUNICAÇÃO S.A.;Grande;Claro;SC;SC - INTERIOR;SCM
20/04/2022;20:31;Reclamação;Velocidade;Velocidade abaixo do contratado;Respondida;SCM;NET SERVIÇOS DE COMUNICAÇÃO S.A.;Grande;Claro;PA;MARABÁ;SCM
05/04/2022;10:53;Reclamação;Velocidade;Velocidade abaixo do contratado;Respondida;SCM;TIM S.A.;Grande;TIM;MG;JUIZ DE FORA;SCM
04/06/2022;11:46;Reclamação;Velocidade;Velocidade abaixo do contratado;Respondida;SCM;TELEFONICA BRASIL S.A.;N/A;N/A;SP;GUARULHOS;SCM
10/03/2023;09:45;Reclamação;Falha;Falha/Interrupção do serviço;Respondida;SCM;CLARO S.A.;Grande;Claro;RS;CAXIAS DO SUL;SCM
20/03/2023;18:52;Reclamação;Cobrança;Cobrança indevida;Respondida;SCM;CLARO S.A.;Grande;Claro;RS;CANOAS;SCM
19/07/2022;20:17;Reclamação;Atendimento;Atendimento inadequado;Em análise;SCM;TIM S.A.;Grande;TIM;MT;VÁRZEA GRANDE;SCM
05/05/2022;17:27;Reclamação;Velocidade;Velocidade abaixo do contratado;Em análise;SCM;OI S.A.;Grande;Oi;RJ;RIO DE JANEIRO;SCM
12/05/2023;19:39;Reclamação;Atendimento;Atendimento inadequado;Respondida;SCM;NET SERVIÇOS DE COMUNICAÇÃO S.A.;Grande;Claro;MS;DOURADOS;SCM
13/12/2023;12:52;Reclamação;Instalação;Prazo de instalação excedido;Respondida;SCM;NET SERVIÇOS DE COMUNICAÇÃO S.A.;Grande;Claro;SP;CAMPINAS;SCM
10/05/2022;19:21;Reclamação;Velocidade;Velocidade abaixo do contratado;Respondida;SCM;CLARO S.A.;Grande;Claro;GO;APARECIDA DE GOIÂNIA;SCM
03/03/2022;16:51;Reclamação;Cobrança;Cobrança indevida;Pendente;SCM;TELEFONICA BRASIL S.A.;Grande;Vivo;PA;BELÉM;SCM
25/08/2023;10:11;Reclamação;Outros;Outros;Pendente;SCM;NET SERVIÇOS DE COMUNICAÇÃO S.A.;Grande;Claro;BA;SALVADOR;SCM
01/09/2023;08:35;Reclamação;Cobrança;Cobrança indevida;Respondida;SCM;EMBRATEL S.A.;Grande;Claro;SP;SOROCABA;SCM
28/09/2022;10:24;Reclamação;Outros;Outros;Pendente;SCM;TIM S.A.;Grande;TIM;SP;SOROCABA;SCM
19/09/2022;21:36;Reclamação;Cobrança;NÃO INFORMADO;Respondida;SCM;NET SERVIÇOS DE COMUNICAÇÃO S.A.;Grande;Claro;AM;MANAUS;SCM
31/05/2022;08:14;Reclamação;Velocidade;Velocidade abaixo do contratado;Respondida;SCM;TIM S.A.;Grande;TIM;RJ;NOVA IGUAÇU;SCM
26/12/2022;15:27;Reclamação;Instalação;Prazo de instalação excedido;Pendente;SCM;NET SERVIÇOS DE COMUNICAÇÃO S.A.;Grande;Claro;RJ;DUQUE DE CAXIAS;SCM
20/01/2023;10:13;Reclamação;Contrato;Cancelamento não realizado;Respondida;SCM;TIM S.A.;Grande;TIM;GO;GOIÂNIA;SCM
28/12/2023;19:04;Reclamação;Cobrança;Cobrança indevida;Respondida;SCM;CLARO S.A.;Grande;Claro;SP;SÃO PAULO;SCM
05/02/2023;10:42;Reclamação;Outros;Outros;Respondida;SCM;CLARO S.A.;Grande;-;MG;UBERLÂNDIA;SCM
02/06/2023;22:54;Reclamação;Velocidade;Velocidade abaixo do contratado;Em análise;SCM;TELEFONICA BRASIL S.A.;Grande;Vivo;SC;SC - INTERIOR;SCM
08/12/2022;20:52;Reclamação;Falha;Falha/Interrupção do serviço;Pendente;SCM;CLARO S.A.;Grande;Claro;RJ;RIO DE JANEIRO;SCM
29/08/2023;19:17;Reclamação;Cobrança;Cobrança indevida;Respondida;SCM;NET SERVIÇOS DE COMUNICAÇÃO S.A.;Grande;Claro;SP;SÃO PAULO;SCM
02/03/2023;21:11;Reclamação;Contrato;Cancelamento não realizado;Respondida;SCM;EMBRATEL S.A.;Grande;Claro;MG;UBERLÂNDIA;SCM
09/02/2023;21:17;Reclamação;Velocidade;Velocidade abaixo do contratado;Pendente;SCM;TELEFONICA BRASIL S.A.;Grande;Vivo;PE;OLINDA;SCM
22/03/2022;16:07;Reclamação;Falha;NÃO INFORMADO;Em análise;SCM;CLARO S.A.;Grande;Claro;SP;GUARULHOS;SCM
04/02/2023;21:34;Reclamação;Contrato;Cancelamento não realizado;Respondida;SCM;CLARO S.A.;Grande;Claro;PA;ANANINDEUA;SCM
26/10/2022;19:14;Reclamação;Cobrança;Cobrança indevida;Em análise;SCM;EMBRATEL S.A.;Grande;Claro;SP;SANTOS;SCM
28/05/2023;17:10;Reclamação;Velocidade;Velocidade abaixo do contratado;Pendente;SCM;OI S.A.;Grande;Oi;RJ;RIO DE JANEIRO;SCM
08/10/2023;19:32;Reclamação;Velocidade;Velocidade abaixo do contratado;Pendente;SCM;TELEFONICA BRASIL S.A.;Grande;Vivo;GO;APARECIDA DE GOIÂNIA;SCM
23/06/2023;20:17;Reclamação;Velocidade;Velocidade abaixo do contratado;Respondida;SCM;CLARO S.A.;Grande;Claro;DF;BRASÍLIA;SCM
30/12/2022;19:33;Reclamação;Velocidade;Velocidade abaixo do contratado;Respondida;SCM;TIM S.A.;Grande;TIM;MG;JUIZ DE FORA;SCM
19/10/2023;14:01;Reclamação;Cobrança;Cobrança indevida;Respondida;SCM;TIM S.A.;Grande;TIM;RJ;NITERÓI;SCM
03/09/2022;22:45;Reclamação;Velocidade;Velocidade abaixo do contratado;Pendente;SCM;TELEFONICA BRASIL S.A.;Grande;Vivo;DF;CEILÂNDIA;SCM
25/03/2023;20:49;Reclamação;Velocidade;Velocidade abaixo do contratado;Respondida;SCM;TIM S.A.;Grande;TIM;MS;CAMPO GRANDE;SCM
19/09/2022;22:14;Reclamação;Falha;Falha/Interrupção do serviço;Pendente;SCM;CLARO S.A.;Grande;Claro;SC;SC - INTERIOR;SCM
14/06/2022;08:45;Reclamação;Velocidade;Velocidade abaixo do contratado;Respondida;SCM;Telefonica Brasil S.A.;Grande;Vivo;RJ;NITERÓI;SCM
17/08/2023;09:41;Reclamação;Falha;Falha/Interrupção do serviço;Pendente;SCM;TELEFONICA BRASIL S.A.;Grande;Vivo;SP;CAMPINAS;SCM
05/12/2023;21:29;Reclamação;Falha;Falha/Interrupção do serviço;Respondida;SCM;Sercomtel S.A. - Telecomunicações;Pequeno;Sercomtel;RJ;NOVA IGUAÇU;SCM
27/03/2023;08:22;Reclamação;Falha;Falha/Interrupção do serviço;Pendente;SCM;NET SERVIÇOS DE COMUNICAÇÃO S.A.;Grande;Claro;MG;BELO HORIZONTE;SCM
20/05/2023;21:54;Reclamação;Velocidade;Velocidade abaixo do contratado;Respondida;SCM;OI S.A.;Grande;Oi;PA;BELÉM;SCM
21/03/2022;07:49;Reclamação;Falha;Falha/Interrupção do serviço;Pendente;SCM;CLARO S.A.;Grande;Claro;SC;SC - INTERIOR;SCM
07/12/2022;17:21;Reclamação;Cobrança;Cobrança indevida;Pendente;SCM;CLARO S.A.;Grande;Claro;RS;CAXIAS DO SUL;SCM
18/04/2023;09:03;Reclamação;Contrato;Cancelamento não realizado;Em análise;SCM;NET SERVIÇOS DE COMUNICAÇÃO S.A.;Grande;Claro;BA;FEIRA DE SANTANA;SCM
18/01/2022;10:03;Reclamação;Velocidade;Velocidade abaixo do contratado;Respondida;SCM;CLARO S.A.;Grande;Claro;PE;PETROLINA;SCM
09/05/2023;13:56;Reclamação;Falha;Falha/Interrupção do serviço;Respondida;SCM;CLARO S.A.;Grande;Claro;PR;LONDRINA;SCM
08/11/2022;10:05;Reclamação;Velocidade;Velocidade abaixo do contratado;Respondida;SCM;OI S.A.;Grande;Oi;AM;ITACOATIARA;SCM
23/08/2022;07:00;Reclamação;Cobrança;Cobrança indevida;Respondida;SCM;CLARO S.A.;Grande;Claro;SP;SOROCABA;SCM
12/03/2022;19:45;Reclamação;Cobrança;Cobrança indevida;Respondida;SCM;TELEFONICA BRASIL S.A.;Grande;Vivo;RS;PELOTAS;SCM
25/10/2022;09:16;Reclamação;Cobrança;Cobrança indevida;Respondida;SCM;CLARO S.A.;Grande;Claro;MA;TIMON;SCM
26/11/2022;14:35;Reclamação;Velocidade;Velocidade abaixo do contratado;Respondida;SCM;CLARO S.A.;Grande;Claro;PA;SANTARÉM;SCM
11/02/2023;10:49;Reclamação;Cobrança;Cobrança indevida;Respondida;SCM;CLARO S.A.;Grande;Claro;RS;CANOAS;SCM
16/05/2023;07:07;Reclamação;Contrato;Cancelamento não realizado;Respondida;SCM;TELEFONICA BRASIL S.A.;Grande;Vivo;SP;SANTOS;SCM
30/06/2022;18:15;Reclamação;Velocidade;Velocidade abaixo do contratado;Em análise;SCM;TIM S.A.;Grande;TIM;ES;VITÓRIA;SCM
25/06/2022;12:31;Reclamação;Velocidade;Velocidade abaixo do contratado;Pendente;SCM;TELEFONICA BRASIL S.A.;Grande;Vivo;RS;PELOTAS;SCM
02/03/2022;19:47;Reclamação;-;Falha/Interrupção do serviço;Respondida;SCM;CLARO S.A.;Grande;Claro;PE;RECIFE;SCM
19/09/2023;19:28;Reclamação;Cobrança;Cobrança indevida;Pendente;SCM;-;Grande;Claro;MA;TIMON;SCM
13/11/2022;15:32;Reclamação;Falha;Falha/Interrupção do serviço;Respondida;SCM;Telefonica Brasil S.A.;Grande;Vivo;DF;BRASÍLIA;SCM
27/02/2022;19:36;Reclamação;Velocidade;Velocidade abaixo do contratado;Respondida;SCM;TELEFONICA BRASIL S.A.;Grande;Vivo;RJ;NOVA IGUAÇU;SCM
08/04/2022;22:03;Reclamação;Atendimento;Atendimento inadequado;Respondida;SCM;OI S.A.;Grande;Oi;SP;GUARULHOS;SCM
12/11/2023;16:28;Reclamação;Velocidade;Velocidade abaixo do contratado;Respondida;SCM;CLARO S.A.;Grande;Claro;SP;SOROCABA;SCM
11/12/2023;18:12;Reclamação;Velocidade;Velocidade abaixo do contratado;Respondida;SCM;CLARO S.A.;Grande;Claro;SP;SOROCABA;SCM
22/11/2023;21:47;Reclamação;Cobrança;Cobrança indevida;Pendente;SCM;TIM S.A.;Grande;TIM;CE;CAUCAIA;SCM
18/10/2022;16:02;Reclamação;Velocidade;Velocidade abaixo do contratado;Respondida;SCM;TIM S.A.;N/A;TIM;BA;VITÓRIA DA CONQUISTA;SCM
05/08/2023;20:04;Reclamação;Velocidade;Velocidade abaixo do contratado;Em análise;SCM;TELEFONICA BRASIL S.A.;Grande;Vivo;SP;CAMPINAS;SCM
07/11/2023;11:06;Reclamação;Velocidade;Velocidade abaixo do contratado;Respondida;SCM;EMBRATEL S.A.;Grande;Claro;PR;LONDRINA;SCM
21/02/2023;14:17;Reclamação;Cobrança;Cobrança indevida;Respondida;SCM;CLARO S.A.;Grande;Claro;RS;PELOTAS;SCM
13/06/2022;12:36;Reclamação;Atendimento;Atendimento inadequado;Respondida;SCM;TELEFONICA BRASIL S.A.;Grande;Vivo;CE;CAUCAIA;SCM
19/08/2022;12:02;Reclamação;Atendimento;Atendimento inadequado;Em análise;SCM;TELEFONICA BRASIL S.A.;Grande;Vivo;PA;MARABÁ;SCM
08/09/2023;07:07;Reclamação;Velocidade;Velocidade abaixo do contratado;Em análise;SCM;CLARO S.A.;Grande;Claro;MA;IMPERATRIZ;SCM
18/07/2022;18:51;Reclamação;Cobrança;Cobrança indevida;Respondida;SCM;TELEFONICA BRASIL S.A.;Grande;Vivo;BA;VITÓRIA DA CONQUISTA;SCM
04/06/2023;12:12;Reclamação;Velocidade;Velocidade abaixo do contratado;Respondida;SCM;TELEFONICA BRASIL S.A.;Grande;Vivo;RJ;RIO DE JANEIRO;SCM
23/11/2023;10:12;Reclamação;Cobrança;Cobrança indevida;Respondida;SCM;CLARO S.A.;Grande;Claro;MG;JUIZ DE FORA;SCM
02/02/2023;16:00;Reclamação;Contrato;Cancelamento não realizado;Respondida;SCM;TIM S.A.;Grande;TIM;SP;SOROCABA;SCM
24/12/2023;22:13;Reclamação;Velocidade;Velocidade abaixo do contratado;Respondida;SCM;TIM S.A.;Grande;TIM;SP;SANTOS;SCM
04/02/2022;13:44;Reclamação;Contrato;Cancelamento não realizado;Respondida;SCM;OI S.A.;Grande;Oi;PB;PB - INTERIOR;SCM
10/07/2023;18:35;Reclamação;Cobrança;Cobrança indevida;Respondida;SCM;CLARO S.A.;Grande;Claro;SP;SOROCABA;SCM
01/07/2022;10:02;Reclamação;Instalação;Prazo de instalação excedido;Respondida;SCM;TIM S.A.;Grande;TIM;AP;AP - INTERIOR;SCM
18/11/2022;20:57;Reclamação;Instalação;Prazo de instalação excedido;Respondida;SCM;TIM S.A.;Grande;TIM;RJ;RIO DE JANEIRO;SCM
18/01/2022;14:57;Reclamação;N/A;Velocidade abaixo do contratado;Respondida;SCM;TELEFONICA BRASIL S.A.;Grande;Vivo;RS;CANOAS;SCM
28/10/2023;13:48;Reclamação;Falha;Falha/Interrupção do serviço;Respondida;SCM;TELEFONICA BRASIL S.A.;Grande;Vivo;ES;VITÓRIA;SCM
04/11/2023;18:57;Reclamação;N/A;Velocidade abaixo do contratado;Pendente;SCM;CLARO S.A.;Grande;Claro;SP;SÃO PAULO;SCM
28/08/2023;18:01;Reclamação;Velocidade;Velocidade abaixo do contratado;Pendente;SCM;TIM S.A.;Grande;TIM;SP;SANTOS;SCM
20/03/2022;10:55;Reclamação;Velocidade;Velocidade abaixo do contratado;Respondida;SCM;CLARO S.A.;Grande;Claro;PR;CURITIBA;SCM
30/05/2022;14:33;Reclamação;Velocidade;Velocidade abaixo do contratado;Respondida;SCM;CLARO S.A.;Grande;Claro;MG;BELO HORIZONTE;SCM
14/11/2023;22:27;Reclamação;Velocidade;Velocidade abaixo do contratado;Respondida;SCM;CLARO S.A.;Grande;Claro;SP;CAMPINAS;SCM
13/11/2023;07:23;Reclamação;Contrato;Cancelamento não realizado;Respondida;SCM;NET SERVIÇOS DE COMUNICAÇÃO S.A.;Grande;Claro;PA;MARABÁ;SCM
18/05/2023;15:34;Reclamação;Velocidade;Velocidade abaixo do contratado;Respondida;SCM;TELEFONICA BRASIL S.A.;Grande;Vivo;RS;CANOAS;SCM
22/10/2022;20:41;Reclamação;Falha;Falha/Interrupção do serviço;Pendente;SCM;CLARO S.A.;Grande;Claro;SC;SC - INTERIOR;SCM
29/03/2023;09:41;Reclamação;Contrato;Cancelamento não realizado;Em análise;SCM;CLARO S.A.;Grande;Claro;BA;FEIRA DE SANTANA;SCM
15/02/2022;07:15;Reclamação;Velocidade;Velocidade abaixo do contratado;Respondida;SCM;Claro S.A.;Grande;Claro;PR;CURITIBA;SCM
31/10/2023;18:12;Reclamação;Cobrança;Cobrança indevida;Pendente;SCM;NET SERVIÇOS DE COMUNICAÇÃO S.A.;Grande;Claro;GO;APARECIDA DE GOIÂNIA;SCM
06/04/2022;22:11;Reclamação;Cobrança;Cobrança indevida;Em análise;SCM;TELEFONICA BRASIL S.A.;Grande;Vivo;GO;APARECIDA DE GOIÂNIA;SCM
11/03/2022;14:13;Reclamação;Falha;Falha/Interrupção do serviço;Pendente;SCM;TELEFONICA BRASIL S.A.;Grande;NÃO INFORMADO;CE;CAUCAIA;SCM
04/11/2023;18:02;Reclamação;Falha;Falha/Interrupção do serviço;Respondida;SCM;CLARO S.A.;Grande;Claro;PE;CARUARU;SCM
23/11/2022;12:52;Reclamação;Velocidade;Velocidade abaixo do contratado;Respondida;SCM;CLARO S.A.;Grande;Claro;RN;RN - INTERIOR;SCM
01/05/2022;11:57;Reclamação;Instalação;Prazo de instalação excedido;Pendente;SCM;EMBRATEL S.A.;Grande;Claro;MT;VÁRZEA GRANDE;SCM
23/05/2023;21:00;Reclamação;Outros;Outros;Respondida;SCM;CLARO S.A.;Grande;Claro;RS;CANOAS;SCM
18/12/2022;17:17;Reclamação;Falha;Falha/Interrupção do serviço;Em análise;SCM;EMBRATEL S.A.;Grande;Claro;RJ;NOVA IGUAÇU;SCM
24/04/2022;07:17;Reclamação;Cobrança;Cobrança indevida;Respondida;SCM;CLARO S.A.;Grande;Claro;PB;PB - INTERIOR;SCM
18/07/2022;11:26;Reclamação;Velocidade;Velocidade abaixo do contratado;Respondida;SCM;CLARO S/A;Grande;Claro;AC;AC - INTERIOR;SCM
14/07/2023;21:13;Reclamação; ;Velocidade abaixo do contratado;Pendente;SCM;CLARO S.A.;Grande;Claro;SP;SOROCABA;SCM
16/12/2023;17:40;Reclamação;Falha;Falha/Interrupção do serviço;Respondida;SCM;CLARO S.A.;Grande;Claro;PR;CURITIBA;SCM
24/04/2023;12:12;Reclamação;Falha;Falha/Interrupção do serviço;Respondida;SCM;OI S.A.;Grande;NÃO INFORMADO;SP;SOROCABA;SCM
02/10/2023;18:10;Reclamação;Contrato;Cancelamento não realizado;Respondida;SCM;OI S.A.;Grande;Oi;DF;CEILÂNDIA;SCM
15/03/2023;15:04;Reclamação;Velocidade;Velocidade abaixo do contratado;Respondida;SCM;OI S.A.;Grande;Oi;SP;CAMPINAS;SCM
24/09/2022;17:48;Reclamação;Velocidade;Velocidade abaixo do contratado;Respondida;SCM;CLARO S.A.;Grande;Claro;RS;CAXIAS DO SUL;SCM
15/03/2022;17:59;Reclamação;Velocidade;Velocidade abaixo do contratado;Respondida;SCM;TIM S.A.;Grande;TIM;PR;LONDRINA;SCM
26/06/2022;13:40;Reclamação;Contrato;Cancelamento não realizado;Pendente;SCM;EMBRATEL S.A.;Grande;Claro;SP;CAMPINAS;SCM
13/10/2022;08:20;Reclamação;Velocidade;Velocidade abaixo do contratado;Respondida;SCM;TIM S.A.;Grande;TIM;SC;SC - INTERIOR;SCM
26/02/2022;14:18;Reclamação;Cobrança;Cobrança indevida;Respondida;SCM;TELEFONICA BRASIL S.A.;Grande;Vivo;MG;BELO HORIZONTE;SCM
13/09/2023;08:35;Reclamação;Cobrança;Cobrança indevida;Respondida;SCM;CLARO S.A.;Grande; ;BA;SALVADOR;SCM
07/02/2023;17:16;Reclamação;Atendimento;Atendimento inadequado;Respondida;SCM;TIM S.A.;Grande;TIM;BA;SALVADOR;SCM
21/11/2022;21:53;Reclamação;Contrato;Cancelamento não realizado;Em análise;SCM;NET SERVIÇOS DE COMUNICAÇÃO S.A.;Grande;Claro;RS;CANOAS;SCM
11/01/2023;09:49;Reclamação;Cobrança;Cobrança indevida;Pendente;SCM;NET SERVIÇOS DE COMUNICAÇÃO S.A.;Grande;Claro;MA;TIMON;SCM
25/09/2022;12:05;Reclamação;Falha;Falha/Interrupção do serviço;Pendente;SCM;TIM S.A.;Grande;TIM;AM;ITACOATIARA;SCM
27/11/2023;22:20;Reclamação;Velocidade;Velocidade abaixo do contratado;Respondida;SCM;CLARO S.A.;Grande;Claro;GO;GOIÂNIA;SCM
23/01/2023;21:54;Reclamação;Instalação;Prazo de instalação excedido;Respondida;SCM;SERCOMTEL S.A. - TELECOMUNICAÇÕES;Pequeno;Sercomtel;RJ;DUQUE DE CAXIAS;SCM
11/10/2022;22:02;Reclamação;Cobrança;Cobrança indevida;Respondida;SCM;TIM S.A.;Grande;TIM;BA;FEIRA DE SANTANA;SCM
06/04/2022;10:23;Reclamação;Cobrança;Cobrança indevida;Respondida;SCM;TELEFONICA BRASIL S.A.;Grande;Vivo;PE;CARUARU;SCM
10/07/2022;14:55;Reclamação;Velocidade;Velocidade abaixo do contratado;Respondida;SCM;TELEFONICA BRASIL S.A.; ;Vivo;SP;CAMPINAS;SCM
25/09/2023;08:43;Reclamação;Contrato;Cancelamento não realizado;Respondida;SCM;TIM S.A.;Grande;TIM;PR;CURITIBA;SCM
11/06/2023;12:19;Reclamação;Cobrança;Cobrança indevida;Respondida;SCM;TELEFONICA BRASIL S.A.;Grande;Vivo;SC;SC - INTERIOR;SCM
10/03/2022;16:16;Reclamação;Outros;Outros;Respondida;SCM;TIM S.A.;Grande;TIM;PE;OLINDA;SCM
11/01/2023;15:18;Reclamação;Falha;Falha/Interrupção do serviço;Respondida;SCM;CLARO S.A.;Grande;Claro;DF;CEILÂNDIA;SCM
11/03/2023;14:15;Reclamação;Falha;Falha/Interrupção do serviço;Respondida;SCM;TELEFONICA BRASIL S.A.;Grande;Vivo;RS;PELOTAS;SCM
06/04/2022;21:09;Reclamação;Velocidade;Velocidade abaixo do contratado;Respondida;SCM;CLARO S.A.;Grande;Claro;MG;CONTAGEM;SCM
06/08/2022;20:25;Reclamação;Velocidade;Velocidade abaixo do contratado;Respondida;SCM;NET SERVIÇOS DE COMUNICAÇÃO S.A.;Grande;Claro;RS;CANOAS;SCM
12/02/2023;16:07;Reclamação;Velocidade;Velocidade abaixo do contratado;Respondida;SCM;CLARO S.A.;Grande;Claro;SP;GUARULHOS;SCM
13/10/2023;20:01;Reclamação;Cobrança;Cobrança indevida;Respondida;SCM;TELEFONICA BRASIL S.A.;Grande;Vivo;BA;VITÓRIA DA CONQUISTA;SCM
09/09/2023;16:26;Reclamação;Velocidade;Velocidade abaixo do contratado;Em análise;SCM;TELEFONICA BRASIL S.A.;Grande;Vivo;SP;SOROCABA;SCM
13/12/2022;22:58;Reclamação;Atendimento;Atendimento inadequado;Respondida;SCM;TELEFONICA BRASIL S.A.;Grande;Vivo;PR;CURITIBA;SCM
13/01/2023;08:34;Reclamação;Velocidade;Velocidade abaixo do contratado;Respondida;SCM;TELEFONICA BRASIL S.A.;Grande;Vivo;SP;SOROCABA;SCM
24/05/2022;22:54;Reclamação;Velocidade;Velocidade abaixo do contratado;Respondida;SCM;CLARO S.A.;Grande;Claro;AM;MANAUS;SCM
31/08/2022;11:40;Reclamação;Instalação;Prazo de instalação excedido;Pendente;SCM;TIM S.A.;Grande;TIM;AP;AP - INTERIOR;SCM
09/09/2022;19:00;Reclamação;Instalação;Prazo de instalação excedido;Pendente;SCM;TELEFONICA BRASIL S.A.;Grande;Vivo;BA;FEIRA DE SANTANA;SCM
22/07/2023;08:05;Reclamação;Instalação;Prazo de instalação excedido;Respondida;SCM;CLARO S.A.;Grande;Claro;MT;CUIABÁ;SCM
07/10/2022;14:32;Reclamação;Velocidade;Velocidade abaixo do contratado;Respondida;SCM;TELEFONICA BRASIL S.A.;Grande;Vivo;MA;TIMON;SCM
09/08/2023;21:26;Reclamação;Falha;Falha/Interrupção do serviço;Respondida;SCM;TELEFONICA BRASIL S.A.;Grande;Vivo;RS;CANOAS;SCM
29/06/2023;20:00;Reclamação;NÃO INFORMADO;Falha/Interrupção do serviço;Respondida;SCM;TELEFONICA BRASIL S.A.;Grande;Vivo;CE;SOBRAL;SCM
22/12/2023;21:13;Reclamação;Velocidade;Velocidade abaixo do contratado;Respondida;SCM;TIM S.A.;Grande;TIM;RJ;NOVA IGUAÇU;SCM
07/06/2022;08:14;Reclamação;Velocidade;Velocidade abaixo do contratado;Respondida;SCM;CLARO S.A.;Grande;Claro;MG;UBERLÂNDIA;SCM
14/09/2022;10:00;Reclamação;Velocidade;Velocidade abaixo do contratado;Respondida;SCM;TIM S.A.;Grande;TIM;GO;ANÁPOLIS;SCM
06/03/2023;07:11;Reclamação;Velocidade;Velocidade abaixo do contratado;Pendente;SCM;TELEFONICA BRASIL S.A.;Grande;Vivo;SP;SANTOS;SCM
03/06/2022;15:31;Reclamação;Velocidade;Velocidade abaixo do contratado;Em análise;SCM;TELEFONICA BRASIL S.A.;Grande;Vivo;SP;GUARULHOS;SCM
06/10/2023;16:40;Reclamação;Falha;Falha/Interrupção do serviço;Pendente;SCM;TELEFONICA BRASIL S.A.;Grande;Vivo;SC;SC - INTERIOR;SCM
21/02/2023;15:25;Reclamação;Cobrança;Cobrança indevida;Pendente;SCM;TIM S.A.;Grande;TIM;SP;SÃO PAULO;SCM
12/04/2022;09:51;Reclamação;Falha;Falha/Interrupção do serviço;Respondida;SCM;OI S.A.;Grande;Oi;PA;MARABÁ;SCM
21/03/2023;12:34;Reclamação;Velocidade;Velocidade abaixo do contratado;Respondida;SCM;TELEFONICA BRASIL S.A.;Grande;Vivo;BA;VITÓRIA DA CONQUISTA;SCM
20/05/2022;14:23;Reclamação;Cobrança;Cobrança indevida;Em análise;SCM;CLARO S.A.;Grande;Claro;TO;TO - INTERIOR;SCM
24/04/2022;11:28;Reclamação;Atendimento;Atendimento inadequado;Respondida;SCM;NET SERVIÇOS DE COMUNICAÇÃO S.A.;Grande;Claro;BA;FEIRA DE SANTANA;SCM
02/05/2022;10:02;Reclamação;Velocidade;Velocidade abaixo do contratado;Respondida;SCM;TIM S.A.;Grande;TIM;BA;SALVADOR;SCM
02/05/2022;10:08;Reclamação;Cobrança;Cobrança indevida;Respondida;SCM;CLARO S.A.;Grande;Claro;PR;LONDRINA;SCM
16/07/2023;20:02;Reclamação;Velocidade;Velocidade abaixo do contratado;Respondida;SCM;TIM S.A.;Grande;TIM;SP;SÃO PAULO;SCM
11/06/2023;15:22;Reclamação;Velocidade;Velocidade abaixo do contratado;Respondida;SCM;TELEFONICA BRASIL S.A.;Grande;Vivo;RN;RN - INTERIOR;SCM
24/06/2022;16:49;Reclamação;Cobrança;Cobrança indevida;Respondida;SCM;TELEFONICA BRASIL S.A.;Grande;Vivo;SP;SÃO PAULO;SCM
29/09/2022;21:09;Reclamação;Falha;Falha/Interrupção do serviço;Pendente;SCM;TELEFONICA BRASIL S.A.;Grande;Vivo;PA;BELÉM;SCM
16/07/2022;07:50;Reclamação;Contrato;Cancelamento não realizado;Respondida;SCM;TELEFONICA BRASIL S.A.;Grande;Vivo;AP;AP - INTERIOR;SCM
18/02/2022;20:23;Reclamação;Falha;Falha/Interrupção do serviço;Respondida;SCM;CLARO S.A.;Grande;Claro;BA;SALVADOR;SCM
20/12/2022;07:22;Reclamação;Falha;Falha/Interrupção do serviço;Pendente;SCM;TIM S.A.;Grande;TIM;AC;AC - INTERIOR;SCM
01/01/2022;18:31;Reclamação;Velocidade;Velocidade abaixo do contratado;Respondida;SCM;TIM S.A.;Grande;TIM;SP;SANTOS;SCM
13/03/2023;10:50;Reclamação;Outros;Outros;Respondida;SCM;SERCOMTEL S.A. - TELECOMUNICAÇÕES;Pequeno;Sercomtel;SP;SOROCABA;SCM
05/10/2023;09:31;Reclamação;Velocidade;Velocidade abaixo do contratado;Em análise;SCM;TIM S.A.;Grande;TIM;RJ;RIO DE JANEIRO;SCM
09/03/2022;08:02;Reclamação;Velocidade;Velocidade abaixo do contratado;Respondida;SCM;OI S.A.;Grande;Oi;CE;JUAZEIRO DO NORTE;SCM
09/02/2023;17:52;Reclamação;Velocidade;Velocidade abaixo do contratado;Respondida;SCM; ;Grande;Oi;BA;FEIRA DE SANTANA;SCM
17/02/2022;08:37;Reclamação;Cobrança;Cobrança indevida;Respondida;SCM;OI S.A.;Grande;Oi;RJ;NITERÓI;SCM
03/01/2022;19:34;Reclamação;Contrato;Cancelamento não realizado;Respondida;SCM;CLARO S.A.;Grande;Claro;MG;UBERLÂNDIA;SCM
08/02/2023;07:05;Reclamação;Outros;Outros;Respondida;SCM;CLARO S.A.;Grande;Claro;BA;SALVADOR;SCM
15/04/2022;17:55;Reclamação;Cobrança;Cobrança indevida;Respondida;SCM;CLARO S/A;Grande;Claro;SC;SC - INTERIOR;SCM
03/05/2022;21:05;Reclamação;Atendimento;Atendimento inadequado;Em análise;SCM;TELEFONICA BRASIL S.A.;Grande;Vivo;GO;APARECIDA DE GOIÂNIA;SCM
13/09/2022;10:05;Reclamação;NÃO INFORMADO;Cancelamento não realizado;Respondida;SCM;CLARO S.A.;Grande;Claro;RJ;NOVA IGUAÇU;SCM
26/11/2023;18:04;Reclamação;Falha;Falha/Interrupção do serviço;Respondida;SCM;OI S.A.;Grande;Oi;RJ;DUQUE DE CAXIAS;SCM
20/02/2023;16:08;Reclamação;Atendimento;Atendimento inadequado;Respondida;SCM;TIM S.A.;Grande;TIM;CE;CAUCAIA;SCM
17/10/2023;09:32;Reclamação;Velocidade;Velocidade abaixo do contratado;Respondida;SCM;CLARO S.A.;Grande;Claro;MG;CONTAGEM;SCM
05/02/2023;07:32;Reclamação;Velocidade;Velocidade abaixo do contratado;Respondida;SCM;TIM S.A.;Grande;TIM;RO;RO - INTERIOR;SCM
16/12/2023;09:02;Reclamação;Cobrança;-;Respondida;SCM;TELEFONICA BRASIL S.A.;Grande;Vivo;RJ;DUQUE DE CAXIAS;SCM
11/07/2022;12:39;Reclamação;Cobrança;Cobrança indevida;Respondida;SCM;TIM S.A.;Grande;TIM;AL;AL - INTERIOR;SCM
03/11/2022;12:54;Reclamação;Falha;Falha/Interrupção do serviço;Respondida;SCM;TIM S.A.;Grande;TIM;SP;SÃO PAULO;SCM
28/02/2022;09:37;Reclamação;Cobrança;Cobrança indevida;Em análise;SCM;TELEFONICA BRASIL S.A.;Grande;Vivo;ES;VILA VELHA;SCM
29/06/2022;11:24;Reclamação;Velocidade;Velocidade abaixo do contratado;Pendente;SCM;TIM S.A.;Grande;TIM;RJ;RIO DE JANEIRO;SCM
11/12/2023;15:12;Reclamação;Velocidade;Velocidade abaixo do contratado;Respondida;SCM;TELEFONICA BRASIL S.A.;Grande;Vivo;RN;RN - INTERIOR;SCM
21/09/2023;07:21;Reclamação;Outros;Outros;Respondida;SCM;CLARO S/A;Grande;Claro;PB;PB - INTERIOR;SCM
23/06/2022;07:23;Reclamação;Velocidade;Velocidade abaixo do contratado;Respondida;SCM;OI S.A.;Grande;Oi;SP;SÃO PAULO;SCM
08/10/2022;10:51;Reclamação;Instalação;Prazo de instalação excedido;Respondida;SCM;CLARO S.A.;Grande;Claro;BA;VITÓRIA DA CONQUISTA;SCM
08/02/2022;16:13;Reclamação;Cobrança;Cobrança indevida;Respondida;SCM;TELEFONICA BRASIL S.A.;Grande;Vivo;RN;RN - INTERIOR;SCM
25/09/2023;17:13;Reclamação;Cobrança;Cobrança indevida;Respondida;SCM;OI S.A.;Grande;Oi;SP;SANTOS;SCM
31/10/2023;12:51;Reclamação;Instalação;Prazo de instalação excedido;Respondida;SCM;NET SERVIÇOS DE COMUNICAÇÃO S.A.;Grande;Claro;RJ;RIO DE JANEIRO;SCM
13/09/2022;15:21;Reclamação;Velocidade;Velocidade abaixo do contratado;Respondida;SCM;TIM S.A.;Grande;NÃO INFORMADO;MA;TIMON;SCM
03/05/2023;15:48;Reclamação;Instalação;Prazo de instalação excedido;Respondida;SCM;TELEFONICA BRASIL S.A.;Grande;Vivo;SP;GUARULHOS;SCM
24/07/2022;14:28;Reclamação;Contrato;Cancelamento não realizado;Respondida;SCM;TELEFONICA BRASIL S.A.;Grande;Vivo;BA;VITÓRIA DA CONQUISTA;SCM
20/05/2023;10:38;Reclamação;Velocidade;Velocidade abaixo do contratado;Em análise;SCM;CLARO S.A.;Grande;Claro;PE;RECIFE;SCM
21/07/2022;13:10;Reclamação;Contrato;Cancelamento não realizado;Pendente;SCM;OI S.A.;Grande;Oi;GO;GOIÂNIA;SCM
15/01/2022;20:20;Reclamação; ;Cobrança indevida;Pendente;SCM;OI S.A.;Grande;Oi;PR;LONDRINA;SCM
07/03/2023;16:20;Reclamação;Velocidade;Velocidade abaixo do contratado;Respondida;SCM;Telefonica Brasil S.A.;Grande;Vivo;SP;SANTOS;SCM
31/08/2023;12:24;Reclamação;Velocidade;Velocidade abaixo do contratado;Pendente;SCM;OI S.A.;Grande;Oi;RJ;NOVA IGUAÇU;SCM
14/01/2022;12:38;Reclamação;Velocidade;Velocidade abaixo do contratado;Respondida;SCM;OI S.A.;Grande;Oi;RJ;NOVA IGUAÇU;SCM
14/04/2022;10:31;Reclamação;Velocidade;Velocidade abaixo do contratado;Respondida;SCM;NET SERVIÇOS DE COMUNICAÇÃO S.A.;Grande;Claro;SP;SÃO PAULO;SCM
27/08/2023;12:11;Reclamação;Contrato;Cancelamento não realizado;Respondida;SCM;CLARO S/A;Grande;Claro;MT;VÁRZEA GRANDE;SCM
03/09/2022;22:17;Reclamação;Velocidade;Velocidade abaixo do contratado;Pendente;SCM;TELEFONICA BRASIL S.A.;Grande;Vivo;RS;PELOTAS;SCM
05/01/2022;14:35;Reclamação;Falha;Falha/Interrupção do serviço;Em análise;SCM;TELEFONICA BRASIL S.A.;Grande;Vivo;RJ;DUQUE DE CAXIAS;SCM
23/09/2022;08:28;Reclamação;Cobrança;Cobrança indevida;Respondida;SCM;TIM S.A.;Grande;TIM;SP;SÃO PAULO;SCM
14/11/2022;21:30;Reclamação;Atendimento;Atendimento inadequado;Respondida;SCM;CLARO S.A.;Grande;Claro;RJ;NITERÓI;SCM
16/07/2023;07:33;Reclamação;Falha;Falha/Interrupção do serviço;Respondida;SCM;TELEFONICA BRASIL S.A.;Grande;Vivo;PE;RECIFE;SCM
21/09/2023;14:26;Reclamação;Atendimento;Atendimento inadequado;Respondida;SCM;NET SERVIÇOS DE COMUNICAÇÃO S.A.;Grande;Claro;RJ;NOVA IGUAÇU;SCM
17/07/2022;15:45;Reclamação;Velocidade;Velocidade abaixo do contratado;Respondida;SCM;TELEFONICA BRASIL S.A.;Grande;Vivo;AL;AL - INTERIOR;SCM
29/03/2023;20:54;Reclamação;Instalação;Prazo de instalação excedido;Respondida;SCM;OI S.A.;Grande;Oi;RJ;RIO DE JANEIRO;SCM
12/11/2022;21:22;Reclamação;Contrato;Cancelamento não realizado;Respondida;SCM;CLARO S/A;Grande;Claro;PE;RECIFE;SCM
23/04/2023;15:03;Reclamação;Velocidade;Velocidade abaixo do contratado;Respondida;SCM;TIM S.A.;Grande;TIM;RS;CANOAS;SCM
04/05/2022;15:31;Reclamação;Velocidade;Velocidade abaixo do contratado;Pendente;SCM;TIM S.A.;Grande;TIM;MS;CAMPO GRANDE;SCM
26/10/2023;20:48;Reclamação;Falha;Falha/Interrupção do serviço;Respondida;SCM;TELEFONICA BRASIL S.A.;Grande;Vivo;SP;SÃO PAULO;SCM
11/04/2023;17:27;Reclamação;Velocidade;Velocidade abaixo do contratado;Respondida;SCM;TELEFONICA BRASIL S.A.;Grande;Vivo;PE;CARUARU;SCM
29/09/2023;08:45;Reclamação;Contrato;Cancelamento não realizado;Pendente;SCM;CLARO S/A;Grande;Claro;PB;PB - INTERIOR;SCM
02/01/2023;17:15;Reclamação;Falha;Falha/Interrupção do serviço;Respondida;SCM;Claro S.A.;Grande;Claro;RJ;NITERÓI;SCM
20/04/2023;08:06;Reclamação;Falha;Falha/Interrupção do serviço;Respondida;SCM;CLARO S.A.;Grande;Claro;SP;SANTOS;SCM
26/10/2023;18:03;Reclamação;Cobrança;Cobrança indevida;Pendente;SCM;CLARO S.A.;Grande;Claro;SP;SÃO PAULO;SCM
24/01/2022;12:53;Reclamação;Falha;Falha/Interrupção do serviço;Pendente;SCM;TIM S.A.;Grande;TIM;SP;SANTOS;SCM
25/01/2022;16:20;Reclamação;Contrato;Cancelamento não realizado;Respondida;SCM;TIM S.A.;Grande;TIM;SC;SC - INTERIOR;SCM
23/08/2023;17:36;Reclamação;Velocidade;Velocidade abaixo do contratado;Respondida;SCM;TIM S.A.;Grande;TIM;SP;SOROCABA;SCM
07/06/2022;15:02;Reclamação;Falha;Falha/Interrupção do serviço;Pendente;SCM;NET SERVIÇOS DE COMUNICAÇÃO S.A.;Grande;Claro;DF;CEILÂNDIA;SCM
03/09/2022;10:42;Reclamação;Falha;N/A;Respondida;SCM;TIM S.A.;Grande;TIM;RJ;NITERÓI;SCM
04/11/2023;10:24;Reclamação;Atendimento;Atendimento inadequado;Pendente;SCM;TELEFONICA BRASIL S.A.;Grande;Vivo;SP;SANTOS;SCM
01/06/2022;18:03;Reclamação;Falha;Falha/Interrupção do serviço;Respondida;SCM;TIM S.A.;Grande;TIM;RS;CANOAS;SCM
25/02/2023;15:24;Reclamação;Contrato;Cancelamento não realizado;Pendente;SCM;TELEFONICA BRASIL S.A.;Grande;Vivo;SP;SANTOS;SCM
23/05/2022;09:54;Reclamação;Falha;Falha/Interrupção do serviço;Respondida;SCM;TIM S.A.;Grande;TIM;DF;TAGUATINGA;SCM
26/10/2022;16:34;Reclamação;Contrato;Cancelamento não realizado;Respondida;SCM;CLARO S.A.;Grande;Claro;SP;SOROCABA;SCM
02/12/2022;13:06;Reclamação;Velocidade;Velocidade abaixo do contratado;Respondida;SCM;CLARO S.A.;Grande;Claro;RJ;DUQUE DE CAXIAS;SCM
07/10/2022;07:26;Reclamação;Contrato;Cancelamento não realizado;Respondida;SCM;TELEFONICA BRASIL S.A.;Grande;Vivo;SP;GUARULHOS;SCM
27/07/2023;15:43;Reclamação;Velocidade;Velocidade abaixo do contratado;Respondida;SCM;TIM S.A.;Grande;TIM;RJ;NOVA IGUAÇU;SCM
20/11/2023;10:59;Reclamação;Cobrança;Cobrança indevida;Respondida;SCM;EMBRATEL S.A.;Grande;Claro;PR;PONTA GROSSA;SCM
07/08/2022;08:13;Reclamação;Atendimento;Atendimento inadequado;Em análise;SCM;TIM S.A.;Grande;TIM;SP;SANTOS;SCM
12/10/2023;18:53;Reclamação;Cobrança;Cobrança indevida;Em análise;SCM;NET SERVIÇOS DE COMUNICAÇÃO S.A.;Grande;Claro;GO;APARECIDA DE GOIÂNIA;SCM
10/12/2023;16:10;Reclamação;Falha;Falha/Interrupção do serviço;Em análise;SCM;CLARO S.A.;Grande;-;MG;UBERLÂNDIA;SCM
31/05/2023;13:00;Reclamação;Velocidade;Velocidade abaixo do contratado;Em análise;SCM;CLARO S.A.;Grande;Claro;RJ;NITERÓI;SCM
31/07/2023;09:37;Reclamação;Falha;Falha/Interrupção do serviço;Respondida;SCM;NET SERVIÇOS DE COMUNICAÇÃO S.A.;Grande;Claro;RS;CAXIAS DO SUL;SCM
13/02/2022;22:23;Reclamação;Atendimento;Atendimento inadequado;Respondida;SCM;SERCOMTEL S.A. - TELECOMUNICAÇÕES;Pequeno;Sercomtel;RS;PORTO ALEGRE;SCM
17/12/2022;20:11;Reclamação;Falha;Falha/Interrupção do serviço;Respondida;SCM;OI S.A.;Grande;Oi;MA;TIMON;SCM
28/02/2022;18:00;Reclamação;Contrato;Cancelamento não realizado;Pendente;SCM;N/A;Grande; ;SP;GUARULHOS;SCM
25/07/2023;07:22;Reclamação;Outros; ;Pendente;SCM;EMBRATEL S.A.;Grande;Claro;RS;CAXIAS DO SUL;SCM
10/05/2023;09:23;Reclamação;Cobrança;Cobrança indevida;Em análise;SCM;CLARO S.A.;Grande;Claro;RS;PELOTAS;SCM
09/05/2022;17:57;Reclamação;Contrato;Cancelamento não realizado;Respondida;SCM;TELEFONICA BRASIL S.A.;Grande;Vivo;RS;PELOTAS;SCM
23/08/2023;16:00;Reclamação;Atendimento;Atendimento inadequado;Respondida;SCM;TELEFONICA BRASIL S.A.; ;Vivo;MG;UBERLÂNDIA;SCM
21/09/2023;18:40;Reclamação;Falha;Falha/Interrupção do serviço;Respondida;SCM;TELEFONICA BRASIL S.A.;Grande;Vivo;PR;LONDRINA;SCM
14/10/2022;12:29;Reclamação;Falha;Falha/Interrupção do serviço;Respondida;SCM;TELEFONICA BRASIL S.A.;Grande;Vivo;RN;RN - INTERIOR;SCM
11/01/2023;14:56;Reclamação;Instalação;Prazo de instalação excedido;Respondida;SCM;CLARO S.A.;Grande;Claro;RJ;RIO DE JANEIRO;SCM
31/03/2022;10:05;Reclamação;Velocidade;Velocidade abaixo do contratado;Respondida;SCM;EMBRATEL S.A.;Grande;Claro;BA;SALVADOR;SCM
06/02/2022;13:55;Reclamação;Velocidade;Velocidade abaixo do contratado;Respondida;SCM;SERCOMTEL S.A. - TELECOMUNICAÇÕES;Pequeno;Sercomtel;MG;UBERLÂNDIA;SCM
20/01/2023;14:52;Reclamação;Outros;Outros;Respondida;SCM;CLARO S.A.;Grande;Claro;ES;VILA VELHA;SCM
16/10/2022;11:44;Reclamação;Falha;Falha/Interrupção do serviço;Respondida;SCM;TELEFONICA BRASIL S.A.;Grande;Vivo;ES;VILA VELHA;SCM
09/10/2022;12:58;Reclamação;Contrato;Cancelamento não realizado;Pendente;SCM;TIM S.A.;Grande;TIM;SP;GUARULHOS;SCM
20/10/2022;19:40;Reclamação;Atendimento;Atendimento inadequado;Respondida;SCM;CLARO S.A.;Grande;Claro;GO;GOIÂNIA;SCM
01/07/2022;11:52;Reclamação;Falha;Falha/Interrupção do serviço;Pendente;SCM;TELEFONICA BRASIL S.A.;Grande;Vivo;PR;PONTA GROSSA;SCM
10/01/2023;14:00;Reclamação;Contrato;Cancelamento não realizado;Respondida;SCM;TELEFONICA BRASIL S.A.;Grande;Vivo;SP;CAMPINAS;SCM
12/10/2023;09:08;Reclamação;Cobrança;Cobrança indevida;Respondida;SCM;TELEFONICA BRASIL S.A.;Grande;Vivo;RN;RN - INTERIOR;SCM
14/09/2022;20:28;Reclamação;Velocidade;Velocidade abaixo do contratado;Respondida;SCM;TELEFONICA BRASIL S.A.;Grande;Vivo;RS;PORTO ALEGRE;SCM
07/01/2023;08:17;Reclamação;Velocidade;Velocidade abaixo do contratado;Respondida;SCM; ;Grande;Vivo;ES;VITÓRIA;SCM
21/08/2023;13:21;Reclamação;Cobrança;Cobrança indevida;Pendente;SCM;TELEFONICA BRASIL S.A.;Grande;Vivo;RJ;NOVA IGUAÇU;SCM
29/09/2023;22:10;Reclamação;Velocidade;Velocidade abaixo do contratado;Em análise;SCM;CLARO S.A.;Grande;Claro;RJ;NOVA IGUAÇU;SCM
26/11/2023;21:05;Reclamação;Velocidade;Velocidade abaixo do contratado;Respondida;SCM;CLARO S.A.;Grande;Claro;GO;ANÁPOLIS;SCM
11/03/2023;09:27;Reclamação;Cobrança;Cobrança indevida;Respondida;SCM;NET SERVIÇOS DE COMUNICAÇÃO S.A.;Grande;Claro;MG;JUIZ DE FORA;SCM
10/12/2022;13:21;Reclamação;Falha;Falha/Interrupção do serviço;Respondida;SCM;NET SERVIÇOS DE COMUNICAÇÃO S.A.;Grande;Claro;RN;RN - INTERIOR;SCM
13/07/2023;22:45;Reclamação;Velocidade;Velocidade abaixo do contratado;Respondida;SCM;TELEFONICA BRASIL S.A.;Grande;Vivo;PR;MARINGÁ;SCM
09/08/2022;15:50;Reclamação;Instalação;Prazo de instalação excedido;Em análise;SCM;Telefonica Brasil S.A.;Grande;Vivo;RJ;RIO DE JANEIRO;SCM
28/04/2022;07:40;Reclamação;Cobrança;Cobrança indevida;Respondida;SCM;TELEFONICA BRASIL S.A.;Grande;Vivo;SP;SOROCABA;SCM
17/12/2022;09:44;Reclamação;Velocidade;Velocidade abaixo do contratado;Em análise;SCM;CLARO S.A.;Grande;NÃO INFORMADO;AP;AP - INTERIOR;SCM
24/01/2023;07:34;Reclamação;Velocidade;Velocidade abaixo do contratado;Respondida;SCM;CLARO S/A;Grande;Claro;PR;MARINGÁ;SCM
12/07/2023;22:18;Reclamação;Cobrança;Cobrança indevida;Pendente;SCM;EMBRATEL S.A.;Grande;Claro;SP;SOROCABA;SCM
15/08/2022;17:57;Reclamação;N/A;Velocidade abaixo do contratado;Respondida;SCM;TELEFONICA BRASIL S.A.;Grande;Vivo;MS;CAMPO GRANDE;SCM
17/08/2023;10:46;Reclamação;Velocidade;Velocidade abaixo do contratado;Pendente;SCM;TIM S.A.;Grande;TIM;BA;SALVADOR;SCM
30/06/2023;15:43;Reclamação;Outros;Outros;Respondida;SCM;Tim S.A.;Grande;TIM;RJ;RIO DE JANEIRO;SCM
02/04/2022;12:57;Reclamação;Instalação;Prazo de instalação excedido;Respondida;SCM;TELEFONICA BRASIL S.A.;Grande;Vivo;SE;SE - INTERIOR;SCM
09/06/2023;09:00;Reclamação;Velocidade;Velocidade abaixo do contratado;Respondida;SCM;OI S.A.;Grande;Oi;MG;UBERLÂNDIA;SCM
19/02/2023;21:22;Reclamação;Falha;Falha/Interrupção do serviço;Respondida;SCM;TELEFONICA BRASIL S.A.;Grande;Vivo;BA;FEIRA DE SANTANA;SCM
16/02/2023;19:58;Reclamação;Velocidade;Velocidade abaixo do contratado;Respondida;SCM;CLARO S.A.;Grande;Claro;DF;BRASÍLIA;SCM
05/12/2022;19:08;Reclamação;Cobrança;Cobrança indevida;Pendente;SCM;TIM S.A.;Grande;TIM;BA;SALVADOR;SCM
03/01/2023;11:19;Reclamação;Cobrança;Cobrança indevida;Respondida;SCM;NET SERVIÇOS DE COMUNICAÇÃO S.A.;Grande;Claro;SP;GUARULHOS;SCM
07/03/2023;12:35;Reclamação;Falha;Falha/Interrupção do serviço;Respondida;SCM;CLARO S.A.;Grande;Claro;PA;ANANINDEUA;SCM
20/12/2023;18:36;Reclamação;Atendimento;Atendimento inadequado;Respondida;SCM;CLARO S.A.;Grande;Claro;AL;AL - INTERIOR;SCM
27/08/2023;12:27;Reclamação;Velocidade;Velocidade abaixo do contratado;Respondida;SCM;CLARO S.A.;Grande;Claro;MS;DOURADOS;SCM
30/10/2023;20:31;Reclamação;Atendimento;Atendimento inadequado;Pendente;SCM;OI S.A.;Grande;Oi;BA;SALVADOR;SCM
03/11/2023;08:56;Reclamação;Cobrança;Cobrança indevida;Respondida;SCM;TIM S.A.;Grande;TIM;MG;JUIZ DE FORA;SCM
27/06/2023;11:25;Reclamação;Cobrança;Cobrança indevida;Respondida;SCM;NET SERVIÇOS DE COMUNICAÇÃO S.A.;Grande;Claro;PE;RECIFE;SCM
20/12/2023;19:44;Reclamação;Velocidade;Velocidade abaixo do contratado;Pendente;SCM;TELEFONICA BRASIL S.A.;Grande;Vivo;RS;CAXIAS DO SUL;SCM
10/10/2022;22:26;Reclamação;Velocidade;Velocidade abaixo do contratado;Respondida;SCM;TELEFONICA BRASIL S.A.;Grande;Vivo;SP;SANTOS;SCM
